verb_fr	verb_de	noun_fr	noun_de
abaisser	senken	la voix	die Stimme
abaisser	senken	le niveau	das Niveau
abaisser	senken	le prix	der Preis
abandonner	aufgeben	l'idée	die Idee
abandonner	aufgeben	la personne	die Person
abandonner	aufgeben	le projet	das Projekt
abasourdir	verblüffen	l'ami	der Freund
abasourdir	verblüffen	l'audience	die Zuhörerschaft
abasourdir	verblüffen	le spectateur	der Zuschauer
abattre	abbrechen	l'arbre	der Baum
abattre	abbrechen	l'obstacle	das Hindernis
abattre	abbrechen	le mur	die Wand
abolir	abschaffen	la loi	das Gesetz
abolir	abschaffen	la pratique	die Praxis
abolir	abschaffen	la règle	die Regel
abonner	abonnieren	le journal	die Zeitung
abonner	abonnieren	le magazine	das Magazin
aborder	ansprechen	la question	die Frage
aborder	ansprechen	le problème	das Problem
aborder	ansprechen	le sujet	das Thema
aboutir	enden	la discussion	die Diskussion
aboutir	enden	la situation	die Situation
aboutir	enden	le projet	das Projekt
aboyer	bellen	l'animal	das Tier
aboyer	bellen	la voiture	das Auto
aboyer	bellen	le chien	der Hund
abriter	unterbringen	l'objet	der Gegenstand
abriter	unterbringen	la maison	das Haus
abriter	unterbringen	la personne	die Person
abroger	aufheben	la loi	das Gesetz
abroger	aufheben	le décret	der Erlass
abroger	aufheben	le règlement	die Regelung
abrutir	verblöden	l'auditoire	das Publikum
abrutir	verblöden	l'enfant	das Kind
abrutir	verblöden	la personne	die Person
abréger	verkürzen	la phrase	der Satz
abréger	verkürzen	le texte	der Text
abréger	verkürzen	temps	die Zeit
absenter	fehlen	l'événement	das Ereignis
absenter	fehlen	la réunion	das Treffen
absorber	absorbieren	l'information	die Information
absorber	absorbieren	le choc	der Schock
absoudre	vergeben	l'erreur	der Fehler
absoudre	vergeben	la culpabilité	die Schuld
abstraire	abstrahieren	l'idée	die Idee
abstraire	abstrahieren	le concept	das Konzept
abuser	missbrauchen	de l'alcool	der Alkohol
abuser	missbrauchen	de la confiance	das Vertrauen
abîmer	beschädigen	l'objet	der Gegenstand
abîmer	beschädigen	la voiture	das Auto
abîmer	beschädigen	le meuble	das Möbel
accabler	überwältigen	la personne	die Person
accabler	überwältigen	la situation	die Situation
accabler	überwältigen	le travail	die Arbeit
accaparer	in Anspruch nehmen	temps	die Zeit
accentuer	betonen	l'aspect	der Aspekt
accentuer	betonen	le détail	das Detail
accentuer	betonen	le point	der Punkt
accepter	akzeptieren	l'invitation	die Einladung
accepter	akzeptieren	l'offre	das Angebot
accepter	akzeptieren	une proposition	der Vorschlag
accidenter	unfall haben	la moto	das Motorrad
accidenter	unfall haben	la voiture	das Auto
accidenter	unfall haben	le véhicule	das Fahrzeug
acclamer	applaudieren	l'artiste	der Künstler
acclamer	applaudieren	l'équipe	die Mannschaft
acclamer	applaudieren	le spectacle	das Schauspiel
acclimater	akklimatisieren	l'animal	das Tier
acclimater	akklimatisieren	l'environnement	die Umwelt
acclimater	akklimatisieren	la plante	die Pflanze
accoler	ankleben	l'image	das Bild
accoler	ankleben	l'étiquette	das Etikett
accoler	ankleben	le papier	das Papier
accommoder	anpassen	la demande	die Anfrage
accommoder	anpassen	la situation	die Situation
accommoder	anpassen	le besoin	das Bedürfnis
accompagner	begleiten	l'ami	der Freund
accompagner	begleiten	l'enfant	das Kind
accompagner	begleiten	le parent	der Elternteil
accomplir	machen	l'objectif	das Ziel
accomplir	machen	la tâche	die Aufgabe
accorder	gewähren	l'aide	die Hilfe
accorder	gewähren	la permission	die Erlaubnis
accorder	gewähren	temps	die Zeit
accoter	stützen	la chaise	der Stuhl
accoter	stützen	la table	der Tisch
accoter	stützen	le mur	die Wand
accoucher	entbinden	femme	die Frau
accoucher	entbinden	la mère	die Mutter
accoucher	entbinden	le bébé	das Baby
accouder	sich lehnen	la fenêtre	das Fenster
accouder	sich lehnen	la table	der Tisch
accouder	sich lehnen	le bar	die Bar
accourir	eilen	l'aide	die Hilfe
accrocher	hängen	la clé	der Schlüssel
accrocher	hängen	le tableau	die Tafel
accrocher	hängen	le vêtement	das Kleidungsstück
accroire	glauben	l'histoire	die Geschichte
accroire	glauben	l'idée	die Idee
accroire	glauben	la rumeur	das Gerücht
accroître	vergrößern	l'efficacité	die Effizienz
accroître	vergrößern	la production	die Produktion
accroître	vergrößern	le nombre	die Zahl
accréditer	akkreditieren	l'organisme	das Organismus
accréditer	akkreditieren	l'établissement	das Unternehmen
accréditer	akkreditieren	le journaliste	der Journalist
accueillir	empfangen	l'invité	der Gast
accueillir	empfangen	le client	der Kunde
accueillir	empfangen	le visiteur	der Besucher
accumuler	ansammeln	la richesse	der Reichtum
accuser	beschuldigen	la personne	die Person
accuser	beschuldigen	le crime	das Verbrechen
accuser	beschuldigen	le fait	die Tatsache
accéder	zugreifen	l'information	die Information
accéder	zugreifen	la ressource	die Ressource
accélérer	beschleunigen	la croissance	das Wachstum
accélérer	beschleunigen	la voiture	das Auto
accélérer	beschleunigen	le processus	der Prozess
acheminer	befördern	l'information	die Information
acheminer	befördern	la marchandise	die Ware
acheminer	befördern	le colis	das Paket
acheter	kaufen	la nourriture	die Nahrung
acheter	kaufen	le produit	das Produkt
acheter	kaufen	le vêtement	das Kleidungsstück
achever	vollenden	la tâche	die Aufgabe
achever	vollenden	le projet	das Projekt
achever	vollenden	le travail	die Arbeit
acquitter	freisprechen	la décision	die Entscheidung
acquitter	freisprechen	le cas	der Fall
acquérir	erwerben	la compétence	die Kompetenz
acquérir	erwerben	la connaissance	das Wissen
actionner	betätigen	le bouton	der Knopf
actionner	betätigen	le mécanisme	der Mechanismus
activer	aktivieren	la fonction	die Funktion
activer	aktivieren	le compte	das Konto
activer	aktivieren	le service	der Dienst
actualiser	aktualisieren	l'information	die Information
actualiser	aktualisieren	la page	die Seite
adapter	anpassen	la méthode	die Methode
adapter	anpassen	le projet	das Projekt
adapter	anpassen	le texte	der Text
adhérer	beitreten	l'association	die Vereinigung
adhérer	beitreten	le groupe	der Gruppe
adhérer	beitreten	le parti	die Partei
adjuger	vergeben	le contrat	der Vertrag
adjuger	vergeben	le prix	der Preis
adjurer	dringend bitten	l'aide	die Hilfe
adjurer	dringend bitten	la réponse	die Antwort
adjurer	dringend bitten	le soutien	die Unterstützung
admettre	zugeben	l'erreur	der Fehler
admettre	zugeben	la situation	die Situation
admettre	zugeben	le fait	die Tatsache
administrer	verwalten	l'entreprise	die Firma
administrer	verwalten	le projet	das Projekt
admirer	bewundern	l'œuvre	das Werk
admirer	bewundern	le paysage	die Landschaft
admirer	bewundern	le talent	das Talent
adonner	widmen	l'énergie	die Energie
adonner	widmen	temps	die Zeit
adopter	adoptieren	l'enfant	das Kind
adopter	adoptieren	l'habitude	die Gewohnheit
adopter	adoptieren	la loi	das Gesetz
adorer	lieben	la musique	die Musik
adorer	lieben	la nourriture	die Nahrung
adorer	lieben	le film	der Film
adosser	anlehnen	l'arbre	der Baum
adosser	anlehnen	l'objet	der Gegenstand
adosser	anlehnen	le mur	die Wand
adresser	adressieren	la demande	die Anfrage
adresser	adressieren	la lettre	der Brief
adresser	adressieren	le message	die Nachricht
aduler	vergöttern	l'artiste	der Künstler
aduler	vergöttern	l'idole	das Idol
aduler	vergöttern	la personnalité	die Persönlichkeit
adultérer	verfälschen	l'aliment	das Lebensmittel
adultérer	verfälschen	la substance	die Substanz
adultérer	verfälschen	le produit	das Produkt
advenir	geschehen	l'événement	das Ereignis
advenir	geschehen	la situation	die Situation
advenir	geschehen	un changement	die Veränderung
affaiblir	schwächen	l'influence	der Einfluss
affaiblir	schwächen	la force	die Kraft
affaiblir	schwächen	la santé	die Gesundheit
affairer	beschäftigen	la personne	die Person
affairer	beschäftigen	le projet	das Projekt
affairer	beschäftigen	le travail	die Arbeit
affamer	verhungern	l'animal	das Tier
affamer	verhungern	la personne	die Person
affamer	verhungern	la population	die Bevölkerung
affecter	beeinflussen	la décision	die Entscheidung
affecter	beeinflussen	la personne	die Person
affecter	beeinflussen	la situation	die Situation
affectionner	lieben	l'animal	das Tier
affectionner	lieben	la chose	die Sache
affectionner	lieben	la personne	die Person
afficher	anzeigen	l'information	die Information
afficher	anzeigen	le message	die Nachricht
afficher	anzeigen	le prix	der Preis
affilier	anschließen	l'organisation	die Organisation
affilier	anschließen	le groupe	der Gruppe
affilier	anschließen	le membre	das Mitglied
affiner	verfeinern	le goût	der Geschmack
affiner	verfeinern	le processus	der Prozess
affirmer	behaupten	l'opinion	die Meinung
affirmer	behaupten	la vérité	die Wahrheit
affirmer	behaupten	le fait	die Tatsache
affliger	betrüben	l'événement	das Ereignis
affliger	betrüben	la personne	die Person
affliger	betrüben	la situation	die Situation
affluer	strömen	l'eau	das Wasser
affluer	strömen	les gens	die Leute
affoler	verwirren	l'esprit	der Geist
affoler	verwirren	la personne	die Person
affoler	verwirren	la situation	die Situation
affranchir	befreien	l'animal	das Tier
affranchir	befreien	l'esclave	der Sklave
affranchir	befreien	le pays	das Land
affronter	konfrontieren	la situation	die Situation
affronter	konfrontieren	le défi	die Herausforderung
affronter	konfrontieren	le problème	das Problem
agacer	ärgern	l'ami	der Freund
agacer	ärgern	l'enfant	das Kind
agacer	ärgern	le collègue	der Kollege
aggraver	verschlimmern	la maladie	die Krankheit
aggraver	verschlimmern	la situation	die Situation
aggraver	verschlimmern	le problème	das Problem
agir	handeln	la personne	die Person
agir	handeln	la situation	die Situation
agir	handeln	le moment	der Moment
agiter	schütteln	la boisson	das Getränk
agiter	schütteln	la main	die Hand
agiter	schütteln	le drapeau	die Flagge
agoniser	agoniere	l'animal	das Tier
agoniser	agoniere	la personne	die Person
agoniser	agoniere	la situation	die Situation
agrandir	vergrößern	l'espace	der Raum
agrandir	vergrößern	l'image	das Bild
agrandir	vergrößern	la chambre	das Zimmer
agresser	angreifen	l'ennemi	der Feind
agresser	angreifen	la personne	die Person
agresser	angreifen	la situation	die Situation
agréer	zustimmen	l'avis	die Meinung
agréer	zustimmen	la demande	die Anfrage
agréer	zustimmen	une proposition	der Vorschlag
agrémenter	verzieren	l'événement	das Ereignis
agrémenter	verzieren	la décoration	die Dekoration
agrémenter	verzieren	le plat	das Gericht
aider	helfen	l'ami	der Freund
aider	helfen	l'enfant	das Kind
aider	helfen	la personne	die Person
aiguiller	leiten	le flux	der Fluss
aiguiller	leiten	le train	der Zug
aiguiser	schärfen	le couteau	das Messer
aiguiser	schärfen	le crayon	der Bleistift
aiguiser	schärfen	un outil	das Werkzeug
ailler	fliegen	l'avion	das Flugzeug
ailler	fliegen	l'insecte	das Insekt
ailler	fliegen	l'oiseau	der Vogel
aimer	lieben	la musique	die Musik
aimer	lieben	la personne	die Person
aimer	lieben	le film	der Film
ajouter	hinzufügen	l'information	die Information
ajouter	hinzufügen	l'élément	das Element
ajouter	hinzufügen	la quantité	die Menge
alarmer	alarmieren	la personne	die Person
alarmer	alarmieren	la situation	die Situation
alerter	warnen	le danger	die Gefahr
alerter	warnen	le public	das Publikum
aligner	ausrichten	l'équipe	die Mannschaft
alimenter	versorgen	l'animal	das Tier
alimenter	versorgen	l'enfant	das Kind
alimenter	versorgen	la machine	die Maschine
aliéner	entfremden	la communauté	die Gemeinschaft
aliéner	entfremden	la personne	die Person
aliéner	entfremden	le groupe	der Gruppe
aller	gehen	à l'école	die Schule
aller	gehen	à la maison	das Haus
aller	gehen	au magasin	der Laden
allonger	verlängern	le chemin	der Weg
allonger	verlängern	le vêtement	das Kleidungsstück
allonger	verlängern	temps	die Zeit
allouer	zuteilen	le budget	das Budget
allouer	zuteilen	temps	die Zeit
allumer	anzünden	la lampe	die Lampe
allumer	anzünden	le feu	das Feuer
alléger	erleichtern	la charge	die Last
alléger	erleichtern	le poids	das Gewicht
alléger	erleichtern	le travail	die Arbeit
altérer	verändern	l'état	der Zustand
altérer	verändern	la couleur	die Farbe
altérer	verändern	le goût	der Geschmack
amadouer	beschwichtigen	l'animal	das Tier
amadouer	beschwichtigen	l'enfant	das Kind
amadouer	beschwichtigen	la situation	die Situation
amaigrir	abnehmen	la personne	die Person
amaigrir	abnehmen	le poids	das Gewicht
amaigrir	abnehmen	le régime	die Diät
ambrer	bernsteinfarben	l'objet	der Gegenstand
ambrer	bernsteinfarben	la couleur	die Farbe
amener	bringen	l'idée	die Idee
amener	bringen	la chose	die Sache
amener	bringen	la personne	die Person
amollir	erweichen	la cuisine	die Küche
amollir	erweichen	la matière	das Material
amollir	erweichen	le beurre	die Butter
amorcer	einleiten	la discussion	die Diskussion
amorcer	einleiten	le processus	der Prozess
amorcer	einleiten	un changement	die Veränderung
amplifier	verstärken	le message	die Nachricht
amplifier	verstärken	le signal	das Signal
amputer	amputieren	la jambe	das Bein
amputer	amputieren	le bras	der Arm
amputer	amputieren	le membre	das Mitglied
amuser	amüsieren	l'enfant	das Kind
amuser	amüsieren	le public	das Publikum
amuser	amüsieren	le spectacle	das Schauspiel
améliorer	verbessern	la performance	die Leistung
améliorer	verbessern	la qualité	die Qualität
améliorer	verbessern	la situation	die Situation
aménager	einrichten	la maison	das Haus
aménager	einrichten	le bureau	das Büro
aménager	einrichten	le jardin	der Garten
américaniser	amerikanisieren	la culture	die Kultur
américaniser	amerikanisieren	la mode	die Mode
américaniser	amerikanisieren	le produit	das Produkt
analyser	analysieren	la situation	die Situation
analyser	analysieren	le résultat	das Ergebnis
ancrer	verankern	l'idée	die Idee
ancrer	verankern	la tradition	die Tradition
ancrer	verankern	la valeur	der Wert
anesthésier	betäuben	la douleur	der Schmerz
anesthésier	betäuben	la zone	die Zone
anesthésier	betäuben	le patient	der Patient
angoisser	ängstigen	l'enfant	das Kind
angoisser	ängstigen	la personne	die Person
angoisser	ängstigen	la situation	die Situation
animer	beleben	l'événement	das Ereignis
animer	beleben	la discussion	die Diskussion
animer	beleben	le groupe	der Gruppe
annexer	annektieren	la province	die Provinz
annexer	annektieren	la région	die Region
annexer	annektieren	le territoire	das Gebiet
annoncer	ankündigen	l'événement	das Ereignis
annoncer	ankündigen	la nouvelle	die Nachricht
annoncer	ankündigen	le résultat	das Ergebnis
annuler	stornieren	l'événement	das Ereignis
annuler	stornieren	la commande	die Bestellung
annuler	stornieren	la réservation	die Reservierung
anticiper	vorwegnehmen	l'événement	das Ereignis
anticiper	vorwegnehmen	la réaction	die Reaktion
anticiper	vorwegnehmen	la situation	die Situation
anéantir	vernichten	l'ennemi	der Feind
anéantir	vernichten	la menace	die Bedrohung
anéantir	vernichten	la ressource	die Ressource
apaiser	beruhigen	l'esprit	der Geist
apaiser	beruhigen	la tension	die Spannung
apaiser	beruhigen	le conflit	der Konflikt
apercevoir	erblicken	l'objet	der Gegenstand
apercevoir	erblicken	la silhouette	die Silhouette
apercevoir	erblicken	le paysage	die Landschaft
apeurer	ängstigen	l'animal	das Tier
apeurer	ängstigen	l'enfant	das Kind
apeurer	ängstigen	la personne	die Person
aplanir	ebnen	la route	die Straße
aplanir	ebnen	la surface	die Oberfläche
aplanir	ebnen	le terrain	das Gelände
apparaître	erscheinen	la lumière	das Licht
apparaître	erscheinen	la personne	die Person
apparaître	erscheinen	le signe	das Zeichen
apparenté	verwandt machen	la famille	die Familie
apparenté	verwandt machen	le concept	das Konzept
apparenté	verwandt machen	le groupe	der Gruppe
appartenir	gehören	l'organisation	die Organisation
appartenir	gehören	la famille	die Familie
appartenir	gehören	le groupe	der Gruppe
appauvrir	verarmen	la population	die Bevölkerung
appauvrir	verarmen	la situation	die Situation
appeler	rufen	l'ami	der Freund
appeler	rufen	le nom	der Name
appeler	rufen	le numéro	die Nummer
applaudir	applaudieren	l'artiste	der Künstler
applaudir	applaudieren	la performance	die Leistung
applaudir	applaudieren	le spectacle	das Schauspiel
appliquer	anwenden	la méthode	die Methode
appliquer	anwenden	la règle	die Regel
apporter	bringen	l'objet	der Gegenstand
apporter	bringen	la nourriture	die Nahrung
apporter	bringen	le cadeau	das Geschenk
apposer	anbringen	l'étiquette	das Etikett
apposer	anbringen	la signature	die Unterschrift
apposer	anbringen	le tampon	der Stempel
apprendre	lernen	la langue	die Sprache
apprendre	lernen	la leçon	die Lektion
apprivoiser	zähmen	l'animal	das Tier
apprivoiser	zähmen	l'environnement	die Umwelt
apprivoiser	zähmen	la situation	die Situation
approcher	näher kommen	l'animal	das Tier
approcher	näher kommen	la maison	das Haus
approcher	näher kommen	la personne	die Person
approfondir	vertiefen	l'étude	das Studium
approfondir	vertiefen	la connaissance	das Wissen
approfondir	vertiefen	le sujet	das Thema
approprier	aneignen	l'espace	der Raum
approuver	genehmigen	la demande	die Anfrage
approuver	genehmigen	la décision	die Entscheidung
approuver	genehmigen	le projet	das Projekt
approvisionner	liefern	la marchandise	die Ware
approvisionner	liefern	le produit	das Produkt
approvisionner	liefern	le stock	der Bestand
apprécier	schätzen	l'art	die Kunst
apprécier	schätzen	la situation	die Situation
apprécier	schätzen	le moment	der Moment
appréhender	fürchten	l'échec	der Misserfolg
appréhender	fürchten	la situation	die Situation
appréhender	fürchten	le danger	die Gefahr
apprêter	vorbereiten	le dossier	die Akte
apprêter	vorbereiten	le repas	die Mahlzeit
appuyer	unterstützen	la demande	die Anfrage
appuyer	unterstützen	la personne	die Person
appuyer	unterstützen	le projet	das Projekt
arborer	zeigen	le drapeau	die Flagge
arborer	zeigen	le style	der Stil
arguer	argumentieren	l'opinion	die Meinung
arguer	argumentieren	la raison	der Grund
arguer	argumentieren	le point	der Punkt
argumenter	argumentieren	l'idée	die Idee
argumenter	argumentieren	la thèse	die These
argumenter	argumentieren	le point	der Punkt
armer	bewaffnen	homme	der Mann
armer	bewaffnen	la voiture	das Auto
armer	bewaffnen	le soldat	der Soldat
aromatiser	aromatisieren	la boisson	das Getränk
aromatiser	aromatisieren	le dessert	der Nachtisch
aromatiser	aromatisieren	le plat	das Gericht
arpenter	abstecken	le chemin	der Weg
arpenter	abstecken	le parcours	der Weg
arpenter	abstecken	le terrain	das Gelände
arracher	reißen	l'objet	der Gegenstand
arracher	reißen	la plante	die Pflanze
arracher	reißen	le papier	das Papier
arranger	arrangieren	la fête	das Fest
arranger	arrangieren	la réunion	das Treffen
arriver	ankommen	à l'heure	die Stunde
arriver	ankommen	un jour	der Tag
arriver	ankommen	au moment	der Moment
arroger	anmaßen	l'autorité	die Autorität
arroger	anmaßen	le droit	das Recht
arrondir	abrunden	la forme	die Form
arrondir	abrunden	le coin	die Ecke
arrondir	abrunden	le nombre	die Zahl
arroser	gießen	la fleur	die Blume
arroser	gießen	la plante	die Pflanze
arroser	gießen	le jardin	der Garten
arrêter	anhalten	la voiture	das Auto
arrêter	anhalten	le mouvement	die Bewegung
arrêter	anhalten	temps	die Zeit
articuler	artikulieren	l'idée	die Idee
articuler	artikulieren	la phrase	der Satz
artistiquer	künstlerisch gestalten	l'espace	der Raum
artistiquer	künstlerisch gestalten	l'œuvre	das Werk
artistiquer	künstlerisch gestalten	le projet	das Projekt
aspirer	einatmen	l'air	die Luft
aspirer	einatmen	la fumée	der Rauch
aspirer	einatmen	une odeur	der Geruch
assassiner	ermorden	la personne	die Person
assassiner	ermorden	la victime	das Opfer
assassiner	ermorden	le crime	das Verbrechen
assavoir	wissen	l'information	die Information
assavoir	wissen	la réponse	die Antwort
assavoir	wissen	le fait	die Tatsache
assembler	zusammenbauen	l'équipement	die Ausrüstung
assembler	zusammenbauen	la pièce	das Stück
assembler	zusammenbauen	le meuble	das Möbel
asseoir	sitzen	la chaise	der Stuhl
asseoir	sitzen	la table	der Tisch
asseoir	sitzen	le canapé	das Sofa
asservir	unterwerfen	l'individu	das Individuum
asservir	unterwerfen	la nation	die Nation
asservir	unterwerfen	le peuple	das Volk
assigner	zuweisen	la responsabilité	die Verantwortung
assigner	zuweisen	la tâche	die Aufgabe
assigner	zuweisen	le travail	die Arbeit
assimiler	asimilieren	l'information	die Information
assimiler	asimilieren	la connaissance	das Wissen
assimiler	asimilieren	la culture	die Kultur
assister	teilnehmen	à l'événement	das Ereignis
assister	teilnehmen	à la réunion	das Treffen
assiéger	belagern	l'ennemi	der Feind
assiéger	belagern	la forteresse	die Festung
assiéger	belagern	la ville	die Stadt
associer	assoziieren	l'idée	die Idee
associer	assoziieren	la personne	die Person
associer	assoziieren	le groupe	der Gruppe
assombrir	dunkler werden	la chambre	das Zimmer
assombrir	dunkler werden	la couleur	die Farbe
assombrir	dunkler werden	le ciel	der Himmel
assommer	erschlagen	l'animal	das Tier
assommer	erschlagen	l'objet	der Gegenstand
assommer	erschlagen	la personne	die Person
assortir	abstimmen	l'accessoire	das Zubehör
assortir	abstimmen	la couleur	die Farbe
assortir	abstimmen	le vêtement	das Kleidungsstück
assoupir	einschläfern	l'animal	das Tier
assoupir	einschläfern	l'enfant	das Kind
assoupir	einschläfern	la personne	die Person
assouplir	lockern	la règle	die Regel
assouplir	lockern	le contrat	der Vertrag
assouplir	lockern	le tissu	der Stoff
assouvir	stillen	l'envie	der Wunsch
assouvir	stillen	le besoin	das Bedürfnis
assouvir	stillen	le désir	der Wunsch
assujettir	unterwerfen	l'individu	das Individuum
assujettir	unterwerfen	la population	die Bevölkerung
assujettir	unterwerfen	le groupe	der Gruppe
assumer	übernehmen	la charge	die Last
assumer	übernehmen	la responsabilité	die Verantwortung
assumer	übernehmen	le rôle	die Rolle
assurer	sichern	la situation	die Situation
assurer	sichern	la sécurité	die Sicherheit
assurer	sichern	le service	der Dienst
assécher	austrocknen	la plante	die Pflanze
assécher	austrocknen	la rivière	der Fluss
assécher	austrocknen	la terre	die Erde
astiquer	polieren	l'objet	der Gegenstand
astiquer	polieren	la surface	die Oberfläche
astiquer	polieren	le meuble	das Möbel
astreindre	zwingen	l'environnement	die Umwelt
astreindre	zwingen	la personne	die Person
astreindre	zwingen	le groupe	der Gruppe
attabler	anlegen	la table	der Tisch
attabler	anlegen	le document	das Dokument
attabler	anlegen	le projet	das Projekt
attacher	befestigen	l'étiquette	das Etikett
attacher	befestigen	la ceinture	der Gürtel
attacher	befestigen	la corde	das Seil
attaquer	angreifen	l'ennemi	der Feind
attaquer	angreifen	la situation	die Situation
attaquer	angreifen	le problème	das Problem
attarder	verzögern	la décision	die Entscheidung
attarder	verzögern	la réunion	das Treffen
attarder	verzögern	le moment	der Moment
atteindre	erreichen	l'objectif	das Ziel
atteindre	erreichen	la destination	das Ziel
atteindre	erreichen	le niveau	das Niveau
attendre	warten	la réponse	die Antwort
attendre	warten	le moment	der Moment
attendre	warten	un bus	der Bus
attenter	attentieren	l'action	die Handlung
attenter	attentieren	l'attaque	der Angriff
attenter	attentieren	le plan	der Plan
attentionner	aufmerksam machen	l'enfant	das Kind
attentionner	aufmerksam machen	la personne	die Person
attentionner	aufmerksam machen	la situation	die Situation
atterrir	landen	l'avion	das Flugzeug
atterrir	landen	l'hélicoptère	der Hubschrauber
atterrir	landen	la navette	der Shuttle
attester	attestieren	la preuve	der Beweis
attester	attestieren	le document	das Dokument
attester	attestieren	le témoignage	das Zeugnis
attirer	anziehen	l'attention	die Aufmerksamkeit
attirer	anziehen	l'intérêt	das Interesse
attirer	anziehen	le client	der Kunde
attiser	anheizen	l'intérêt	das Interesse
attiser	anheizen	la tension	die Spannung
attiser	anheizen	le feu	das Feuer
attraper	fangen	l'insecte	das Insekt
attraper	fangen	le ballon	der Ball
attraper	fangen	le poisson	der Fisch
attribuer	zuweisen	la tâche	die Aufgabe
attribuer	zuweisen	le prix	der Preis
attrister	trauriger machen	l'événement	das Ereignis
attrister	trauriger machen	la personne	die Person
attrister	trauriger machen	la situation	die Situation
atténuer	mildern	l'impact	der Einfluss
atténuer	mildern	la douleur	der Schmerz
atténuer	mildern	le risque	das Risiko
augmenter	erhöhen	le prix	der Preis
augmenter	erhöhen	le volume	das Volumen
augmenter	erhöhen	un salaire	das Gehalt
augurer	ahnen	l'événement	das Ereignis
augurer	ahnen	le signe	das Zeichen
auréoler	umkränzen	l'image	das Bild
auréoler	umkränzen	la personne	die Person
auréoler	umkränzen	la réputation	der Ruf
authentifier	authentifizieren	la signature	die Unterschrift
authentifier	authentifizieren	le document	das Dokument
authentifier	authentifizieren	le produit	das Produkt
autoriser	erlauben	l'accès	der Zugang
autoriser	erlauben	l'action	die Handlung
autoriser	erlauben	la personne	die Person
avaler	schlucken	la boisson	das Getränk
avaler	schlucken	la nourriture	die Nahrung
avaler	schlucken	le médicament	das Medikament
avancer	vorankommen	l'étape	die Etappe
avancer	vorankommen	le projet	das Projekt
avancer	vorankommen	le travail	die Arbeit
aventurer	abenteuerlich	l'expérience	die Erfahrung
aventurer	abenteuerlich	l'idée	die Idee
aventurer	abenteuerlich	le voyage	die Reise
avertir	warnen	la personne	die Person
avertir	warnen	le danger	die Gefahr
avertir	warnen	le risque	das Risiko
aveugler	blenden	la lumière	das Licht
aveugler	blenden	le flash	der Blitz
aveugler	blenden	le soleil	die Sonne
aviser	benachrichtigen	la personne	die Person
aviser	benachrichtigen	le client	der Kunde
aviser	benachrichtigen	le collègue	der Kollege
aviver	beleben	l'émotion	die Emotion
aviver	beleben	la couleur	die Farbe
avoir	haben	la maison	das Haus
avoir	haben	la voiture	das Auto
avoir	haben	le chien	der Hund
avouer	zugeben	l'erreur	der Fehler
avouer	zugeben	le secret	das Geheimnis
avouer	zugeben	le sentiment	das Gefühl
avérer	sich erweisen	la réalité	die Realität
avérer	sich erweisen	la vérité	die Wahrheit
avérer	sich erweisen	le fait	die Tatsache
axer	ausrichten	la discussion	die Diskussion
axer	ausrichten	la stratégie	die Strategie
axer	ausrichten	le projet	das Projekt
aérer	lüften	l'espace	der Raum
aérer	lüften	la chambre	das Zimmer
aérer	lüften	le vêtement	das Kleidungsstück
baguer	verloben	la bague	der Ring
baguer	verloben	la personne	die Person
baguer	verloben	le partenaire	der Partner
baigner	baden	l'enfant	das Kind
baigner	baden	le bassin	der Becken
baigner	baden	le chien	der Hund
baisser	senken	la voix	die Stimme
baisser	senken	le niveau	das Niveau
baisser	senken	le prix	der Preis
balader	spazieren	l'ami	der Freund
balader	spazieren	l'enfant	das Kind
balader	spazieren	le chien	der Hund
balancer	wiegen	l'objet	der Gegenstand
balancer	wiegen	la charge	die Last
balancer	wiegen	le poids	das Gewicht
balayer	fegen	la salle	der Raum
balayer	fegen	le sol	der Boden
baliser	markieren	la route	die Straße
baliser	markieren	le chemin	der Weg
banaliser	banalisieren	l'événement	das Ereignis
banaliser	banalisieren	la situation	die Situation
banaliser	banalisieren	le problème	das Problem
bander	binden	l'objet	der Gegenstand
bander	binden	la blessure	die Verletzung
bander	binden	le tissu	der Stoff
bannir	verbannen	l'idée	die Idee
bannir	verbannen	la personne	die Person
bannir	verbannen	la pratique	die Praxis
banquer	bankieren	l'argent	das Geld
banquer	bankieren	la transaction	die Transaktion
banquer	bankieren	le compte	das Konto
baptiser	taufen	l'enfant	das Kind
baptiser	taufen	la personne	die Person
baptiser	taufen	le rituel	das Ritual
barbeler	verwirren	l'esprit	der Geist
barder	verzieren	l'objet	der Gegenstand
barder	verzieren	la décoration	die Dekoration
barder	verzieren	le plat	das Gericht
barricader	barrikadieren	la fenêtre	das Fenster
barricader	barrikadieren	la porte	die Tür
barricader	barrikadieren	la rue	die Straße
basaner	gerben	la peau	die Haut
basaner	gerben	le cuir	das Leder
basaner	gerben	le matériau	das Material
basculer	kippen	l'objet	der Gegenstand
basculer	kippen	la table	der Tisch
baser	basieren	l'analyse	die Analyse
baser	basieren	la décision	die Entscheidung
baser	basieren	la théorie	die Theorie
batailler	kämpfen	la bataille	die Schlacht
batailler	kämpfen	la guerre	der Krieg
batailler	kämpfen	le conflit	der Konflikt
battre	schlagen	l'ennemi	der Feind
battre	schlagen	l'œuf	das Ei
battre	schlagen	le record	der Rekord
bavarder	plaudern	l'ami	der Freund
bavarder	plaudern	la conversation	das Gespräch
bavarder	plaudern	le sujet	das Thema
bercer	wiegen	l'enfant	das Kind
bercer	wiegen	le bébé	das Baby
bercer	wiegen	le rêve	der Traum
biaiser	verzerren	l'information	die Information
biaiser	verzerren	l'opinion	die Meinung
biaiser	verzerren	la perception	die Wahrnehmung
bichonner	verwöhnen	l'animal	das Tier
bichonner	verwöhnen	l'enfant	das Kind
bichonner	verwöhnen	l'objet	der Gegenstand
bienvenir	willkommen heißen	l'invité	der Gast
bienvenir	willkommen heißen	le visiteur	der Besucher
blanchir	bleichen	le linge	die Wäsche
blanchir	bleichen	le papier	das Papier
blaser	langweilen	l'activité	die Aktivität
blaser	langweilen	la conversation	das Gespräch
blaser	langweilen	le spectacle	das Schauspiel
blesser	verletzen	la main	die Hand
blesser	verletzen	la personne	die Person
blinder	blenden	l'écran	der Bildschirm
blinder	blenden	la fenêtre	das Fenster
blinder	blenden	la voiture	das Auto
bloquer	blockieren	l'accès	der Zugang
bloquer	blockieren	la route	die Straße
bloquer	blockieren	le système	das System
boire	trinken	l'eau	das Wasser
boire	trinken	le jus	der Saft
boire	trinken	le vin	der Wein
boiser	holzern	la maison	das Haus
boiser	holzern	le meuble	das Möbel
boiser	holzern	le plancher	der Boden
bombarder	bombardieren	la cible	das Ziel
bombarder	bombardieren	la ville	die Stadt
bombarder	bombardieren	la zone	die Zone
bondir	springen	l'enfant	das Kind
bondir	springen	le chat	die Katze
border	begrenzen	la route	die Straße
border	begrenzen	le jardin	der Garten
border	begrenzen	le territoire	das Gebiet
borner	begrenzen	l'espace	der Raum
borner	begrenzen	le territoire	das Gebiet
borner	begrenzen	temps	die Zeit
bosser	arbeiten	l'équipe	die Mannschaft
bosser	arbeiten	la tâche	die Aufgabe
bosser	arbeiten	le projet	das Projekt
boucher	zerlegen	la viande	das Fleisch
boucher	zerlegen	le plat	das Gericht
boucher	zerlegen	le poisson	der Fisch
boucler	abschließen	la ceinture	der Gürtel
boucler	abschließen	le projet	das Projekt
boucler	abschließen	le sac	die Tasche
bouder	schmollen	l'enfant	das Kind
bouder	schmollen	la personne	die Person
bouder	schmollen	la situation	die Situation
bouffer	essen	la nourriture	die Nahrung
bouffer	essen	la viande	das Fleisch
bouger	bewegen	l'objet	der Gegenstand
bouger	bewegen	la main	die Hand
bouger	bewegen	le corps	der Körper
bougonner	murren	la personne	die Person
bougonner	murren	la situation	die Situation
bougonner	murren	le commentaire	der Kommentar
bouillir	kochen	l'eau	das Wasser
bouillir	kochen	la soupe	die Suppe
bouillir	kochen	le légume	das Gemüse
bouler	rollen	la balle	der Ball
bouler	rollen	la pierre	der Stein
bouler	rollen	la roue	das Rad
bouleverser	umwälzen	la situation	die Situation
bouleverser	umwälzen	la vie	das Leben
bouleverser	umwälzen	le monde	die Welt
boulonner	verschrauben	l'assemblage	die Zusammenstellung
boulonner	verschrauben	la pièce	das Stück
boulonner	verschrauben	le métal	das Metall
bouquiner	lesen	le livre	das Buch
bouquiner	lesen	le magazine	das Magazin
bouquiner	lesen	le roman	der Roman
bourdonner	summen	l'insecte	das Insekt
bourdonner	summen	la musique	die Musik
bourdonner	summen	le bruit	der Lärm
bourrer	stopfen	le sac	die Tasche
bourrer	stopfen	le vêtement	das Kleidungsstück
bousculer	stoßen	l'objet	der Gegenstand
bousculer	stoßen	la personne	die Person
bousculer	stoßen	la situation	die Situation
bouter	stoßen	l'objet	der Gegenstand
bouter	stoßen	la barrière	die Barriere
bouter	stoßen	la personne	die Person
brailler	schreien	l'animal	das Tier
brailler	schreien	l'enfant	das Kind
brailler	schreien	la voix	die Stimme
braiser	schmoren	la viande	das Fleisch
braiser	schmoren	le légume	das Gemüse
braiser	schmoren	le plat	das Gericht
brancher	anschließen	l'appareil	das Gerät
brancher	anschließen	l'ordinateur	der Computer
brancher	anschließen	le câble	das Kabel
brandonner	brandmarken	l'acte	der Akt
brandonner	brandmarken	la personne	die Person
brandonner	brandmarken	la situation	die Situation
braquer	zielen	l'arme	die Waffe
braquer	zielen	l'objectif	das Ziel
braquer	zielen	la cible	das Ziel
brasser	brauen	la bière	die Bier
braver	trotzen	l'obstacle	das Hindernis
braver	trotzen	la tempête	der Sturm
braver	trotzen	le danger	die Gefahr
bricoler	basteln	l'objet	der Gegenstand
bricoler	basteln	le jouet	das Spielzeug
bricoler	basteln	le meuble	das Möbel
brider	zügeln	la conduite	das Verhalten
brider	zügeln	la monture	die Fassung
brider	zügeln	le cheval	das Pferd
briller	leuchten	l'étoile	der Stern
briller	leuchten	la lumière	das Licht
briller	leuchten	le diamant	der Diamant
briser	brechen	l'objet	der Gegenstand
briser	brechen	la règle	die Regel
briser	brechen	le silence	die Stille
broder	sticken	le dessin	die Zeichnung
broder	sticken	le motif	das Motiv
broder	sticken	le tissu	der Stoff
bronzer	bräunen	la peau	die Haut
bronzer	bräunen	le corps	der Körper
bronzer	bräunen	le visage	das Gesicht
brouiller	verwirren	l'idée	die Idee
brouiller	verwirren	la situation	die Situation
brouiller	verwirren	le message	die Nachricht
broyer	zerkleinern	l'os	der Knochen
broyer	zerkleinern	la nourriture	die Nahrung
broyer	zerkleinern	le grain	das Korn
bruir	rauschen	l'eau	das Wasser
bruir	rauschen	le vent	der Wind
bruire	rauschen	l'eau	das Wasser
bruire	rauschen	le bruit	der Lärm
bruire	rauschen	le vent	der Wind
brûler	brennen	le bois	das Holz
brûler	brennen	le feu	das Feuer
brûler	brennen	le papier	das Papier
bullir	brodeln	l'eau	das Wasser
bullir	brodeln	la soupe	die Suppe
bullir	brodeln	le mélange	die Mischung
buter	stoßen	l'objet	der Gegenstand
buter	stoßen	la barrière	die Barriere
buter	stoßen	le mur	die Wand
butiner	sammeln	le nectar	der Nektar
butiner	sammeln	le pollen	der Pollen
butter	buttern	la crêpe	der Crêpe
butter	buttern	le pain	das Brot
butter	buttern	le toast	der Toast
bâcler	schlampig machen	la tâche	die Aufgabe
bâcler	schlampig machen	le projet	das Projekt
bâcler	schlampig machen	le travail	die Arbeit
bâiller	gähnen	l'ennui	die Langeweile
bâiller	gähnen	la fatigue	die Müdigkeit
bâiller	gähnen	le sommeil	der Schlaf
bâtir	bauen	l'école	die Schule
bâtir	bauen	la maison	das Haus
bâtir	bauen	le pont	die Brücke
bénéficier	profitieren	l'aide	die Hilfe
bénéficier	profitieren	le service	der Dienst
bénéficier	profitieren	le soutien	die Unterstützung
cabrer	aufbocken	la bicyclette	das Fahrrad
cabrer	aufbocken	la moto	das Motorrad
cabrer	aufbocken	le véhicule	das Fahrzeug
cacher	verstecken	l'objet	der Gegenstand
cacher	verstecken	le lieu	der Ort
cacher	verstecken	le secret	das Geheimnis
cacheter	versiegeln	l'enveloppe	der Umschlag
cacheter	versiegeln	la lettre	der Brief
cacheter	versiegeln	le document	das Dokument
cadenasser	abschließen	la porte	die Tür
cadenasser	abschließen	le coffre	die Truhe
cadenasser	abschließen	le vélo	das Fahrrad
cadencer	takten	la musique	die Musik
cadencer	takten	le chant	der Gesang
cadencer	takten	le rythme	der Rhythmus
cadrer	rahmen	la photo	das Foto
cadrer	rahmen	le dessin	die Zeichnung
cadrer	rahmen	le tableau	die Tafel
calamistrer	locken	la mèche	der Docht
calamistrer	locken	le style	der Stil
calciner	veraschen	le matériau	das Material
calculer	berechnen	le coût	die Kosten
calculer	berechnen	le nombre	die Zahl
calculer	berechnen	temps	die Zeit
caler	stützen	l'objet	der Gegenstand
caler	stützen	la voiture	das Auto
caler	stützen	le plan	der Plan
calfater	abdichten	la fissure	der Riss
calfater	abdichten	le bateau	das Boot
calfater	abdichten	le joint	das Gelenk
calmer	beruhigen	l'angoisse	die Angst
calmer	beruhigen	l'enfant	das Kind
calmer	beruhigen	la situation	die Situation
cambrer	krümmen	l'objet	der Gegenstand
cambrer	krümmen	la structure	die Struktur
cambrer	krümmen	le corps	der Körper
camoufler	verstecken	l'objet	der Gegenstand
camoufler	verstecken	la personne	die Person
camoufler	verstecken	le véhicule	das Fahrzeug
camper	campen	la nature	die Natur
camper	campen	la tente	das Zelt
camper	campen	le site	die Seite
cantonner	einquartieren	la troupe	die Truppe
cantonner	einquartieren	le quartier	das Viertel
cantonner	einquartieren	le soldat	der Soldat
capituler	kapitulieren	l'armée	die Armee
capituler	kapitulieren	l'ennemi	der Feind
capituler	kapitulieren	la guerre	der Krieg
capter	einfangen	l'attention	die Aufmerksamkeit
capter	einfangen	l'image	das Bild
capter	einfangen	le signal	das Signal
capturer	fangen	l'animal	das Tier
capturer	fangen	l'image	das Bild
capturer	fangen	un voleur	der Dieb
caracoler	schaukeln	la personne	die Person
caracoler	schaukeln	le cheval	das Pferd
caracoler	schaukeln	le véhicule	das Fahrzeug
caractériser	charakterisieren	la personnalité	die Persönlichkeit
caractériser	charakterisieren	le comportement	das Verhalten
caractériser	charakterisieren	le style	der Stil
carburer	laufen	la machine	die Maschine
carburer	laufen	la voiture	das Auto
carburer	laufen	le moteur	der Motor
caresser	streicheln	le chat	die Katze
caresser	streicheln	le chien	der Hund
caresser	streicheln	le visage	das Gesicht
carreler	fliesen	la pièce	das Stück
carreler	fliesen	le mur	die Wand
carreler	fliesen	le sol	der Boden
carrer	karrieren	la carrière	die Karriere
carrer	karrieren	la situation	die Situation
carrer	karrieren	le chemin	der Weg
cartographier	kartografieren	la carte	die Karte
cartographier	kartografieren	la zone	die Zone
cartographier	kartografieren	le territoire	das Gebiet
cartonner	verpacken	le cadeau	das Geschenk
cartonner	verpacken	le colis	das Paket
cartonner	verpacken	le produit	das Produkt
casser	brechen	l'objet	der Gegenstand
casser	brechen	le jouet	das Spielzeug
casser	brechen	le verre	das Glas
cataloguer	katalogisieren	l'objet	der Gegenstand
cataloguer	katalogisieren	le document	das Dokument
cataloguer	katalogisieren	le livre	das Buch
causer	reden	la discussion	die Diskussion
causer	reden	la situation	die Situation
causer	reden	le problème	das Problem
ceinturer	umgürten	l'objet	der Gegenstand
ceinturer	umgürten	la taille	die Größe
ceinturer	umgürten	le vêtement	das Kleidungsstück
celer	verbergen	l'information	die Information
celer	verbergen	la vérité	die Wahrheit
celer	verbergen	le secret	das Geheimnis
centrer	zentrieren	l'attention	die Aufmerksamkeit
centrer	zentrieren	le sujet	das Thema
cercler	umkreisen	l'objet	der Gegenstand
cercler	umkreisen	la zone	die Zone
cercler	umkreisen	le texte	der Text
cerner	umreißen	l'idée	die Idee
cerner	umreißen	le problème	das Problem
cerner	umreißen	le sujet	das Thema
certifier	zertifizieren	le document	das Dokument
certifier	zertifizieren	le produit	das Produkt
certifier	zertifizieren	le service	der Dienst
cesser	aufhören	l'activité	die Aktivität
cesser	aufhören	le conflit	der Konflikt
cesser	aufhören	le travail	die Arbeit
chambouler	umwerfen	l'ordre	die Ordnung
chambouler	umwerfen	la situation	die Situation
chambouler	umwerfen	le plan	der Plan
chambrer	temperieren	la boisson	das Getränk
chambrer	temperieren	la nourriture	die Nahrung
chambrer	temperieren	le vin	der Wein
changer	ändern	d'idée	die Idee
changer	ändern	la situation	die Situation
changer	ändern	de vêtement	das Kleidungsstück
chanter	singen	la chanson	das Lied
chanter	singen	le texte	der Text
chantonner	summen	l'air	die Luft
chantonner	summen	la chanson	das Lied
chantonner	summen	la mélodie	die Melodie
chaparder	stehlen	l'argent	das Geld
chaparder	stehlen	l'objet	der Gegenstand
chaparder	stehlen	la nourriture	die Nahrung
chapeauter	überwachen	l'activité	die Aktivität
chapeauter	überwachen	l'équipe	die Mannschaft
chapeauter	überwachen	le projet	das Projekt
charger	laden	la batterie	die Batterie
charger	laden	la valise	der Koffer
charger	laden	le camion	der Lastwagen
charrier	tragen	l'objet	der Gegenstand
charrier	tragen	la marchandise	die Ware
chasser	jagen	l'animal	das Tier
chasser	jagen	la chasse	die Jagd
chasser	jagen	la proie	die Beute
chauffer	heizen	l'eau	das Wasser
chauffer	heizen	la maison	das Haus
chauffer	heizen	la nourriture	die Nahrung
chausser	anziehen	les bottes	die Stiefel
chavirer	kippen	le bateau	das Boot
chavirer	kippen	le vaisseau	das Gefäß
chavirer	kippen	le verre	das Glas
chercher	suchen	l'objet	der Gegenstand
chercher	suchen	la réponse	die Antwort
chercher	suchen	la solution	die Lösung
chevaucher	reiten	le cheval	das Pferd
chiffrer	verschlüsseln	l'information	die Information
chiffrer	verschlüsseln	le message	die Nachricht
chiner	stöbern	l'objet	der Gegenstand
chiner	stöbern	le meuble	das Möbel
chiner	stöbern	le vêtement	das Kleidungsstück
chiper	stehlen	l'argent	das Geld
chiper	stehlen	l'objet	der Gegenstand
choisir	wählen	l'option	die Option
choisir	wählen	le repas	die Mahlzeit
choisir	wählen	le vêtement	das Kleidungsstück
choquer	schockieren	l'audience	die Zuhörerschaft
choquer	schockieren	le public	das Publikum
choquer	schockieren	le spectateur	der Zuschauer
choyer	verwöhnen	l'animal	das Tier
choyer	verwöhnen	l'enfant	das Kind
choyer	verwöhnen	le partenaire	der Partner
chuchoter	flüstern	la phrase	der Satz
chuchoter	flüstern	le mot	das Wort
chuchoter	flüstern	le secret	das Geheimnis
chuter	fallen	l'objet	der Gegenstand
chuter	fallen	la personne	die Person
chuter	fallen	le prix	der Preis
châtier	bestrafen	l'enfant	das Kind
châtier	bestrafen	l'élève	der Schüler
châtier	bestrafen	le délinquant	der Straftäter
chérer	schätzen	l'objet	der Gegenstand
chérer	schätzen	la relation	die Beziehung
chérir	lieben	l'enfant	das Kind
chérir	lieben	la relation	die Beziehung
chômer	arbeitslos sein	l'emploi	die Anstellung
chômer	arbeitslos sein	le travail	die Arbeit
chômer	arbeitslos sein	temps	die Zeit
cibler	zielen	l'objectif	das Ziel
cibler	zielen	le marché	der Markt
cibler	zielen	le public	das Publikum
cicatriser	heilen	la blessure	die Verletzung
cicatriser	heilen	la peau	die Haut
cicatriser	heilen	la situation	die Situation
circonscrire	eingrenzen	la situation	die Situation
circonscrire	eingrenzen	la zone	die Zone
circonscrire	eingrenzen	le problème	das Problem
circonstancier	umstände	l'événement	das Ereignis
circonstancier	umstände	la situation	die Situation
circonstancier	umstände	le contexte	der Kontext
circuler	zirkulieren	l'information	die Information
circuler	zirkulieren	le flux	der Fluss
circuler	zirkulieren	le trafic	der Verkehr
cirer	wachsen	le meuble	das Möbel
cirer	wachsen	le sol	der Boden
ciseler	meißeln	la pierre	der Stein
ciseler	meißeln	le bois	das Holz
ciseler	meißeln	le métal	das Metall
citer	zitieren	l'auteur	der Autor
citer	zitieren	l'exemple	das Beispiel
citer	zitieren	la source	die Quelle
civiliser	zivilisieren	l'individu	das Individuum
civiliser	zivilisieren	la communauté	die Gemeinschaft
civiliser	zivilisieren	la société	die Gesellschaft
clamer	proklamieren	la vérité	die Wahrheit
clamer	proklamieren	le droit	das Recht
clamer	proklamieren	le message	die Nachricht
claquer	knallen	la main	die Hand
claquer	knallen	la porte	die Tür
claquer	knallen	le doigt	der Finger
clarifier	klären	l'explication	die Erklärung
clarifier	klären	la situation	die Situation
clarifier	klären	le problème	das Problem
cligner	blinzeln	l'œil	das Auge
cligner	blinzeln	la paupière	das Augenlid
climatiser	klimatisieren	la pièce	das Stück
climatiser	klimatisieren	la voiture	das Auto
climatiser	klimatisieren	le bureau	das Büro
cliquer	klicken	la souris	die Maus
cliquer	klicken	le bouton	der Knopf
cliquer	klicken	le lien	die Verbindung
cliver	spalten	l'idée	die Idee
cliver	spalten	l'opinion	die Meinung
cliver	spalten	le groupe	der Gruppe
cloisonner	abteilen	l'espace	der Raum
cloisonner	abteilen	la pièce	das Stück
cloisonner	abteilen	le bureau	das Büro
clore	schließen	la discussion	die Diskussion
clore	schließen	la réunion	das Treffen
clore	schließen	le dossier	die Akte
clouer	nageln	la plaque	das Schild
clouer	nageln	le bois	das Holz
clouer	nageln	le mur	die Wand
coaguler	gerinnen	le mélange	die Mischung
coaguler	gerinnen	le sang	das Blut
coder	codieren	l'application	die Anwendung
coder	codieren	le langage	die Sprache
coder	codieren	le programme	das Programm
cogner	hauen	l'objet	der Gegenstand
cogner	hauen	la main	die Hand
cogner	hauen	le mur	die Wand
cohabiter	zusammenleben	l'appartement	die Wohnung
cohabiter	zusammenleben	l'espace	der Raum
cohabiter	zusammenleben	la maison	das Haus
coiffer	frisieren	le client	der Kunde
coiffer	frisieren	le style	der Stil
coincer	klemmen	l'objet	der Gegenstand
coincer	klemmen	la porte	die Tür
coincer	klemmen	le doigt	der Finger
collaborer	zusammenarbeiten	l'équipe	die Mannschaft
collaborer	zusammenarbeiten	le projet	das Projekt
collaborer	zusammenarbeiten	le travail	die Arbeit
coller	kleben	l'étiquette	das Etikett
coller	kleben	la photo	das Foto
coller	kleben	le papier	das Papier
coloniser	kolonisieren	la population	die Bevölkerung
coloniser	kolonisieren	le pays	das Land
coloniser	kolonisieren	le territoire	das Gebiet
colorer	färben	le dessin	die Zeichnung
colorer	färben	le papier	das Papier
colorer	färben	le vêtement	das Kleidungsstück
combattre	kämpfen	l'ennemi	der Feind
combattre	kämpfen	l'idée	die Idee
combattre	kämpfen	le danger	die Gefahr
combler	füllen	le besoin	das Bedürfnis
combler	füllen	le manque	der Mangel
commander	bestellen	l'article	der Artikel
commander	bestellen	la boisson	das Getränk
commander	bestellen	le repas	die Mahlzeit
commencer	anfangen	jour	der Tag
commencer	anfangen	le projet	das Projekt
commenter	kommentieren	l'article	der Artikel
commenter	kommentieren	la vidéo	das Video
commercer	handeln	le marché	der Markt
commercer	handeln	le produit	das Produkt
commercer	handeln	le service	der Dienst
commercialiser	vermarkten	la marque	die Marke
commercialiser	vermarkten	le produit	das Produkt
commercialiser	vermarkten	le service	der Dienst
commettre	begehen	l'acte	der Akt
commettre	begehen	l'erreur	der Fehler
commettre	begehen	le crime	das Verbrechen
communiquer	kommunizieren	l'information	die Information
communiquer	kommunizieren	le message	die Nachricht
commémorer	gedenken	jour	der Tag
commémorer	gedenken	l'événement	das Ereignis
commémorer	gedenken	la personne	die Person
comparer	vergleichen	le prix	der Preis
comparer	vergleichen	le produit	das Produkt
comparer	vergleichen	le service	der Dienst
compenser	ausgleichen	la différence	der Unterschied
compenser	ausgleichen	la perte	der Verlust
compenser	ausgleichen	le manque	der Mangel
compliquer	komplizieren	la situation	die Situation
compliquer	komplizieren	la tâche	die Aufgabe
compliquer	komplizieren	le processus	der Prozess
comploter	verschwören	l'action	die Handlung
comploter	verschwören	le groupe	der Gruppe
comploter	verschwören	le plan	der Plan
compléter	vollenden	le formulaire	das Formular
compléter	vollenden	le projet	das Projekt
compléter	vollenden	le travail	die Arbeit
comporter	beinhalten	l'élément	das Element
comporter	beinhalten	la condition	die Bedingung
comporter	beinhalten	la partie	der Teil
composer	komponieren	la chanson	das Lied
composer	komponieren	la musique	die Musik
composer	komponieren	la mélodie	die Melodie
composter	kompostieren	la nourriture	die Nahrung
composter	kompostieren	le jardin	der Garten
comprendre	verstehen	l'idée	die Idee
comprendre	verstehen	la situation	die Situation
comprendre	verstehen	le problème	das Problem
compromettre	gefährden	la relation	die Beziehung
compromettre	gefährden	la situation	die Situation
compromettre	gefährden	la sécurité	die Sicherheit
compter	zählen	l'argent	das Geld
compter	zählen	le nombre	die Zahl
concentrer	konzentrieren	l'attention	die Aufmerksamkeit
concerner	betreffen	la personne	die Person
concerner	betreffen	le projet	das Projekt
concerner	betreffen	le sujet	das Thema
concevoir	entwerfen	le plan	der Plan
concevoir	entwerfen	le produit	das Produkt
concevoir	entwerfen	le projet	das Projekt
conclure	abschließen	la discussion	die Diskussion
conclure	abschließen	la réunion	das Treffen
conclure	abschließen	le contrat	der Vertrag
concocter	ausbrüten	la recette	das Rezept
concocter	ausbrüten	le plan	der Plan
concocter	ausbrüten	le projet	das Projekt
concourir	teilnehmen	l'événement	das Ereignis
concourir	teilnehmen	la compétition	der Wettbewerb
concourir	teilnehmen	le prix	der Preis
concrétiser	konkretisieren	l'idée	die Idee
concrétiser	konkretisieren	le plan	der Plan
concrétiser	konkretisieren	le projet	das Projekt
concurrencer	konkurrieren	l'entreprise	die Firma
concurrencer	konkurrieren	le marché	der Markt
concurrencer	konkurrieren	le produit	das Produkt
concéder	einräumen	l'avantage	der Vorteil
concéder	einräumen	la concession	die Zugeständnis
concéder	einräumen	le droit	das Recht
condamner	verurteilen	criminel	kriminell
condamner	verurteilen	l'acte	der Akt
condamner	verurteilen	la situation	die Situation
condenser	kondensieren	la vapeur	der Dampf
condenser	kondensieren	le gaz	das Gas
conditionner	bedingen	la situation	die Situation
conditionner	bedingen	le produit	das Produkt
conditionner	bedingen	le service	der Dienst
conduire	fahren	la moto	das Motorrad
conduire	fahren	la voiture	das Auto
conduire	fahren	un bus	der Bus
confesser	beichten	l'erreur	der Fehler
confesser	beichten	le secret	das Geheimnis
confier	anvertrauen	la responsabilité	die Verantwortung
confier	anvertrauen	la tâche	die Aufgabe
confier	anvertrauen	le secret	das Geheimnis
configurer	konfigurieren	l'appareil	das Gerät
configurer	konfigurieren	l'ordinateur	der Computer
configurer	konfigurieren	le réseau	das Netzwerk
confiner	einsperren	l'animal	das Tier
confiner	einsperren	l'espace	der Raum
confiner	einsperren	la personne	die Person
confirmer	bestätigen	l'information	die Information
confirmer	bestätigen	la décision	die Entscheidung
confirmer	bestätigen	la réservation	die Reservierung
confisquer	konfiszieren	l'objet	der Gegenstand
confisquer	konfiszieren	la drogue	die Droge
confisquer	konfiszieren	la marchandise	die Ware
conformer	anpassen	la norme	die Norm
conformer	anpassen	la règle	die Regel
conformer	anpassen	la situation	die Situation
conforter	bestärken	l'opinion	die Meinung
conforter	bestärken	la décision	die Entscheidung
conforter	bestärken	la position	die Position
confronter	konfrontieren	l'opinion	die Meinung
confronter	konfrontieren	la personne	die Person
confronter	konfrontieren	la situation	die Situation
conférer	verleihen	le diplôme	das Diplom
conférer	verleihen	le prix	der Preis
conférer	verleihen	le titre	der Titel
congeler	einfrieren	l'eau	das Wasser
congeler	einfrieren	la nourriture	die Nahrung
congeler	einfrieren	le produit	das Produkt
conjuguer	konjugieren	la mode	die Mode
conjuguer	konjugieren	le verbe	das Verb
conjuguer	konjugieren	temps	die Zeit
connaître	kennen	la chose	die Sache
connaître	kennen	la personne	die Person
connaître	kennen	le lieu	der Ort
connecter	verbinden	l'appareil	das Gerät
connecter	verbinden	l'ordinateur	der Computer
connecter	verbinden	le réseau	das Netzwerk
connoter	konnotieren	l'idée	die Idee
connoter	konnotieren	l'émotion	die Emotion
conquérir	erobern	le marché	der Markt
conquérir	erobern	le territoire	das Gebiet
consacrer	widmen	temps	die Zeit
conseiller	beraten	l'ami	der Freund
conseiller	beraten	l'étudiant	der Student
conseiller	beraten	le client	der Kunde
consentir	einwilligen	à l'accord	die Vereinbarung
consentir	einwilligen	à la permission	die Erlaubnis
consentir	einwilligen	au choix	die Wahl
conserver	bewahren	l'aliment	das Lebensmittel
conserver	bewahren	l'objet	der Gegenstand
conserver	bewahren	le document	das Dokument
considérer	betrachten	l'idée	die Idee
considérer	betrachten	l'option	die Option
considérer	betrachten	la situation	die Situation
consigner	aufzeichnen	l'information	die Information
consister	bestehen	l'élément	das Element
consister	bestehen	la partie	der Teil
consister	bestehen	le composant	der Bestandteil
consoler	trösten	l'ami	der Freund
consoler	trösten	l'enfant	das Kind
consoler	trösten	la personne	die Person
consommer	konsumieren	la nourriture	die Nahrung
consommer	konsumieren	la ressource	die Ressource
consommer	konsumieren	le produit	das Produkt
constater	feststellen	la situation	die Situation
constater	feststellen	le fait	die Tatsache
constater	feststellen	un changement	die Veränderung
constituer	bilden	l'équipe	die Mannschaft
constituer	bilden	le groupe	der Gruppe
construire	bauen	la maison	das Haus
construire	bauen	le mur	die Wand
construire	bauen	le pont	die Brücke
consulter	beraten	l'avis	die Meinung
consulter	beraten	l'expert	der Experte
consulter	beraten	le médecin	der Arzt
contacter	kontaktieren	l'ami	der Freund
contacter	kontaktieren	l'entreprise	die Firma
contacter	kontaktieren	la personne	die Person
contaminer	kontaminieren	l'air	die Luft
contaminer	kontaminieren	l'eau	das Wasser
contaminer	kontaminieren	le sol	der Boden
contempler	betrachten	l'œuvre	das Werk
contempler	betrachten	le ciel	der Himmel
contempler	betrachten	le paysage	die Landschaft
contenir	enthalten	l'information	die Information
contenir	enthalten	l'élément	das Element
contenir	enthalten	la substance	die Substanz
contenter	zufriedenstellen	la demande	die Anfrage
contenter	zufriedenstellen	le besoin	das Bedürfnis
contenter	zufriedenstellen	le client	der Kunde
conter	erzählen	l'anecdote	die Anekdote
conter	erzählen	l'histoire	die Geschichte
conter	erzählen	le conte	das Märchen
contester	anfechten	l'avis	die Meinung
contester	anfechten	la décision	die Entscheidung
contester	anfechten	le résultat	das Ergebnis
continuer	fortfahren	la discussion	die Diskussion
continuer	fortfahren	la route	die Straße
continuer	fortfahren	le travail	die Arbeit
contourner	umgehen	l'obstacle	das Hindernis
contourner	umgehen	la règle	die Regel
contourner	umgehen	le problème	das Problem
contracter	vertragen	l'accord	die Vereinbarung
contracter	vertragen	la dette	die Schuld
contracter	vertragen	la maladie	die Krankheit
contraindre	zwingen	la personne	die Person
contraindre	zwingen	la situation	die Situation
contraindre	zwingen	le choix	die Wahl
contrarier	ärgern	l'ami	der Freund
contrarier	ärgern	l'enfant	das Kind
contrarier	ärgern	le collègue	der Kollege
contrebalancer	ausgleichen	l'effet	der Effekt
contrebalancer	ausgleichen	l'impact	der Einfluss
contrebalancer	ausgleichen	la force	die Kraft
contrecarrer	durchkreuzen	l'initiative	die Initiative
contrecarrer	durchkreuzen	le plan	der Plan
contrecarrer	durchkreuzen	le projet	das Projekt
contredire	widersprechen	l'affirmation	die Behauptung
contredire	widersprechen	l'opinion	die Meinung
contredire	widersprechen	la déclaration	die Erklärung
contrer	entgegenwirken	l'attaque	der Angriff
contrer	entgegenwirken	la difficulté	die Schwierigkeit
contrer	entgegenwirken	le problème	das Problem
contrevenir	verstoßen	la loi	das Gesetz
contrevenir	verstoßen	la norme	die Norm
contrevenir	verstoßen	la règle	die Regel
contribuer	beitragen	l'effort	der Aufwand
contribuer	beitragen	la discussion	die Diskussion
contribuer	beitragen	le projet	das Projekt
controverser	kontrovers diskutieren	l'avis	die Meinung
controverser	kontrovers diskutieren	le sujet	das Thema
controverser	kontrovers diskutieren	le thème	das Thema
contrôler	kontrollieren	la qualité	die Qualität
contrôler	kontrollieren	la situation	die Situation
contrôler	kontrollieren	le processus	der Prozess
convaincre	überzeugen	l'ami	der Freund
convaincre	überzeugen	l'auditoire	das Publikum
convaincre	überzeugen	la personne	die Person
convenir	vereinbaren	l'accord	die Vereinbarung
convenir	vereinbaren	le rendez-vous	der Termin
converger	konvergieren	l'idée	die Idee
converger	konvergieren	l'opinion	die Meinung
converger	konvergieren	le chemin	der Weg
converser	unterhalten	l'idée	die Idee
converser	unterhalten	la personne	die Person
converser	unterhalten	le sujet	das Thema
convertir	umwandeln	l'énergie	die Energie
convertir	umwandeln	la monnaie	das Geld
convertir	umwandeln	le fichier	die Datei
convier	einladen	la famille	die Familie
convoiter	begehren	la richesse	der Reichtum
convoquer	einberufen	la personne	die Person
convoquer	einberufen	la réunion	das Treffen
convoquer	einberufen	le comité	das Komitee
convoyer	transportieren	la marchandise	die Ware
convoyer	transportieren	le colis	das Paket
convoyer	transportieren	le passager	der Passagier
coopérer	kooperieren	l'organisation	die Organisation
coopérer	kooperieren	l'équipe	die Mannschaft
coopérer	kooperieren	le projet	das Projekt
coordonner	koordinieren	l'équipe	die Mannschaft
coordonner	koordinieren	le projet	das Projekt
copier	kopieren	l'image	das Bild
copier	kopieren	le document	das Dokument
copier	kopieren	le texte	der Text
correspondre	entsprechen	l'attente	die Erwartung
correspondre	entsprechen	le besoin	das Bedürfnis
correspondre	entsprechen	le critère	das Kriterium
corriger	korrigieren	l'erreur	der Fehler
corriger	korrigieren	le texte	der Text
corroborer	bestätigen	l'information	die Information
corroborer	bestätigen	la preuve	der Beweis
corroborer	bestätigen	le témoignage	das Zeugnis
corrompre	bestechen	l'offre	das Angebot
corrompre	bestechen	la personne	die Person
corrompre	bestechen	le fonctionnaire	der Beamte
cosigner	mitunterzeichnen	l'accord	die Vereinbarung
cosigner	mitunterzeichnen	le contrat	der Vertrag
cosigner	mitunterzeichnen	le document	das Dokument
costumer	kostümieren	l'acteur	der Schauspieler
costumer	kostümieren	l'enfant	das Kind
costumer	kostümieren	le personnage	die Figur
coter	bewerten	le produit	das Produkt
coter	bewerten	le service	der Dienst
cotiser	beitragen	l'assurance	die Versicherung
cotiser	beitragen	le projet	das Projekt
coucher	liegen	la plage	der Strand
coucher	liegen	le lit	das Bett
coucher	liegen	le tapis	der Teppich
coudre	nähen	le tissu	der Stoff
coudre	nähen	le vêtement	das Kleidungsstück
couler	fließen	l'eau	das Wasser
couler	fließen	le sang	das Blut
couper	schneiden	le légume	das Gemüse
couper	schneiden	le papier	das Papier
coupler	koppeln	le dispositif	das Gerät
coupler	koppeln	le système	das System
courber	biegen	l'objet	der Gegenstand
courber	biegen	la branche	der Zweig
courber	biegen	la ligne	die Linie
courir	laufen	la course	das Rennen
courir	laufen	le chemin	der Weg
courir	laufen	le marathon	der Marathon
couronner	krönen	la reine	die Königin
couronner	krönen	le champion	der Champion
couronner	krönen	le roi	der König
courroucer	ärgern	l'ami	der Freund
courroucer	ärgern	la personne	die Person
courroucer	ärgern	le client	der Kunde
court-circuiter	umgehen	l'étape	die Etappe
court-circuiter	umgehen	la règle	die Regel
court-circuiter	umgehen	le processus	der Prozess
courtiser	umwerben	femme	die Frau
courtiser	umwerben	homme	der Mann
courtiser	umwerben	la personne	die Person
couvrir	decken	la table	der Tisch
couvrir	decken	le lit	das Bett
couvrir	decken	le plat	das Gericht
coïncider	übereinstimmen	temps	die Zeit
coûter	kosten	l'argent	das Geld
coûter	kosten	le prix	der Preis
coûter	kosten	temps	die Zeit
cracher	spucken	l'eau	das Wasser
cracher	spucken	la gomme	der Radiergummi
craindre	fürchten	l'échec	der Misserfolg
craindre	fürchten	la perte	der Verlust
craindre	fürchten	le danger	die Gefahr
cramponner	festhalten	l'objet	der Gegenstand
cramponner	festhalten	la main	die Hand
craqueler	knacken	la peau	die Haut
craqueler	knacken	la surface	die Oberfläche
craquer	knacken	l'objet	der Gegenstand
craquer	knacken	la voix	die Stimme
craquer	knacken	le bruit	der Lärm
cravater	krawattieren	la chemise	das Hemd
cravater	krawattieren	le costume	der Anzug
cravater	krawattieren	le look	der Look
creuser	graben	la terre	die Erde
creuser	graben	le jardin	der Garten
creuser	graben	le trou	das Loch
crever	platzen	la bulle	die Blase
crever	platzen	le ballon	der Ball
crever	platzen	le pneu	der Reifen
criailler	schreien	l'appel	der Aufruf
criailler	schreien	la voix	die Stimme
criailler	schreien	le bruit	der Lärm
cribler	sieben	la farine	das Mehl
cribler	sieben	le sable	der Sand
crier	schreien	l'aide	die Hilfe
crier	schreien	le mot	das Wort
crier	schreien	le nom	der Name
crisser	kreischen	la voiture	das Auto
crisser	kreischen	le bruit	der Lärm
crisser	kreischen	le pneu	der Reifen
cristalliser	kristallisieren	l'idée	die Idee
cristalliser	kristallisieren	la substance	die Substanz
cristalliser	kristallisieren	le processus	der Prozess
critiquer	kritisieren	l'idée	die Idee
critiquer	kritisieren	le film	der Film
critiquer	kritisieren	le travail	die Arbeit
croire	glauben	l'histoire	die Geschichte
croire	glauben	à l'idée	die Idee
croire	glauben	la vérité	die Wahrheit
croiser	kreuzen	le bras	der Arm
croiser	kreuzen	le chemin	der Weg
croiser	kreuzen	le regard	der Blick
croquer	knabbern	la carotte	die Karotte
croquer	knabbern	le biscuit	der Keks
croquer	knabbern	une pomme	der Apfel
crotter	kotzen	l'animal	das Tier
crotter	kotzen	l'environnement	die Umwelt
crotter	kotzen	la personne	die Person
crouler	einstürzen	la structure	die Struktur
crouler	einstürzen	le bâtiment	das Gebäude
crouler	einstürzen	le mur	die Wand
croître	wachsen	l'économie	die Wirtschaft
croître	wachsen	la plante	die Pflanze
croître	wachsen	la population	die Bevölkerung
créer	erschaffen	l'entreprise	die Firma
créer	erschaffen	l'œuvre	das Werk
créer	erschaffen	le projet	das Projekt
créoliser	kreolisieren	la cuisine	die Küche
créoliser	kreolisieren	la culture	die Kultur
créoliser	kreolisieren	la langue	die Sprache
crépiter	knistern	la cendre	die Asche
crépiter	knistern	le bois	das Holz
crépiter	knistern	le feu	das Feuer
cuber	würfeln	le bois	das Holz
cuber	würfeln	le dé	der Würfel
cuber	würfeln	le volume	das Volumen
cueillir	pflücken	l'herbe	das Gras
cueillir	pflücken	la fleur	die Blume
cueillir	pflücken	le fruit	die Frucht
cuire	kochen	la viande	das Fleisch
cuire	kochen	le gâteau	der Kuchen
cuire	kochen	le légume	das Gemüse
cuisiner	kochen	l'ingrédient	der Bestandteil
cuisiner	kochen	le plat	das Gericht
cuisiner	kochen	le repas	die Mahlzeit
cuiter	kochen	la viande	das Fleisch
cuiter	kochen	le légume	das Gemüse
cuiter	kochen	le plat	das Gericht
cuivrer	kupfern	l'objet	der Gegenstand
cuivrer	kupfern	la surface	die Oberfläche
cuivrer	kupfern	le métal	das Metall
culminer	kulminieren	l'événement	das Ereignis
culminer	kulminieren	la situation	die Situation
culminer	kulminieren	le processus	der Prozess
culpabiliser	schuldigen	l'enfant	das Kind
culpabiliser	schuldigen	la personne	die Person
cultiver	anbauen	la plante	die Pflanze
cultiver	anbauen	le champ	das Feld
cultiver	anbauen	le jardin	der Garten
curer	reinigen	la dent	der Zahn
curer	reinigen	la plomberie	die Sanitärtechnik
curer	reinigen	le canal	der Kanal
céder	nachgeben	la demande	die Anfrage
céder	nachgeben	la place	der Platz
céder	nachgeben	le droit	das Recht
célébrer	feiern	l'anniversaire	der Geburtstag
célébrer	feiern	l'événement	das Ereignis
célébrer	feiern	la réussite	der Erfolg
côtoyer	nebenbei leben	l'ami	der Freund
côtoyer	nebenbei leben	le collègue	der Kollege
côtoyer	nebenbei leben	le voisin	der Nachbar
daigner	geruhen	l'action	die Handlung
daigner	geruhen	la réponse	die Antwort
daigner	geruhen	la visite	der Besuch
damer	damen	la carte	die Karte
damer	damen	la main	die Hand
damer	damen	le jeu	das Spiel
danser	tanzen	la musique	die Musik
danser	tanzen	la soirée	der Abend
danser	tanzen	le ballet	das Ballett
dater	datieren	l'événement	das Ereignis
dater	datieren	la lettre	der Brief
dater	datieren	le document	das Dokument
demander	fragen	l'aide	die Hilfe
demander	fragen	l'information	die Information
demander	fragen	la question	die Frage
demeurer	wohnen	l'endroit	der Ort
demeurer	wohnen	la maison	das Haus
demeurer	wohnen	la ville	die Stadt
descendre	hinuntergehen	la montagne	der Berg
descendre	hinuntergehen	la route	die Straße
desservir	abservieren	la table	der Tisch
desservir	abservieren	le plat	das Gericht
desservir	abservieren	le repas	die Mahlzeit
dessiner	zeichnen	l'image	das Bild
dessiner	zeichnen	le plan	der Plan
dessécher	trocknen	la plante	die Pflanze
dessécher	trocknen	le vêtement	das Kleidungsstück
destiner	bestimmen	l'objet	der Gegenstand
destiner	bestimmen	la personne	die Person
destiner	bestimmen	la ressource	die Ressource
devancer	vorwegnehmen	l'action	die Handlung
devancer	vorwegnehmen	l'événement	das Ereignis
devenir	werden	la chose	die Sache
devenir	werden	la personne	die Person
devenir	werden	la profession	der Beruf
deviner	erraten	l'énigme	das Rätsel
deviner	erraten	la réponse	die Antwort
deviner	erraten	la situation	die Situation
deviser	reden	la conversation	das Gespräch
deviser	reden	le sujet	das Thema
deviser	reden	le thème	das Thema
devoir	müssen	la responsabilité	die Verantwortung
devoir	müssen	temps	die Zeit
diagnostiquer	diagnostizieren	la maladie	die Krankheit
diagnostiquer	diagnostizieren	la situation	die Situation
diagnostiquer	diagnostizieren	le problème	das Problem
dialoguer	dialogisieren	l'échange	der Austausch
dialoguer	dialogisieren	la conversation	das Gespräch
dialoguer	dialogisieren	la discussion	die Diskussion
dicter	diktieren	l'instruction	die Anweisung
dicter	diktieren	la lettre	der Brief
dicter	diktieren	le texte	der Text
diffuser	verbreiten	l'information	die Information
diffuser	verbreiten	le contenu	der Inhalt
diffuser	verbreiten	le message	die Nachricht
différencier	differenzieren	la caractéristique	das Merkmal
différencier	differenzieren	le produit	das Produkt
différencier	differenzieren	le service	der Dienst
différer	abweichen	l'approche	der Ansatz
différer	abweichen	l'opinion	die Meinung
différer	abweichen	le choix	die Wahl
dilater	dehnen	le tissu	der Stoff
dilater	dehnen	le tube	das Rohr
dilater	dehnen	le vaisseau	das Gefäß
diluer	verdünnen	la peinture	die Malerei
diluer	verdünnen	la solution	die Lösung
diluer	verdünnen	le jus	der Saft
diminuer	verringern	le coût	die Kosten
diminuer	verringern	le risque	das Risiko
diminuer	verringern	temps	die Zeit
diplômer	diplomieren	l'école	die Schule
diplômer	diplomieren	l'étudiant	der Student
diplômer	diplomieren	la promotion	die Förderung
dire	sagen	la chose	die Sache
dire	sagen	la vérité	die Wahrheit
dire	sagen	le mot	das Wort
diriger	leiten	l'équipe	die Mannschaft
diriger	leiten	la réunion	das Treffen
diriger	leiten	le projet	das Projekt
discipliner	disziplinieren	l'enfant	das Kind
discipliner	disziplinieren	l'élève	der Schüler
discipliner	disziplinieren	le comportement	das Verhalten
discréditer	diskreditieren	l'information	die Information
discréditer	diskreditieren	la personne	die Person
discréditer	diskreditieren	le témoignage	das Zeugnis
discuter	diskutieren	de l'idée	die Idee
discuter	diskutieren	du problème	das Problem
discuter	diskutieren	du sujet	das Thema
disparaître	verschwinden	l'objet	der Gegenstand
disparaître	verschwinden	la personne	die Person
disparaître	verschwinden	la situation	die Situation
dispenser	entlassen	la formation	die Ausbildung
dispenser	entlassen	le service	der Dienst
disperser	streuen	le groupe	der Gruppe
disputer	streiten	la discussion	die Diskussion
disputer	streiten	le conflit	der Konflikt
disputer	streiten	le sujet	das Thema
dissimuler	verbergen	l'information	die Information
dissimuler	verbergen	l'émotion	die Emotion
dissimuler	verbergen	le secret	das Geheimnis
dissiper	vertreiben	la tension	die Spannung
dissiper	vertreiben	le doute	der Zweifel
dissiper	vertreiben	le nuage	die Wolke
dissoudre	auflösen	la substance	die Substanz
dissoudre	auflösen	le sel	das Salz
dissoudre	auflösen	le sucre	der Zucker
dissuader	abwenden	l'action	die Handlung
dissuader	abwenden	la personne	die Person
dissuader	abwenden	le comportement	das Verhalten
disséminer	streuen	l'information	die Information
distancer	distanzieren	la personne	die Person
distancer	distanzieren	la situation	die Situation
distancer	distanzieren	le groupe	der Gruppe
distancier	distanzieren	l'approche	der Ansatz
distancier	distanzieren	la position	die Position
distancier	distanzieren	la relation	die Beziehung
distiller	destillieren	l'alcool	der Alkohol
distiller	destillieren	l'essence	die Essenz
distinguer	unterscheiden	l'élément	das Element
distinguer	unterscheiden	la caractéristique	das Merkmal
distinguer	unterscheiden	la différence	der Unterschied
distraire	ablenken	l'auditoire	das Publikum
distraire	ablenken	l'enfant	das Kind
distraire	ablenken	l'étudiant	der Student
distribuer	verteilen	l'argent	das Geld
diversifier	diversifizieren	l'offre	das Angebot
diviser	teilen	la tâche	die Aufgabe
diviser	teilen	le groupe	der Gruppe
diviser	teilen	le nombre	die Zahl
divorcer	scheiden	la relation	die Beziehung
divorcer	scheiden	le couple	das Paar
divorcer	scheiden	le mariage	die Ehe
dominer	dominieren	la situation	die Situation
dominer	dominieren	le groupe	der Gruppe
dominer	dominieren	le marché	der Markt
dompter	zähmen	l'animal	das Tier
dompter	zähmen	la bête	das Tier
dompter	zähmen	la nature	die Natur
donner	geben	l'aide	die Hilfe
donner	geben	la réponse	die Antwort
donner	geben	le cadeau	das Geschenk
dorer	vergolden	la croûte	die Kruste
dorer	vergolden	la surface	die Oberfläche
dorer	vergolden	le pain	das Brot
dormir	schlafen	la chambre	das Zimmer
dormir	schlafen	la nuit	die Nacht
dormir	schlafen	le lit	das Bett
doser	dosieren	l'ingrédient	der Bestandteil
doser	dosieren	la substance	die Substanz
doser	dosieren	le médicament	das Medikament
doter	ausstatten	l'équipe	die Mannschaft
doter	ausstatten	le projet	das Projekt
doubler	verdoppeln	l'effort	der Aufwand
doubler	verdoppeln	le nombre	die Zahl
doubler	verdoppeln	temps	die Zeit
doucher	duschen	le corps	der Körper
doucher	duschen	le savon	die Seife
douer	begabten	l'artiste	der Künstler
douer	begabten	l'enfant	das Kind
douer	begabten	le musicien	der Musiker
douter	zweifeln	de la réalité	die Realität
douter	zweifeln	de la situation	die Situation
douter	zweifeln	du choix	die Wahl
dracher	herunterziehen	l'objet	der Gegenstand
dracher	herunterziehen	le rideau	der Vorhang
dracher	herunterziehen	le vêtement	das Kleidungsstück
drainer	ableiten	l'eau	das Wasser
drainer	ableiten	l'énergie	die Energie
drainer	ableiten	le sang	das Blut
dramatiser	dramatisieren	l'histoire	die Geschichte
dramatiser	dramatisieren	l'événement	das Ereignis
dramatiser	dramatisieren	la situation	die Situation
dresser	aufstellen	la liste	die Liste
dresser	aufstellen	la table	der Tisch
dresser	aufstellen	le rapport	der Bericht
durcir	härten	la matière	das Material
durcir	härten	la pâte	der Teig
durcir	härten	le ciment	der Zement
durer	dauern	l'événement	das Ereignis
durer	dauern	le moment	der Moment
durer	dauern	temps	die Zeit
dynamiser	beleben	l'activité	die Aktivität
dynamiser	beleben	l'équipe	die Mannschaft
dynamiser	beleben	le projet	das Projekt
déambuler	bummeln	la rue	die Straße
déambuler	bummeln	le magasin	der Laden
déambuler	bummeln	le parc	der Park
débarbouiller	abwaschen	la vaisselle	das Geschirr
débarbouiller	abwaschen	le visage	das Gesicht
débarquer	anlegen	la marchandise	die Ware
débarquer	anlegen	le bateau	das Boot
débarrasser	befreien	l'esprit	der Geist
débarrasser	befreien	la salle	der Raum
débattre	debattieren	l'idée	die Idee
débattre	debattieren	la question	die Frage
débattre	debattieren	le sujet	das Thema
déborder	überlaufen	le seau	der Eimer
déborder	überlaufen	le verre	das Glas
déboucher	öffnen	la bouteille	die Flasche
déboucher	öffnen	le chemin	der Weg
déboucher	öffnen	le tuyau	das Rohr
débouler	herunterkommen	la colline	der Hügel
débouler	herunterkommen	la route	die Straße
débourser	ausgeben	l'argent	das Geld
débourser	ausgeben	le montant	der Betrag
débrancher	abziehen	l'appareil	das Gerät
débrancher	abziehen	le câble	das Kabel
débrider	freigeben	l'énergie	die Energie
débrider	freigeben	le moteur	der Motor
débrider	freigeben	le potentiel	das Potenzial
débrouiller	zurechtkommen	la difficulté	die Schwierigkeit
débrouiller	zurechtkommen	la situation	die Situation
débrouiller	zurechtkommen	le problème	das Problem
débuter	beginnen	l'activité	die Aktivität
débuter	beginnen	le projet	das Projekt
décacheter	öffnen	l'enveloppe	der Umschlag
décacheter	öffnen	la lettre	der Brief
décacheter	öffnen	le paquet	das Paket
décaler	verschieben	l'échéance	die Frist
décaler	verschieben	la réunion	das Treffen
décaler	verschieben	le rendez-vous	der Termin
décamper	fliehen	l'endroit	der Ort
décamper	fliehen	la situation	die Situation
décamper	fliehen	le danger	die Gefahr
décapiter	enthaupten	l'objet	der Gegenstand
décapiter	enthaupten	la personne	die Person
décapiter	enthaupten	la victime	das Opfer
déceler	entdecken	l'anomalie	die Anomalie
déceler	entdecken	l'erreur	der Fehler
déceler	entdecken	le problème	das Problem
décentraliser	dezentralisieren	l'administration	die Verwaltung
décentraliser	dezentralisieren	la décision	die Entscheidung
décerné	verleihen	la récompense	die Belohnung
décerné	verleihen	le diplôme	das Diplom
décerné	verleihen	le prix	der Preis
décevoir	enttäuschen	l'ami	der Freund
décevoir	enttäuschen	l'attente	die Erwartung
décevoir	enttäuschen	le client	der Kunde
déchaîner	entfesseln	la tempête	der Sturm
déchaîner	entfesseln	la violence	die Gewalt
déchiffrer	entschlüsseln	le code	der Code
déchiffrer	entschlüsseln	le message	die Nachricht
déchiffrer	entschlüsseln	le texte	der Text
déchirer	reißen	la lettre	der Brief
déchirer	reißen	le papier	das Papier
déchirer	reißen	le vêtement	das Kleidungsstück
décider	entscheiden	l'action	die Handlung
décider	entscheiden	la situation	die Situation
décider	entscheiden	le choix	die Wahl
déclarer	erklären	l'intention	die Absicht
déclarer	erklären	la guerre	der Krieg
déclarer	erklären	la situation	die Situation
déclencher	auslösen	l'alarme	der Alarm
déclencher	auslösen	l'événement	das Ereignis
décliner	ablehnen	l'invitation	die Einladung
décliner	ablehnen	l'offre	das Angebot
décliner	ablehnen	une proposition	der Vorschlag
décoller	abheben	l'avion	das Flugzeug
décoller	abheben	le bateau	das Boot
décompresser	entspannen	la tension	die Spannung
décompresser	entspannen	le stress	der Stress
déconcerter	verwirren	la personne	die Person
déconcerter	verwirren	la réponse	die Antwort
déconcerter	verwirren	la situation	die Situation
déconnecter	trennen	l'appareil	das Gerät
déconnecter	trennen	l'ordinateur	der Computer
déconnecter	trennen	le câble	das Kabel
déconseiller	abraten	l'action	die Handlung
déconseiller	abraten	la décision	die Entscheidung
déconseiller	abraten	le choix	die Wahl
décontracter	entspannen	l'atmosphère	die Atmosphäre
décontracter	entspannen	l'esprit	der Geist
décontracter	entspannen	le muscle	der Muskel
décorer	dekorieren	la maison	das Haus
décorer	dekorieren	la table	der Tisch
décorer	dekorieren	le sapin	der Tannenbaum
décorner	abbrechen	l'animal	das Tier
décorner	abbrechen	l'objet	der Gegenstand
décorner	abbrechen	la situation	die Situation
décortiquer	schälen	la noix	die Nuss
décortiquer	schälen	le fruit	die Frucht
décortiquer	schälen	le légume	das Gemüse
découler	resultieren	l'événement	das Ereignis
découler	resultieren	la situation	die Situation
découler	resultieren	une conséquence	die Konsequenz
découper	ausschneiden	l'image	das Bild
découper	ausschneiden	la viande	das Fleisch
découper	ausschneiden	le papier	das Papier
décourager	entmutigen	l'enfant	das Kind
décourager	entmutigen	l'équipe	die Mannschaft
décourager	entmutigen	la personne	die Person
découvrir	entdecken	l'idée	die Idee
découvrir	entdecken	le lieu	der Ort
découvrir	entdecken	le talent	das Talent
décrier	herabsetzen	l'idée	die Idee
décrier	herabsetzen	la personne	die Person
décrier	herabsetzen	le système	das System
décrire	beschreiben	l'objet	der Gegenstand
décrire	beschreiben	la personne	die Person
décrire	beschreiben	la situation	die Situation
décrocher	abnehmen	le prix	der Preis
décrocher	abnehmen	le téléphone	das Telefon
décrypter	entschlüsseln	le code	der Code
décrypter	entschlüsseln	le message	die Nachricht
décrypter	entschlüsseln	le texte	der Text
décréter	dekretieren	la loi	das Gesetz
décréter	dekretieren	la mesure	das Maß
décréter	dekretieren	le règlement	die Regelung
déculpabiliser	entlasten	la personne	die Person
déculpabiliser	entlasten	la situation	die Situation
déculpabiliser	entlasten	le sentiment	das Gefühl
décéder	sterben	l'animal	das Tier
décéder	sterben	la personne	die Person
décéder	sterben	le patient	der Patient
dédaigner	verachten	l'idée	die Idee
dédaigner	verachten	la personne	die Person
dédaigner	verachten	la situation	die Situation
dédicacer	widmen	l'œuvre	das Werk
dédicacer	widmen	la chanson	das Lied
dédicacer	widmen	le livre	das Buch
dédier	widmen	l'œuvre	das Werk
dédier	widmen	temps	die Zeit
dédoubler	verdoppeln	l'effectif	die Anzahl
dédoubler	verdoppeln	la ressource	die Ressource
dédoubler	verdoppeln	le groupe	der Gruppe
dédramatiser	entdramatisieren	l'événement	das Ereignis
dédramatiser	entdramatisieren	la situation	die Situation
dédramatiser	entdramatisieren	le problème	das Problem
déduire	ableiten	l'information	die Information
déduire	ableiten	la conclusion	der Schluss
déduire	ableiten	le résultat	das Ergebnis
défaillir	ohnmächtig werden	la personne	die Person
défaillir	ohnmächtig werden	la situation	die Situation
défaillir	ohnmächtig werden	le moment	der Moment
défaire	auflösen	le contrat	der Vertrag
défaire	auflösen	le groupe	der Gruppe
défavoriser	benachteiligen	l'individu	das Individuum
défavoriser	benachteiligen	la situation	die Situation
défavoriser	benachteiligen	le groupe	der Gruppe
défendre	verteidigen	l'opinion	die Meinung
défendre	verteidigen	le droit	das Recht
défendre	verteidigen	le territoire	das Gebiet
défier	herausfordern	l'adversaire	der Gegner
défier	herausfordern	l'ami	der Freund
défier	herausfordern	l'opposant	der Gegner
défiger	versteifen	l'objet	der Gegenstand
défiger	versteifen	la structure	die Struktur
défiger	versteifen	le matériau	das Material
défigurer	entstellen	l'œuvre	das Werk
défigurer	entstellen	le paysage	die Landschaft
défigurer	entstellen	le visage	das Gesicht
défiler	parade	la banderole	das Banner
défiler	parade	le cortège	der Zug
définir	definieren	le concept	das Konzept
définir	definieren	le projet	das Projekt
définir	definieren	le terme	der Begriff
défoncer	aufbrechen	la porte	die Tür
défoncer	aufbrechen	le coffre	die Truhe
défoncer	aufbrechen	le mur	die Wand
dégager	freisetzen	l'espace	der Raum
dégager	freisetzen	une odeur	der Geruch
dégainer	ziehen	l'arme	die Waffe
dégainer	ziehen	le couteau	das Messer
dégainer	ziehen	une épée	das Schwert
dégeler	auftauen	la glace	das Eis
dégeler	auftauen	la nourriture	die Nahrung
dégeler	auftauen	le sol	der Boden
dégotter	finden	l'objet	der Gegenstand
dégotter	finden	la solution	die Lösung
dégotter	finden	le trésor	der Schatz
dégourdir	aufwecken	l'esprit	der Geist
dégourdir	aufwecken	le corps	der Körper
dégourdir	aufwecken	le muscle	der Muskel
dégoûter	ekeln	la nourriture	die Nahrung
dégoûter	ekeln	la situation	die Situation
dégoûter	ekeln	une odeur	der Geruch
dégrader	verschlechtern	l'environnement	die Umwelt
dégrader	verschlechtern	la qualité	die Qualität
dégrader	verschlechtern	la situation	die Situation
déguiser	verkleiden	l'enfant	das Kind
déguiser	verkleiden	le costume	der Anzug
déguiser	verkleiden	le personnage	die Figur
déguster	kosten	le dessert	der Nachtisch
déguster	kosten	le plat	das Gericht
déguster	kosten	le vin	der Wein
déjouer	vereiteln	l'attaque	der Angriff
déjouer	vereiteln	la stratégie	die Strategie
déjouer	vereiteln	le plan	der Plan
délaisser	verlassen	l'endroit	der Ort
délaisser	verlassen	la personne	die Person
délaisser	verlassen	le projet	das Projekt
délibérer	beraten	la question	die Frage
délibérer	beraten	le groupe	der Gruppe
délibérer	beraten	le sujet	das Thema
délier	lösen	le contrat	der Vertrag
délier	lösen	le lien	die Verbindung
délimiter	abgrenzen	l'espace	der Raum
délimiter	abgrenzen	la zone	die Zone
délimiter	abgrenzen	le territoire	das Gebiet
délivrer	ausliefern	l'ordre	die Ordnung
délivrer	ausliefern	le colis	das Paket
délivrer	ausliefern	le message	die Nachricht
délocaliser	verlagern	l'activité	die Aktivität
délocaliser	verlagern	l'entreprise	die Firma
délocaliser	verlagern	la production	die Produktion
déléguer	delegieren	la responsabilité	die Verantwortung
déléguer	delegieren	la tâche	die Aufgabe
démanteler	demontieren	la machine	die Maschine
démanteler	demontieren	la structure	die Struktur
démanteler	demontieren	le réseau	das Netzwerk
démaquiller	abschminken	la peau	die Haut
démaquiller	abschminken	le maquillage	das Make-up
démaquiller	abschminken	le visage	das Gesicht
démarquer	abheben	la marque	die Marke
démarquer	abheben	le produit	das Produkt
démarrer	starten	la réunion	das Treffen
démarrer	starten	le moteur	der Motor
démarrer	starten	le projet	das Projekt
démasquer	entlarven	la vérité	die Wahrheit
démasquer	entlarven	le masque	die Maske
démasquer	entlarven	le secret	das Geheimnis
démener	sich abmühen	l'effort	der Aufwand
démener	sich abmühen	le travail	die Arbeit
démentir	widerlegen	l'accusation	die Anklage
démentir	widerlegen	l'affirmation	die Behauptung
démentir	widerlegen	la rumeur	das Gerücht
démissionner	kündigen	l'emploi	die Anstellung
démissionner	kündigen	le contrat	der Vertrag
démissionner	kündigen	le poste	der Posten
démolir	abreißen	la structure	die Struktur
démolir	abreißen	le bâtiment	das Gebäude
démolir	abreißen	le mur	die Wand
démonter	demontieren	l'objet	der Gegenstand
démonter	demontieren	la machine	die Maschine
démonter	demontieren	le meuble	das Möbel
démontrer	demonstrieren	la capacité	die Fähigkeit
démontrer	demonstrieren	la preuve	der Beweis
démontrer	demonstrieren	le concept	das Konzept
démonétiser	entwerten	la monnaie	das Geld
démonétiser	entwerten	la valeur	der Wert
démonétiser	entwerten	le billet	das Ticket
démoraliser	demoralisieren	l'équipe	die Mannschaft
démoraliser	demoralisieren	la personne	die Person
démoraliser	demoralisieren	la situation	die Situation
démunir	entziehen	l'aide	die Hilfe
démunir	entziehen	le soutien	die Unterstützung
déménager	umziehen	la maison	das Haus
déménager	umziehen	le carton	der Karton
déménager	umziehen	le mobilier	das Mobiliar
démêler	entwirren	la situation	die Situation
démêler	entwirren	le problème	das Problem
dénaturer	entfremden	la nature	die Natur
dénaturer	entfremden	la substance	die Substanz
dénaturer	entfremden	le produit	das Produkt
dénicher	entdecken	l'information	die Information
dénicher	entdecken	l'objet	der Gegenstand
dénicher	entdecken	le trésor	der Schatz
dénigrer	herabsetzen	l'idée	die Idee
dénigrer	herabsetzen	la personne	die Person
dénigrer	herabsetzen	le travail	die Arbeit
dénommer	benennen	l'objet	der Gegenstand
dénommer	benennen	la personne	die Person
dénommer	benennen	le lieu	der Ort
dénoncer	anzeigen	l'abus	der Missbrauch
dénoncer	anzeigen	la situation	die Situation
dénoncer	anzeigen	le crime	das Verbrechen
dénoter	bezeichnen	la signification	die Bedeutung
dénoter	bezeichnen	le symbole	das Symbol
dénoter	bezeichnen	le terme	der Begriff
dénouer	entwirren	la situation	die Situation
dénouer	entwirren	le problème	das Problem
dénoyauter	entsteinen	l'olive	die Olive
dénoyauter	entsteinen	la cerise	die Kirsche
dénoyauter	entsteinen	le fruit	die Frucht
dénuer	entblößen	la personne	die Person
dépasser	überholen	l'attente	die Erwartung
dépasser	überholen	la limite	die Grenze
dépasser	überholen	la vitesse	die Geschwindigkeit
dépassionner	entkräften	la discussion	die Diskussion
dépassionner	entkräften	le débat	die Debatte
dépassionner	entkräften	le sujet	das Thema
dépeindre	darstellen	la scène	die Szene
dépeindre	darstellen	la situation	die Situation
dépeindre	darstellen	le personnage	die Figur
dépendre	abhängen	de la condition	die Bedingung
dépendre	abhängen	de la personne	die Person
dépendre	abhängen	de la situation	die Situation
dépenser	ausgeben	l'argent	das Geld
dépenser	ausgeben	temps	die Zeit
déphaser	phasenverschieben	l'onde	die Welle
déphaser	phasenverschieben	le signal	das Signal
déphaser	phasenverschieben	le système	das System
dépister	aufdecken	la maladie	die Krankheit
dépister	aufdecken	la situation	die Situation
dépister	aufdecken	le problème	das Problem
dépiter	verärgern	l'ami	der Freund
dépiter	verärgern	la personne	die Person
dépiter	verärgern	le collègue	der Kollege
déplacer	verschieben	l'objet	der Gegenstand
déplacer	verschieben	la personne	die Person
déplacer	verschieben	le meuble	das Möbel
déplaire	missfallen	la décision	die Entscheidung
déplaire	missfallen	la situation	die Situation
déplaire	missfallen	le choix	die Wahl
déplier	entfalten	la carte	die Karte
déplier	entfalten	le drapeau	die Flagge
déplier	entfalten	le papier	das Papier
déplorer	bedauern	l'événement	das Ereignis
déplorer	bedauern	la perte	der Verlust
déplorer	bedauern	la situation	die Situation
déployer	entfalten	la tente	das Zelt
déployer	entfalten	la voile	die Segel
déployer	entfalten	le drapeau	die Flagge
déporter	deportieren	la population	die Bevölkerung
déposer	abgeben	l'objet	der Gegenstand
déposer	abgeben	la demande	die Anfrage
déposséder	enteignen	la propriété	das Eigentum
déposséder	enteignen	le droit	das Recht
dépouiller	entblößen	la personne	die Person
déprimer	deprimieren	la personne	die Person
déprimer	deprimieren	la situation	die Situation
déprimer	deprimieren	le moment	der Moment
députer	deputieren	la commission	die Kommission
députer	deputieren	le groupe	der Gruppe
députer	deputieren	le représentant	der Vertreter
dépêcher	eilen	la personne	die Person
dépêcher	eilen	le départ	der Abflug
dépêcher	eilen	le travail	die Arbeit
déranger	stören	la personne	die Person
déranger	stören	le silence	die Stille
déranger	stören	le travail	die Arbeit
dériver	abgeleitet werden	l'idée	die Idee
dériver	abgeleitet werden	la théorie	die Theorie
dériver	abgeleitet werden	le concept	das Konzept
dérober	stehlen	l'argent	das Geld
dérober	stehlen	l'objet	der Gegenstand
déroger	abweichen	la loi	das Gesetz
déroger	abweichen	la norme	die Norm
déroger	abweichen	la règle	die Regel
dérouler	abrollen	l'événement	das Ereignis
dérouler	abrollen	le film	der Film
dérouler	abrollen	le tapis	der Teppich
dérouter	verwirren	l'itinéraire	die Route
dérouter	verwirren	le plan	der Plan
dérouter	verwirren	le voyageur	der Reisende
désaltérer	löschen	la boisson	das Getränk
désaltérer	löschen	la personne	die Person
désaltérer	löschen	la soif	der Durst
désapprouver	missbilligen	l'idée	die Idee
désapprouver	missbilligen	la décision	die Entscheidung
désapprouver	missbilligen	le comportement	das Verhalten
désarmer	entwaffnen	l'ennemi	der Feind
désarmer	entwaffnen	la situation	die Situation
désarmer	entwaffnen	le conflit	der Konflikt
désemparer	verwirren	la personne	die Person
désemparer	verwirren	la situation	die Situation
désemparer	verwirren	le groupe	der Gruppe
désemplir	leeren	la boîte	die Box
désemplir	leeren	la salle	der Raum
désemplir	leeren	le réservoir	der Tank
désenchanter	enttäuschen	l'enfant	das Kind
désenchanter	enttäuschen	la personne	die Person
désenchanter	enttäuschen	le rêve	der Traum
déserter	desertieren	l'armée	die Armee
déserter	desertieren	la mission	die Mission
déserter	desertieren	le poste	der Posten
désespérer	verzweifeln	l'espoir	die Hoffnung
désespérer	verzweifeln	la personne	die Person
désespérer	verzweifeln	la situation	die Situation
déshabiller	entkleiden	l'enfant	das Kind
déshabiller	entkleiden	la personne	die Person
déshabiller	entkleiden	la poupée	die Puppe
déshonorer	entehren	la famille	die Familie
déshonorer	entehren	la personne	die Person
déshonorer	entehren	le nom	der Name
déshumaniser	entmenschlichen	l'individu	das Individuum
déshumaniser	entmenschlichen	la situation	die Situation
déshumaniser	entmenschlichen	la société	die Gesellschaft
désigner	bezeichnen	l'objet	der Gegenstand
désigner	bezeichnen	la personne	die Person
désigner	bezeichnen	le lieu	der Ort
désirer	wünschen	la chose	die Sache
désirer	wünschen	la situation	die Situation
désirer	wünschen	le moment	der Moment
désister	zurückziehen	la candidature	die Bewerbung
désister	zurückziehen	la demande	die Anfrage
désister	zurückziehen	la participation	die Teilnahme
désobéir	gehorchen	l'ordre	die Ordnung
désobéir	gehorchen	la loi	das Gesetz
désobéir	gehorchen	la règle	die Regel
désoler	leid tun	l'événement	das Ereignis
désoler	leid tun	la personne	die Person
désoler	leid tun	la situation	die Situation
désordonner	unordnen	l'espace	der Raum
désordonner	unordnen	la chambre	das Zimmer
désordonner	unordnen	le bureau	das Büro
désorganiser	desorganisieren	le travail	die Arbeit
désorienter	desorientieren	la personne	die Person
désorienter	desorientieren	la situation	die Situation
désorienter	desorientieren	le groupe	der Gruppe
déséquilibrer	aus dem Gleichgewicht bringen	la balance	die Waage
déséquilibrer	aus dem Gleichgewicht bringen	la situation	die Situation
déséquilibrer	aus dem Gleichgewicht bringen	la structure	die Struktur
détacher	lösen	l'objet	der Gegenstand
détacher	lösen	l'étiquette	das Etikett
détacher	lösen	la pièce	das Stück
détailler	detaillieren	l'information	die Information
détailler	detaillieren	la description	die Beschreibung
détailler	detaillieren	le plan	der Plan
détecter	entdecken	l'anomalie	die Anomalie
détecter	entdecken	le problème	das Problem
détecter	entdecken	le signal	das Signal
dételer	abspannen	l'attelage	die Anspannung
dételer	abspannen	le chariot	der Wagen
dételer	abspannen	le cheval	das Pferd
détendre	entspannen	l'atmosphère	die Atmosphäre
détendre	entspannen	la situation	die Situation
détendre	entspannen	le muscle	der Muskel
détenir	besitzen	l'information	die Information
déterminer	bestimmen	le choix	die Wahl
déterminer	bestimmen	le facteur	der Faktor
déterminer	bestimmen	le résultat	das Ergebnis
détester	hassen	la chose	die Sache
détester	hassen	la personne	die Person
détester	hassen	la situation	die Situation
détourner	ablenken	l'attention	die Aufmerksamkeit
détourner	ablenken	la conversation	das Gespräch
détourner	ablenken	le regard	der Blick
détruire	zerstören	l'objet	der Gegenstand
détruire	zerstören	l'économie	die Wirtschaft
détruire	zerstören	le bâtiment	das Gebäude
détériorer	verschlechtern	l'objet	der Gegenstand
détériorer	verschlechtern	l'état	der Zustand
détériorer	verschlechtern	la situation	die Situation
dévaler	hinunterstürzen	la colline	der Hügel
dévaler	hinunterstürzen	la pente	der Hang
dévaloriser	abwerten	le produit	das Produkt
dévaloriser	abwerten	le service	der Dienst
dévaster	verwüsten	la région	die Region
dévaster	verwüsten	la ville	die Stadt
dévaster	verwüsten	le paysage	die Landschaft
développer	entwickeln	l'idée	die Idee
développer	entwickeln	la compétence	die Kompetenz
développer	entwickeln	le produit	das Produkt
déverser	gießen	l'eau	das Wasser
déverser	gießen	le contenu	der Inhalt
dévisser	abschrauben	l'objet	der Gegenstand
dévisser	abschrauben	la vis	die Schraube
dévisser	abschrauben	le boulon	der Bolzen
dévoiler	enthüllen	l'information	die Information
dévoiler	enthüllen	la vérité	die Wahrheit
dévoiler	enthüllen	le secret	das Geheimnis
dévorer	verschlingen	la nourriture	die Nahrung
dévorer	verschlingen	le livre	das Buch
dévorer	verschlingen	le plat	das Gericht
dévouer	widmen	l'énergie	die Energie
dévouer	widmen	la vie	das Leben
dévouer	widmen	temps	die Zeit
dévoyer	verführen	l'attention	die Aufmerksamkeit
dévoyer	verführen	la personne	die Person
dévoyer	verführen	le chemin	der Weg
dîner	zu Abend essen	le plat	das Gericht
dîner	zu Abend essen	le repas	die Mahlzeit
dîner	zu Abend essen	le vin	der Wein
effacer	löschen	l'erreur	der Fehler
effacer	löschen	la trace	die Spur
effacer	löschen	le texte	der Text
effectuer	durchführen	l'action	die Handlung
effectuer	durchführen	l'étude	das Studium
effectuer	durchführen	la tâche	die Aufgabe
effiler	ausdünnen	le légume	das Gemüse
effiler	ausdünnen	le tissu	der Stoff
effondrer	einstürzen	la structure	die Struktur
effondrer	einstürzen	le bâtiment	das Gebäude
effondrer	einstürzen	le pont	die Brücke
efforcer	sich bemühen	l'objectif	das Ziel
efforcer	sich bemühen	l'étude	das Studium
efforcer	sich bemühen	le travail	die Arbeit
effrayer	erschrecken	l'animal	das Tier
effrayer	erschrecken	l'enfant	das Kind
effrayer	erschrecken	le spectateur	der Zuschauer
efféminer	verweiblichen	homme	der Mann
efféminer	verweiblichen	le comportement	das Verhalten
efféminer	verweiblichen	le style	der Stil
emballer	einpacken	le cadeau	das Geschenk
emballer	einpacken	le produit	das Produkt
embarquer	einsteigen	l'équipe	die Mannschaft
embarrasser	verlegen machen	l'enfant	das Kind
embarrasser	verlegen machen	la personne	die Person
embarrasser	verlegen machen	la situation	die Situation
embaucher	einstellen	l'employé	der Angestellte
embaucher	einstellen	le candidat	der Kandidat
embaucher	einstellen	le travailleur	der Arbeiter
embellir	verschönern	la maison	das Haus
embellir	verschönern	la photo	das Foto
embellir	verschönern	le jardin	der Garten
embouteiller	abfüllen	le jus	der Saft
embouteiller	abfüllen	le vin	der Wein
emboîter	einfügen	l'élément	das Element
emboîter	einfügen	la boîte	die Box
emboîter	einfügen	la pièce	das Stück
embraser	entzünden	la passion	die Leidenschaft
embraser	entzünden	la scène	die Szene
embraser	entzünden	le feu	das Feuer
embrasser	umarmen	l'ami	der Freund
embrasser	umarmen	l'enfant	das Kind
embrasser	umarmen	la mère	die Mutter
embêter	ärgern	l'enfant	das Kind
embêter	ärgern	la personne	die Person
embêter	ärgern	la situation	die Situation
emmener	mitnehmen	l'ami	der Freund
emmener	mitnehmen	l'animal	das Tier
emmener	mitnehmen	l'enfant	das Kind
emmerder	nerven	la personne	die Person
emmerder	nerven	la situation	die Situation
emmerder	nerven	le problème	das Problem
emménager	einziehen	l'appartement	die Wohnung
emménager	einziehen	la maison	das Haus
emménager	einziehen	le bureau	das Büro
empierrer	mit Steinen belegen	le chemin	der Weg
empierrer	mit Steinen belegen	le jardin	der Garten
empierrer	mit Steinen belegen	le terrain	das Gelände
empiler	stapeln	l'assiette	der Teller
empiler	stapeln	la boîte	die Box
empiler	stapeln	le livre	das Buch
empiéter	eindringen	l'espace	der Raum
empiéter	eindringen	le domaine	das Gebiet
empiéter	eindringen	le territoire	das Gebiet
emplir	füllen	l'espace	der Raum
emplir	füllen	la bouteille	die Flasche
emplir	füllen	le sac	die Tasche
employer	anwenden	la méthode	die Methode
employer	anwenden	la ressource	die Ressource
employer	anwenden	temps	die Zeit
empoisonner	vergiften	l'atmosphère	die Atmosphäre
empoisonner	vergiften	l'eau	das Wasser
empoisonner	vergiften	la nourriture	die Nahrung
emporter	mitnehmen	l'objet	der Gegenstand
emporter	mitnehmen	la nourriture	die Nahrung
emporter	mitnehmen	le sac	die Tasche
empreindre	prägen	l'empreinte	der Abdruck
empreindre	prägen	l'image	das Bild
empreindre	prägen	la marque	die Marke
empresser	eilen	l'action	die Handlung
empresser	eilen	la personne	die Person
empresser	eilen	le travail	die Arbeit
emprisonner	einsperren	criminel	kriminell
emprisonner	einsperren	la personne	die Person
emprunter	ausleihen	l'argent	das Geld
emprunter	ausleihen	l'objet	der Gegenstand
emprunter	ausleihen	le livre	das Buch
empêcher	verhindern	l'accident	der Unfall
empêcher	verhindern	la situation	die Situation
empêcher	verhindern	le problème	das Problem
empêtrer	verwickeln	le câble	das Kabel
empêtrer	verwickeln	le fil	der Faden
empêtrer	verwickeln	le tissu	der Stoff
encadrer	rahmen	la photo	das Foto
encadrer	rahmen	le document	das Dokument
encadrer	rahmen	le projet	das Projekt
encastrer	einbauen	l'appareil	das Gerät
encastrer	einbauen	l'élément	das Element
encastrer	einbauen	le meuble	das Möbel
enceindre	umgeben	la maison	das Haus
enceindre	umgeben	le jardin	der Garten
enceindre	umgeben	le terrain	das Gelände
encenser	loben	la personne	die Person
encenser	loben	la réalisation	die Umsetzung
encenser	loben	le travail	die Arbeit
encercler	umkreisen	l'objet	der Gegenstand
encercler	umkreisen	la cible	das Ziel
encercler	umkreisen	la zone	die Zone
enchanter	verzaubern	l'enfant	das Kind
enchanter	verzaubern	la musique	die Musik
enchanter	verzaubern	le spectacle	das Schauspiel
enchevêtrer	verwickeln	la situation	die Situation
enchevêtrer	verwickeln	le câble	das Kabel
enchevêtrer	verwickeln	le fil	der Faden
enclore	einschließen	la propriété	das Eigentum
enclore	einschließen	le jardin	der Garten
enclore	einschließen	le terrain	das Gelände
encombrer	überladen	l'espace	der Raum
encombrer	überladen	le bureau	das Büro
encombrer	überladen	le chemin	der Weg
encourager	ermutigen	l'action	die Handlung
encourager	ermutigen	l'initiative	die Initiative
encourager	ermutigen	la personne	die Person
encourir	ausstehen	la dépense	die Ausgabe
encourir	ausstehen	le risque	das Risiko
encourir	ausstehen	une conséquence	die Konsequenz
endetter	verschulden	l'entreprise	die Firma
endetter	verschulden	la personne	die Person
endetter	verschulden	la situation	die Situation
endiguer	dämmen	l'eau	das Wasser
endiguer	dämmen	la foule	die Menge
endiguer	dämmen	le problème	das Problem
endommager	beschädigen	l'objet	der Gegenstand
endommager	beschädigen	l'équipement	die Ausrüstung
endommager	beschädigen	la voiture	das Auto
endormir	einschläfern	l'animal	das Tier
endormir	einschläfern	l'enfant	das Kind
endormir	einschläfern	le patient	der Patient
endosser	anziehen	le costume	der Anzug
endosser	anziehen	le sac	die Tasche
endosser	anziehen	le vêtement	das Kleidungsstück
endurer	ertragen	l'épreuve	die Prüfung
endurer	ertragen	la douleur	der Schmerz
endurer	ertragen	la situation	die Situation
enfanter	gebären	l'enfant	das Kind
enfanter	gebären	le bébé	das Baby
enfermer	einsperren	l'animal	das Tier
enfermer	einsperren	l'objet	der Gegenstand
enfermer	einsperren	la personne	die Person
enferrer	verhaften	criminel	kriminell
enferrer	verhaften	la personne	die Person
enfiler	anziehen	le pull	der Pullover
enfiler	anziehen	le vêtement	das Kleidungsstück
enflammer	entzünden	la passion	die Leidenschaft
enflammer	entzünden	le feu	das Feuer
enfler	anschwellend	le poumon	die Lunge
enfler	anschwellend	le tissu	der Stoff
enfoncer	hineindrücken	l'objet	der Gegenstand
enfoncer	hineindrücken	la main	die Hand
enfoncer	hineindrücken	le clou	der Nagel
engager	engagieren	l'employé	der Angestellte
engager	engagieren	l'équipe	die Mannschaft
engager	engagieren	la personne	die Person
engendrer	verursachen	le conflit	der Konflikt
engendrer	verursachen	le problème	das Problem
engendrer	verursachen	un changement	die Veränderung
engloutir	verschlingen	la nourriture	die Nahrung
engloutir	verschlingen	le livre	das Buch
engloutir	verschlingen	temps	die Zeit
engoncer	einengen	l'espace	der Raum
engoncer	einengen	le mouvement	die Bewegung
engoncer	einengen	le vêtement	das Kleidungsstück
engouffrer	hineinstürzen	l'objet	der Gegenstand
engouffrer	hineinstürzen	la nourriture	die Nahrung
engraisser	dick machen	l'animal	das Tier
engraisser	dick machen	la nourriture	die Nahrung
engraisser	dick machen	la personne	die Person
engueuler	anschnauzen	l'ami	der Freund
engueuler	anschnauzen	l'enfant	das Kind
engueuler	anschnauzen	le collègue	der Kollege
enhardir	ermutigen	l'enfant	das Kind
enhardir	ermutigen	la personne	die Person
enhardir	ermutigen	le groupe	der Gruppe
enivrer	betrinken	l'alcool	der Alkohol
enivrer	betrinken	la personne	die Person
enivrer	betrinken	le vin	der Wein
enjoindre	auffordern	l'instruction	die Anweisung
enjoindre	auffordern	l'ordre	die Ordnung
enjoindre	auffordern	la demande	die Anfrage
enlaidir	verunstalten	l'image	das Bild
enlaidir	verunstalten	l'objet	der Gegenstand
enlaidir	verunstalten	le lieu	der Ort
enlever	entfernen	l'objet	der Gegenstand
enlever	entfernen	le décor	die Dekoration
enlever	entfernen	le vêtement	das Kleidungsstück
enliser	festfahren	la situation	die Situation
enliser	festfahren	la voiture	das Auto
enliser	festfahren	le projet	das Projekt
enneiger	schneien	la route	die Straße
enneiger	schneien	la ville	die Stadt
enneiger	schneien	le paysage	die Landschaft
ennuyer	langweilen	la personne	die Person
ennuyer	langweilen	la situation	die Situation
ennuyer	langweilen	temps	die Zeit
enorgueillir	stolz machen	l'équipe	die Mannschaft
enorgueillir	stolz machen	la famille	die Familie
enorgueillir	stolz machen	la personne	die Person
enquêter	ermitteln	l'affaire	die Angelegenheit
enquêter	ermitteln	le crime	das Verbrechen
enquêter	ermitteln	le témoignage	das Zeugnis
enraciner	verwurzeln	la culture	die Kultur
enraciner	verwurzeln	la plante	die Pflanze
enraciner	verwurzeln	la tradition	die Tradition
enrager	wütend machen	l'événement	das Ereignis
enrager	wütend machen	la personne	die Person
enrager	wütend machen	la situation	die Situation
enregistrer	aufzeichnen	la vidéo	das Video
enrhumer	erkälten	l'ami	der Freund
enrhumer	erkälten	l'enfant	das Kind
enrhumer	erkälten	la personne	die Person
enrichir	bereichern	l'expérience	die Erfahrung
enrichir	bereichern	la culture	die Kultur
enrouler	wickeln	le câble	das Kabel
enrouler	wickeln	le fil	der Faden
enrouler	wickeln	le ruban	das Band
enseigner	unterrichten	l'élève	der Schüler
enseigner	unterrichten	la leçon	die Lektion
enseigner	unterrichten	la matière	das Material
ensoleiller	bescheinen	jour	der Tag
ensoleiller	bescheinen	la chambre	das Zimmer
ensoleiller	bescheinen	le jardin	der Garten
ensorceler	verzaubern	l'environnement	die Umwelt
ensorceler	verzaubern	la personne	die Person
ensorceler	verzaubern	le moment	der Moment
entacher	beschmutzen	l'image	das Bild
entacher	beschmutzen	la réputation	der Ruf
entacher	beschmutzen	le nom	der Name
entamer	anfangen	la conversation	das Gespräch
entamer	anfangen	le projet	das Projekt
entamer	anfangen	le repas	die Mahlzeit
entasser	stapeln	la boîte	die Box
entasser	stapeln	le livre	das Buch
entendre	hören	la musique	die Musik
entendre	hören	la voix	die Stimme
entendre	hören	le bruit	der Lärm
enterrer	begraben	l'objet	der Gegenstand
enterrer	begraben	la personne	die Person
enterrer	begraben	le secret	das Geheimnis
enthousiasmer	begeistern	l'enfant	das Kind
enthousiasmer	begeistern	l'équipe	die Mannschaft
enthousiasmer	begeistern	le public	das Publikum
entonner	anstimmen	l'hymne	die Hymne
entonner	anstimmen	la chanson	das Lied
entonner	anstimmen	le chant	der Gesang
entourer	umgeben	l'arbre	der Baum
entourer	umgeben	la maison	das Haus
entourer	umgeben	la ville	die Stadt
entraver	behindern	le chemin	der Weg
entraver	behindern	le progrès	der Fortschritt
entraver	behindern	le travail	die Arbeit
entraîner	trainieren	l'équipe	die Mannschaft
entraîner	trainieren	la personne	die Person
entraîner	trainieren	le sport	der Sport
entrebâiller	einklemmen	la fenêtre	das Fenster
entrebâiller	einklemmen	la porte	die Tür
entrebâiller	einklemmen	le volet	der Fensterladen
entreposer	lagern	la marchandise	die Ware
entreposer	lagern	le meuble	das Möbel
entreposer	lagern	le produit	das Produkt
entreprendre	unternehmen	l'action	die Handlung
entreprendre	unternehmen	le projet	das Projekt
entreprendre	unternehmen	le travail	die Arbeit
entrer	eintreten	la maison	das Haus
entrer	eintreten	la salle	der Raum
entrer	eintreten	le bureau	das Büro
entretenir	pflegen	la maison	das Haus
entretenir	pflegen	la relation	die Beziehung
entretenir	pflegen	le jardin	der Garten
entrevoir	ahnen	l'avenir	die Zukunft
entrevoir	ahnen	l'idée	die Idee
entrevoir	ahnen	la possibilité	die Möglichkeit
entrouvrir	anlehnen	la fenêtre	das Fenster
entrouvrir	anlehnen	la porte	die Tür
entrouvrir	anlehnen	le livre	das Buch
entériner	genehmigen	l'accord	die Vereinbarung
entériner	genehmigen	la décision	die Entscheidung
entériner	genehmigen	le contrat	der Vertrag
entêter	verwirren	la pensée	der Gedanke
entêter	verwirren	la personne	die Person
entêter	verwirren	la situation	die Situation
envahir	überfallen	l'espace	der Raum
envahir	überfallen	la maison	das Haus
envahir	überfallen	le territoire	das Gebiet
envelopper	einwickeln	l'objet	der Gegenstand
envelopper	einwickeln	la nourriture	die Nahrung
envelopper	einwickeln	le cadeau	das Geschenk
envier	beneiden	la richesse	der Reichtum
envier	beneiden	la réussite	der Erfolg
envier	beneiden	le talent	das Talent
envisager	in Betracht ziehen	l'option	die Option
envisager	in Betracht ziehen	la possibilité	die Möglichkeit
envisager	in Betracht ziehen	un changement	die Veränderung
envoyer	senden	la lettre	der Brief
envoyer	senden	le message	die Nachricht
envoyer	senden	le paquet	das Paket
errer	umherirren	la forêt	der Wald
errer	umherirren	la ville	die Stadt
errer	umherirren	le chemin	der Weg
escalader	besteigen	l'arbre	der Baum
escalader	besteigen	la montagne	der Berg
escalader	besteigen	le mur	die Wand
escarper	abtragen	la pente	der Hang
escarper	abtragen	la roche	der Felsen
escarper	abtragen	la terre	die Erde
escompter	erwarten	la réponse	die Antwort
escompter	erwarten	le gain	der Gewinn
escompter	erwarten	le résultat	das Ergebnis
escorter	eskortieren	l'enfant	das Kind
escorter	eskortieren	la personne	die Person
escorter	eskortieren	le groupe	der Gruppe
espacer	abstand halten	temps	die Zeit
espionner	spionieren	l'information	die Information
espionner	spionieren	la cible	das Ziel
espérer	hoffen	l'avenir	die Zukunft
espérer	hoffen	la réussite	der Erfolg
espérer	hoffen	un changement	die Veränderung
esquisser	skizzieren	l'idée	die Idee
esquisser	skizzieren	le dessin	die Zeichnung
esquisser	skizzieren	le plan	der Plan
essaimer	schwärmen	l'abeille	die Biene
essaimer	schwärmen	l'idée	die Idee
essaimer	schwärmen	le groupe	der Gruppe
essayer	versuchen	l'activité	die Aktivität
essayer	versuchen	le plat	das Gericht
essayer	versuchen	le vêtement	das Kleidungsstück
essorer	auswringen	la serviette	das Handtuch
essorer	auswringen	le chiffon	das Tuch
essorer	auswringen	le vêtement	das Kleidungsstück
essouffler	aufräumen	l'animal	das Tier
essouffler	aufräumen	l'objet	der Gegenstand
essouffler	aufräumen	la personne	die Person
essuyer	abwischen	la main	die Hand
essuyer	abwischen	la table	der Tisch
essuyer	abwischen	le visage	das Gesicht
estampiller	stempeln	la lettre	der Brief
estampiller	stempeln	le document	das Dokument
estampiller	stempeln	le produit	das Produkt
estimer	schätzen	la valeur	der Wert
estimer	schätzen	le coût	die Kosten
estimer	schätzen	temps	die Zeit
estomper	verblassen	l'image	das Bild
estomper	verblassen	la couleur	die Farbe
estomper	verblassen	le contour	der Umriss
estropier	verkrüppeln	l'animal	das Tier
estropier	verkrüppeln	la personne	die Person
estropier	verkrüppeln	le membre	das Mitglied
exagérer	übertreiben	l'histoire	die Geschichte
exagérer	übertreiben	la réaction	die Reaktion
exagérer	übertreiben	la situation	die Situation
exalter	erheben	l'idée	die Idee
exalter	erheben	l'émotion	die Emotion
exalter	erheben	le sentiment	das Gefühl
examiner	untersuchen	la situation	die Situation
examiner	untersuchen	le cas	der Fall
examiner	untersuchen	le document	das Dokument
exaspérer	ärgern	l'environnement	die Umwelt
exaspérer	ärgern	la personne	die Person
exaspérer	ärgern	la situation	die Situation
exaucer	erfüllen	la demande	die Anfrage
exaucer	erfüllen	la prière	das Gebet
exaucer	erfüllen	le souhait	der Wunsch
exceller	auszeichnen	l'activité	die Aktivität
exceller	auszeichnen	la compétence	die Kompetenz
exceller	auszeichnen	le domaine	das Gebiet
excepter	ausnehmen	la personne	die Person
excepter	ausnehmen	la situation	die Situation
excepter	ausnehmen	le cas	der Fall
exciter	aufregen	l'enfant	das Kind
exciter	aufregen	la situation	die Situation
exciter	aufregen	le public	das Publikum
exclamer	ausrufen	l'idée	die Idee
exclamer	ausrufen	la phrase	der Satz
exclamer	ausrufen	le nom	der Name
exclure	ausschließen	l'option	die Option
exclure	ausschließen	le groupe	der Gruppe
exclure	ausschließen	le membre	das Mitglied
excuser	entschuldigen	l'erreur	der Fehler
excuser	entschuldigen	le comportement	das Verhalten
excuser	entschuldigen	le retard	die Verspätung
excéder	überschreiten	la limite	die Grenze
excéder	überschreiten	le délai	die Frist
excéder	überschreiten	le montant	der Betrag
exercer	ausüben	l'activité	die Aktivität
exhiber	ausstellen	l'œuvre	das Werk
exhiber	ausstellen	la collection	die Sammlung
exhiber	ausstellen	le produit	das Produkt
exhorter	auffordern	l'audience	die Zuhörerschaft
exhorter	auffordern	la personne	die Person
exhorter	auffordern	le groupe	der Gruppe
exiger	fordern	l'effort	der Aufwand
exiger	fordern	la réponse	die Antwort
exiger	fordern	le respect	der Respekt
exiler	exilieren	l'individu	das Individuum
exiler	exilieren	la personne	die Person
exiler	exilieren	le groupe	der Gruppe
exister	existieren	la réalité	die Realität
exister	existieren	la situation	die Situation
exister	existieren	le monde	die Welt
exonérer	befreien	l'impôt	die Steuer
exonérer	befreien	la responsabilité	die Verantwortung
expatrier	ausweisen	la personne	die Person
expatrier	ausweisen	le citoyen	der Bürger
expatrier	ausweisen	le travailleur	der Arbeiter
expliciter	erläutern	l'idée	die Idee
expliciter	erläutern	le concept	das Konzept
expliciter	erläutern	le texte	der Text
expliquer	erklären	la situation	die Situation
expliquer	erklären	le concept	das Konzept
expliquer	erklären	le problème	das Problem
exploiter	ausbeuten	le marché	der Markt
explorer	erkunden	la situation	die Situation
explorer	erkunden	le monde	die Welt
explorer	erkunden	le territoire	das Gebiet
exploser	explodieren	la bombe	die Bombe
exploser	explodieren	le ballon	der Ball
exploser	explodieren	le conflit	der Konflikt
exporter	exportieren	la marchandise	die Ware
exporter	exportieren	la ressource	die Ressource
exporter	exportieren	le produit	das Produkt
exposer	ausstellen	l'idée	die Idee
exposer	ausstellen	l'objet	der Gegenstand
exposer	ausstellen	l'œuvre	das Werk
exprimer	ausdrücken	l'idée	die Idee
exprimer	ausdrücken	la pensée	der Gedanke
exprimer	ausdrücken	le sentiment	das Gefühl
expulser	ausweisen	l'élève	der Schüler
expulser	ausweisen	le locataire	der Mieter
expédier	versenden	la lettre	der Brief
expédier	versenden	la marchandise	die Ware
expédier	versenden	le colis	das Paket
expérimenter	experimentieren	l'idée	die Idee
expérimenter	experimentieren	la méthode	die Methode
expérimenter	experimentieren	le processus	der Prozess
extasier	entzücken	l'art	die Kunst
extasier	entzücken	la musique	die Musik
extasier	entzücken	le spectacle	das Schauspiel
extirper	herausziehen	l'objet	der Gegenstand
extirper	herausziehen	la racine	die Wurzel
extraire	entnehmen	l'information	die Information
extraire	entnehmen	l'échantillon	die Probe
extraire	entnehmen	la ressource	die Ressource
exténuer	erschöpfen	l'animal	das Tier
exténuer	erschöpfen	la personne	die Person
exulter	jubeln	l'événement	das Ereignis
exulter	jubeln	la victoire	der Sieg
exulter	jubeln	le succès	der Erfolg
exécrer	verabscheuen	la chose	die Sache
exécrer	verabscheuen	la situation	die Situation
exécrer	verabscheuen	le comportement	das Verhalten
exécuter	ausführen	l'ordre	die Ordnung
exécuter	ausführen	la tâche	die Aufgabe
exécuter	ausführen	le plan	der Plan
fabriquer	herstellen	l'objet	der Gegenstand
fabriquer	herstellen	le matériau	das Material
fabriquer	herstellen	le produit	das Produkt
faciliter	erleichtern	la communication	die Kommunikation
faciliter	erleichtern	le processus	der Prozess
faciliter	erleichtern	le travail	die Arbeit
faiblir	schwächen	l'impact	der Einfluss
faiblir	schwächen	la force	die Kraft
faiblir	schwächen	la situation	die Situation
faillir	versagen	l'essai	der Versuch
faillir	versagen	la mission	die Mission
faillir	versagen	la tâche	die Aufgabe
faire	machen	la cuisine	die Küche
faire	machen	le sport	der Sport
falloir	müssen	l'effort	der Aufwand
falloir	müssen	le choix	die Wahl
falloir	müssen	temps	die Zeit
familiariser	vertrautmachen	l'environnement	die Umwelt
familiariser	vertrautmachen	la personne	die Person
familiariser	vertrautmachen	la situation	die Situation
faner	welken	la feuille	das Blatt
faner	welken	la fleur	die Blume
faner	welken	la plante	die Pflanze
farcir	füllen	la pâtisserie	die Konditorei
farcir	füllen	la viande	das Fleisch
farcir	füllen	le légume	das Gemüse
fasciner	faszinieren	l'enfant	das Kind
fasciner	faszinieren	le public	das Publikum
fasciner	faszinieren	le spectacle	das Schauspiel
fatiguer	ermüden	l'enfant	das Kind
fatiguer	ermüden	la personne	die Person
fatiguer	ermüden	le travail	die Arbeit
faucher	mähen	l'herbe	das Gras
faucher	mähen	le blé	der Weizen
faucher	mähen	le champ	das Feld
faufiler	schlüpfen	l'animal	das Tier
faufiler	schlüpfen	l'objet	der Gegenstand
faufiler	schlüpfen	la personne	die Person
fausser	verfälschen	l'information	die Information
fausser	verfälschen	le résultat	das Ergebnis
fauter	fehlen	l'erreur	der Fehler
fauter	fehlen	l'occasion	die Gelegenheit
fauter	fehlen	la responsabilité	die Verantwortung
favoriser	begünstigen	la croissance	das Wachstum
favoriser	begünstigen	la situation	die Situation
favoriser	begünstigen	le développement	die Entwicklung
façonner	formen	l'argile	der Ton
façonner	formen	l'idée	die Idee
façonner	formen	l'objet	der Gegenstand
feindre	vortäuschen	l'intérêt	das Interesse
feindre	vortäuschen	l'émotion	die Emotion
feindre	vortäuschen	la maladie	die Krankheit
fendiller	ritzen	le bois	das Holz
fendiller	ritzen	le papier	das Papier
fendiller	ritzen	le verre	das Glas
fendre	spalten	le bois	das Holz
fendre	spalten	le bâton	der Stock
fendre	spalten	le pain	das Brot
fenêtrer	verglasen	la fenêtre	das Fenster
fenêtrer	verglasen	la porte	die Tür
fenêtrer	verglasen	la vitrine	die Vitrine
fermer	schließen	la fenêtre	das Fenster
fermer	schließen	la porte	die Tür
fermer	schließen	le livre	das Buch
festoyer	feiern	l'anniversaire	der Geburtstag
festoyer	feiern	la fête	das Fest
festoyer	feiern	le mariage	die Ehe
feuilleter	blättern	le journal	die Zeitung
feuilleter	blättern	le livre	das Buch
feuilleter	blättern	le magazine	das Magazin
fiancer	verloben	l'engagement	das Engagement
fiancer	verloben	la relation	die Beziehung
fiancer	verloben	le couple	das Paar
ficeler	binden	l'objet	der Gegenstand
ficeler	binden	le cadeau	das Geschenk
ficeler	binden	le paquet	das Paket
ficher	einordnen	l'information	die Information
ficher	einordnen	le document	das Dokument
ficher	einordnen	le dossier	die Akte
fidéliser	bindend machen	l'abonné	der Abonnent
fidéliser	bindend machen	le client	der Kunde
fidéliser	bindend machen	le partenaire	der Partner
figer	einfrieren	l'eau	das Wasser
figer	einfrieren	la glace	das Eis
figer	einfrieren	la nourriture	die Nahrung
figurer	figuriert	l'image	das Bild
figurer	figuriert	la liste	die Liste
figurer	figuriert	le nom	der Name
filer	schnell gehen	la route	die Straße
filer	schnell gehen	le train	der Zug
filer	schnell gehen	temps	die Zeit
filmer	filmen	la scène	die Szene
filmer	filmen	le documentaire	der Dokumentarfilm
filmer	filmen	le film	der Film
filtrer	filtern	l'air	die Luft
filtrer	filtern	l'eau	das Wasser
filtrer	filtern	l'huile	das Öl
financer	finanzieren	l'entreprise	die Firma
financer	finanzieren	le projet	das Projekt
finir	beenden	le livre	das Buch
finir	beenden	le repas	die Mahlzeit
finir	beenden	le travail	die Arbeit
fixer	festlegen	l'objectif	das Ziel
fixer	festlegen	le prix	der Preis
fixer	festlegen	le rendez-vous	der Termin
flamber	flammen	l'objet	der Gegenstand
flamber	flammen	le bois	das Holz
flamber	flammen	le feu	das Feuer
flanquer	platzieren	l'objet	der Gegenstand
flanquer	platzieren	l'équipe	die Mannschaft
flanquer	platzieren	la personne	die Person
flatter	schmeicheln	l'ami	der Freund
flatter	schmeicheln	la personne	die Person
flatter	schmeicheln	le collègue	der Kollege
flemmarder	faulenzen	la journée	der Tag
flemmarder	faulenzen	le canapé	das Sofa
flemmarder	faulenzen	le lit	das Bett
fleurer	duften	la fleur	die Blume
fleurer	duften	le parfum	das Parfüm
fleurir	blühen	l'arbre	der Baum
fleurir	blühen	la plante	die Pflanze
fleurir	blühen	le jardin	der Garten
flirter	flirten	l'ami	der Freund
flirter	flirten	la personne	die Person
flirter	flirten	le partenaire	der Partner
flotter	schweben	le ballon	der Ball
flotter	schweben	le bateau	das Boot
flotter	schweben	le nuage	die Wolke
flouer	betrügen	l'argent	das Geld
flouer	betrügen	la confiance	das Vertrauen
flouer	betrügen	le client	der Kunde
flâner	bummeln	la rue	die Straße
flâner	bummeln	le magasin	der Laden
flâner	bummeln	le parc	der Park
flécher	markieren	la direction	die Richtung
flécher	markieren	la route	die Straße
flécher	markieren	le chemin	der Weg
flûter	flöten	l'air	die Luft
flûter	flöten	la musique	die Musik
flûter	flöten	la mélodie	die Melodie
focaliser	fokussieren	l'attention	die Aufmerksamkeit
focaliser	fokussieren	l'objectif	das Ziel
foncer	rasen	la tête	der Kopf
foncer	rasen	la voiture	das Auto
foncer	rasen	le corps	der Körper
fonctionner	funktionieren	l'appareil	das Gerät
fonctionner	funktionieren	la machine	die Maschine
fonctionner	funktionieren	le système	das System
fonder	gründen	l'association	die Vereinigung
fonder	gründen	l'entreprise	die Firma
fonder	gründen	la famille	die Familie
fondre	schmelzen	la glace	das Eis
fondre	schmelzen	le chocolat	die Schokolade
fondre	schmelzen	le métal	das Metall
forcer	zwingen	la main	die Hand
forcer	zwingen	la porte	die Tür
forcer	zwingen	la situation	die Situation
forger	schmieden	le destin	das Schicksal
forger	schmieden	le métal	das Metall
forger	schmieden	un outil	das Werkzeug
former	formen	l'opinion	die Meinung
former	formen	l'équipe	die Mannschaft
former	formen	le groupe	der Gruppe
formuler	formulieren	la demande	die Anfrage
formuler	formulieren	la réponse	die Antwort
formuler	formulieren	une proposition	der Vorschlag
fossiliser	fossilisieren	l'animal	das Tier
fossiliser	fossilisieren	l'échantillon	die Probe
fossiliser	fossilisieren	la plante	die Pflanze
fouetter	peitschen	la crème	die Creme
fouiller	durchsuchen	la maison	das Haus
fouiller	durchsuchen	la voiture	das Auto
fouiller	durchsuchen	le sac	die Tasche
fouler	treten	l'herbe	das Gras
fouler	treten	la terre	die Erde
fouler	treten	le chemin	der Weg
fourrer	stecken	l'objet	der Gegenstand
fourrer	stecken	la main	die Hand
fourrer	stecken	la nourriture	die Nahrung
foutre	machen	la merde	der Mist
foutre	machen	le truc	das Ding
fracasser	zerbrechen	l'objet	der Gegenstand
fracasser	zerbrechen	le silence	die Stille
fracasser	zerbrechen	le verre	das Glas
fragiliser	schwächen	la relation	die Beziehung
fragiliser	schwächen	la santé	die Gesundheit
fragiliser	schwächen	la situation	die Situation
franchir	überqueren	l'obstacle	das Hindernis
franchir	überqueren	la frontière	die Grenze
franchir	überqueren	la rue	die Straße
franger	fransen	le bord	der Rand
franger	fransen	le tissu	der Stoff
franger	fransen	le vêtement	das Kleidungsstück
frapper	schlagen	l'enfant	das Kind
frapper	schlagen	la porte	die Tür
frapper	schlagen	le ballon	der Ball
freiner	bremsen	la voiture	das Auto
freiner	bremsen	le train	der Zug
freiner	bremsen	le vélo	das Fahrrad
frire	frittieren	l'huile	das Öl
friser	locken	la mèche	der Docht
frissonner	frösteln	l'air	die Luft
frissonner	frösteln	la peau	die Haut
froisser	knittern	le papier	das Papier
froisser	knittern	le tissu	der Stoff
froisser	knittern	le vêtement	das Kleidungsstück
froncer	runzeln	le front	die Front
froncer	runzeln	le nez	die Nase
frotter	reiben	la main	die Hand
frotter	reiben	la surface	die Oberfläche
frotter	reiben	le tissu	der Stoff
fructifier	fruchtbar machen	l'idée	die Idee
fructifier	fruchtbar machen	l'investissement	die Investition
fructifier	fruchtbar machen	le travail	die Arbeit
fruiter	fruchtbar machen	l'arbre	der Baum
fruiter	fruchtbar machen	la terre	die Erde
fruiter	fruchtbar machen	le jardin	der Garten
frustrer	frustrieren	l'attente	die Erwartung
frustrer	frustrieren	la personne	die Person
frustrer	frustrieren	la situation	die Situation
frémir	zittern	l'émotion	die Emotion
frémir	zittern	la peur	die Angst
fréquenter	besuchen	l'ami	der Freund
fréquenter	besuchen	l'école	die Schule
fréquenter	besuchen	le lieu	der Ort
frôler	streifen	l'objet	der Gegenstand
frôler	streifen	la personne	die Person
frôler	streifen	le mur	die Wand
fuir	fliehen	l'ennemi	der Feind
fuir	fliehen	la situation	die Situation
fuir	fliehen	le danger	die Gefahr
fulminer	explodieren	la colère	die Wut
fulminer	explodieren	la protestation	die Protestation
fumer	rauchen	la cigarette	die Zigarette
fumer	rauchen	la pipe	die Pfeife
fumer	rauchen	le cigare	der Zigarre
fuser	fusionieren	l'entreprise	die Firma
fuser	fusionieren	l'idée	die Idee
fuser	fusionieren	le projet	das Projekt
fusiller	erschießen	l'ennemi	der Feind
fusiller	erschießen	la cible	das Ziel
fusiller	erschießen	le soldat	der Soldat
fustiger	tadeln	l'action	die Handlung
fustiger	tadeln	l'erreur	der Fehler
fustiger	tadeln	le comportement	das Verhalten
fâcher	ärgern	l'ami	der Freund
fâcher	ärgern	l'enfant	das Kind
fâcher	ärgern	le collègue	der Kollege
fédérer	vereinen	l'équipe	die Mannschaft
fédérer	vereinen	la communauté	die Gemeinschaft
fédérer	vereinen	le groupe	der Gruppe
féliciter	gratulieren	l'équipe	die Mannschaft
féliciter	gratulieren	la personne	die Person
féliciter	gratulieren	pour la réussite	der Erfolg
féminiser	feminisieren	la langue	die Sprache
féminiser	feminisieren	le nom	der Name
fêler	brechen	la céramique	die Keramik
fêler	brechen	la plaque	das Schild
fêler	brechen	le verre	das Glas
fêter	feiern	l'anniversaire	der Geburtstag
fêter	feiern	l'événement	das Ereignis
fêter	feiern	la réussite	der Erfolg
gagner	gewinnen	la compétition	der Wettbewerb
gagner	gewinnen	le jeu	das Spiel
gagner	gewinnen	le prix	der Preis
galonner	verzieren	l'objet	der Gegenstand
galonner	verzieren	l'uniforme	die Uniform
galonner	verzieren	le vêtement	das Kleidungsstück
galoper	galoppieren	l'animal	das Tier
galoper	galoppieren	la course	das Rennen
galoper	galoppieren	le cheval	das Pferd
galvaniser	galvanisieren	l'équipe	die Mannschaft
galvaniser	galvanisieren	le groupe	der Gruppe
galvaniser	galvanisieren	le projet	das Projekt
galérer	kämpfen	le travail	die Arbeit
garantir	garantieren	la qualité	die Qualität
garantir	garantieren	la satisfaction	die Zufriedenheit
garantir	garantieren	la sécurité	die Sicherheit
garder	behalten	l'objet	der Gegenstand
garder	behalten	le chien	der Hund
garder	behalten	le secret	das Geheimnis
garer	parken	la moto	das Motorrad
garer	parken	la voiture	das Auto
garer	parken	le vélo	das Fahrrad
garnir	füllen	la salade	der Salat
garnir	füllen	le gâteau	der Kuchen
garnir	füllen	le plat	das Gericht
gaspiller	verschwenden	temps	die Zeit
geindre	jammern	la douleur	der Schmerz
geindre	jammern	la situation	die Situation
glacer	einfrieren	l'eau	das Wasser
glacer	einfrieren	la nourriture	die Nahrung
glacer	einfrieren	le dessert	der Nachtisch
glaner	lesen	l'information	die Information
glaner	lesen	la ressource	die Ressource
glaner	lesen	le fruit	die Frucht
glisser	gleiten	l'objet	der Gegenstand
glisser	gleiten	la main	die Hand
glisser	gleiten	le papier	das Papier
globaliser	globalisieren	l'économie	die Wirtschaft
globaliser	globalisieren	la culture	die Kultur
globaliser	globalisieren	le marché	der Markt
gommer	radieren	l'erreur	der Fehler
gommer	radieren	le crayon	der Bleistift
gommer	radieren	le papier	das Papier
gonfler	aufblasen	le ballon	der Ball
gonfler	aufblasen	le matelas	die Matratze
gonfler	aufblasen	le poumon	die Lunge
goutter	tropfen	l'eau	das Wasser
goutter	tropfen	la pluie	der Regen
goutter	tropfen	la sauce	die Soße
gouverner	regieren	la région	die Region
gouverner	regieren	le groupe	der Gruppe
gouverner	regieren	le pays	das Land
goûter	kosten	le dessert	der Nachtisch
goûter	kosten	le plat	das Gericht
goûter	kosten	le vin	der Wein
gracier	begnadigen	le délinquant	der Straftäter
gracier	begnadigen	le prisonnier	der Gefangene
grandir	wachsen	l'enfant	das Kind
grandir	wachsen	l'entreprise	die Firma
grandir	wachsen	la plante	die Pflanze
gratifier	belohnen	l'effort	der Aufwand
gratifier	belohnen	la réussite	der Erfolg
gratifier	belohnen	le travail	die Arbeit
gratter	kratzen	la peau	die Haut
gratter	kratzen	la surface	die Oberfläche
gratter	kratzen	la table	der Tisch
graver	gravieren	l'image	das Bild
graver	gravieren	le nom	der Name
graver	gravieren	le texte	der Text
gravir	besteigen	la montagne	der Berg
gravir	besteigen	le sommet	der Gipfel
graviter	gravitieren	l'objet	der Gegenstand
graviter	gravitieren	l'étoile	der Stern
graviter	gravitieren	la planète	der Planet
greffer	einpflanzen	l'arbre	der Baum
greffer	einpflanzen	la fleur	die Blume
greffer	einpflanzen	la plante	die Pflanze
griffer	kratzen	la peau	die Haut
griffer	kratzen	le meuble	das Möbel
griffer	kratzen	le papier	das Papier
grillager	grillen	la viande	das Fleisch
grillager	grillen	le barbecue	der Grill
grillager	grillen	le légume	das Gemüse
griller	grillen	la viande	das Fleisch
griller	grillen	le légume	das Gemüse
griller	grillen	le poisson	der Fisch
grimper	klettern	l'arbre	der Baum
grimper	klettern	la montagne	der Berg
grimper	klettern	le mur	die Wand
grincer	knirschen	la chaussure	der Schuh
grincer	knirschen	la dent	der Zahn
grincer	knirschen	la porte	die Tür
griser	betrinken	la bière	die Bier
griser	betrinken	la personne	die Person
griser	betrinken	le vin	der Wein
grogner	grunzen	l'animal	das Tier
grogner	grunzen	l'ours	der Bär
grogner	grunzen	le chien	der Hund
gronder	schimpfen	l'animal	das Tier
gronder	schimpfen	l'enfant	das Kind
gronder	schimpfen	l'élève	der Schüler
grossir	zunehmen	le corps	der Körper
grossir	zunehmen	le poids	das Gewicht
grossir	zunehmen	le ventre	der Bauch
guerroyer	kriegen	l'armée	die Armee
guerroyer	kriegen	la bataille	die Schlacht
guerroyer	kriegen	le conflit	der Konflikt
guetter	lauern	l'occasion	die Gelegenheit
guetter	lauern	la proie	die Beute
guetter	lauern	le danger	die Gefahr
gueuler	schreien	l'animal	das Tier
gueuler	schreien	la personne	die Person
gueuler	schreien	la situation	die Situation
guider	führen	l'enfant	das Kind
guider	führen	la visite	der Besuch
guider	führen	le groupe	der Gruppe
guillotiner	enthaupten	criminel	kriminell
guillotiner	enthaupten	la victime	das Opfer
guillotiner	enthaupten	le prisonnier	der Gefangene
guérir	heilen	la blessure	die Verletzung
guérir	heilen	la maladie	die Krankheit
guérir	heilen	le patient	der Patient
gâcher	verderben	la nourriture	die Nahrung
gâcher	verderben	le moment	der Moment
gâcher	verderben	le plaisir	das Vergnügen
gâter	verwöhnen	l'animal	das Tier
gâter	verwöhnen	l'enfant	das Kind
gâter	verwöhnen	le cadeau	das Geschenk
gémir	stöhnen	la douleur	der Schmerz
gémir	stöhnen	le soupir	der Seufzer
généraliser	verallgemeinern	la règle	die Regel
généraliser	verallgemeinern	la situation	die Situation
généraliser	verallgemeinern	la tendance	der Trend
générer	erzeugen	l'intérêt	das Interesse
générer	erzeugen	l'énergie	die Energie
générer	erzeugen	le revenu	das Einkommen
gérer	verwalten	l'entreprise	die Firma
gérer	verwalten	l'équipe	die Mannschaft
gérer	verwalten	le budget	das Budget
gêner	stören	la personne	die Person
gêner	stören	la situation	die Situation
gêner	stören	le travail	die Arbeit
habiller	anziehen	l'enfant	das Kind
habiller	anziehen	la personne	die Person
habiller	anziehen	la poupée	die Puppe
habiter	wohnen	la maison	das Haus
habiter	wohnen	la ville	die Stadt
habiter	wohnen	le quartier	das Viertel
habituer	gewöhnen	l'animal	das Tier
habituer	gewöhnen	l'enfant	das Kind
habituer	gewöhnen	la personne	die Person
handicaper	benachteiligen	la personne	die Person
handicaper	benachteiligen	la situation	die Situation
handicaper	benachteiligen	le groupe	der Gruppe
hanter	spuken	l'esprit	der Geist
hanter	spuken	la maison	das Haus
hanter	spuken	le rêve	der Traum
harceler	belästigen	l'enfant	das Kind
harceler	belästigen	la personne	die Person
harceler	belästigen	le collègue	der Kollege
harmoniser	harmonisieren	la musique	die Musik
haïr	hassen	l'idée	die Idee
haïr	hassen	la personne	die Person
haïr	hassen	la situation	die Situation
hennir	wiehern	l'animal	das Tier
hennir	wiehern	la monture	die Fassung
hennir	wiehern	le cheval	das Pferd
heurter	stoßen	la personne	die Person
heurter	stoßen	la voiture	das Auto
heurter	stoßen	le mur	die Wand
hisser	hissen	la voile	die Segel
hisser	hissen	le drapeau	die Flagge
hisser	hissen	le filet	das Filet
hocher	nicken	l'accord	die Vereinbarung
hocher	nicken	l'approbation	die Genehmigung
hocher	nicken	la tête	der Kopf
homogénéiser	homogenisieren	la substance	die Substanz
homogénéiser	homogenisieren	le mélange	die Mischung
homogénéiser	homogenisieren	le produit	das Produkt
homologuer	homologieren	la norme	die Norm
homologuer	homologieren	le procédé	das Verfahren
homologuer	homologieren	le produit	das Produkt
honorer	ehren	la mémoire	das Gedächtnis
honorer	ehren	la personne	die Person
honorer	ehren	la tradition	die Tradition
hoqueter	quaken	la voix	die Stimme
horrifier	entsetzen	le public	das Publikum
hospitaliser	hospitalisieren	la personne	die Person
hospitaliser	hospitalisieren	le cas	der Fall
hospitaliser	hospitalisieren	le patient	der Patient
houspiller	schimpfen	l'enfant	das Kind
houspiller	schimpfen	la personne	die Person
houspiller	schimpfen	la situation	die Situation
humaniser	humanisieren	l'approche	der Ansatz
humaniser	humanisieren	l'environnement	die Umwelt
humaniser	humanisieren	la société	die Gesellschaft
humilier	erniedrigen	l'enfant	das Kind
humilier	erniedrigen	la personne	die Person
humilier	erniedrigen	le collègue	der Kollege
hurler	heulen	la voix	die Stimme
hurler	heulen	le cri	der Schrei
hypertrophier	hypertrophieren	l'organe	das Organ
hypertrophier	hypertrophieren	le muscle	der Muskel
hypertrophier	hypertrophieren	le tissu	der Stoff
hypothéquer	hypothekieren	la maison	das Haus
hypothéquer	hypothekieren	la propriété	das Eigentum
hâter	eilen	l'action	die Handlung
hâter	eilen	le départ	der Abflug
hâter	eilen	le processus	der Prozess
héberger	unterbringen	l'ami	der Freund
héberger	unterbringen	l'invité	der Gast
héberger	unterbringen	la famille	die Familie
héler	rufen	l'ami	der Freund
héler	rufen	la personne	die Person
héler	rufen	le taxi	das Taxi
hériter	erben	de l'argent	das Geld
hériter	erben	de la propriété	das Eigentum
hésiter	zögern	la décision	die Entscheidung
hésiter	zögern	le choix	die Wahl
hésiter	zögern	le moment	der Moment
identifier	identifizieren	l'objet	der Gegenstand
identifier	identifizieren	la personne	die Person
identifier	identifizieren	le problème	das Problem
idéaliser	idealisieren	la personne	die Person
idéaliser	idealisieren	la relation	die Beziehung
idéaliser	idealisieren	la situation	die Situation
ignorer	ignorieren	l'information	die Information
ignorer	ignorieren	la demande	die Anfrage
ignorer	ignorieren	la situation	die Situation
illimiter	unbegrenzt	l'accès	der Zugang
illimiter	unbegrenzt	temps	die Zeit
illuminer	beleuchten	la chambre	das Zimmer
illuminer	beleuchten	la scène	die Szene
illuminer	beleuchten	la ville	die Stadt
illustrer	illustrieren	l'article	der Artikel
illustrer	illustrieren	l'idée	die Idee
illustrer	illustrieren	le livre	das Buch
imaginer	vorstellen	l'histoire	die Geschichte
imaginer	vorstellen	la scène	die Szene
imaginer	vorstellen	le monde	die Welt
imiter	imitieren	la voix	die Stimme
imiter	imitieren	le comportement	das Verhalten
imiter	imitieren	le style	der Stil
immatriculer	immatrikulieren	l'entreprise	die Firma
immatriculer	immatrikulieren	l'étudiant	der Student
immatriculer	immatrikulieren	le véhicule	das Fahrzeug
immerger	eintauchen	l'environnement	die Umwelt
immerger	eintauchen	l'objet	der Gegenstand
immigrer	einwandern	la communauté	die Gemeinschaft
immigrer	einwandern	la ville	die Stadt
immigrer	einwandern	le pays	das Land
impatienter	unruhig machen	l'enfant	das Kind
impatienter	unruhig machen	le client	der Kunde
impatienter	unruhig machen	le spectateur	der Zuschauer
imperméabiliser	wasserfest machen	la surface	die Oberfläche
imperméabiliser	wasserfest machen	le tissu	der Stoff
imperméabiliser	wasserfest machen	le vêtement	das Kleidungsstück
implanter	einpflanzen	l'arbre	der Baum
implanter	einpflanzen	la fleur	die Blume
implanter	einpflanzen	la plante	die Pflanze
impliquer	einbeziehen	l'élément	das Element
impliquer	einbeziehen	la personne	die Person
impliquer	einbeziehen	le groupe	der Gruppe
implorer	anflehen	l'aide	die Hilfe
implorer	anflehen	le pardon	die Entschuldigung
implorer	anflehen	le soutien	die Unterstützung
importer	importieren	la marchandise	die Ware
importer	importieren	le produit	das Produkt
importuner	stören	la personne	die Person
importuner	stören	le travail	die Arbeit
importuner	stören	le voisin	der Nachbar
imposer	auferlegen	la loi	das Gesetz
imposer	auferlegen	la règle	die Regel
imposer	auferlegen	la taxe	die Steuer
impressionner	beeindrucken	le collègue	der Kollege
impressionner	beeindrucken	le public	das Publikum
impressionner	beeindrucken	le spectateur	der Zuschauer
imprimer	drucken	l'image	das Bild
imprimer	drucken	le document	das Dokument
imprimer	drucken	le livre	das Buch
improviser	improvisieren	la musique	die Musik
improviser	improvisieren	la solution	die Lösung
improviser	improvisieren	le discours	die Rede
impréciser	unbestimmen	l'information	die Information
impréciser	unbestimmen	la définition	die Definition
imprégner	durchdringen	l'esprit	der Geist
imprégner	durchdringen	la culture	die Kultur
imprégner	durchdringen	la matière	das Material
imputer	zurechnen	la dépense	die Ausgabe
imputer	zurechnen	la responsabilité	die Verantwortung
imputer	zurechnen	le coût	die Kosten
inaugurer	einweihen	l'exposition	die Ausstellung
inaugurer	einweihen	l'événement	das Ereignis
inaugurer	einweihen	le bâtiment	das Gebäude
incarcérer	inhaftieren	criminel	kriminell
incarcérer	inhaftieren	le délinquant	der Straftäter
incarner	verkörpern	la valeur	der Wert
incarner	verkörpern	le personnage	die Figur
incendier	anzünden	la forêt	der Wald
incendier	anzünden	la maison	das Haus
incendier	anzünden	le déchet	der Abfall
inciter	anregen	l'action	die Handlung
inciter	anregen	le comportement	das Verhalten
inciter	anregen	un changement	die Veränderung
incliner	neigen	l'objet	der Gegenstand
incliner	neigen	la tête	der Kopf
incliner	neigen	le corps	der Körper
inclure	einschließen	l'information	die Information
inclure	einschließen	l'élément	das Element
inclure	einschließen	la personne	die Person
incommoder	stören	l'invité	der Gast
incommoder	stören	le client	der Kunde
incommoder	stören	le voisin	der Nachbar
inculquer	einprägen	l'idée	die Idee
inculquer	einprägen	la connaissance	das Wissen
inculquer	einprägen	la valeur	der Wert
indemniser	entschädigen	la perte	der Verlust
indemniser	entschädigen	la victime	das Opfer
indemniser	entschädigen	le dommage	der Schaden
indigner	empören	l'opinion	die Meinung
indigner	empören	la situation	die Situation
indigner	empören	le public	das Publikum
indiquer	anzeigen	l'adresse	die Adresse
indiquer	anzeigen	l'information	die Information
indiquer	anzeigen	la direction	die Richtung
individualiser	individualisieren	l'approche	der Ansatz
individualiser	individualisieren	le produit	das Produkt
individualiser	individualisieren	le service	der Dienst
induire	induzieren	l'erreur	der Fehler
induire	induzieren	la réaction	die Reaktion
induire	induzieren	un changement	die Veränderung
industrialiser	industrializieren	l'économie	die Wirtschaft
industrialiser	industrializieren	le processus	der Prozess
industrialiser	industrializieren	le secteur	der Sektor
indéterminer	unbestimmen	la quantité	die Menge
indéterminer	unbestimmen	la situation	die Situation
indéterminer	unbestimmen	la valeur	der Wert
infecter	infizieren	la bactérie	die Bakterie
infecter	infizieren	le virus	das Virus
infester	befallen	le virus	das Virus
infiltrer	infiltrieren	le groupe	der Gruppe
infiltrer	infiltrieren	le système	das System
infliger	zufügen	la peine	der Schmerz
infliger	zufügen	la sanction	die Sanktion
influencer	beeinflussen	l'opinion	die Meinung
influencer	beeinflussen	la décision	die Entscheidung
influencer	beeinflussen	le comportement	das Verhalten
influer	einwirken	la décision	die Entscheidung
influer	einwirken	la situation	die Situation
influer	einwirken	le facteur	der Faktor
informatiser	digitalisieren	le processus	der Prozess
informatiser	digitalisieren	le système	das System
informer	informieren	la personne	die Person
informer	informieren	le collègue	der Kollege
informer	informieren	le public	das Publikum
infuser	infundieren	le thé	der Tee
inhaler	inhalieren	l'air	die Luft
inhaler	inhalieren	la vapeur	der Dampf
inhaler	inhalieren	le médicament	das Medikament
inhiber	hemmen	la croissance	das Wachstum
inhiber	hemmen	la réaction	die Reaktion
inhiber	hemmen	le développement	die Entwicklung
initier	einführen	le processus	der Prozess
initier	einführen	le projet	das Projekt
injecter	injizieren	le médicament	das Medikament
injecter	injizieren	le vaccin	der Impfstoff
injurier	beleidigen	l'adversaire	der Gegner
injurier	beleidigen	l'ami	der Freund
injurier	beleidigen	la personne	die Person
innerver	beeinflussen	l'organe	das Organ
innerver	beeinflussen	le muscle	der Muskel
innerver	beeinflussen	le système	das System
innover	innovieren	l'idée	die Idee
innover	innovieren	la technologie	die Technologie
innover	innovieren	le produit	das Produkt
inonder	überfluten	la chambre	das Zimmer
inonder	überfluten	la rue	die Straße
inonder	überfluten	le champ	das Feld
inquiéter	beunruhigen	l'environnement	die Umwelt
inquiéter	beunruhigen	la personne	die Person
inquiéter	beunruhigen	la situation	die Situation
inscrire	einschreiben	l'étudiant	der Student
inscrire	einschreiben	le nom	der Name
insinuer	andeuten	l'idée	die Idee
insinuer	andeuten	le commentaire	der Kommentar
insinuer	andeuten	le sous-entendu	das Unterlassen
insister	bestehen	la demande	die Anfrage
insister	bestehen	la situation	die Situation
insister	bestehen	le point	der Punkt
inspecter	inspizieren	l'endroit	der Ort
inspecter	inspizieren	l'objet	der Gegenstand
inspecter	inspizieren	le document	das Dokument
inspirer	inspirieren	l'artiste	der Künstler
inspirer	inspirieren	l'idée	die Idee
inspirer	inspirieren	la création	die Schaffung
installer	installieren	l'appareil	das Gerät
installer	installieren	le logiciel	die Software
installer	installieren	le meuble	das Möbel
instaurer	einführen	la loi	das Gesetz
instaurer	einführen	la règle	die Regel
instaurer	einführen	le système	das System
instituer	einführen	la loi	das Gesetz
instituer	einführen	la règle	die Regel
instituer	einführen	le système	das System
institutionnaliser	institutionalisieren	la pratique	die Praxis
institutionnaliser	institutionalisieren	le processus	der Prozess
institutionnaliser	institutionalisieren	le système	das System
instruire	unterrichten	l'élève	der Schüler
instruire	unterrichten	le sujet	das Thema
instrumentaliser	instrumentalisieren	l'événement	das Ereignis
instrumentaliser	instrumentalisieren	la ressource	die Ressource
instrumentaliser	instrumentalisieren	la situation	die Situation
insulter	beleidigen	l'ami	der Freund
insulter	beleidigen	la personne	die Person
insulter	beleidigen	le collègue	der Kollege
insupporter	unerträglich sein	la situation	die Situation
insupporter	unerträglich sein	le bruit	der Lärm
insupporter	unerträglich sein	le comportement	das Verhalten
insérer	einfügen	l'image	das Bild
insérer	einfügen	l'élément	das Element
insérer	einfügen	le texte	der Text
intensifier	intensivieren	l'effort	der Aufwand
intensifier	intensivieren	la couleur	die Farbe
intensifier	intensivieren	le sentiment	das Gefühl
intenter	einleiten	l'action	die Handlung
intenter	einleiten	la demande	die Anfrage
intenter	einleiten	le procès	der Prozess
interagir	interagieren	l'environnement	die Umwelt
interagir	interagieren	la personne	die Person
interagir	interagieren	la situation	die Situation
intercéder	intervenieren	la demande	die Anfrage
intercéder	intervenieren	la situation	die Situation
intercéder	intervenieren	le conflit	der Konflikt
interdire	verbieten	l'accès	der Zugang
interdire	verbieten	l'activité	die Aktivität
interdire	verbieten	l'usage	der Gebrauch
interférer	interferieren	la communication	die Kommunikation
interférer	interferieren	le signal	das Signal
interférer	interferieren	le système	das System
interloquer	verwirren	l'audience	die Zuhörerschaft
interloquer	verwirren	l'élève	der Schüler
interloquer	verwirren	le spectateur	der Zuschauer
internationaliser	internationalisieren	l'entreprise	die Firma
internationaliser	internationalisieren	le marché	der Markt
interner	internieren	la personne	die Person
interner	internieren	la population	die Bevölkerung
interner	internieren	le groupe	der Gruppe
interpeller	ansprechen	l'enfant	das Kind
interpeller	ansprechen	la personne	die Person
interpeller	ansprechen	le passant	der Passant
interpoler	einfügen	l'information	die Information
interpoler	einfügen	le texte	der Text
interpréter	interpretieren	la musique	die Musik
interpréter	interpretieren	le rôle	die Rolle
interpréter	interpretieren	le texte	der Text
interroger	befragen	l'élève	der Schüler
interroger	befragen	la personne	die Person
interroger	befragen	le sujet	das Thema
interrompre	unterbrechen	la conversation	das Gespräch
interrompre	unterbrechen	le travail	die Arbeit
intervenir	eingreifen	la situation	die Situation
intervenir	eingreifen	le conflit	der Konflikt
intervenir	eingreifen	le problème	das Problem
interviewer	interviewen	l'expert	der Experte
interviewer	interviewen	la personne	die Person
interviewer	interviewen	le candidat	der Kandidat
intimider	einschüchtern	l'adversaire	der Gegner
intimider	einschüchtern	l'enfant	das Kind
intimider	einschüchtern	la personne	die Person
intituler	betiteln	l'article	der Artikel
intituler	betiteln	l'œuvre	das Werk
intituler	betiteln	le livre	das Buch
intoxiquer	vergiften	l'environnement	die Umwelt
intoxiquer	vergiften	la personne	die Person
intriguer	intrigieren	l'audience	die Zuhörerschaft
intriguer	intrigieren	la personne	die Person
intriguer	intrigieren	le public	das Publikum
introduire	einführen	l'idée	die Idee
introduire	einführen	le produit	das Produkt
introduire	einführen	un changement	die Veränderung
intégrer	integrieren	l'élément	das Element
intégrer	integrieren	le groupe	der Gruppe
intégrer	integrieren	le système	das System
intéresser	interessieren	l'activité	die Aktivität
intéresser	interessieren	la personne	die Person
intéresser	interessieren	le sujet	das Thema
inventer	erfinden	l'histoire	die Geschichte
inventer	erfinden	l'idée	die Idee
inventer	erfinden	l'objet	der Gegenstand
inverser	umkehren	l'ordre	die Ordnung
inverser	umkehren	la situation	die Situation
inverser	umkehren	la tendance	der Trend
investir	investieren	l'argent	das Geld
investir	investieren	temps	die Zeit
inviter	einladen	l'ami	der Freund
inviter	einladen	la personne	die Person
inviter	einladen	le groupe	der Gruppe
invoquer	anrufen	l'aide	die Hilfe
invoquer	anrufen	l'esprit	der Geist
invoquer	anrufen	le soutien	die Unterstützung
ironiser	ironisieren	la situation	die Situation
ironiser	ironisieren	le commentaire	der Kommentar
ironiser	ironisieren	le discours	die Rede
irriguer	bewässern	la plantation	die Plantage
irriguer	bewässern	le champ	das Feld
irriguer	bewässern	le jardin	der Garten
irriter	ärgern	l'enfant	das Kind
irriter	ärgern	la personne	die Person
irriter	ärgern	la situation	die Situation
isoler	isolieren	la chambre	das Zimmer
isoler	isolieren	la personne	die Person
isoler	isolieren	la zone	die Zone
jardiner	gärtnern	la fleur	die Blume
jardiner	gärtnern	la plante	die Pflanze
jardiner	gärtnern	le légume	das Gemüse
jaser	plaudern	la conversation	das Gespräch
jaser	plaudern	la personne	die Person
jaser	plaudern	le sujet	das Thema
jaunir	gelb werden	la feuille	das Blatt
jaunir	gelb werden	le papier	das Papier
jaunir	gelb werden	le vêtement	das Kleidungsstück
jeter	werfen	la pierre	der Stein
jeter	werfen	le ballon	der Ball
jeter	werfen	le déchet	der Abfall
jeûner	fasten	l'alimentation	die Ernährung
jeûner	fasten	le repas	die Mahlzeit
jeûner	fasten	temps	die Zeit
jogger	joggen	l'équipement	die Ausrüstung
jogger	joggen	la route	die Straße
jogger	joggen	le parc	der Park
joindre	beigefügen	la photo	das Foto
joindre	beigefügen	le document	das Dokument
joindre	beigefügen	le message	die Nachricht
jouer	spielen	de la musique	die Musik
jouer	spielen	au jeu	das Spiel
jouer	spielen	au sport	der Sport
jouir	genießen	le moment	der Moment
jouir	genießen	le plaisir	das Vergnügen
jouxter	angrenzen	la propriété	das Eigentum
jouxter	angrenzen	le bâtiment	das Gebäude
jouxter	angrenzen	le terrain	das Gelände
jucher	setzen	l'enfant	das Kind
jucher	setzen	l'objet	der Gegenstand
jucher	setzen	l'oiseau	der Vogel
juger	urteilen	la personne	die Person
juger	urteilen	la situation	die Situation
juger	urteilen	le cas	der Fall
jurer	schwören	la loi	das Gesetz
jurer	schwören	la promesse	das Versprechen
jurer	schwören	le serment	der Eid
justifier	rechtfertigen	l'action	die Handlung
justifier	rechtfertigen	la décision	die Entscheidung
justifier	rechtfertigen	le comportement	das Verhalten
lacérer	zerreißen	le document	das Dokument
lacérer	zerreißen	le papier	das Papier
lacérer	zerreißen	le tissu	der Stoff
laisser	lassen	l'espace	der Raum
laisser	lassen	le choix	die Wahl
laisser	lassen	le message	die Nachricht
laminer	laminieren	la feuille	das Blatt
laminer	laminieren	le matériau	das Material
laminer	laminieren	le produit	das Produkt
lancer	werfen	l'idée	die Idee
lancer	werfen	la balle	der Ball
lancer	werfen	le projet	das Projekt
languir	verwelken	la fleur	die Blume
languir	verwelken	la plante	die Pflanze
languir	verwelken	la saison	die Saison
laquer	lackieren	l'objet	der Gegenstand
laquer	lackieren	la surface	die Oberfläche
laquer	lackieren	le meuble	das Möbel
lasser	ermüden	l'esprit	der Geist
lasser	ermüden	la personne	die Person
lasser	ermüden	le corps	der Körper
laver	waschen	la vaisselle	das Geschirr
laver	waschen	la voiture	das Auto
lettrer	buchstabieren	l'adresse	die Adresse
lettrer	buchstabieren	le mot	das Wort
lettrer	buchstabieren	le nom	der Name
lever	heben	l'objet	der Gegenstand
lever	heben	la main	die Hand
lever	heben	la voix	die Stimme
libérer	befreien	l'animal	das Tier
libérer	befreien	l'esclave	der Sklave
libérer	befreien	l'esprit	der Geist
licencier	entlassen	l'employé	der Angestellte
licencier	entlassen	le travailleur	der Arbeiter
lier	verbinden	l'idée	die Idee
lier	verbinden	la personne	die Person
lier	verbinden	le document	das Dokument
limiter	begrenzen	l'accès	der Zugang
limiter	begrenzen	temps	die Zeit
liquider	liquidieren	l'entreprise	die Firma
liquider	liquidieren	le stock	der Bestand
liquéfier	verflüssigen	la matière	das Material
liquéfier	verflüssigen	la substance	die Substanz
liquéfier	verflüssigen	le gaz	das Gas
lire	lesen	l'article	der Artikel
lire	lesen	le journal	die Zeitung
lire	lesen	le livre	das Buch
liser	lesen	l'article	der Artikel
liser	lesen	le livre	das Buch
liser	lesen	le texte	der Text
littératurer	literaturisieren	l'écriture	das Schreiben
littératurer	literaturisieren	l'œuvre	das Werk
littératurer	literaturisieren	le texte	der Text
livrer	liefern	l'information	die Information
livrer	liefern	la marchandise	die Ware
livrer	liefern	le colis	das Paket
localiser	lokalisieren	l'endroit	der Ort
localiser	lokalisieren	l'objet	der Gegenstand
localiser	lokalisieren	la personne	die Person
loger	unterbringen	l'invité	der Gast
loger	unterbringen	l'étudiant	der Student
loger	unterbringen	la famille	die Familie
longer	entlanggehen	la plage	der Strand
longer	entlanggehen	la rivière	der Fluss
longer	entlanggehen	la route	die Straße
lorgner	linsen	l'objet	der Gegenstand
lorgner	linsen	la cible	das Ziel
lorgner	linsen	la personne	die Person
louer	mieten	l'appartement	die Wohnung
louer	mieten	la maison	das Haus
louer	mieten	la voiture	das Auto
luire	leuchten	l'étoile	der Stern
luire	leuchten	la lumière	das Licht
luire	leuchten	le soleil	die Sonne
lutter	kämpfen	la cause	die Ursache
lutter	kämpfen	le droit	das Recht
lutter	kämpfen	le problème	das Problem
lâcher	loslassen	l'objet	der Gegenstand
lâcher	loslassen	la main	die Hand
lâcher	loslassen	la pression	der Druck
légaliser	legalisieren	la pratique	die Praxis
légaliser	legalisieren	la situation	die Situation
légaliser	legalisieren	la substance	die Substanz
légiférer	gesetzgebend	la loi	das Gesetz
légiférer	gesetzgebend	le règlement	die Regelung
légiférer	gesetzgebend	le texte	der Text
légitimer	legitimieren	l'action	die Handlung
légitimer	legitimieren	la décision	die Entscheidung
légitimer	legitimieren	le processus	der Prozess
léguer	vererben	l'héritage	das Erbe
léser	verletzen	l'intérêt	das Interesse
léser	verletzen	la personne	die Person
léser	verletzen	le droit	das Recht
maigrir	abnehmen	la silhouette	die Silhouette
maigrir	abnehmen	le poids	das Gewicht
maigrir	abnehmen	le régime	die Diät
maintenir	beibehalten	l'ordre	die Ordnung
maintenir	beibehalten	la relation	die Beziehung
maintenir	beibehalten	la situation	die Situation
malmener	schikanieren	l'animal	das Tier
malmener	schikanieren	l'enfant	das Kind
malmener	schikanieren	le collègue	der Kollege
maltraiter	misshandeln	l'animal	das Tier
maltraiter	misshandeln	l'enfant	das Kind
maltraiter	misshandeln	la personne	die Person
manger	essen	le gâteau	der Kuchen
manger	essen	le pain	das Brot
manger	essen	une pomme	der Apfel
manier	handhaben	l'information	die Information
manier	handhaben	la situation	die Situation
manier	handhaben	un outil	das Werkzeug
manifester	demonstrieren	l'opinion	die Meinung
manifester	demonstrieren	le soutien	die Unterstützung
manipuler	manipulieren	l'objet	der Gegenstand
manipuler	manipulieren	la machine	die Maschine
maniérer	manieren	la manière	die Art
maniérer	manieren	le comportement	das Verhalten
maniérer	manieren	le style	der Stil
manoeuvrer	manövrieren	la machine	die Maschine
manoeuvrer	manövrieren	le bateau	das Boot
manoeuvrer	manövrieren	le véhicule	das Fahrzeug
manquer	fehlen	l'occasion	die Gelegenheit
manquer	fehlen	de temps	die Zeit
maquiller	schminken	le visage	das Gesicht
marabouter	verzaubern	l'objet	der Gegenstand
marabouter	verzaubern	la personne	die Person
marabouter	verzaubern	le rituel	das Ritual
marcher	gehen	la route	die Straße
marcher	gehen	le chemin	der Weg
marger	margen	la vente	der Verkauf
marger	margen	le prix	der Preis
marger	margen	le produit	das Produkt
marginaliser	marginalisieren	l'individu	das Individuum
marginaliser	marginalisieren	la communauté	die Gemeinschaft
marginaliser	marginalisieren	le groupe	der Gruppe
marier	heiraten	la cérémonie	die Zeremonie
marier	heiraten	la personne	die Person
marier	heiraten	le partenaire	der Partner
marner	marner	l'argent	das Geld
marner	marner	l'effort	der Aufwand
marner	marner	temps	die Zeit
marquer	markieren	l'événement	das Ereignis
marquer	markieren	le moment	der Moment
marquer	markieren	le point	der Punkt
marrer	lachen	l'ami	der Freund
marrer	lachen	la blague	der Witz
marrer	lachen	la situation	die Situation
marteler	hämmern	la tôle	das Blech
marteler	hämmern	le clou	der Nagel
marteler	hämmern	le métal	das Metall
martyriser	quälen	l'animal	das Tier
martyriser	quälen	l'enfant	das Kind
martyriser	quälen	la personne	die Person
masquer	verstecken	l'identité	die Identität
masquer	verstecken	l'objet	der Gegenstand
masquer	verstecken	le visage	das Gesicht
massacrer	massakrieren	le groupe	der Gruppe
masser	massieren	la zone	die Zone
masser	massieren	le corps	der Körper
masser	massieren	le muscle	der Muskel
matir	meistern	la compétence	die Kompetenz
matir	meistern	le sujet	das Thema
matérialiser	verwirklichen	l'idée	die Idee
matérialiser	verwirklichen	le projet	das Projekt
matérialiser	verwirklichen	le rêve	der Traum
maudire	verfluchen	l'ennemi	der Feind
maudire	verfluchen	la situation	die Situation
maudire	verfluchen	le destin	das Schicksal
maîtriser	beherrschen	la compétence	die Kompetenz
maîtriser	beherrschen	la langue	die Sprache
maîtriser	beherrschen	le sujet	das Thema
menacer	bedrohen	l'environnement	die Umwelt
menacer	bedrohen	la personne	die Person
menacer	bedrohen	la sécurité	die Sicherheit
mendier	betteln	l'aide	die Hilfe
mendier	betteln	l'argent	das Geld
mendier	betteln	la nourriture	die Nahrung
mener	führen	l'équipe	die Mannschaft
mener	führen	la discussion	die Diskussion
mener	führen	le projet	das Projekt
mentionner	erwähnen	le détail	das Detail
mentionner	erwähnen	le nom	der Name
mentionner	erwähnen	le sujet	das Thema
mentir	lügen	l'histoire	die Geschichte
mentir	lügen	la situation	die Situation
mentir	lügen	la vérité	die Wahrheit
merder	verdammen	la relation	die Beziehung
merder	verdammen	la situation	die Situation
merder	verdammen	le projet	das Projekt
mesurer	messen	la largeur	die Breite
mesurer	messen	la longueur	die Länge
mesurer	messen	le poids	das Gewicht
mettre	setzen	l'objet	der Gegenstand
mettre	setzen	le livre	das Buch
mettre	setzen	le vêtement	das Kleidungsstück
meubler	möblieren	la chambre	das Zimmer
meubler	möblieren	la maison	das Haus
meubler	möblieren	le bureau	das Büro
miauler	miauen	l'animal	das Tier
miauler	miauen	le chat	die Katze
militer	kämpfen	la cause	die Ursache
militer	kämpfen	le parti	die Partei
millésimer	jahrgangsbestimmen	la bouteille	die Flasche
millésimer	jahrgangsbestimmen	la réserve	die Reserve
millésimer	jahrgangsbestimmen	le vin	der Wein
miner	untergraben	la structure	die Struktur
miner	untergraben	le sol	der Boden
miner	untergraben	le terrain	das Gelände
minimiser	minimieren	l'impact	der Einfluss
minimiser	minimieren	le problème	das Problem
minimiser	minimieren	le risque	das Risiko
miroiter	spiegeln	l'image	das Bild
miroiter	spiegeln	la lumière	das Licht
miroiter	spiegeln	la surface	die Oberfläche
miser	setzen	l'argent	das Geld
miser	setzen	l'espoir	die Hoffnung
miser	setzen	temps	die Zeit
mitiger	mildern	l'effet	der Effekt
mitiger	mildern	l'impact	der Einfluss
mitiger	mildern	le risque	das Risiko
mixer	mixen	la boisson	das Getränk
mixer	mixen	la pâte	der Teig
mobiliser	mobilisieren	l'équipe	die Mannschaft
mobiliser	mobilisieren	le soutien	die Unterstützung
moderniser	modernisieren	l'infrastructure	die Infrastruktur
moderniser	modernisieren	l'équipement	die Ausrüstung
moderniser	modernisieren	le système	das System
modifier	ändern	le comportement	das Verhalten
modifier	ändern	le document	das Dokument
modifier	ändern	le plan	der Plan
modérer	mäßigen	la discussion	die Diskussion
modérer	mäßigen	le comportement	das Verhalten
modérer	mäßigen	le débat	die Debatte
moisir	schimmeln	la nourriture	die Nahrung
moisir	schimmeln	le fromage	der Käse
moisir	schimmeln	le pain	das Brot
mollir	weich werden	la pâte	der Teig
mollir	weich werden	le beurre	die Butter
mollir	weich werden	le ciment	der Zement
momifier	mumifizieren	l'animal	das Tier
momifier	mumifizieren	l'objet	der Gegenstand
momifier	mumifizieren	le corps	der Körper
mondialiser	globalisieren	l'économie	die Wirtschaft
mondialiser	globalisieren	la culture	die Kultur
mondialiser	globalisieren	le marché	der Markt
monnayer	wechseln	le produit	das Produkt
monnayer	wechseln	le service	der Dienst
monopoliser	monopolisieren	la ressource	die Ressource
monopoliser	monopolisieren	le marché	der Markt
monopoliser	monopolisieren	le secteur	der Sektor
monter	steigen	le cheval	das Pferd
monter	steigen	le vélo	das Fahrrad
montrer	zeigen	l'exemple	das Beispiel
montrer	zeigen	l'image	das Bild
montrer	zeigen	le chemin	der Weg
mordre	beißen	la main	die Hand
mordre	beißen	la nourriture	die Nahrung
mordre	beißen	le chien	der Hund
motiver	motivieren	l'enfant	das Kind
motiver	motivieren	l'équipe	die Mannschaft
motiver	motivieren	la personne	die Person
motoriser	motorisieren	l'équipement	die Ausrüstung
motoriser	motorisieren	la machine	die Maschine
motoriser	motorisieren	le véhicule	das Fahrzeug
moucher	schnäuzen	le mouchoir	das Taschentuch
moucher	schnäuzen	le nez	die Nase
moucher	schnäuzen	le tissu	der Stoff
mouiller	nass machen	la main	die Hand
mouiller	nass machen	le sol	der Boden
mourir	sterben	l'animal	das Tier
mourir	sterben	la personne	die Person
mourir	sterben	la plante	die Pflanze
mousser	schaumen	la bière	die Bier
mousser	schaumen	le savon	die Seife
moutarder	senfartig machen	la préparation	die Vorbereitung
moutarder	senfartig machen	la sauce	die Soße
moutarder	senfartig machen	le plat	das Gericht
mouvementer	bewegen	l'objet	der Gegenstand
mouvementer	bewegen	l'équipe	die Mannschaft
mouvementer	bewegen	la personne	die Person
mouver	bewegen	l'objet	der Gegenstand
mouver	bewegen	la machine	die Maschine
mouver	bewegen	la personne	die Person
mouvoir	bewegen	l'objet	der Gegenstand
mouvoir	bewegen	la machine	die Maschine
mouvoir	bewegen	le corps	der Körper
moyenner	mitteln	la note	die Note
moyenner	mitteln	le prix	der Preis
moyenner	mitteln	temps	die Zeit
mueren	sich häuten	l'animal	das Tier
mueren	sich häuten	la peau	die Haut
mueren	sich häuten	la phase	die Phase
mugir	muhen	l'animal	das Tier
mugir	muhen	la vache	die Kuh
mugir	muhen	le bétail	das Vieh
multiplier	multiplizieren	l'effort	der Aufwand
multiplier	multiplizieren	la ressource	die Ressource
multiplier	multiplizieren	le nombre	die Zahl
munir	ausstatten	l'équipe	die Mannschaft
munir	ausstatten	la personne	die Person
munir	ausstatten	un outil	das Werkzeug
murmurer	murmel	la phrase	der Satz
murmurer	murmel	le mot	das Wort
murmurer	murmel	le secret	das Geheimnis
muscler	muskeln	le bras	der Arm
muscler	muskeln	le corps	der Körper
museler	mundtot machen	l'opinion	die Meinung
museler	mundtot machen	la personne	die Person
museler	mundtot machen	la voix	die Stimme
muser	träumen	l'idée	die Idee
muser	träumen	la pensée	der Gedanke
muser	träumen	le moment	der Moment
muter	mutieren	l'organisme	das Organismus
muter	mutieren	la cellule	die Zelle
muter	mutieren	le gène	das Gen
mutiler	verstümmeln	la main	die Hand
mutiler	verstümmeln	le corps	der Körper
mutiler	verstümmeln	le visage	das Gesicht
mâtiner	mischen	l'ingrédient	der Bestandteil
mâtiner	mischen	la couleur	die Farbe
mâtiner	mischen	la saveur	der Geschmack
mécher	anzünden	la bougie	die Kerze
mécher	anzünden	le feu	das Feuer
méconnaître	nicht erkennen	la personne	die Person
méconnaître	nicht erkennen	la situation	die Situation
méconnaître	nicht erkennen	le lieu	der Ort
médiatiser	mediatisieren	l'information	die Information
médiatiser	mediatisieren	l'événement	das Ereignis
médiatiser	mediatisieren	le sujet	das Thema
médire	verleumden	l'information	die Information
médire	verleumden	la personne	die Person
médire	verleumden	la réputation	der Ruf
méditer	meditieren	l'idée	die Idee
méditer	meditieren	la pensée	der Gedanke
méditer	meditieren	le sujet	das Thema
méfier	misstrauen	l'information	die Information
méfier	misstrauen	la personne	die Person
méfier	misstrauen	la situation	die Situation
mémoriser	merken	l'information	die Information
mémoriser	merken	le numéro	die Nummer
mémoriser	merken	le texte	der Text
méprendre	missverstehen	l'intention	die Absicht
méprendre	missverstehen	la situation	die Situation
méprendre	missverstehen	le message	die Nachricht
mépriser	verachten	l'idée	die Idee
mépriser	verachten	la personne	die Person
mépriser	verachten	le comportement	das Verhalten
mériter	verdienen	l'attention	die Aufmerksamkeit
mériter	verdienen	la récompense	die Belohnung
mériter	verdienen	le respect	der Respekt
métamorphoser	verwandeln	la situation	die Situation
métamorphoser	verwandeln	le personnage	die Figur
métamorphoser	verwandeln	un changement	die Veränderung
nager	schwimmen	la mer	das Meer
nager	schwimmen	la piscine	das Schwimmbad
nager	schwimmen	le lac	der See
nantir	ausstatten	la propriété	das Eigentum
nantir	ausstatten	la ressource	die Ressource
narcotiser	narkotisieren	la substance	die Substanz
narcotiser	narkotisieren	le médicament	das Medikament
narcotiser	narkotisieren	le patient	der Patient
natter	zöpfen	la tresse	der Zopf
natter	zöpfen	le style	der Stil
naturaliser	naturalizieren	l'animal	das Tier
naturaliser	naturalizieren	la plante	die Pflanze
naturaliser	naturalizieren	le citoyen	der Bürger
naviguer	navigieren	la mer	das Meer
naviguer	navigieren	le bateau	das Boot
naître	geboren werden	l'enfant	das Kind
naître	geboren werden	la famille	die Familie
naître	geboren werden	le bébé	das Baby
neiger	schneien	l'hiver	der Winter
neiger	schneien	la neige	der Schnee
nettoyer	reinigen	la fenêtre	das Fenster
nettoyer	reinigen	la maison	das Haus
nettoyer	reinigen	la table	der Tisch
nicher	nisten	l'animal	das Tier
nicher	nisten	l'habitat	das Habitat
nicher	nisten	l'oiseau	der Vogel
nier	leugnen	l'accusation	die Anklage
nier	leugnen	la responsabilité	die Verantwortung
nier	leugnen	le fait	die Tatsache
nimber	umgeben	l'espace	der Raum
nimber	umgeben	l'objet	der Gegenstand
nimber	umgeben	la personne	die Person
noircir	schwärzen	l'image	das Bild
noircir	schwärzen	la surface	die Oberfläche
noircir	schwärzen	le papier	das Papier
nommer	nennen	la chose	die Sache
nommer	nennen	la personne	die Person
nommer	nennen	le titre	der Titel
normer	normieren	la procédure	das Verfahren
normer	normieren	la règle	die Regel
normer	normieren	le standard	der Standard
noter	notieren	l'idée	die Idee
noter	notieren	l'information	die Information
noter	notieren	la note	die Note
notifier	benachrichtigen	l'événement	das Ereignis
notifier	benachrichtigen	le message	die Nachricht
notifier	benachrichtigen	un changement	die Veränderung
nouer	knoten	la corde	das Seil
nouer	knoten	le ruban	das Band
nourrir	ernähren	l'animal	das Tier
nourrir	ernähren	l'enfant	das Kind
nourrir	ernähren	la famille	die Familie
noyer	ertränken	l'animal	das Tier
noyer	ertränken	l'objet	der Gegenstand
noyer	ertränken	la personne	die Person
nuancer	nuancieren	l'argument	das Argument
nuancer	nuancieren	l'opinion	die Meinung
nuancer	nuancieren	la couleur	die Farbe
nuire	schaden	à l'environnement	die Umwelt
nuire	schaden	à la relation	die Beziehung
nuire	schaden	à la santé	die Gesundheit
numériser	digitalisieren	l'image	das Bild
numériser	digitalisieren	le document	das Dokument
numériser	digitalisieren	le fichier	die Datei
numéroter	nummerieren	la liste	die Liste
numéroter	nummerieren	la page	die Seite
numéroter	nummerieren	le document	das Dokument
nécessiter	benötigen	temps	die Zeit
négliger	vernachlässigen	la responsabilité	die Verantwortung
négliger	vernachlässigen	la santé	die Gesundheit
négliger	vernachlässigen	la tâche	die Aufgabe
négocier	verhandeln	l'accord	die Vereinbarung
négocier	verhandeln	le contrat	der Vertrag
négocier	verhandeln	le prix	der Preis
objecter	einwenden	l'argument	das Argument
objecter	einwenden	l'avis	die Meinung
objecter	einwenden	le point	der Punkt
obliger	verpflichten	la condition	die Bedingung
obliger	verpflichten	la personne	die Person
obliger	verpflichten	la situation	die Situation
observer	beobachten	la nature	die Natur
observer	beobachten	la scène	die Szene
observer	beobachten	le comportement	das Verhalten
obstiner	bestehen	l'opinion	die Meinung
obstiner	bestehen	la position	die Position
obstiner	bestehen	le choix	die Wahl
obstruer	verstopfen	la route	die Straße
obstruer	verstopfen	le passage	der Durchgang
obstruer	verstopfen	le tuyau	das Rohr
obséder	besessen	l'idée	die Idee
obséder	besessen	la pensée	der Gedanke
obtenir	erhalten	l'information	die Information
obtenir	erhalten	la réponse	die Antwort
obtenir	erhalten	le résultat	das Ergebnis
obéir	gehorchen	à l'ordre	die Ordnung
obéir	gehorchen	à la loi	das Gesetz
obéir	gehorchen	à la règle	die Regel
obérer	belasten	le budget	das Budget
obérer	belasten	le projet	das Projekt
occasionner	verursachen	le dommage	der Schaden
occasionner	verursachen	le problème	das Problem
occasionner	verursachen	le retard	die Verspätung
occulter	verdecken	l'information	die Information
occulter	verdecken	la vérité	die Wahrheit
occuper	besetzen	l'espace	der Raum
occuper	besetzen	le poste	der Posten
occuper	besetzen	temps	die Zeit
ocrer	mit Ocker färben	la peinture	die Malerei
ocrer	mit Ocker färben	la toile	die Leinwand
ocrer	mit Ocker färben	le mur	die Wand
octroyer	gewähren	la permission	die Erlaubnis
octroyer	gewähren	la subvention	die Subvention
octroyer	gewähren	le droit	das Recht
oeuvrer	arbeiten	la cause	die Ursache
oeuvrer	arbeiten	la communauté	die Gemeinschaft
oeuvrer	arbeiten	le projet	das Projekt
offenser	beleidigen	l'acte	der Akt
offenser	beleidigen	la personne	die Person
offenser	beleidigen	le commentaire	der Kommentar
officialiser	offiziell machen	l'acte	der Akt
officialiser	offiziell machen	la décision	die Entscheidung
officialiser	offiziell machen	le document	das Dokument
offrir	anbieten	l'aide	die Hilfe
offrir	anbieten	le cadeau	das Geschenk
offrir	anbieten	le service	der Dienst
oliver	oliven	l'arbre	der Baum
oliver	oliven	l'huile	das Öl
ombrager	beschatten	l'arbre	der Baum
ombrager	beschatten	le parasol	der Sonnenschirm
ombrager	beschatten	le toit	das Dach
omettre	auslassen	l'information	die Information
omettre	auslassen	l'élément	das Element
omettre	auslassen	le détail	das Detail
opposer	entgegensetzen	l'argument	das Argument
opposer	entgegensetzen	l'idée	die Idee
opposer	entgegensetzen	la résistance	der Widerstand
opter	wählen	l'option	die Option
opter	wählen	la solution	die Lösung
opter	wählen	le choix	die Wahl
opérer	operieren	l'action	die Handlung
opérer	operieren	la chirurgie	die Chirurgie
opérer	operieren	un changement	die Veränderung
oranger	orange färben	la peinture	die Malerei
oranger	orange färben	le papier	das Papier
oranger	orange färben	le tissu	der Stoff
orchestrer	orchestrieren	l'événement	das Ereignis
orchestrer	orchestrieren	le concert	das Konzert
orchestrer	orchestrieren	le projet	das Projekt
ordonner	anordnen	l'élément	das Element
ordonner	anordnen	la commande	die Bestellung
ordonner	anordnen	la tâche	die Aufgabe
organiser	organisieren	l'événement	das Ereignis
organiser	organisieren	la fête	das Fest
organiser	organisieren	la réunion	das Treffen
orienter	orientieren	la discussion	die Diskussion
orienter	orientieren	la décision	die Entscheidung
orienter	orientieren	le choix	die Wahl
orner	schmücken	l'arbre	der Baum
orner	schmücken	la maison	das Haus
orner	schmücken	la table	der Tisch
osciller	schwingen	la balance	die Waage
osciller	schwingen	la flamme	die Flamme
osciller	schwingen	le mouvement	die Bewegung
oser	wagen	l'action	die Handlung
oser	wagen	l'idée	die Idee
oser	wagen	le défi	die Herausforderung
oublier	vergessen	la chose	die Sache
oublier	vergessen	le nom	der Name
oublier	vergessen	le rendez-vous	der Termin
outrager	beleidigen	la personne	die Person
outrager	beleidigen	la situation	die Situation
outrager	beleidigen	le groupe	der Gruppe
outrepasser	überschreiten	la limite	die Grenze
outrepasser	überschreiten	la règle	die Regel
outrepasser	überschreiten	le droit	das Recht
outrer	übertreiben	l'histoire	die Geschichte
outrer	übertreiben	la réaction	die Reaktion
outrer	übertreiben	la situation	die Situation
ouvrir	öffnen	la fenêtre	das Fenster
ouvrir	öffnen	la porte	die Tür
ouvrir	öffnen	le cadeau	das Geschenk
oxygéner	sauerstoffanreichern	l'air	die Luft
oxygéner	sauerstoffanreichern	l'eau	das Wasser
oxygéner	sauerstoffanreichern	le sol	der Boden
pallier	abmildern	l'effet	der Effekt
pallier	abmildern	la situation	die Situation
pallier	abmildern	le problème	das Problem
palpiter	pochen	l'émotion	die Emotion
palpiter	pochen	la musique	die Musik
panique	panikieren	l'environnement	die Umwelt
panique	panikieren	la situation	die Situation
panique	panikieren	le groupe	der Gruppe
papoter	plaudern	la conversation	das Gespräch
papoter	plaudern	la personne	die Person
papoter	plaudern	le sujet	das Thema
parachuter	abspringen	l'équipement	die Ausrüstung
parachuter	abspringen	la personne	die Person
parader	paradieren	l'uniforme	die Uniform
parader	paradieren	le défilé	die Parade
paralyser	lähmen	l'activité	die Aktivität
paralyser	lähmen	le membre	das Mitglied
paralyser	lähmen	le système	das System
paraître	erscheinen	l'article	der Artikel
paraître	erscheinen	le film	der Film
paraître	erscheinen	le livre	das Buch
parcourir	durchqueren	la forêt	der Wald
parcourir	durchqueren	la route	die Straße
parcourir	durchqueren	la ville	die Stadt
pardonner	verzeihen	l'erreur	der Fehler
pardonner	verzeihen	l'offense	die Beleidigung
pardonner	verzeihen	le tort	das Unrecht
parer	abdecken	l'objet	der Gegenstand
parer	abdecken	la blessure	die Verletzung
parer	abdecken	la table	der Tisch
parfaire	vollenden	la compétence	die Kompetenz
parfaire	vollenden	le projet	das Projekt
parfaire	vollenden	le travail	die Arbeit
parfumer	parfümieren	la fleur	die Blume
parfumer	parfümieren	la maison	das Haus
parfumer	parfümieren	la peau	die Haut
parier	wetten	l'argent	das Geld
parier	wetten	l'événement	das Ereignis
parier	wetten	le jeu	das Spiel
parler	sprechen	la langue	die Sprache
parler	sprechen	à la personne	die Person
parler	sprechen	du sujet	das Thema
parrainer	patronieren	l'association	die Vereinigung
parrainer	patronieren	l'enfant	das Kind
parrainer	patronieren	le projet	das Projekt
partager	teilen	l'expérience	die Erfahrung
partager	teilen	l'idée	die Idee
partager	teilen	la nourriture	die Nahrung
participer	teilnehmen	à l'événement	das Ereignis
participer	teilnehmen	à la réunion	das Treffen
participer	teilnehmen	au concours	der Wettbewerb
partir	gehen	l'endroit	der Ort
partir	gehen	la maison	das Haus
partir	gehen	le voyage	die Reise
parvenir	erreichen	à l'objectif	das Ziel
parvenir	erreichen	à la destination	das Ziel
parvenir	erreichen	au niveau	das Niveau
passer	verbringen	jour	der Tag
passer	verbringen	temps	die Zeit
passionner	begeistern	l'activité	die Aktivität
passionner	begeistern	la personne	die Person
passionner	begeistern	le sujet	das Thema
patienter	warten	la situation	die Situation
patienter	warten	le moment	der Moment
patienter	warten	temps	die Zeit
patrouiller	patrouillieren	la rue	die Straße
patrouiller	patrouillieren	la zone	die Zone
patrouiller	patrouillieren	le quartier	das Viertel
pauperiser	verarmen	l'individu	das Individuum
pauperiser	verarmen	la population	die Bevölkerung
pauperiser	verarmen	la société	die Gesellschaft
pavaner	prahlen	la richesse	der Reichtum
pavaner	prahlen	le succès	der Erfolg
pavaner	prahlen	le talent	das Talent
paver	pflastern	la place	der Platz
paver	pflastern	la route	die Straße
paver	pflastern	le chemin	der Weg
payer	bezahlen	l'achat	der Kauf
payer	bezahlen	la facture	die Rechnung
payer	bezahlen	le compte	das Konto
peaufiner	verfeinern	le détail	das Detail
peaufiner	verfeinern	le projet	das Projekt
peindre	malen	le dessin	die Zeichnung
peindre	malen	le mur	die Wand
peindre	malen	le tableau	die Tafel
peiner	mühen	l'effort	der Aufwand
peiner	mühen	la tâche	die Aufgabe
peiner	mühen	le travail	die Arbeit
pelleter	schaufeln	la neige	der Schnee
pelleter	schaufeln	la terre	die Erde
pelleter	schaufeln	le sable	der Sand
pencher	neigen	l'arbre	der Baum
pencher	neigen	la tête	der Kopf
pencher	neigen	le corps	der Körper
pendre	hängen	le rideau	der Vorhang
pendre	hängen	le tableau	die Tafel
pendre	hängen	le vêtement	das Kleidungsstück
penser	denken	à l'idée	die Idee
penser	denken	au problème	das Problem
penser	denken	au sujet	das Thema
percer	durchdringen	le mur	die Wand
percer	durchdringen	le mystère	das Geheimnis
percer	durchdringen	le secret	das Geheimnis
percevoir	wahrnehmen	l'image	das Bild
percevoir	wahrnehmen	une odeur	der Geruch
percher	sitzen	l'arbre	der Baum
percher	sitzen	l'étagère	das Regal
percher	sitzen	la barre	die Stange
perdre	verlieren	la clé	der Schlüssel
perdre	verlieren	le match	das Spiel
perdre	verlieren	temps	die Zeit
perdurer	fortdauern	l'époque	die Epoche
perdurer	fortdauern	la tradition	die Tradition
perfectionner	verbessern	la compétence	die Kompetenz
perfectionner	verbessern	le produit	das Produkt
perforer	durchbohren	l'objet	der Gegenstand
perforer	durchbohren	le mur	die Wand
perforer	durchbohren	le papier	das Papier
perler	perlen	l'eau	das Wasser
perler	perlen	la goutte	der Tropfen
perler	perlen	la sueur	der Schweiß
permettre	erlauben	l'accès	der Zugang
permettre	erlauben	l'utilisation	die Nutzung
permettre	erlauben	un changement	die Veränderung
perpétrer	verüben	l'acte	der Akt
perpétrer	verüben	la fraude	der Betrug
perpétrer	verüben	le crime	das Verbrechen
perpétuer	bewahren	l'histoire	die Geschichte
perpétuer	bewahren	la mémoire	das Gedächtnis
perpétuer	bewahren	la tradition	die Tradition
persister	bestehen	l'idée	die Idee
persister	bestehen	l'opinion	die Meinung
persister	bestehen	le comportement	das Verhalten
personnaliser	personalizieren	l'expérience	die Erfahrung
personnaliser	personalizieren	le produit	das Produkt
personnaliser	personalizieren	le service	der Dienst
persuader	überzeugen	l'auditoire	das Publikum
persuader	überzeugen	la personne	die Person
persuader	überzeugen	le client	der Kunde
persévérer	beharren	l'effort	der Aufwand
persévérer	beharren	l'objectif	das Ziel
persévérer	beharren	le travail	die Arbeit
perturber	stören	la réunion	das Treffen
perturber	stören	la situation	die Situation
perturber	stören	le travail	die Arbeit
pervertir	verderben	l'esprit	der Geist
pervertir	verderben	la nature	die Natur
pervertir	verderben	la valeur	der Wert
peser	wiegen	l'objet	der Gegenstand
peser	wiegen	la charge	die Last
peser	wiegen	la valeur	der Wert
peupler	bevölkern	la région	die Region
peupler	bevölkern	le pays	das Land
peupler	bevölkern	le village	das Dorf
photographier	fotografieren	l'événement	das Ereignis
photographier	fotografieren	la personne	die Person
photographier	fotografieren	le paysage	die Landschaft
piaffer	traben	la course	das Rennen
piaffer	traben	le cheval	das Pferd
piaffer	traben	le pied	der Fuß
pianoter	klimpern	la tablette	das Tablet
pianoter	klimpern	le clavier	die Tastatur
pianoter	klimpern	le piano	das Klavier
piller	plündern	le magasin	der Laden
piller	plündern	le trésor	der Schatz
piller	plündern	le village	das Dorf
piloter	steuern	l'avion	das Flugzeug
piloter	steuern	le bateau	das Boot
piloter	steuern	le véhicule	das Fahrzeug
pimenter	würzen	la recette	das Rezept
pimenter	würzen	la sauce	die Soße
pimenter	würzen	le plat	das Gericht
pincer	zupfen	la peau	die Haut
pincer	zupfen	le fil	der Faden
pincer	zupfen	le tissu	der Stoff
piocher	graben	la roche	der Felsen
piocher	graben	la terre	die Erde
piocher	graben	le sable	der Sand
pique-niquer	picknicken	la couverture	die Decke
pique-niquer	picknicken	la nourriture	die Nahrung
pique-niquer	picknicken	le parc	der Park
piquer	stechen	l'aiguille	die Nadel
piquer	stechen	l'insecte	das Insekt
pivoter	drehen	l'axe	die Achse
pivoter	drehen	l'objet	der Gegenstand
pivoter	drehen	le mouvement	die Bewegung
piéger	fangen	l'animal	das Tier
piéger	fangen	l'objet	der Gegenstand
piéger	fangen	la personne	die Person
piétiner	stampfen	l'herbe	das Gras
piétiner	stampfen	la terre	die Erde
placer	platzieren	l'objet	der Gegenstand
placer	platzieren	l'équipement	die Ausrüstung
placer	platzieren	le meuble	das Möbel
plafonner	deckeln	le budget	das Budget
plafonner	deckeln	le prix	der Preis
plafonner	deckeln	un salaire	das Gehalt
plaider	plädieren	la cause	die Ursache
plaider	plädieren	le cas	der Fall
plaider	plädieren	le droit	das Recht
plaindre	beklagen	la personne	die Person
plaindre	beklagen	la situation	die Situation
plaindre	beklagen	le problème	das Problem
plaisanter	spaßen	la blague	der Witz
plaisanter	spaßen	la conversation	das Gespräch
plaisanter	spaßen	la situation	die Situation
planer	gleiten	l'avion	das Flugzeug
planer	gleiten	la voiture	das Auto
planifier	planen	la réunion	das Treffen
planifier	planen	le projet	das Projekt
planifier	planen	le voyage	die Reise
planquer	verstecken	l'argent	das Geld
planquer	verstecken	l'objet	der Gegenstand
planquer	verstecken	le document	das Dokument
planter	pflanzen	l'arbre	der Baum
planter	pflanzen	la fleur	die Blume
planter	pflanzen	le légume	das Gemüse
plaquer	kleben	l'affiche	das Plakat
plaquer	kleben	la photo	das Foto
plaquer	kleben	le papier	das Papier
pleurer	weinen	femme	die Frau
pleurer	weinen	homme	der Mann
pleurer	weinen	l'enfant	das Kind
pleurnicher	weinen	l'enfant	das Kind
pleurnicher	weinen	la situation	die Situation
pleurnicher	weinen	le problème	das Problem
pleuvoir	regnen	la pluie	der Regen
pleuvoir	regnen	le ciel	der Himmel
pleuvoir	regnen	temps	die Zeit
plier	falten	la serviette	das Handtuch
plier	falten	le papier	das Papier
plomber	verstopfen	l'évier	das Spülbecken
plomber	verstopfen	le canal	der Kanal
plomber	verstopfen	le tuyau	das Rohr
plonger	tauchen	l'objet	der Gegenstand
plonger	tauchen	la main	die Hand
plonger	tauchen	la tête	der Kopf
plumer	rupfen	l'animal	das Tier
plumer	rupfen	la plume	die Feder
plumer	rupfen	la volaille	das Geflügel
plébisciter	abstimmen	l'idée	die Idee
plébisciter	abstimmen	la candidature	die Bewerbung
plébisciter	abstimmen	le projet	das Projekt
pocher	pochieren	l'œuf	das Ei
pocher	pochieren	la viande	das Fleisch
pocher	pochieren	le légume	das Gemüse
poignarder	erstechen	la blessure	die Verletzung
poignarder	erstechen	la victime	das Opfer
poignarder	erstechen	le couteau	das Messer
poindre	aufkommen	jour	der Tag
poindre	aufkommen	l'étoile	der Stern
poindre	aufkommen	le sentiment	das Gefühl
pointer	zeigen	l'objet	der Gegenstand
pointer	zeigen	la direction	die Richtung
pointer	zeigen	le doigt	der Finger
polir	polieren	l'objet	der Gegenstand
polir	polieren	la surface	die Oberfläche
polir	polieren	le meuble	das Möbel
polluer	verschmutzen	l'air	die Luft
polluer	verschmutzen	l'eau	das Wasser
polluer	verschmutzen	la terre	die Erde
polymériser	polymerisieren	la matière	das Material
polymériser	polymerisieren	la résine	die Harz
polymériser	polymerisieren	le plastique	der Kunststoff
pomper	pumpen	l'air	die Luft
pomper	pumpen	l'eau	das Wasser
pomper	pumpen	le carburant	der Kraftstoff
pomponner	aufpeppen	l'événement	das Ereignis
pomponner	aufpeppen	la maison	das Haus
pomponner	aufpeppen	le look	der Look
ponctuer	punktuieren	la phrase	der Satz
ponctuer	punktuieren	le discours	die Rede
ponctuer	punktuieren	le texte	der Text
pondérer	abwägen	la décision	die Entscheidung
populariser	popularisieren	l'idée	die Idee
populariser	popularisieren	le mouvement	die Bewegung
populariser	popularisieren	le produit	das Produkt
porter	tragen	le sac	die Tasche
portraire	tragen	le sac	die Tasche
poser	legen	l'objet	der Gegenstand
poser	legen	la question	die Frage
poser	legen	le sac	die Tasche
positionner	positionieren	l'entreprise	die Firma
positionner	positionieren	la marque	die Marke
positionner	positionieren	le produit	das Produkt
posséder	besitzen	la maison	das Haus
posséder	besitzen	la voiture	das Auto
posséder	besitzen	le chien	der Hund
poster	posten	la photo	das Foto
poster	posten	la vidéo	das Video
poster	posten	le message	die Nachricht
postuler	bewerben	l'emploi	die Anstellung
postuler	bewerben	le poste	der Posten
postuler	bewerben	le stage	das Praktikum
poudrer	pudern	l'épice	das Gewürz
poudrer	pudern	la farine	das Mehl
poudrer	pudern	le sucre	der Zucker
pouponner	sich um ein Baby kümmern	l'enfant	das Kind
pouponner	sich um ein Baby kümmern	le bébé	das Baby
pourfendre	zerschlagen	l'ennemi	der Feind
pourfendre	zerschlagen	l'obstacle	das Hindernis
pourfendre	zerschlagen	la barrière	die Barriere
poursuivre	verfolgen	l'objectif	das Ziel
poursuivre	verfolgen	l'étude	das Studium
poursuivre	verfolgen	le rêve	der Traum
pousser	drücken	l'enfant	das Kind
pousser	drücken	l'objet	der Gegenstand
pousser	drücken	la porte	die Tür
pouvoir	können	l'aide	die Hilfe
pouvoir	können	le choix	die Wahl
pouvoir	können	temps	die Zeit
pratiquer	üben	l'instrument	das Instrument
pratiquer	üben	la langue	die Sprache
pratiquer	üben	le sport	der Sport
prendre	nehmen	la décision	die Entscheidung
prendre	nehmen	la photo	das Foto
prendre	nehmen	un bus	der Bus
prescrire	verschreiben	le médicament	das Medikament
prescrire	verschreiben	le régime	die Diät
prescrire	verschreiben	le traitement	die Behandlung
pressentir	ahnen	l'événement	das Ereignis
pressentir	ahnen	le danger	die Gefahr
pressentir	ahnen	un changement	die Veränderung
presser	drücken	le bouton	der Knopf
presser	drücken	le fruit	die Frucht
presser	drücken	le tissu	der Stoff
prier	beten	dieu	Gott
prier	beten	la prière	das Gebet
prier	beten	le moment	der Moment
primer	primen	le candidat	der Kandidat
primer	primen	le choix	die Wahl
primer	primen	le vote	die Abstimmung
priser	schätzen	l'objet	der Gegenstand
priser	schätzen	la valeur	der Wert
priser	schätzen	le moment	der Moment
priver	berauben	la liberté	die Freiheit
priver	berauben	la ressource	die Ressource
priver	berauben	le droit	das Recht
privilégier	bevorzugen	l'option	die Option
privilégier	bevorzugen	la ressource	die Ressource
privilégier	bevorzugen	le choix	die Wahl
proclamer	proklamieren	la déclaration	die Erklärung
proclamer	proklamieren	la nouvelle	die Nachricht
procurer	beschaffen	l'aide	die Hilfe
procurer	beschaffen	l'information	die Information
procéder	vorgehen	l'action	die Handlung
procéder	vorgehen	l'étape	die Etappe
procéder	vorgehen	la méthode	die Methode
prodiguer	spenden	l'attention	die Aufmerksamkeit
prodiguer	spenden	temps	die Zeit
produire	produzieren	l'énergie	die Energie
produire	produzieren	le produit	das Produkt
profaner	entweihen	l'objet	der Gegenstand
profaner	entweihen	le lieu	der Ort
profaner	entweihen	le rituel	das Ritual
professionnaliser	professionalisieren	l'activité	die Aktivität
professionnaliser	professionalisieren	le secteur	der Sektor
professionnaliser	professionalisieren	le service	der Dienst
profiler	profilieren	l'image	das Bild
profiler	profilieren	la carrière	die Karriere
profiler	profilieren	le profil	das Profil
profiter	profitieren	de l'occasion	die Gelegenheit
profiter	profitieren	de l'offre	das Angebot
profiter	profitieren	du temps	die Zeit
proférer	aussprechen	l'avis	die Meinung
proférer	aussprechen	la parole	das Wort
proférer	aussprechen	la phrase	der Satz
programmer	programmieren	l'application	die Anwendung
programmer	programmieren	le logiciel	die Software
programmer	programmieren	le site	die Seite
progresser	fortschreiten	l'étude	das Studium
progresser	fortschreiten	le projet	das Projekt
progresser	fortschreiten	le travail	die Arbeit
prohiber	verbieten	l'acte	der Akt
prohiber	verbieten	la loi	das Gesetz
prohiber	verbieten	le produit	das Produkt
projeter	projizieren	l'idée	die Idee
projeter	projizieren	le film	der Film
projeter	projizieren	le plan	der Plan
prolonger	verlängern	le contrat	der Vertrag
prolonger	verlängern	le délai	die Frist
prolonger	verlängern	le séjour	der Aufenthalt
promener	spazieren	l'ami	der Freund
promener	spazieren	l'enfant	das Kind
promener	spazieren	le chien	der Hund
promettre	versprechen	l'aide	die Hilfe
promettre	versprechen	la chose	die Sache
promettre	versprechen	le soutien	die Unterstützung
promouvoir	fördern	l'idée	die Idee
promouvoir	fördern	le produit	das Produkt
promouvoir	fördern	le projet	das Projekt
promulguer	veröffentlichen	la loi	das Gesetz
promulguer	veröffentlichen	le décret	der Erlass
prononcer	aussprechen	la phrase	der Satz
prononcer	aussprechen	le mot	das Wort
prononcer	aussprechen	le nom	der Name
pronostiquer	prognostizieren	l'économie	die Wirtschaft
pronostiquer	prognostizieren	temps	die Zeit
propager	verbreiten	l'idée	die Idee
propager	verbreiten	l'information	die Information
propager	verbreiten	la maladie	die Krankheit
proposer	vorschlagen	l'idée	die Idee
proposer	vorschlagen	la solution	die Lösung
proposer	vorschlagen	le plan	der Plan
propulser	vorantreiben	le moteur	der Motor
propulser	vorantreiben	le véhicule	das Fahrzeug
proroger	verlängern	le contrat	der Vertrag
proroger	verlängern	le délai	die Frist
proroger	verlängern	le terme	der Begriff
proscrire	verbannen	la loi	das Gesetz
proscrire	verbannen	la pratique	die Praxis
proscrire	verbannen	le comportement	das Verhalten
prospérer	gedeihen	l'entreprise	die Firma
prospérer	gedeihen	l'économie	die Wirtschaft
prospérer	gedeihen	le marché	der Markt
prostituer	prostituieren	l'argent	das Geld
prostituer	prostituieren	le corps	der Körper
prostituer	prostituieren	le service	der Dienst
protester	protestieren	la cause	die Ursache
protester	protestieren	la décision	die Entscheidung
protester	protestieren	le droit	das Recht
protéger	schützen	l'enfant	das Kind
protéger	schützen	l'environnement	die Umwelt
prouver	beweisen	l'hypothèse	die Hypothese
prouver	beweisen	la thèse	die These
prouver	beweisen	le fait	die Tatsache
provenir	stammen	l'origine	der Ursprung
provenir	stammen	la source	die Quelle
provenir	stammen	le lieu	der Ort
provoquer	verursachen	la réaction	die Reaktion
provoquer	verursachen	le problème	das Problem
provoquer	verursachen	un changement	die Veränderung
précipiter	beschleunigen	l'événement	das Ereignis
précipiter	beschleunigen	le processus	der Prozess
précipiter	beschleunigen	un changement	die Veränderung
préciser	präzisieren	l'information	die Information
préciser	präzisieren	le détail	das Detail
préciser	präzisieren	le point	der Punkt
préconiser	empfehlen	l'approche	der Ansatz
préconiser	empfehlen	la méthode	die Methode
préconiser	empfehlen	la solution	die Lösung
précéder	vorangehen	l'étape	die Etappe
précéder	vorangehen	l'événement	das Ereignis
précéder	vorangehen	la personne	die Person
prédire	vorhersagen	l'avenir	die Zukunft
prédire	vorhersagen	l'événement	das Ereignis
prédire	vorhersagen	temps	die Zeit
prédisposer	vorbereiten	l'environnement	die Umwelt
prédisposer	vorbereiten	l'individu	das Individuum
prédisposer	vorbereiten	la situation	die Situation
préexister	vorhanden sein	l'élément	das Element
préexister	vorhanden sein	la condition	die Bedingung
préexister	vorhanden sein	la situation	die Situation
préfigurer	vorwegnehmen	l'événement	das Ereignis
préfigurer	vorwegnehmen	la tendance	der Trend
préfigurer	vorwegnehmen	un changement	die Veränderung
préférer	bevorzugen	l'activité	die Aktivität
préférer	bevorzugen	le choix	die Wahl
préférer	bevorzugen	le plat	das Gericht
prélever	entnehmen	l'argent	das Geld
prélever	entnehmen	l'échantillon	die Probe
préoccuper	beschäftigen	l'esprit	der Geist
préoccuper	beschäftigen	la personne	die Person
préoccuper	beschäftigen	la situation	die Situation
préparer	vorbereiten	l'événement	das Ereignis
préparer	vorbereiten	le repas	die Mahlzeit
présenter	vorstellen	l'idée	die Idee
présenter	vorstellen	la personne	die Person
présenter	vorstellen	le projet	das Projekt
préserver	bewahren	l'environnement	die Umwelt
préserver	bewahren	la culture	die Kultur
préserver	bewahren	le patrimoine	das Erbe
présider	vorsitzen	l'assemblée	die Versammlung
présider	vorsitzen	la réunion	das Treffen
présider	vorsitzen	le comité	das Komitee
présumer	annehmen	l'hypothèse	die Hypothese
présumer	annehmen	la situation	die Situation
présumer	annehmen	le fait	die Tatsache
présupposer	voraussetzen	l'hypothèse	die Hypothese
présupposer	voraussetzen	la condition	die Bedingung
présupposer	voraussetzen	la situation	die Situation
prétendre	behaupten	la situation	die Situation
prétendre	behaupten	la vérité	die Wahrheit
prétendre	behaupten	le droit	das Recht
prévaloir	vorherrschen	l'idée	die Idee
prévaloir	vorherrschen	l'opinion	die Meinung
prévaloir	vorherrschen	la tendance	der Trend
prévenir	warnen	le danger	die Gefahr
prévenir	warnen	le problème	das Problem
prévenir	warnen	le risque	das Risiko
prévoir	vorhersehen	l'événement	das Ereignis
prévoir	vorhersehen	la difficulté	die Schwierigkeit
prévoir	vorhersehen	un changement	die Veränderung
prêcher	predigen	la valeur	der Wert
prêcher	predigen	le message	die Nachricht
prêter	leihen	l'argent	das Geld
prêter	leihen	l'objet	der Gegenstand
prêter	leihen	le livre	das Buch
prôner	befürworten	l'idée	die Idee
prôner	befürworten	la valeur	der Wert
prôner	befürworten	le principe	das Prinzip
psalmodier	psalmodieren	la prière	das Gebet
psalmodier	psalmodieren	le chant	der Gesang
psalmodier	psalmodieren	le texte	der Text
publier	veröffentlichen	l'article	der Artikel
publier	veröffentlichen	le livre	das Buch
publier	veröffentlichen	le rapport	der Bericht
puiser	schöpfen	l'eau	das Wasser
puiser	schöpfen	l'inspiration	die Inspiration
pulvériser	zerstäuben	la matière	das Material
pulvériser	zerstäuben	la poudre	das Pulver
punir	bestrafen	l'enfant	das Kind
punir	bestrafen	la faute	der Fehler
punir	bestrafen	le délinquant	der Straftäter
pâlir	blass werden	la couleur	die Farbe
pâlir	blass werden	la peau	die Haut
pâlir	blass werden	le visage	das Gesicht
pâtir	leiden	la situation	die Situation
pédaler	radfahren	la route	die Straße
pédaler	radfahren	le vélo	das Fahrrad
pénaliser	bestrafen	l'enfant	das Kind
pénaliser	bestrafen	l'entreprise	die Firma
pénaliser	bestrafen	le joueur	der Spieler
pénétrer	eindringen	l'espace	der Raum
pénétrer	eindringen	le marché	der Markt
pénétrer	eindringen	le système	das System
pérenniser	dauerhaft machen	la relation	die Beziehung
pérenniser	dauerhaft machen	la situation	die Situation
pérenniser	dauerhaft machen	le projet	das Projekt
périr	sterben	l'animal	das Tier
périr	sterben	la personne	die Person
périr	sterben	la plante	die Pflanze
pétarader	knallen	le bruit	der Lärm
pétarader	knallen	le feu	das Feuer
pétarader	knallen	le moteur	der Motor
pétiller	sprudeln	l'eau	das Wasser
pétiller	sprudeln	la boisson	das Getränk
pétiller	sprudeln	le champagne	der Champagner
pétrifier	versteinen	l'objet	der Gegenstand
pétrifier	versteinen	la matière	das Material
pétrifier	versteinen	la pierre	der Stein
pétrir	kneten	l'argile	der Ton
pétrir	kneten	la pâte	der Teig
pétrir	kneten	le pain	das Brot
pêcher	fischen	la mer	das Meer
pêcher	fischen	le lac	der See
pêcher	fischen	le poisson	der Fisch
quadriller	unterteilen	l'espace	der Raum
quadriller	unterteilen	la carte	die Karte
quadriller	unterteilen	le plan	der Plan
qualifier	qualifizieren	l'équipe	die Mannschaft
qualifier	qualifizieren	le candidat	der Kandidat
qualifier	qualifizieren	le produit	das Produkt
quantifier	quantifizieren	l'élément	das Element
quantifier	quantifizieren	la donnée	die Angabe
quantifier	quantifizieren	la ressource	die Ressource
questionner	fragen	la personne	die Person
questionner	fragen	le sujet	das Thema
questionner	fragen	le thème	das Thema
quitter	verlassen	la maison	das Haus
quitter	verlassen	la salle	der Raum
quitter	verlassen	le travail	die Arbeit
rabaisser	herabsetzen	le niveau	das Niveau
rabaisser	herabsetzen	le prix	der Preis
rabaisser	herabsetzen	le statut	der Status
rabattre	umklappen	le siège	der Sitz
rabattre	umklappen	le toit	das Dach
rabattre	umklappen	le volet	der Fensterladen
raccompagner	begleiten	l'ami	der Freund
raccompagner	begleiten	l'invité	der Gast
raccompagner	begleiten	le client	der Kunde
raccorder	anschließen	l'appareil	das Gerät
raccorder	anschließen	le câble	das Kabel
raccorder	anschließen	le système	das System
raccourcir	verkürzen	le chemin	der Weg
raccourcir	verkürzen	le texte	der Text
raccourcir	verkürzen	le vêtement	das Kleidungsstück
raccrocher	auflegen	l'appel	der Aufruf
raccrocher	auflegen	la conversation	das Gespräch
raccrocher	auflegen	le téléphone	das Telefon
rachat	zurückkaufen	l'action	die Handlung
rachat	zurückkaufen	l'entreprise	die Firma
racketter	erpressen	l'argent	das Geld
racketter	erpressen	l'information	die Information
racketter	erpressen	la victime	das Opfer
raconter	erzählen	l'anecdote	die Anekdote
raconter	erzählen	l'histoire	die Geschichte
raconter	erzählen	l'événement	das Ereignis
radioguider	radioguiden	l'excursion	die Exkursion
radioguider	radioguiden	le groupe	der Gruppe
radioguider	radioguiden	le visiteur	der Besucher
raffiner	verfeinern	le processus	der Prozess
raffiner	verfeinern	le produit	das Produkt
rafraîchir	auffrischen	la boisson	das Getränk
rafraîchir	auffrischen	la mémoire	das Gedächtnis
rafraîchir	auffrischen	le look	der Look
rager	wüten	l'événement	das Ereignis
rager	wüten	la personne	die Person
rager	wüten	la situation	die Situation
railler	verspotten	l'idée	die Idee
railler	verspotten	la personne	die Person
railler	verspotten	la situation	die Situation
raisonner	überlegen	l'argument	das Argument
raisonner	überlegen	l'idée	die Idee
raisonner	überlegen	la situation	die Situation
rajouter	hinzufügen	l'information	die Information
rajouter	hinzufügen	l'élément	das Element
rajouter	hinzufügen	le détail	das Detail
ralentir	verlangsamen	la vitesse	die Geschwindigkeit
ralentir	verlangsamen	le mouvement	die Bewegung
ralentir	verlangsamen	le processus	der Prozess
rallier	vereinigen	l'équipe	die Mannschaft
rallier	vereinigen	le groupe	der Gruppe
rallier	vereinigen	le partisan	der Anhänger
rallonger	verlängern	le chemin	der Weg
rallonger	verlängern	le vêtement	das Kleidungsstück
rallonger	verlängern	temps	die Zeit
rallumer	wiederanzünden	la cigarette	die Zigarette
rallumer	wiederanzünden	la lampe	die Lampe
rallumer	wiederanzünden	le feu	das Feuer
ramasser	aufheben	le déchet	der Abfall
ramasser	aufheben	le jouet	das Spielzeug
ramasser	aufheben	le livre	das Buch
ramener	zurückbringen	l'ami	der Freund
ramener	zurückbringen	l'objet	der Gegenstand
ramer	rudern	la rivière	der Fluss
ramer	rudern	le bateau	das Boot
ramer	rudern	le lac	der See
ramper	kriechen	l'herbe	das Gras
ramper	kriechen	le sol	der Boden
ramper	kriechen	le terrain	das Gelände
ranger	aufräumen	la chambre	das Zimmer
ranger	aufräumen	le bureau	das Büro
ranger	aufräumen	le placard	der Schrank
ranimer	wiederbeleben	l'esprit	der Geist
ranimer	wiederbeleben	la flamme	die Flamme
ranimer	wiederbeleben	la personne	die Person
rapetisser	verkleinern	l'image	das Bild
rapetisser	verkleinern	l'objet	der Gegenstand
rapetisser	verkleinern	le vêtement	das Kleidungsstück
rappeler	erinnern	l'information	die Information
rappeler	erinnern	l'événement	das Ereignis
rappeler	erinnern	le nom	der Name
rapporter	bringen	l'information	die Information
rapporter	bringen	l'objet	der Gegenstand
rapporter	bringen	la nouvelle	die Nachricht
raser	rasieren	la barbe	der Bart
raser	rasieren	la tête	der Kopf
raser	rasieren	le visage	das Gesicht
rassasier	sättigen	l'appétit	der Appetit
rassasier	sättigen	la faim	der Hunger
rassasier	sättigen	le besoin	das Bedürfnis
rassembler	versammeln	le groupe	der Gruppe
rassurer	beruhigen	l'ami	der Freund
rassurer	beruhigen	l'enfant	das Kind
rassurer	beruhigen	la personne	die Person
rater	verpassen	l'examen	die Prüfung
rater	verpassen	l'occasion	die Gelegenheit
rater	verpassen	le train	der Zug
rattacher	anhängen	l'objet	der Gegenstand
rattacher	anhängen	la corde	das Seil
rattacher	anhängen	le document	das Dokument
rattraper	einholen	la personne	die Person
rattraper	einholen	le retard	die Verspätung
rattraper	einholen	temps	die Zeit
ravager	verwüsten	le territoire	das Gebiet
ravager	verwüsten	le village	das Dorf
ravir	entzücken	l'enfant	das Kind
ravir	entzücken	le public	das Publikum
ravir	entzücken	le visiteur	der Besucher
ravitailler	versorgen	l'avion	das Flugzeug
ravitailler	versorgen	la troupe	die Truppe
ravitailler	versorgen	le navire	das Schiff
raviver	wiederbeleben	l'intérêt	das Interesse
raviver	wiederbeleben	la flamme	die Flamme
rayonner	strahlen	la lumière	das Licht
rebeller	rebellieren	l'individu	das Individuum
rebeller	rebellieren	la société	die Gesellschaft
rebeller	rebellieren	le groupe	der Gruppe
rebondir	abprallen	l'objet	der Gegenstand
rebondir	abprallen	la balle	der Ball
rebondir	abprallen	la surface	die Oberfläche
reboucher	wieder verschließen	l'emballage	die Verpackung
reboucher	wieder verschließen	la bouteille	die Flasche
reboucher	wieder verschließen	le trou	das Loch
rebuter	abstoßen	l'idée	die Idee
rebuter	abstoßen	la personne	die Person
rebuter	abstoßen	une proposition	der Vorschlag
recaler	durchfallen	l'examen	die Prüfung
recaler	durchfallen	l'élève	der Schüler
recaler	durchfallen	le test	der Test
recevoir	erhalten	la lettre	der Brief
recevoir	erhalten	le cadeau	das Geschenk
recevoir	erhalten	le message	die Nachricht
recharger	aufladen	l'appareil	das Gerät
recharger	aufladen	la batterie	die Batterie
recharger	aufladen	le téléphone	das Telefon
rechercher	suchen	l'information	die Information
rechercher	suchen	l'objet	der Gegenstand
rechercher	suchen	la solution	die Lösung
reclure	reklamieren	la facture	die Rechnung
reclure	reklamieren	le produit	das Produkt
reclure	reklamieren	le service	der Dienst
recommander	empfehlen	le film	der Film
recommander	empfehlen	le livre	das Buch
recommander	empfehlen	le restaurant	das Restaurant
recommencer	wieder anfangen	l'activité	die Aktivität
recommencer	wieder anfangen	le projet	das Projekt
recommencer	wieder anfangen	le travail	die Arbeit
recomposer	neu zusammensetzen	l'image	das Bild
recomposer	neu zusammensetzen	l'équipe	die Mannschaft
recomposer	neu zusammensetzen	le texte	der Text
reconduire	zurückbringen	l'ami	der Freund
reconduire	zurückbringen	l'enfant	das Kind
reconduire	zurückbringen	la personne	die Person
reconnaître	erkennen	la chanson	das Lied
reconnaître	erkennen	la personne	die Person
reconnaître	erkennen	le lieu	der Ort
reconquérir	zurückgewinnen	la confiance	das Vertrauen
reconquérir	zurückgewinnen	le marché	der Markt
reconquérir	zurückgewinnen	le territoire	das Gebiet
reconstituer	rekonstruieren	l'histoire	die Geschichte
reconstituer	rekonstruieren	l'image	das Bild
reconstituer	rekonstruieren	l'équipe	die Mannschaft
reconstruire	wiederaufbauen	l'économie	die Wirtschaft
reconstruire	wiederaufbauen	la maison	das Haus
reconstruire	wiederaufbauen	le pont	die Brücke
recopier	abschreiben	la note	die Note
recopier	abschreiben	le texte	der Text
recorriger	korrigieren	l'erreur	der Fehler
recorriger	korrigieren	le document	das Dokument
recorriger	korrigieren	le texte	der Text
recoucher	wieder ins Bett gehen	l'oreiller	das Kissen
recoucher	wieder ins Bett gehen	le lit	das Bett
recoudre	wieder nähen	la couture	die Schneiderei
recoudre	wieder nähen	le tissu	der Stoff
recoudre	wieder nähen	le vêtement	das Kleidungsstück
recourir	auf etwas zurückgreifen	à l'aide	die Hilfe
recourir	auf etwas zurückgreifen	à la ressource	die Ressource
recourir	auf etwas zurückgreifen	à la solution	die Lösung
recouvrir	bedecken	la couche	die Schicht
recouvrir	bedecken	la table	der Tisch
recouvrir	bedecken	le mur	die Wand
recruter	rekrutieren	l'employé	der Angestellte
recruter	rekrutieren	l'équipe	die Mannschaft
recruter	rekrutieren	le candidat	der Kandidat
recréer	neu schaffen	l'ambiance	die Stimmung
recréer	neu schaffen	l'espace	der Raum
recréer	neu schaffen	l'œuvre	das Werk
reculer	zurückgehen	la situation	die Situation
reculer	zurückgehen	temps	die Zeit
recycler	recyceln	le papier	das Papier
recycler	recyceln	le plastique	der Kunststoff
redescendre	herunterkommen	l'escalier	die Treppe
redescendre	herunterkommen	la montagne	der Berg
redescendre	herunterkommen	la route	die Straße
redevenir	wieder werden	l'état	der Zustand
redevenir	wieder werden	la personne	die Person
redevenir	wieder werden	la situation	die Situation
redire	wieder sagen	la chose	die Sache
redire	wieder sagen	la phrase	der Satz
redire	wieder sagen	le message	die Nachricht
redistribuer	umverteilen	l'aide	die Hilfe
redistribuer	umverteilen	la richesse	der Reichtum
redonner	zurückgeben	l'argent	das Geld
redonner	zurückgeben	l'objet	der Gegenstand
redonner	zurückgeben	le cadeau	das Geschenk
redoubler	wiederholen	l'année	das Jahr
redoubler	wiederholen	l'examen	die Prüfung
redoubler	wiederholen	la classe	die Klasse
redouter	fürchten	l'échec	der Misserfolg
redouter	fürchten	la perte	der Verlust
redouter	fürchten	le danger	die Gefahr
redresser	aufrichten	l'image	das Bild
redresser	aufrichten	la situation	die Situation
redresser	aufrichten	la table	der Tisch
redécouvrir	wiederentdecken	la culture	die Kultur
redécouvrir	wiederentdecken	le lieu	der Ort
redécouvrir	wiederentdecken	le passé	die Vergangenheit
refaire	wieder machen	le projet	das Projekt
refaire	wieder machen	le travail	die Arbeit
refermer	wieder schließen	la fenêtre	das Fenster
refermer	wieder schließen	la porte	die Tür
refermer	wieder schließen	le livre	das Buch
refiler	weitergeben	l'information	die Information
refiler	weitergeben	l'objet	der Gegenstand
refiler	weitergeben	la tâche	die Aufgabe
refléter	reflektieren	l'image	das Bild
refléter	reflektieren	la lumière	das Licht
refléter	reflektieren	la pensée	der Gedanke
reformer	reformieren	l'éducation	die Bildung
reformer	reformieren	la loi	das Gesetz
reformer	reformieren	le système	das System
reformuler	umformulieren	l'idée	die Idee
reformuler	umformulieren	la phrase	der Satz
reformuler	umformulieren	la question	die Frage
refouler	unterdrücken	l'émotion	die Emotion
refouler	unterdrücken	la pensée	der Gedanke
refouler	unterdrücken	le sentiment	das Gefühl
refroidir	abkühlen	la boisson	das Getränk
refroidir	abkühlen	la soupe	die Suppe
refroidir	abkühlen	le plat	das Gericht
refuser	ablehnen	l'invitation	die Einladung
refuser	ablehnen	l'offre	das Angebot
refuser	ablehnen	la demande	die Anfrage
regagner	zurückgewinnen	la confiance	das Vertrauen
regagner	zurückgewinnen	le territoire	das Gebiet
regagner	zurückgewinnen	temps	die Zeit
regarder	sehen	la télévision	das Fernsehen
regarder	sehen	le film	der Film
regarder	sehen	le spectacle	das Schauspiel
regretter	bedauern	l'erreur	der Fehler
regretter	bedauern	la situation	die Situation
regretter	bedauern	le choix	die Wahl
rehausser	erhöhen	la qualité	die Qualität
rehausser	erhöhen	le niveau	das Niveau
rehausser	erhöhen	le prix	der Preis
rejaillir	wieder sprudeln	l'eau	das Wasser
rejaillir	wieder sprudeln	la fontaine	der Brunnen
rejaillir	wieder sprudeln	la source	die Quelle
rejeter	ablehnen	l'idée	die Idee
rejeter	ablehnen	la demande	die Anfrage
rejeter	ablehnen	une proposition	der Vorschlag
rejoindre	beitreten	l'équipe	die Mannschaft
rejoindre	beitreten	la conversation	das Gespräch
rejoindre	beitreten	le groupe	der Gruppe
relancer	wiederbeleben	l'économie	die Wirtschaft
relancer	wiederbeleben	la discussion	die Diskussion
relancer	wiederbeleben	le projet	das Projekt
relater	berichten	l'histoire	die Geschichte
relater	berichten	l'événement	das Ereignis
relater	berichten	le fait	die Tatsache
relever	erheben	la tâche	die Aufgabe
relever	erheben	le défi	die Herausforderung
relever	erheben	le niveau	das Niveau
relier	verbinden	deux	zwei
relire	wiederlesen	le document	das Dokument
relire	wiederlesen	le livre	das Buch
relire	wiederlesen	le texte	der Text
reloger	umquartieren	la famille	die Familie
reloger	umquartieren	la personne	die Person
reloger	umquartieren	le locataire	der Mieter
relâcher	freilassen	l'animal	das Tier
relâcher	freilassen	la pression	der Druck
relâcher	freilassen	le prisonnier	der Gefangene
reléguer	verweisen	la personne	die Person
reléguer	verweisen	la situation	die Situation
reléguer	verweisen	le dossier	die Akte
remarier	wieder heiraten	l'épouse	die Ehefrau
remarier	wieder heiraten	l'époux	der Ehemann
remarier	wieder heiraten	le partenaire	der Partner
remarquer	bemerken	l'erreur	der Fehler
remarquer	bemerken	le détail	das Detail
remarquer	bemerken	un changement	die Veränderung
rembourser	erstatten	l'argent	das Geld
rembourser	erstatten	la dette	die Schuld
remercier	danken	pour l'aide	die Hilfe
remercier	danken	l'ami	der Freund
remercier	danken	le collègue	der Kollege
remettre	zurückgeben	l'objet	der Gegenstand
remettre	zurückgeben	la clé	der Schlüssel
remettre	zurückgeben	le document	das Dokument
remiser	einlagern	l'équipement	die Ausrüstung
remiser	einlagern	le meuble	das Möbel
remiser	einlagern	le véhicule	das Fahrzeug
remonter	wieder hochgehen	la montagne	der Berg
remonter	wieder hochgehen	le chemin	der Weg
remplacer	ersetzen	l'objet	der Gegenstand
remplacer	ersetzen	la personne	die Person
remplacer	ersetzen	le produit	das Produkt
remplier	füllen	la bouteille	die Flasche
remplier	füllen	le formulaire	das Formular
remplier	füllen	le sac	die Tasche
remplir	füllen	la bouteille	die Flasche
remplir	füllen	le formulaire	das Formular
remporter	gewinnen	la compétition	der Wettbewerb
remporter	gewinnen	le prix	der Preis
remporter	gewinnen	le trophée	der Pokal
remuer	rühren	la soupe	die Suppe
remuer	rühren	le mélange	die Mischung
remédier	beheben	l'erreur	der Fehler
remédier	beheben	la situation	die Situation
remédier	beheben	le problème	das Problem
renaître	wiedergeboren	l'espoir	die Hoffnung
renaître	wiedergeboren	l'idée	die Idee
renaître	wiedergeboren	le projet	das Projekt
renchérir	erhöhen	la valeur	der Wert
renchérir	erhöhen	le coût	die Kosten
renchérir	erhöhen	le prix	der Preis
rencontrer	treffen	l'ami	der Freund
rencontrer	treffen	la personne	die Person
rencontrer	treffen	le collègue	der Kollege
rendre	zurückgeben	l'objet	der Gegenstand
rendre	zurückgeben	le livre	das Buch
rendre	zurückgeben	le service	der Dienst
renfermer	einschließen	l'information	die Information
renfermer	einschließen	l'objet	der Gegenstand
renfermer	einschließen	le secret	das Geheimnis
renforcer	verstärken	l'équipe	die Mannschaft
renforcer	verstärken	la position	die Position
renforcer	verstärken	la sécurité	die Sicherheit
renfrogner	schmollen	l'enfant	das Kind
renfrogner	schmollen	la personne	die Person
renfrogner	schmollen	le visage	das Gesicht
rengainer	einstecken	l'arme	die Waffe
rengainer	einstecken	le couteau	das Messer
rengainer	einstecken	une épée	das Schwert
renier	leugnen	la relation	die Beziehung
renier	leugnen	la responsabilité	die Verantwortung
renier	leugnen	le fait	die Tatsache
renoncer	verzichten	à l'avantage	der Vorteil
renoncer	verzichten	au choix	die Wahl
renoncer	verzichten	au droit	das Recht
renouer	wiederherstellen	la relation	die Beziehung
renouer	wiederherstellen	le contact	der Kontakt
renouer	wiederherstellen	le lien	die Verbindung
renouveler	erneuern	l'abonnement	das Abonnement
renouveler	erneuern	le contrat	der Vertrag
renouveler	erneuern	le permis	die Erlaubnis
renseigner	informieren	l'information	die Information
renseigner	informieren	la personne	die Person
renseigner	informieren	le document	das Dokument
rentrer	zurückkehren	l'école	die Schule
rentrer	zurückkehren	la maison	das Haus
rentrer	zurückkehren	le travail	die Arbeit
renverser	umkippen	la situation	die Situation
renverser	umkippen	le verre	das Glas
renverser	umkippen	le véhicule	das Fahrzeug
renvoyer	entlassen	l'employé	der Angestellte
renvoyer	entlassen	la lettre	der Brief
renvoyer	entlassen	le travail	die Arbeit
reparaître	wieder erscheinen	l'objet	der Gegenstand
reparaître	wieder erscheinen	la personne	die Person
reparaître	wieder erscheinen	le phénomène	das Phänomen
reparler	wieder sprechen	la question	die Frage
reparler	wieder sprechen	le problème	das Problem
reparler	wieder sprechen	le sujet	das Thema
repartir	wieder gehen	la maison	das Haus
repartir	wieder gehen	la route	die Straße
repartir	wieder gehen	le voyage	die Reise
repasser	bügeln	la chemise	das Hemd
repasser	bügeln	le linge	die Wäsche
repasser	bügeln	le pantalon	die Hose
repeigner	kämmen	la barbe	der Bart
repense	überdenken	la décision	die Entscheidung
repense	überdenken	la situation	die Situation
repense	überdenken	la stratégie	die Strategie
replacer	ersetzen	l'objet	der Gegenstand
replacer	ersetzen	l'élément	das Element
replacer	ersetzen	la personne	die Person
replanter	wieder pflanzen	l'arbre	der Baum
replanter	wieder pflanzen	la fleur	die Blume
replanter	wieder pflanzen	la plante	die Pflanze
replier	falten	le drapeau	die Flagge
replier	falten	le papier	das Papier
replier	falten	le vêtement	das Kleidungsstück
reposer	ausruhen	l'esprit	der Geist
reposer	ausruhen	le corps	der Körper
reposer	ausruhen	le moment	der Moment
repousser	zurückdrängen	l'attaque	der Angriff
repousser	zurückdrängen	l'ennemi	der Feind
repousser	zurückdrängen	le problème	das Problem
reprendre	wieder aufnehmen	l'activité	die Aktivität
reprendre	wieder aufnehmen	la conversation	das Gespräch
reprendre	wieder aufnehmen	le travail	die Arbeit
reprocher	vorwerfen	l'action	die Handlung
reprocher	vorwerfen	l'erreur	der Fehler
reprocher	vorwerfen	le comportement	das Verhalten
reproduire	wiederholen	l'image	das Bild
reproduire	wiederholen	le texte	der Text
représenter	darstellen	l'idée	die Idee
représenter	darstellen	la situation	die Situation
représenter	darstellen	le personnage	die Figur
repérer	lokalisieren	l'endroit	der Ort
repérer	lokalisieren	l'objet	der Gegenstand
repérer	lokalisieren	la personne	die Person
repêcher	wiederholen	l'examen	die Prüfung
repêcher	wiederholen	l'information	die Information
repêcher	wiederholen	l'objet	der Gegenstand
requérir	erfordern	l'effort	der Aufwand
requérir	erfordern	la ressource	die Ressource
requérir	erfordern	temps	die Zeit
resonger	wieder nachdenken	l'idée	die Idee
resonger	wieder nachdenken	la situation	die Situation
resonger	wieder nachdenken	le projet	das Projekt
respirer	atmen	l'air	die Luft
respirer	atmen	l'atmosphère	die Atmosphäre
respirer	atmen	une odeur	der Geruch
resplendir	strahlen	la beauté	die Schönheit
resplendir	strahlen	la lumière	das Licht
resplendir	strahlen	le soleil	die Sonne
ressembler	ähneln	à l'image	das Bild
ressembler	ähneln	à la personne	die Person
ressembler	ähneln	au style	der Stil
ressentir	fühlen	l'émotion	die Emotion
ressentir	fühlen	la douleur	der Schmerz
ressentir	fühlen	la joie	die Freude
resserrer	straffen	la ceinture	der Gürtel
resserrer	straffen	le contrôle	die Kontrolle
resserrer	straffen	le vêtement	das Kleidungsstück
ressortir	herauskommen	l'information	die Information
ressortir	herauskommen	l'objet	der Gegenstand
ressortir	herauskommen	le document	das Dokument
restaurer	restaurieren	l'objet	der Gegenstand
restaurer	restaurieren	le bâtiment	das Gebäude
restaurer	restaurieren	le tableau	die Tafel
rester	bleiben	l'endroit	der Ort
rester	bleiben	la maison	das Haus
rester	bleiben	temps	die Zeit
restituer	zurückgeben	l'objet	der Gegenstand
restituer	zurückgeben	le droit	das Recht
restreindre	einschränken	l'accès	der Zugang
restreindre	einschränken	la liberté	die Freiheit
restreindre	einschränken	le choix	die Wahl
restructurer	umstrukturieren	l'entreprise	die Firma
restructurer	umstrukturieren	l'organisation	die Organisation
restructurer	umstrukturieren	le projet	das Projekt
resurgir	wieder auftauchen	la situation	die Situation
resurgir	wieder auftauchen	le problème	das Problem
retarder	verzögern	la réunion	das Treffen
retarder	verzögern	le projet	das Projekt
retarder	verzögern	le vol	der Flug
retenir	behalten	l'information	die Information
retenir	behalten	le nom	der Name
retentir	hallen	l'écho	das Echo
retentir	hallen	la voix	die Stimme
retirer	entfernen	l'objet	der Gegenstand
retirer	entfernen	le papier	das Papier
retirer	entfernen	le vêtement	das Kleidungsstück
retomber	wieder fallen	l'objet	der Gegenstand
retomber	wieder fallen	la neige	der Schnee
retomber	wieder fallen	la pluie	der Regen
retourner	zurückkehren	l'endroit	der Ort
retourner	zurückkehren	l'objet	der Gegenstand
retourner	zurückkehren	la maison	das Haus
retracer	nachzeichnen	l'histoire	die Geschichte
retracer	nachzeichnen	l'événement	das Ereignis
retracer	nachzeichnen	le chemin	der Weg
retraiter	rückziehen	l'offre	das Angebot
retraiter	rückziehen	la demande	die Anfrage
retraiter	rückziehen	une proposition	der Vorschlag
retransmettre	übertragen	l'information	die Information
retransmettre	übertragen	le message	die Nachricht
retransmettre	übertragen	le signal	das Signal
retravailler	überarbeiten	le document	das Dokument
retravailler	überarbeiten	le projet	das Projekt
retravailler	überarbeiten	le texte	der Text
retrousser	hochschlagen	la jupe	der Rock
retrousser	hochschlagen	la manche	der Ärmel
retrousser	hochschlagen	le pantalon	die Hose
retrouver	wiederfinden	l'ami	der Freund
retrouver	wiederfinden	l'objet	der Gegenstand
retrouver	wiederfinden	la clé	der Schlüssel
revendiquer	beanspruchen	la victime	das Opfer
revendiquer	beanspruchen	le droit	das Recht
revendiquer	beanspruchen	le territoire	das Gebiet
revendre	weiterverkaufen	l'article	der Artikel
revendre	weiterverkaufen	le produit	das Produkt
revenir	kommen	jour	der Tag
revenir	kommen	la maison	das Haus
revenir	kommen	temps	die Zeit
reverser	umkehren	la décision	die Entscheidung
reverser	umkehren	la situation	die Situation
reverser	umkehren	la tendance	der Trend
revigorer	beleben	l'ambiance	die Stimmung
revigorer	beleben	l'équipe	die Mannschaft
revigorer	beleben	le projet	das Projekt
revisiter	neu besuchen	l'endroit	der Ort
revisiter	neu besuchen	la ville	die Stadt
revisiter	neu besuchen	le musée	das Museum
revitaliser	revitalisieren	l'économie	die Wirtschaft
revitaliser	revitalisieren	la communauté	die Gemeinschaft
revitaliser	revitalisieren	le projet	das Projekt
revivre	wieder leben	l'expérience	die Erfahrung
revivre	wieder leben	le moment	der Moment
revoir	wiedersehen	l'ami	der Freund
revoir	wiedersehen	l'endroit	der Ort
revoir	wiedersehen	la famille	die Familie
revêtir	anziehen	le costume	der Anzug
revêtir	anziehen	le manteau	der Mantel
revêtir	anziehen	le vêtement	das Kleidungsstück
rider	reiten	la selle	der Sattel
rider	reiten	le cheval	das Pferd
rider	reiten	le poney	das Pony
ridiculiser	lächerlich machen	la personne	die Person
ridiculiser	lächerlich machen	la situation	die Situation
ridiculiser	lächerlich machen	le comportement	das Verhalten
rigoler	lachen	l'ami	der Freund
rigoler	lachen	la blague	der Witz
rigoler	lachen	la situation	die Situation
rincer	spülen	la bouche	der Mund
rincer	spülen	la vaisselle	das Geschirr
rire	lachen	l'enfant	das Kind
rire	lachen	la blague	der Witz
rire	lachen	la situation	die Situation
risquer	riskieren	l'échec	der Misserfolg
risquer	riskieren	la perte	der Verlust
rivaliser	konkurrieren	le marché	der Markt
roder	abfahren	la route	die Straße
roder	abfahren	le chemin	der Weg
roder	abfahren	le sentier	der Pfad
romancer	romantisieren	l'histoire	die Geschichte
romancer	romantisieren	la relation	die Beziehung
romancer	romantisieren	la situation	die Situation
rompre	brechen	la relation	die Beziehung
rompre	brechen	le contrat	der Vertrag
rompre	brechen	le silence	die Stille
ronronner	schnurren	la musique	die Musik
ronronner	schnurren	le chat	die Katze
ronronner	schnurren	le moteur	der Motor
roser	rosen	la fleur	die Blume
roser	rosen	la plante	die Pflanze
roser	rosen	le jardin	der Garten
roter	rülpsen	la boisson	das Getränk
roter	rülpsen	la nourriture	die Nahrung
roter	rülpsen	le repas	die Mahlzeit
rougir	erröten	la peau	die Haut
rougir	erröten	la situation	die Situation
rougir	erröten	le visage	das Gesicht
rouler	rollen	la roue	das Rad
rouler	rollen	le boulon	der Bolzen
rouler	rollen	le véhicule	das Fahrzeug
rouvrir	wieder öffnen	la porte	die Tür
rouvrir	wieder öffnen	le bureau	das Büro
rouvrir	wieder öffnen	le magasin	der Laden
ruer	stürmen	la troupe	die Truppe
ruer	stürmen	le cheval	das Pferd
ruer	stürmen	le groupe	der Gruppe
ruiner	ruinieren	l'entreprise	die Firma
ruiner	ruinieren	la relation	die Beziehung
ruiner	ruinieren	le projet	das Projekt
ruser	tricksen	l'astuce	der Trick
ruser	tricksen	la stratégie	die Strategie
ruser	tricksen	le plan	der Plan
rythmer	rhythmisch gestalten	l'activité	die Aktivität
rythmer	rhythmisch gestalten	la danse	der Tanz
rythmer	rhythmisch gestalten	la musique	die Musik
râler	meckern	la situation	die Situation
râler	meckern	le service	der Dienst
râler	meckern	temps	die Zeit
réactiver	reaktivieren	la fonction	die Funktion
réactiver	reaktivieren	le compte	das Konto
réactiver	reaktivieren	le service	der Dienst
réadapter	neu anpassen	l'approche	der Ansatz
réadapter	neu anpassen	la méthode	die Methode
réadapter	neu anpassen	le système	das System
réaffirmer	wieder bekräftigen	l'engagement	das Engagement
réaffirmer	wieder bekräftigen	la déclaration	die Erklärung
réaffirmer	wieder bekräftigen	la position	die Position
réagir	reagieren	l'événement	das Ereignis
réagir	reagieren	la situation	die Situation
réagir	reagieren	une proposition	der Vorschlag
réaliser	realisieren	l'idée	die Idee
réaliser	realisieren	le projet	das Projekt
réaliser	realisieren	le rêve	der Traum
réaménager	umgestalten	l'espace	der Raum
réaménager	umgestalten	la maison	das Haus
réaménager	umgestalten	le bureau	das Büro
réapparaître	wieder erscheinen	l'objet	der Gegenstand
réapparaître	wieder erscheinen	la personne	die Person
réapparaître	wieder erscheinen	le phénomène	das Phänomen
réapprendre	wieder lernen	la compétence	die Kompetenz
réapprendre	wieder lernen	la langue	die Sprache
réapprendre	wieder lernen	la leçon	die Lektion
réapprovisionner	nachliefern	la marchandise	die Ware
réapprovisionner	nachliefern	le produit	das Produkt
réapprovisionner	nachliefern	le stock	der Bestand
réassortir	neu sortieren	le magasin	der Laden
réassortir	neu sortieren	le produit	das Produkt
réassortir	neu sortieren	le rayon	der Strahl
réchauffer	wärmen	l'eau	das Wasser
réchauffer	wärmen	la maison	das Haus
réchauffer	wärmen	la nourriture	die Nahrung
récidiver	rückfällig werden	l'acte	der Akt
récidiver	rückfällig werden	le comportement	das Verhalten
récidiver	rückfällig werden	le crime	das Verbrechen
réciter	rezitieren	la chanson	das Lied
réciter	rezitieren	le poème	das Gedicht
réciter	rezitieren	le texte	der Text
réclamer	fordern	l'attention	die Aufmerksamkeit
réclamer	fordern	le droit	das Recht
réclamer	fordern	un salaire	das Gehalt
récolter	ernten	la récompense	die Belohnung
récompenser	belohnen	l'effort	der Aufwand
récompenser	belohnen	la réussite	der Erfolg
récompenser	belohnen	le travail	die Arbeit
réconcilier	versöhnen	le conflit	der Konflikt
récupérer	wiederbekommen	l'objet	der Gegenstand
récuser	ablehnen	l'offre	das Angebot
récuser	ablehnen	la demande	die Anfrage
récuser	ablehnen	une proposition	der Vorschlag
rédiger	verfassen	l'article	der Artikel
rédiger	verfassen	la lettre	der Brief
rédiger	verfassen	le texte	der Text
réduire	reduzieren	le coût	die Kosten
réduire	reduzieren	le risque	das Risiko
réduire	reduzieren	temps	die Zeit
réentendre	wieder hören	la chanson	das Lied
réentendre	wieder hören	la voix	die Stimme
réentendre	wieder hören	le message	die Nachricht
réfléchir	nachdenken	à l'idée	die Idee
réfléchir	nachdenken	à la situation	die Situation
réfléchir	nachdenken	au problème	das Problem
réfugier	unterbringen	l'animal	das Tier
réfugier	unterbringen	la famille	die Familie
réfugier	unterbringen	la personne	die Person
référencer	referenzieren	la source	die Quelle
référencer	referenzieren	le document	das Dokument
référencer	referenzieren	le site	die Seite
référer	verweisen	la personne	die Person
référer	verweisen	la source	die Quelle
référer	verweisen	le document	das Dokument
régaler	verwöhnen	l'enfant	das Kind
régaler	verwöhnen	l'invité	der Gast
régaler	verwöhnen	le client	der Kunde
régir	regeln	la loi	das Gesetz
régir	regeln	la relation	die Beziehung
régir	regeln	la situation	die Situation
réglementer	regeln	la loi	das Gesetz
réglementer	regeln	la norme	die Norm
réglementer	regeln	la procédure	das Verfahren
régler	regeln	la facture	die Rechnung
régler	regeln	le détail	das Detail
régler	regeln	le problème	das Problem
régner	regieren	la loi	das Gesetz
régner	regieren	le monarque	der Monarch
régner	regieren	le pays	das Land
régresser	rückschreiten	l'économie	die Wirtschaft
régresser	rückschreiten	la situation	die Situation
régresser	rückschreiten	le niveau	das Niveau
régulariser	regulieren	la loi	das Gesetz
régulariser	regulieren	la situation	die Situation
régulariser	regulieren	le processus	der Prozess
réguler	regulieren	le flux	der Fluss
réguler	regulieren	le processus	der Prozess
réguler	regulieren	le système	das System
régénérer	regenerieren	l'organisme	das Organismus
régénérer	regenerieren	la cellule	die Zelle
régénérer	regenerieren	le tissu	der Stoff
réhabiliter	rehabilitieren	le bâtiment	das Gebäude
réhabiliter	rehabilitieren	le quartier	das Viertel
réhabiliter	rehabilitieren	le terrain	das Gelände
réhabituer	wieder gewöhnen	l'animal	das Tier
réhabituer	wieder gewöhnen	l'enfant	das Kind
réhabituer	wieder gewöhnen	la personne	die Person
réinscrire	wieder einschreiben	l'étudiant	der Student
réinscrire	wieder einschreiben	le programme	das Programm
réinstaller	neu installieren	l'application	die Anwendung
réinstaller	neu installieren	le logiciel	die Software
réinstaller	neu installieren	le système	das System
réintroduire	wieder einführen	la loi	das Gesetz
réintroduire	wieder einführen	le concept	das Konzept
réintroduire	wieder einführen	le produit	das Produkt
réintégrer	wieder eingliedern	l'équipe	die Mannschaft
réintégrer	wieder eingliedern	la personne	die Person
réintégrer	wieder eingliedern	le groupe	der Gruppe
réinventer	neu erfinden	le concept	das Konzept
réinventer	neu erfinden	le produit	das Produkt
réinventer	neu erfinden	le service	der Dienst
réjouir	erfreuen	l'ami	der Freund
réjouir	erfreuen	l'enfant	das Kind
réjouir	erfreuen	la famille	die Familie
rémunérer	vergüten	l'employé	der Angestellte
rémunérer	vergüten	le service	der Dienst
rémunérer	vergüten	le travail	die Arbeit
rénover	renovieren	l'appartement	die Wohnung
rénover	renovieren	la maison	das Haus
réorganiser	neu organisieren	l'événement	das Ereignis
réorganiser	neu organisieren	le bureau	das Büro
réorganiser	neu organisieren	le projet	das Projekt
répandre	verbreiten	l'information	die Information
répandre	verbreiten	le bruit	der Lärm
répandre	verbreiten	une odeur	der Geruch
réparer	reparieren	l'appareil	das Gerät
réparer	reparieren	la voiture	das Auto
réparer	reparieren	le dommage	der Schaden
répercuter	widerhallen	l'impact	der Einfluss
répercuter	widerhallen	l'écho	das Echo
répertorier	verzeichnen	l'information	die Information
répertorier	verzeichnen	l'objet	der Gegenstand
répertorier	verzeichnen	le document	das Dokument
répliquer	entgegnen	l'argument	das Argument
répliquer	entgegnen	la question	die Frage
répliquer	entgegnen	la réponse	die Antwort
répondre	antworten	à la demande	die Anfrage
répondre	antworten	à la question	die Frage
répondre	antworten	au message	die Nachricht
réprimander	tadeln	l'employé	der Angestellte
réprimander	tadeln	l'enfant	das Kind
réprimander	tadeln	l'élève	der Schüler
réprimer	unterdrücken	l'émotion	die Emotion
réprimer	unterdrücken	la révolte	die Revolte
réprimer	unterdrücken	le comportement	das Verhalten
réprouver	verurteilen	l'acte	der Akt
réprouver	verurteilen	l'idée	die Idee
réprouver	verurteilen	le comportement	das Verhalten
réputer	annehmen	l'idée	die Idee
réputer	annehmen	l'opinion	die Meinung
réputer	annehmen	la théorie	die Theorie
répéter	wiederholen	l'exercice	die Übung
répéter	wiederholen	la phrase	der Satz
réserver	reservieren	la chambre	das Zimmer
réserver	reservieren	la table	der Tisch
réserver	reservieren	le billet	das Ticket
résider	wohnen	la maison	das Haus
résider	wohnen	la ville	die Stadt
résider	wohnen	le pays	das Land
résigner	kündigen	l'emploi	die Anstellung
résigner	kündigen	le contrat	der Vertrag
résigner	kündigen	le poste	der Posten
résister	widerstehen	à l'attaque	der Angriff
résister	widerstehen	à la pression	der Druck
résister	widerstehen	à la tentation	die Versuchung
résonner	erklingen	la musique	die Musik
résonner	erklingen	la voix	die Stimme
résorber	auflösen	la situation	die Situation
résorber	auflösen	la tension	die Spannung
résorber	auflösen	le problème	das Problem
résoudre	lösen	la situation	die Situation
résoudre	lösen	le conflit	der Konflikt
résoudre	lösen	le problème	das Problem
résulter	resultieren	l'effet	der Effekt
résulter	resultieren	le résultat	das Ergebnis
résulter	resultieren	une conséquence	die Konsequenz
résumer	zusammenfassen	l'article	der Artikel
résumer	zusammenfassen	le rapport	der Bericht
résumer	zusammenfassen	le texte	der Text
rétablir	wiederherstellen	l'ordre	die Ordnung
rétablir	wiederherstellen	la relation	die Beziehung
rétablir	wiederherstellen	la situation	die Situation
rétamer	retamieren	la boîte	die Box
rétorquer	entgegnen	l'argument	das Argument
rétorquer	entgegnen	l'objection	der Einwand
rétorquer	entgegnen	la réponse	die Antwort
rétracter	zurückziehen	l'offre	das Angebot
rétracter	zurückziehen	la déclaration	die Erklärung
rétracter	zurückziehen	la promesse	das Versprechen
rétribuer	vergüten	l'effort	der Aufwand
rétribuer	vergüten	le service	der Dienst
rétribuer	vergüten	le travail	die Arbeit
rétrécir	verkleinern	l'espace	der Raum
rétrécir	verkleinern	l'image	das Bild
rétrécir	verkleinern	le vêtement	das Kleidungsstück
réunir	versammeln	la famille	die Familie
réunir	versammeln	le groupe	der Gruppe
réussir	erfolgreich sein	l'examen	die Prüfung
réussir	erfolgreich sein	l'objectif	das Ziel
réussir	erfolgreich sein	le projet	das Projekt
réutiliser	wiederverwenden	l'objet	der Gegenstand
réutiliser	wiederverwenden	la ressource	die Ressource
réutiliser	wiederverwenden	le matériau	das Material
réveiller	wecken	l'animal	das Tier
réveiller	wecken	l'enfant	das Kind
réveiller	wecken	la personne	die Person
réviser	überarbeiten	le document	das Dokument
réviser	überarbeiten	le plan	der Plan
réviser	überarbeiten	le texte	der Text
révolter	revoltiert	l'opinion	die Meinung
révolter	revoltiert	la population	die Bevölkerung
révolter	revoltiert	la situation	die Situation
révolutionner	revolutionieren	la technologie	die Technologie
révolutionner	revolutionieren	le marché	der Markt
révolutionner	revolutionieren	le secteur	der Sektor
révéler	offenbaren	l'information	die Information
révéler	offenbaren	la vérité	die Wahrheit
révéler	offenbaren	le secret	das Geheimnis
réécrire	neu schreiben	l'histoire	die Geschichte
réécrire	neu schreiben	la lettre	der Brief
réécrire	neu schreiben	le texte	der Text
rééditer	neu herausgeben	l'album	das Album
rééditer	neu herausgeben	l'article	der Artikel
rééditer	neu herausgeben	le livre	das Buch
rêvasser	träumen	le moment	der Moment
rêver	träumen	de l'aventure	das Abenteuer
rêver	träumen	de l'idée	die Idee
rêver	träumen	la nuit	die Nacht
rôder	herumstreifen	l'endroit	der Ort
rôder	herumstreifen	la rue	die Straße
rôder	herumstreifen	le quartier	das Viertel
rôtir	braten	la viande	das Fleisch
rôtir	braten	le poulet	das Huhn
s'acharner	sich verbissen	l'objectif	das Ziel
s'acharner	sich verbissen	la tâche	die Aufgabe
s'acharner	sich verbissen	le travail	die Arbeit
s'emparer	sich bemächtigen	le territoire	das Gebiet
s'enfuir	fliehen	l'endroit	der Ort
s'enfuir	fliehen	la situation	die Situation
s'enfuir	fliehen	le danger	die Gefahr
s'envoler	davonfliegen	l'avion	das Flugzeug
s'envoler	davonfliegen	l'oiseau	der Vogel
s'envoler	davonfliegen	le papillon	der Schmetterling
saccager	verwüsten	la nature	die Natur
saccager	verwüsten	la ville	die Stadt
saccager	verwüsten	le lieu	der Ort
sacraliser	heiligen	l'objet	der Gegenstand
sacraliser	heiligen	le lieu	der Ort
sacraliser	heiligen	le rituel	das Ritual
sacrifier	heiligen	l'objet	der Gegenstand
sacrifier	heiligen	le lieu	der Ort
sacrifier	heiligen	le rituel	das Ritual
saigner	bluten	la blessure	die Verletzung
saigner	bluten	le cou	der Hals
saigner	bluten	le nez	die Nase
saisir	ergreifen	l'objet	der Gegenstand
saisir	ergreifen	l'occasion	die Gelegenheit
saisir	ergreifen	la chance	das Glück
salarier	beschäftigen	l'employé	der Angestellte
salarier	beschäftigen	le poste	der Posten
salarier	beschäftigen	le travail	die Arbeit
saler	salzen	l'eau	das Wasser
saler	salzen	la nourriture	die Nahrung
saler	salzen	la viande	das Fleisch
salir	verschmutzen	le sol	der Boden
saluer	grüßen	l'ami	der Freund
saluer	grüßen	le collègue	der Kollege
saluer	grüßen	le visiteur	der Besucher
sanctionner	bestrafen	l'acte	der Akt
sanctionner	bestrafen	l'infraction	der Verstoß
sanctionner	bestrafen	le comportement	das Verhalten
saper	untergraben	la confiance	das Vertrauen
saper	untergraben	la fondation	die Stiftung
saper	untergraben	la situation	die Situation
satisfaire	befriedigen	la demande	die Anfrage
satisfaire	befriedigen	le besoin	das Bedürfnis
satisfaire	befriedigen	le client	der Kunde
saturer	sättigen	la couleur	die Farbe
saturer	sättigen	la solution	die Lösung
saturer	sättigen	le marché	der Markt
sauer	säuern	le chou	der Kohl
sauer	säuern	le concombre	die Gurke
sauer	säuern	le lait	die Milch
saupoudrer	bestreuen	la farine	das Mehl
saupoudrer	bestreuen	le sucre	der Zucker
sauter	springen	le banc	die Bank
sauter	springen	le mur	die Wand
sauter	springen	le trampoline	das Trampolin
sautiller	hüpfen	l'animal	das Tier
sautiller	hüpfen	l'enfant	das Kind
sautiller	hüpfen	la balle	der Ball
sauvegarder	sichern	le document	das Dokument
sauvegarder	sichern	le fichier	die Datei
sauver	retten	l'animal	das Tier
sauver	retten	l'enfant	das Kind
sauver	retten	la vie	das Leben
savoir	wissen	l'information	die Information
savoir	wissen	la réponse	die Antwort
savoir	wissen	la vérité	die Wahrheit
savourer	genießen	la boisson	das Getränk
savourer	genießen	le moment	der Moment
savourer	genießen	le plat	das Gericht
scandaliser	skandalisieren	l'acte	der Akt
scandaliser	skandalisieren	la déclaration	die Erklärung
scandaliser	skandalisieren	la situation	die Situation
scander	skandieren	la phrase	der Satz
scander	skandieren	le chant	der Gesang
scander	skandieren	le slogan	der Slogan
scarifier	scarifizieren	la pelouse	der Rasen
scarifier	scarifizieren	la terre	die Erde
scarifier	scarifizieren	le sol	der Boden
scier	sägen	la branche	der Zweig
scier	sägen	la plaque	das Schild
scier	sägen	le bois	das Holz
scinder	spalten	l'opinion	die Meinung
scinder	spalten	le groupe	der Gruppe
scinder	spalten	le parti	die Partei
scolariser	einschulen	l'enfant	das Kind
scolariser	einschulen	l'élève	der Schüler
scolariser	einschulen	le système	das System
scruter	genau untersuchen	la situation	die Situation
scruter	genau untersuchen	le document	das Dokument
sculpter	schnitzen	la pierre	der Stein
sculpter	schnitzen	la statue	die Statue
sculpter	schnitzen	le bois	das Holz
se moquer	sich lustig machen	de l'idée	die Idee
se moquer	sich lustig machen	de la personne	die Person
se moquer	sich lustig machen	de la situation	die Situation
se repentir	bereuen	l'acte	der Akt
se repentir	bereuen	l'erreur	der Fehler
se repentir	bereuen	le choix	die Wahl
se soucier	sich kümmern	l'environnement	die Umwelt
se soucier	sich kümmern	la santé	die Gesundheit
se soucier	sich kümmern	le bien-être	das Wohlbefinden
se souvenir	sich erinnern	de l'événement	das Ereignis
se souvenir	sich erinnern	du moment	der Moment
se souvenir	sich erinnern	du nom	der Name
se suicider	sich umbringen	l'individu	das Individuum
se suicider	sich umbringen	la personne	die Person
seconder	unterstützen	l'initiative	die Initiative
seconder	unterstützen	le collègue	der Kollege
seconder	unterstützen	le projet	das Projekt
secouer	schütteln	l'arbre	der Baum
secouer	schütteln	la bouteille	die Flasche
secouer	schütteln	le tissu	der Stoff
seller	verkaufen	la voiture	das Auto
seller	verkaufen	le produit	das Produkt
seller	verkaufen	le service	der Dienst
sembler	scheinen	l'idée	die Idee
sembler	scheinen	la personne	die Person
sembler	scheinen	la situation	die Situation
semer	säen	la culture	die Kultur
sensibiliser	sensibilisieren	le public	das Publikum
sensibiliser	sensibilisieren	le sujet	das Thema
sentir	fühlen	l'émotion	die Emotion
sentir	fühlen	la chaleur	die Wärme
sentir	fühlen	une odeur	der Geruch
serpenter	schlängeln	la rivière	der Fluss
serpenter	schlängeln	la route	die Straße
serpenter	schlängeln	le chemin	der Weg
serrer	drücken	la ceinture	der Gürtel
serrer	drücken	la main	die Hand
serrer	drücken	la vis	die Schraube
servir	dienen	la boisson	das Getränk
servir	dienen	le client	der Kunde
servir	dienen	le plat	das Gericht
sevrer	entwöhnen	l'animal	das Tier
sevrer	entwöhnen	l'enfant	das Kind
sevrer	entwöhnen	l'habitude	die Gewohnheit
siffler	pfeifen	la chanson	das Lied
siffler	pfeifen	la mélodie	die Melodie
siffler	pfeifen	le signal	das Signal
signaler	signalisieren	l'incident	der Vorfall
signaler	signalisieren	le danger	die Gefahr
signaler	signalisieren	le problème	das Problem
signer	unterschreiben	l'accord	die Vereinbarung
signer	unterschreiben	le contrat	der Vertrag
signer	unterschreiben	le document	das Dokument
signifier	bedeuten	la chose	die Sache
signifier	bedeuten	le signe	das Zeichen
signifier	bedeuten	le terme	der Begriff
silhouetter	silhouettieren	l'image	das Bild
silhouetter	silhouettieren	le dessin	die Zeichnung
silhouetter	silhouettieren	le profil	das Profil
sillonner	durchqueren	la route	die Straße
sillonner	durchqueren	la région	die Region
sillonner	durchqueren	le pays	das Land
simplifier	vereinfachen	l'explication	die Erklärung
simplifier	vereinfachen	la tâche	die Aufgabe
simplifier	vereinfachen	le processus	der Prozess
simuler	simulieren	l'événement	das Ereignis
simuler	simulieren	la réaction	die Reaktion
simuler	simulieren	la situation	die Situation
singulariser	einzigartig machen	l'approche	der Ansatz
singulariser	einzigartig machen	le produit	das Produkt
singulariser	einzigartig machen	le service	der Dienst
situé	situieren	l'endroit	der Ort
situé	situieren	la maison	das Haus
situé	situieren	la ville	die Stadt
siéger	sitzen	l'assemblée	die Versammlung
siéger	sitzen	le comité	das Komitee
siéger	sitzen	le conseil	der Rat
skier	skifahren	la montagne	der Berg
skier	skifahren	la neige	der Schnee
skier	skifahren	la piste	die Spur
soigner	pflegen	la blessure	die Verletzung
soigner	pflegen	la maladie	die Krankheit
soigner	pflegen	le patient	der Patient
solder	veräußern	l'article	der Artikel
solder	veräußern	le produit	das Produkt
solder	veräußern	le stock	der Bestand
solidifier	verfestigen	la structure	die Struktur
solidifier	verfestigen	le gel	der Frost
solidifier	verfestigen	le matériau	das Material
solliciter	anfordern	l'aide	die Hilfe
solliciter	anfordern	l'information	die Information
solliciter	anfordern	le soutien	die Unterstützung
sombrer	sinken	l'économie	die Wirtschaft
sombrer	sinken	la situation	die Situation
sombrer	sinken	le navire	das Schiff
sommer	summen	l'abeille	die Biene
sommer	summen	la musique	die Musik
sommer	summen	le bruit	der Lärm
songer	nachdenken	à l'avenir	die Zukunft
songer	nachdenken	à l'idée	die Idee
songer	nachdenken	au projet	das Projekt
sonner	läuten	l'alarme	der Alarm
sonner	läuten	la cloche	die Glocke
sonner	läuten	le téléphone	das Telefon
sophistiquer	verfeinern	l'idée	die Idee
sophistiquer	verfeinern	le produit	das Produkt
sophistiquer	verfeinern	le style	der Stil
sortir	ausgehen	la soirée	der Abend
sortir	ausgehen	le cinéma	das Kino
sortir	ausgehen	le restaurant	das Restaurant
souder	schweißen	l'assemblage	die Zusammenstellung
souder	schweißen	la pièce	das Stück
souder	schweißen	le métal	das Metall
soudoyer	bestechen	le fonctionnaire	der Beamte
soudoyer	bestechen	le policier	der Polizist
souffler	blasen	la bougie	die Kerze
souffler	blasen	le ballon	der Ball
souffler	blasen	le vent	der Wind
souffrir	leiden	la douleur	der Schmerz
souffrir	leiden	la maladie	die Krankheit
souffrir	leiden	la perte	der Verlust
souhaiter	wünschen	la réussite	der Erfolg
souhaiter	wünschen	le bonheur	das Glück
souhaiter	wünschen	le cadeau	das Geschenk
souiller	beschmutzen	la réputation	der Ruf
souiller	beschmutzen	le sol	der Boden
soulager	erleichtern	la charge	die Last
soulager	erleichtern	la douleur	der Schmerz
soulager	erleichtern	le stress	der Stress
soulever	heben	l'objet	der Gegenstand
soulever	heben	la charge	die Last
soulever	heben	le poids	das Gewicht
souligner	unterstreichen	l'idée	die Idee
souligner	unterstreichen	le point	der Punkt
souligner	unterstreichen	le texte	der Text
soumettre	unterwerfen	la demande	die Anfrage
soumettre	unterwerfen	le rapport	der Bericht
soumettre	unterwerfen	une proposition	der Vorschlag
soupirer	seufzen	l'ennui	die Langeweile
soupirer	seufzen	le désespoir	die Verzweiflung
soupirer	seufzen	le soulagement	die Erleichterung
soupçonner	verdächtigen	l'activité	die Aktivität
soupçonner	verdächtigen	la personne	die Person
soupçonner	verdächtigen	le comportement	das Verhalten
sourciller	die Augenbraue heben	l'expression	der Ausdruck
sourciller	die Augenbraue heben	la réaction	die Reaktion
sourciller	die Augenbraue heben	le visage	das Gesicht
sourire	lächeln	l'enfant	das Kind
sourire	lächeln	la photo	das Foto
sourire	lächeln	le visage	das Gesicht
sous-entendre	andeuten	la signification	die Bedeutung
sous-entendre	andeuten	le message	die Nachricht
sous-louer	untervermieten	l'appartement	die Wohnung
sous-louer	untervermieten	la chambre	das Zimmer
sous-louer	untervermieten	le bureau	das Büro
sous-titrer	untertiteln	la vidéo	das Video
sous-titrer	untertiteln	le dialogue	der Dialog
sous-titrer	untertiteln	le film	der Film
souscrire	unterzeichnen	l'abonnement	das Abonnement
souscrire	unterzeichnen	le contrat	der Vertrag
souscrire	unterzeichnen	le document	das Dokument
soustraire	subtrahieren	l'élément	das Element
soustraire	subtrahieren	la valeur	der Wert
soustraire	subtrahieren	le nombre	die Zahl
soutenir	unterstützen	l'ami	der Freund
soutenir	unterstützen	la cause	die Ursache
soutenir	unterstützen	le projet	das Projekt
spécialiser	spezialisieren	l'étude	das Studium
spécialiser	spezialisieren	le domaine	das Gebiet
spécialiser	spezialisieren	le secteur	der Sektor
spécifier	spezifizieren	l'information	die Information
spécifier	spezifizieren	la condition	die Bedingung
spécifier	spezifizieren	le détail	das Detail
spéculer	spekulieren	l'investissement	die Investition
spéculer	spekulieren	l'opportunité	die Gelegenheit
spéculer	spekulieren	le marché	der Markt
squatter	besetzen	l'immeuble	das Gebäude
squatter	besetzen	la maison	das Haus
squatter	besetzen	le terrain	das Gelände
stabiliser	stabilisieren	l'économie	die Wirtschaft
stabiliser	stabilisieren	la situation	die Situation
stabiliser	stabilisieren	la structure	die Struktur
stagner	stagnieren	la croissance	das Wachstum
stagner	stagnieren	la situation	die Situation
stagner	stagnieren	le développement	die Entwicklung
stationner	parken	la place	der Platz
stationner	parken	la voiture	das Auto
stationner	parken	le véhicule	das Fahrzeug
statuer	entscheiden	la décision	die Entscheidung
statuer	entscheiden	la question	die Frage
statuer	entscheiden	le cas	der Fall
stigmatiser	stigmatisieren	l'individu	das Individuum
stigmatiser	stigmatisieren	le comportement	das Verhalten
stigmatiser	stigmatisieren	le groupe	der Gruppe
stimuler	stimulieren	l'intérêt	das Interesse
stimuler	stimulieren	la croissance	das Wachstum
stimuler	stimulieren	la créativité	die Kreativität
stipuler	festlegen	la clause	die Klausel
stipuler	festlegen	la condition	die Bedingung
stipuler	festlegen	la règle	die Regel
stocker	lagern	la marchandise	die Ware
stocker	lagern	la nourriture	die Nahrung
stocker	lagern	le produit	das Produkt
stopper	stoppen	la machine	die Maschine
stopper	stoppen	le mouvement	die Bewegung
stopper	stoppen	le processus	der Prozess
stresser	stressen	la personne	die Person
stresser	stressen	la situation	die Situation
stresser	stressen	le travail	die Arbeit
structurer	strukturieren	l'organisation	die Organisation
structurer	strukturieren	le document	das Dokument
structurer	strukturieren	le projet	das Projekt
stupéfaire	verblüffen	l'audience	die Zuhörerschaft
stupéfaire	verblüffen	la personne	die Person
stupéfaire	verblüffen	le spectateur	der Zuschauer
styliser	stilisieren	le design	das Design
stéréotyper	stereotypisieren	la caractéristique	das Merkmal
stéréotyper	stereotypisieren	la personne	die Person
stéréotyper	stereotypisieren	le groupe	der Gruppe
subir	erleiden	la pression	der Druck
subir	erleiden	un changement	die Veränderung
subjuguer	unterwerfen	l'ennemi	der Feind
subjuguer	unterwerfen	la nation	die Nation
subjuguer	unterwerfen	le peuple	das Volk
sublimer	sublimieren	l'art	die Kunst
submerger	überfluten	la chambre	das Zimmer
submerger	überfluten	la ville	die Stadt
submerger	überfluten	la zone	die Zone
subordonner	unterordnen	l'élément	das Element
subordonner	unterordnen	la tâche	die Aufgabe
subordonner	unterordnen	le sujet	das Thema
subsister	bestehen	l'épreuve	die Prüfung
subsister	bestehen	la situation	die Situation
subsister	bestehen	temps	die Zeit
substituer	ersetzen	l'ingrédient	der Bestandteil
substituer	ersetzen	le membre	das Mitglied
substituer	ersetzen	le produit	das Produkt
subvenir	unterstützen	la famille	die Familie
subvenir	unterstützen	la situation	die Situation
subvenir	unterstützen	le besoin	das Bedürfnis
subventionner	subventionieren	l'association	die Vereinigung
subventionner	subventionieren	l'entreprise	die Firma
subventionner	subventionieren	le projet	das Projekt
succomber	erliegen	la maladie	die Krankheit
succomber	erliegen	la pression	der Druck
succomber	erliegen	la tentation	die Versuchung
succéder	nachfolgen	la fonction	die Funktion
succéder	nachfolgen	le poste	der Posten
succéder	nachfolgen	le roi	der König
sucrer	zucker	le café	der Kaffee
sucrer	zucker	le dessert	der Nachtisch
sucrer	zucker	le thé	der Tee
suer	schwitzen	le corps	der Körper
suer	schwitzen	le visage	das Gesicht
suffire	ausreichen	temps	die Zeit
suggérer	vorschlagen	l'idée	die Idee
suggérer	vorschlagen	la solution	die Lösung
suggérer	vorschlagen	un changement	die Veränderung
suivre	folgen	l'exemple	das Beispiel
suivre	folgen	le chemin	der Weg
superviser	überwachen	l'équipe	die Mannschaft
superviser	überwachen	le projet	das Projekt
superviser	überwachen	le travail	die Arbeit
supplanter	ersetzen	la personne	die Person
supplanter	ersetzen	le produit	das Produkt
supplanter	ersetzen	le service	der Dienst
supplier	bitten	l'aide	die Hilfe
supplier	bitten	le pardon	die Entschuldigung
supplier	bitten	temps	die Zeit
supporter	unterstützen	l'idée	die Idee
supporter	unterstützen	la cause	die Ursache
supporter	unterstützen	la personne	die Person
supposer	annehmen	l'hypothèse	die Hypothese
supposer	annehmen	l'idée	die Idee
supposer	annehmen	la situation	die Situation
supprimer	löschen	le document	das Dokument
supprimer	löschen	le message	die Nachricht
surcharger	überlasten	la responsabilité	die Verantwortung
surcharger	überlasten	le système	das System
surcharger	überlasten	le travail	die Arbeit
surdimensionner	überdimensionieren	l'espace	der Raum
surdimensionner	überdimensionieren	l'objet	der Gegenstand
surdimensionner	überdimensionieren	le projet	das Projekt
surfer	surfen	internet	das Internet
surfer	surfen	le site	die Seite
surgir	auftauchen	l'occasion	die Gelegenheit
surgir	auftauchen	la situation	die Situation
surgir	auftauchen	le problème	das Problem
surmener	überanstrengen	la personne	die Person
surmener	überanstrengen	la tâche	die Aufgabe
surmener	überanstrengen	le travail	die Arbeit
surmonter	überwinden	l'obstacle	das Hindernis
surmonter	überwinden	la difficulté	die Schwierigkeit
surmonter	überwinden	la peur	die Angst
surnommer	nennen	l'animal	das Tier
surnommer	nennen	la personne	die Person
surnommer	nennen	le lieu	der Ort
surprendre	überraschen	l'ami	der Freund
surprendre	überraschen	la nouvelle	die Nachricht
surprendre	überraschen	le visiteur	der Besucher
sursauter	zusammenzucken	le bruit	der Lärm
sursauter	zusammenzucken	le choc	der Schock
sursauter	zusammenzucken	une surprise	die Überraschung
surtaxer	besteuern	la transaction	die Transaktion
surtaxer	besteuern	le produit	das Produkt
surtaxer	besteuern	le revenu	das Einkommen
surveiller	überwachen	l'activité	die Aktivität
surveiller	überwachen	l'enfant	das Kind
surveiller	überwachen	la situation	die Situation
survenir	eintreten	l'incident	der Vorfall
survenir	eintreten	l'événement	das Ereignis
survenir	eintreten	le problème	das Problem
survivre	überleben	l'accident	der Unfall
survivre	überleben	la catastrophe	die Katastrophe
survivre	überleben	la situation	die Situation
survoler	überfliegen	la ville	die Stadt
survoler	überfliegen	le paysage	die Landschaft
survoler	überfliegen	le territoire	das Gebiet
surélever	erhöhen	la structure	die Struktur
surélever	erhöhen	le sol	der Boden
susciter	auslösen	l'intérêt	das Interesse
susciter	auslösen	l'émotion	die Emotion
susciter	auslösen	la réaction	die Reaktion
suspecter	verdächtigen	la personne	die Person
suspecter	verdächtigen	la situation	die Situation
suspecter	verdächtigen	le comportement	das Verhalten
suspendre	aufhängen	l'objet	der Gegenstand
suspendre	aufhängen	la décision	die Entscheidung
suspendre	aufhängen	le travail	die Arbeit
suturer	nähen	la blessure	die Verletzung
suturer	nähen	la peau	die Haut
suturer	nähen	le tissu	der Stoff
symboliser	symbolisieren	l'idée	die Idee
symboliser	symbolisieren	l'objet	der Gegenstand
symboliser	symbolisieren	la couleur	die Farbe
sympathiser	sympathisieren	l'ami	der Freund
sympathiser	sympathisieren	la personne	die Person
sympathiser	sympathisieren	le groupe	der Gruppe
synchroniser	synchronisieren	l'horloge	die Uhr
synchroniser	synchronisieren	la vidéo	das Video
synthétiser	synthetisieren	l'information	die Information
sécuriser	sichern	l'endroit	der Ort
sécuriser	sichern	la situation	die Situation
sédentariser	sesshaft machen	l'individu	das Individuum
sédentariser	sesshaft machen	la communauté	die Gemeinschaft
sédentariser	sesshaft machen	la population	die Bevölkerung
séduire	verführen	l'audience	die Zuhörerschaft
séduire	verführen	la personne	die Person
séduire	verführen	le client	der Kunde
séjourner	verweilen	l'hôtel	das Hotel
séjourner	verweilen	la maison	das Haus
séjourner	verweilen	la ville	die Stadt
sélectionner	auswählen	l'échantillon	die Probe
sélectionner	auswählen	le candidat	der Kandidat
sélectionner	auswählen	le produit	das Produkt
sériser	reihen	l'article	der Artikel
sériser	reihen	le dossier	die Akte
sériser	reihen	le produit	das Produkt
sévir	wüten	la loi	das Gesetz
sévir	wüten	la tempête	der Sturm
sévir	wüten	la violence	die Gewalt
tabler	tischten	la stratégie	die Strategie
tabler	tischten	le plan	der Plan
tabler	tischten	le projet	das Projekt
tacher	beflecken	la chemise	das Hemd
tacher	beflecken	le mur	die Wand
tacher	beflecken	le tissu	der Stoff
tacheter	flecken	le mur	die Wand
tacheter	flecken	le tissu	der Stoff
tacheter	flecken	le vêtement	das Kleidungsstück
taillader	einschneiden	la peau	die Haut
taillader	einschneiden	le papier	das Papier
taillader	einschneiden	le tissu	der Stoff
tailler	schneiden	la plante	die Pflanze
tailler	schneiden	le crayon	der Bleistift
tailler	schneiden	le vêtement	das Kleidungsstück
taire	schweigen	l'information	die Information
taire	schweigen	la vérité	die Wahrheit
taire	schweigen	le secret	das Geheimnis
talonner	verfolgen	l'adversaire	der Gegner
talonner	verfolgen	l'objectif	das Ziel
talonner	verfolgen	le coureur	der Läufer
tambouriner	trommeln	la musique	die Musik
tambouriner	trommeln	le rythme	der Rhythmus
tambouriner	trommeln	le tambour	die Trommel
tancer	rügen	l'employé	der Angestellte
tancer	rügen	l'enfant	das Kind
tancer	rügen	l'élève	der Schüler
tanner	gerben	la peau	die Haut
tanner	gerben	le cuir	das Leder
tanner	gerben	le matériau	das Material
taper	tippen	la lettre	der Brief
taper	tippen	le numéro	die Nummer
taper	tippen	le texte	der Text
tapisser	tapezieren	la pièce	das Stück
tapisser	tapezieren	la surface	die Oberfläche
tapisser	tapezieren	le mur	die Wand
tapoter	tippen	l'écran	der Bildschirm
tapoter	tippen	le clavier	die Tastatur
tapoter	tippen	le papier	das Papier
tarder	sich verspäten	la réponse	die Antwort
tarder	sich verspäten	le rendez-vous	der Termin
tarder	sich verspäten	le train	der Zug
tarir	versiegen	la ressource	die Ressource
tarir	versiegen	la réserve	die Reserve
tarir	versiegen	la source	die Quelle
tasser	pressen	la terre	die Erde
tasser	pressen	le matériau	das Material
tasser	pressen	le sable	der Sand
tatouer	tätowieren	la peau	die Haut
tatouer	tätowieren	le dessin	die Zeichnung
tatouer	tätowieren	le motif	das Motiv
taxer	besteuern	le produit	das Produkt
taxer	besteuern	le revenu	das Einkommen
taxer	besteuern	le service	der Dienst
teindre	färben	le tissu	der Stoff
teinter	tönen	le tissu	der Stoff
teinter	tönen	le verre	das Glas
tempérer	mildern	la réaction	die Reaktion
tempérer	mildern	la situation	die Situation
tempérer	mildern	le climat	das Klima
tendre	dehnen	la corde	das Seil
tendre	dehnen	la main	die Hand
tendre	dehnen	le muscle	der Muskel
tenir	halten	l'objet	der Gegenstand
tenir	halten	la main	die Hand
tenir	halten	la promesse	das Versprechen
tenter	versuchen	l'approche	der Ansatz
tenter	versuchen	l'expérience	die Erfahrung
tenter	versuchen	la chance	das Glück
terminer	beenden	le projet	das Projekt
terminer	beenden	le travail	die Arbeit
ternir	trüben	l'image	das Bild
ternir	trüben	la couleur	die Farbe
ternir	trüben	la réputation	der Ruf
terrer	vergraben	l'objet	der Gegenstand
terrer	vergraben	le déchet	der Abfall
terrer	vergraben	le trésor	der Schatz
terrifier	erschrecken	l'audience	die Zuhörerschaft
terrifier	erschrecken	l'enfant	das Kind
terrifier	erschrecken	le spectateur	der Zuschauer
terroriser	terrorisieren	la population	die Bevölkerung
terroriser	terrorisieren	la situation	die Situation
terroriser	terrorisieren	la victime	das Opfer
tester	testen	l'échantillon	die Probe
tester	testen	le logiciel	die Software
tester	testen	le produit	das Produkt
théoriser	theoretisieren	l'hypothèse	die Hypothese
théoriser	theoretisieren	l'idée	die Idee
théoriser	theoretisieren	le concept	das Konzept
tinter	läuten	heure	die Stunde
tinter	läuten	la cloche	die Glocke
tirailler	zerren	l'objet	der Gegenstand
tirailler	zerren	la corde	das Seil
tirailler	zerren	le tissu	der Stoff
tirer	ziehen	l'arme	die Waffe
tirer	ziehen	l'objet	der Gegenstand
tirer	ziehen	la corde	das Seil
tisser	weben	l'histoire	die Geschichte
tisser	weben	le réseau	das Netzwerk
tisser	weben	le tissu	der Stoff
tolérer	tolerieren	l'avis	die Meinung
tolérer	tolerieren	la situation	die Situation
tolérer	tolerieren	le comportement	das Verhalten
tomber	fallen	l'objet	der Gegenstand
tomber	fallen	la personne	die Person
tomber	fallen	la pluie	der Regen
tomer	fallen	l'objet	der Gegenstand
tomer	fallen	la personne	die Person
tomer	fallen	la plante	die Pflanze
tonitruer	tönen	la voix	die Stimme
tonitruer	tönen	le bruit	der Lärm
topper	zustimmen	l'idée	die Idee
topper	zustimmen	le plan	der Plan
topper	zustimmen	une proposition	der Vorschlag
tordre	drehen	l'objet	der Gegenstand
tordre	drehen	le fil	der Faden
tordre	drehen	le tissu	der Stoff
torturer	quälen	l'animal	das Tier
torturer	quälen	la personne	die Person
torturer	quälen	la victime	das Opfer
totaliser	summieren	le chiffre	die Zahl
totaliser	summieren	le montant	der Betrag
toucher	berühren	l'objet	der Gegenstand
toucher	berühren	la personne	die Person
touiller	umrühren	la pâte	der Teig
touiller	umrühren	la soupe	die Suppe
touiller	umrühren	le mélange	die Mischung
tourmenter	quälen	l'esprit	der Geist
tourmenter	quälen	le coeur	das Herz
tourmenter	quälen	le sommeil	der Schlaf
tourner	drehen	la clé	der Schlüssel
tourner	drehen	la page	die Seite
tourner	drehen	le coin	die Ecke
tousser	husten	la maladie	die Krankheit
tousser	husten	la toux	der Husten
tousser	husten	le symptôme	das Symptom
tracer	zeichnen	la ligne	die Linie
tracer	zeichnen	le chemin	der Weg
tracer	zeichnen	le plan	der Plan
traduire	übersetzen	la phrase	der Satz
traduire	übersetzen	le document	das Dokument
traduire	übersetzen	le texte	der Text
trahir	verraten	l'ami	der Freund
trahir	verraten	la confiance	das Vertrauen
trahir	verraten	le secret	das Geheimnis
traire	melken	la chèvre	die Ziege
traire	melken	la vache	die Kuh
traire	melken	le lait	die Milch
traiter	behandeln	le cas	der Fall
traiter	behandeln	le problème	das Problem
traiter	behandeln	le sujet	das Thema
trancher	schneiden	la viande	das Fleisch
trancher	schneiden	le pain	das Brot
trancher	schneiden	le papier	das Papier
transcrire	transkribieren	l'enregistrement	die Aufnahme
transcrire	transkribieren	le document	das Dokument
transcrire	transkribieren	le texte	der Text
transfigurer	verwandeln	l'objet	der Gegenstand
transfigurer	verwandeln	la personne	die Person
transfigurer	verwandeln	la situation	die Situation
transformer	verwandeln	l'espace	der Raum
transformer	verwandeln	l'objet	der Gegenstand
transformer	verwandeln	la situation	die Situation
transférer	übertragen	l'appel	der Aufruf
transgresser	übertreten	la loi	das Gesetz
transgresser	übertreten	la norme	die Norm
transgresser	übertreten	la règle	die Regel
transir	zittern	l'émotion	die Emotion
transir	zittern	la peur	die Angst
transiter	durchreisen	la zone	die Zone
transiter	durchreisen	le pays	das Land
transiter	durchreisen	le territoire	das Gebiet
transmettre	übertragen	l'information	die Information
transmettre	übertragen	le message	die Nachricht
transmettre	übertragen	le signal	das Signal
transparaître	durchscheinen	l'image	das Bild
transparaître	durchscheinen	l'émotion	die Emotion
transparaître	durchscheinen	la lumière	das Licht
transpercer	durchbohren	l'objet	der Gegenstand
transpercer	durchbohren	la peau	die Haut
transpercer	durchbohren	le mur	die Wand
transpirer	schwitzen	le corps	der Körper
transpirer	schwitzen	le visage	das Gesicht
transporter	transportieren	l'objet	der Gegenstand
transporter	transportieren	la marchandise	die Ware
transporter	transportieren	le passager	der Passagier
transposer	transponieren	l'information	die Information
transposer	transponieren	la musique	die Musik
traquer	verfolgen	l'animal	das Tier
traquer	verfolgen	la cible	das Ziel
travailler	arbeiten	l'entreprise	die Firma
travailler	arbeiten	l'équipe	die Mannschaft
travailler	arbeiten	le projet	das Projekt
traverser	überqueren	la route	die Straße
traverser	überqueren	la rue	die Straße
traverser	überqueren	le pont	die Brücke
traînasser	herumtrödeln	la journée	der Tag
traînasser	herumtrödeln	le moment	der Moment
traînasser	herumtrödeln	temps	die Zeit
traîner	herumhängen	l'ami	der Freund
traîner	herumhängen	l'endroit	der Ort
traîner	herumhängen	temps	die Zeit
trembler	zittern	la peur	die Angst
trembler	zittern	la terre	die Erde
tremper	tauchen	l'objet	der Gegenstand
tremper	tauchen	le pain	das Brot
tremper	tauchen	le vêtement	das Kleidungsstück
tressaillir	zucken	l'épaule	die Schulter
tressaillir	zucken	la main	die Hand
tressaillir	zucken	le corps	der Körper
tricher	schummeln	l'examen	die Prüfung
tricher	schummeln	le jeu	das Spiel
tricher	schummeln	le test	der Test
trimballer	herumtragen	l'enfant	das Kind
trimballer	herumtragen	le sac	die Tasche
trimer	schuften	jour	der Tag
trimer	schuften	la tâche	die Aufgabe
trimer	schuften	le travail	die Arbeit
trinquer	anstoßen	le champagne	der Champagner
trinquer	anstoßen	le verre	das Glas
trinquer	anstoßen	le vin	der Wein
triompher	triomphieren	la compétition	der Wettbewerb
triompher	triomphieren	la victoire	der Sieg
triompher	triomphieren	le succès	der Erfolg
tripler	verdreifachen	l'effort	der Aufwand
tripler	verdreifachen	la quantité	die Menge
tripler	verdreifachen	le montant	der Betrag
tromper	betrügen	l'ami	der Freund
tromper	betrügen	le client	der Kunde
tromper	betrügen	le partenaire	der Partner
trompeter	trompeten	la musique	die Musik
trompeter	trompeten	une annonce	die Ankündigung
trotter	trotten	l'enfant	das Kind
trotter	trotten	le cheval	das Pferd
trotter	trotten	le chien	der Hund
troubler	stören	l'esprit	der Geist
troubler	stören	la conversation	das Gespräch
troubler	stören	le sommeil	der Schlaf
trouer	löchern	le mur	die Wand
trouer	löchern	le papier	das Papier
trouer	löchern	le tissu	der Stoff
trouver	finden	l'ami	der Freund
trouver	finden	l'objet	der Gegenstand
trouver	finden	la solution	die Lösung
truffer	stopfen	l'aliment	das Lebensmittel
truffer	stopfen	le produit	das Produkt
truffer	stopfen	le sac	die Tasche
trépider	zittern	la main	die Hand
trépider	zittern	la voiture	das Auto
trépider	zittern	le corps	der Körper
trôner	thronen	la salle	der Raum
trôner	thronen	le palais	der Palast
tuber	tubieren	la culture	die Kultur
tuber	tubieren	la plante	die Pflanze
tuber	tubieren	la racine	die Wurzel
tuer	töten	l'animal	das Tier
tuer	töten	l'insecte	das Insekt
tuer	töten	la personne	die Person
tutoyer	duzen	l'ami	der Freund
tutoyer	duzen	l'enfant	das Kind
tutoyer	duzen	le collègue	der Kollege
typer	tippen	le document	das Dokument
typer	tippen	le texte	der Text
tâcher	versuchen	l'objectif	das Ziel
tâcher	versuchen	le projet	das Projekt
tâcher	versuchen	le travail	die Arbeit
tâtonner	tasten	l'objet	der Gegenstand
tâtonner	tasten	le chemin	der Weg
tâtonner	tasten	le mur	die Wand
télégraphier	telegraphieren	l'information	die Information
télégraphier	telegraphieren	le communiqué	das Kommuniqué
télégraphier	telegraphieren	le message	die Nachricht
téléphoner	telefonieren	l'ami	der Freund
téléphoner	telefonieren	la famille	die Familie
téléphoner	telefonieren	le collègue	der Kollege
téléviser	fernsehen	l'émission	die Sendung
téléviser	fernsehen	la série	die Serie
téléviser	fernsehen	le film	der Film
témoigner	zeugen	l'événement	das Ereignis
témoigner	zeugen	le fait	die Tatsache
témoigner	zeugen	le témoignage	das Zeugnis
tétaniser	lähmen	l'animal	das Tier
tétaniser	lähmen	la personne	die Person
tétaniser	lähmen	le muscle	der Muskel
unifier	vereinigen	l'idée	die Idee
unifier	vereinigen	le groupe	der Gruppe
unifier	vereinigen	le pays	das Land
uriner	urinieren	l'endroit	der Ort
uriner	urinieren	la situation	die Situation
uriner	urinieren	la toilette	die Toilette
user	benutzen	la ressource	die Ressource
user	benutzen	temps	die Zeit
user	benutzen	un outil	das Werkzeug
utiliser	benutzen	l'appareil	das Gerät
utiliser	benutzen	la ressource	die Ressource
utiliser	benutzen	un outil	das Werkzeug
vacciner	impfen	l'animal	das Tier
vacciner	impfen	l'enfant	das Kind
vacciner	impfen	le patient	der Patient
vaciller	wanken	la lampe	die Lampe
vaciller	wanken	la personne	die Person
vaciller	wanken	le bâtiment	das Gebäude
vaincre	besiegen	l'ennemi	der Feind
vaincre	besiegen	l'obstacle	das Hindernis
vaincre	besiegen	le défi	die Herausforderung
valider	bestätigen	l'information	die Information
valider	bestätigen	la décision	die Entscheidung
valider	bestätigen	le choix	die Wahl
valoir	wert sein	l'effort	der Aufwand
valoir	wert sein	le prix	der Preis
valoir	wert sein	temps	die Zeit
valoriser	aufwerten	la compétence	die Kompetenz
valoriser	aufwerten	le produit	das Produkt
valoriser	aufwerten	le travail	die Arbeit
vanter	rühmen	la qualité	die Qualität
vanter	rühmen	le produit	das Produkt
vanter	rühmen	le service	der Dienst
vaporiser	versprühen	le parfum	das Parfüm
vaporiser	versprühen	le produit	das Produkt
vaquer	verbringen	la journée	der Tag
vaquer	verbringen	le moment	der Moment
vaquer	verbringen	temps	die Zeit
varier	variieren	le choix	die Wahl
veiller	wachen	sur l'enfant	das Kind
veiller	wachen	la nuit	die Nacht
veiller	wachen	sur le sommeil	der Schlaf
velouter	verhüllen	l'objet	der Gegenstand
velouter	verhüllen	la surface	die Oberfläche
vendre	verkaufen	la maison	das Haus
vendre	verkaufen	la voiture	das Auto
vendre	verkaufen	le produit	das Produkt
venger	rächen	l'ami	der Freund
venger	rächen	l'honneur	die Ehre
venger	rächen	le tort	das Unrecht
venir	kommen	la fête	das Fest
venir	kommen	la maison	das Haus
venir	kommen	la ville	die Stadt
ventiler	belüften	l'espace	der Raum
ventiler	belüften	la chambre	das Zimmer
ventiler	belüften	la salle	der Raum
verbaliser	verbalizieren	l'idée	die Idee
verbaliser	verbalizieren	la pensée	der Gedanke
verbaliser	verbalizieren	la situation	die Situation
verrouiller	verriegeln	la fenêtre	das Fenster
verrouiller	verriegeln	la porte	die Tür
verrouiller	verriegeln	le coffre	die Truhe
verser	gießen	l'argent	das Geld
verser	gießen	l'eau	das Wasser
verser	gießen	la sauce	die Soße
vexer	ärgern	la personne	die Person
vexer	ärgern	la situation	die Situation
vexer	ärgern	le commentaire	der Kommentar
vibrer	vibrieren	l'émotion	die Emotion
vibrer	vibrieren	la musique	die Musik
vicier	verunreinigen	l'air	die Luft
vicier	verunreinigen	l'eau	das Wasser
vicier	verunreinigen	le produit	das Produkt
vider	leeren	la boîte	die Box
vider	leeren	le sac	die Tasche
vider	leeren	le verre	das Glas
vieillir	altern	l'objet	der Gegenstand
vieillir	altern	la personne	die Person
vieillir	altern	le vin	der Wein
violenter	gewaltsam behandeln	la personne	die Person
violenter	gewaltsam behandeln	la situation	die Situation
violenter	gewaltsam behandeln	la victime	das Opfer
virer	abdrehen / kündigen	l'argent	das Geld
virer	abdrehen / kündigen	l'employé	der Angestellte
virer	abdrehen / kündigen	la direction	die Richtung
viser	zielen	l'objectif	das Ziel
viser	zielen	la cible	das Ziel
viser	zielen	le succès	der Erfolg
visiter	besuchen	l'ami	der Freund
visiter	besuchen	la ville	die Stadt
visiter	besuchen	le musée	das Museum
visser	schrauben	l'objet	der Gegenstand
visser	schrauben	la vis	die Schraube
visser	schrauben	le meuble	das Möbel
visualiser	visualisieren	l'image	das Bild
visualiser	visualisieren	le concept	das Konzept
vivre	leben	l'expérience	die Erfahrung
vivre	leben	la vie	das Leben
vivre	leben	le moment	der Moment
vociférer	schreien	la colère	die Wut
vociférer	schreien	la voix	die Stimme
vociférer	schreien	le cri	der Schrei
voiler	verhüllen	l'information	die Information
voiler	verhüllen	l'objet	der Gegenstand
voiler	verhüllen	le visage	das Gesicht
voir	sehen	la personne	die Person
voir	sehen	le film	der Film
voir	sehen	le paysage	die Landschaft
voiturer	mitfahren	la voiture	das Auto
voiturer	mitfahren	le passager	der Passagier
voler	stehlen	l'argent	das Geld
voler	stehlen	l'objet	der Gegenstand
voler	stehlen	la voiture	das Auto
voter	wählen	l'élection	die Wahl
voter	wählen	le bulletin	der Bericht
voter	wählen	le candidat	der Kandidat
vouer	widmen	l'attention	die Aufmerksamkeit
vouer	widmen	l'énergie	die Energie
vouer	widmen	temps	die Zeit
vouloir	wollen	l'aide	die Hilfe
vouloir	wollen	la chose	die Sache
vouloir	wollen	temps	die Zeit
vouvoyer	siezen	la personne	die Person
vouvoyer	siezen	le client	der Kunde
vouvoyer	siezen	le collègue	der Kollege
voyager	reisen	la ville	die Stadt
voyager	reisen	le pays	das Land
véhiculer	vermitteln	l'idée	die Idee
véhiculer	vermitteln	l'information	die Information
véhiculer	vermitteln	le message	die Nachricht
vénérer	verehren	l'idole	das Idol
vénérer	verehren	la personne	die Person
vénérer	verehren	la tradition	die Tradition
vérifier	überprüfen	l'information	die Information
vérifier	überprüfen	la facture	die Rechnung
vêtir	kleiden	l'enfant	das Kind
vêtir	kleiden	la personne	die Person
vêtir	kleiden	le costume	der Anzug
zoner	zonen	l'espace	der Raum
zoner	zonen	la région	die Region
zoner	zonen	le territoire	das Gebiet
zébrer	streifen	le cheval	das Pferd
zébrer	streifen	le mur	die Wand
zébrer	streifen	le tissu	der Stoff
ânonner	stammeln	la réponse	die Antwort
ânonner	stammeln	le discours	die Rede
ânonner	stammeln	le texte	der Text
ébaucher	skizzieren	l'idée	die Idee
ébaucher	skizzieren	le dessin	die Zeichnung
ébaucher	skizzieren	le plan	der Plan
éberluer	verblüffen	l'ami	der Freund
éberluer	verblüffen	l'audience	die Zuhörerschaft
éberluer	verblüffen	le spectateur	der Zuschauer
éblouir	blenden	l'étoile	der Stern
éblouir	blenden	la lumière	das Licht
éblouir	blenden	le soleil	die Sonne
ébranler	erschüttern	la confiance	das Vertrauen
ébranler	erschüttern	la situation	die Situation
ébranler	erschüttern	la structure	die Struktur
écarquiller	augenweit öffnen	le regard	der Blick
écarquiller	augenweit öffnen	le visage	das Gesicht
écarter	abweisen	l'idée	die Idee
écarter	abweisen	le risque	das Risiko
écarter	abweisen	une proposition	der Vorschlag
échapper	entkommen	la prison	das Gefängnis
échapper	entkommen	la situation	die Situation
échapper	entkommen	le danger	die Gefahr
échauffer	erwärmen	l'ambiance	die Stimmung
échauffer	erwärmen	l'eau	das Wasser
échauffer	erwärmen	la nourriture	die Nahrung
échouer	scheitern	l'examen	die Prüfung
échouer	scheitern	la tentative	der Versuch
échouer	scheitern	le projet	das Projekt
éclabousser	spritzen	l'eau	das Wasser
éclabousser	spritzen	la peinture	die Malerei
éclabousser	spritzen	la sauce	die Soße
éclaircir	aufklären	la situation	die Situation
éclaircir	aufklären	le doute	der Zweifel
éclaircir	aufklären	le problème	das Problem
éclairer	erklären	l'idée	die Idee
éclairer	erklären	le concept	das Konzept
éclairer	erklären	le sujet	das Thema
éclater	explodieren	la bombe	die Bombe
éclater	explodieren	le conflit	der Konflikt
économiser	sparen	l'argent	das Geld
économiser	sparen	temps	die Zeit
écorcher	abziehen	la peau	die Haut
écorcher	abziehen	la viande	das Fleisch
écorcher	abziehen	le fruit	die Frucht
écouler	verkaufen	l'article	der Artikel
écouler	verkaufen	la marchandise	die Ware
écouler	verkaufen	le produit	das Produkt
écouter	zuhören	la conversation	das Gespräch
écouter	zuhören	la musique	die Musik
écouter	zuhören	la radio	das Radio
écraser	zerdrücken	l'insecte	das Insekt
écraser	zerdrücken	le fruit	die Frucht
écraser	zerdrücken	le papier	das Papier
écrire	schreiben	la lettre	der Brief
écrire	schreiben	le texte	der Text
écrouler	einstürzen	la structure	die Struktur
écrouler	einstürzen	le bâtiment	das Gebäude
écrouler	einstürzen	le mur	die Wand
écumer	schaumen	l'eau	das Wasser
écumer	schaumen	la mer	das Meer
édifier	errichten	la structure	die Struktur
édifier	errichten	le bâtiment	das Gebäude
édifier	errichten	le monument	das Denkmal
éditer	herausgeben	l'article	der Artikel
éditer	herausgeben	le journal	die Zeitung
éditer	herausgeben	le livre	das Buch
éduquer	erziehen	l'enfant	das Kind
éduquer	erziehen	l'élève	der Schüler
égarer	verlegen	l'objet	der Gegenstand
égarer	verlegen	la clé	der Schlüssel
égarer	verlegen	le document	das Dokument
égorger	schlachten	l'animal	das Tier
égorger	schlachten	la volaille	das Geflügel
égorger	schlachten	le bétail	das Vieh
égrener	abtrennen	la liste	die Liste
égrener	abtrennen	le grain	das Korn
éjecter	ejectieren	l'objet	der Gegenstand
éjecter	ejectieren	le passager	der Passagier
élaborer	ausarbeiten	l'idée	die Idee
élaborer	ausarbeiten	le plan	der Plan
élaborer	ausarbeiten	le projet	das Projekt
élancer	schnellen	la flèche	der Pfeil
élancer	schnellen	le cheval	das Pferd
élancer	schnellen	le corps	der Körper
élargir	erweitern	l'espace	der Raum
élargir	erweitern	l'horizon	der Horizont
élargir	erweitern	le choix	die Wahl
électriser	elektrisieren	l'appareil	das Gerät
électriser	elektrisieren	l'énergie	die Energie
électriser	elektrisieren	le fil	der Faden
élever	erziehen	l'animal	das Tier
élever	erziehen	l'enfant	das Kind
élever	erziehen	le niveau	das Niveau
éliminer	eliminieren	la concurrence	der Wettbewerb
éliminer	eliminieren	le problème	das Problem
éliminer	eliminieren	le risque	das Risiko
élire	wählen	le candidat	der Kandidat
élire	wählen	le membre	das Mitglied
élire	wählen	le président	der Präsident
éloigner	entfernen	l'objet	der Gegenstand
éloigner	entfernen	la personne	die Person
éloigner	entfernen	le danger	die Gefahr
élucider	aufklären	la situation	die Situation
élucider	aufklären	le mystère	das Geheimnis
élucider	aufklären	le problème	das Problem
éluder	umgehen	la question	die Frage
éluder	umgehen	la situation	die Situation
éluder	umgehen	le problème	das Problem
émailler	emailieren	l'objet	der Gegenstand
émailler	emailieren	la céramique	die Keramik
émailler	emailieren	la surface	die Oberfläche
émanciper	emanzipieren	l'individu	das Individuum
émanciper	emanzipieren	la société	die Gesellschaft
émanciper	emanzipieren	le groupe	der Gruppe
émaner	ausströmen	la lumière	das Licht
émaner	ausströmen	une odeur	der Geruch
émerger	auftauchen	l'idée	die Idee
émerger	auftauchen	la situation	die Situation
émerger	auftauchen	le problème	das Problem
émerveiller	verzaubern	l'enfant	das Kind
émerveiller	verzaubern	la nature	die Natur
émerveiller	verzaubern	le spectacle	das Schauspiel
émettre	ausstrahlen	la lumière	das Licht
émettre	ausstrahlen	le signal	das Signal
émigrer	emigrieren	la communauté	die Gemeinschaft
émigrer	emigrieren	la famille	die Familie
émigrer	emigrieren	le pays	das Land
émouvoir	berühren	l'audience	die Zuhörerschaft
émouvoir	berühren	le public	das Publikum
énerver	nervös machen	l'environnement	die Umwelt
énerver	nervös machen	la personne	die Person
énerver	nervös machen	la situation	die Situation
énoncer	äußern	l'avis	die Meinung
énoncer	äußern	l'idée	die Idee
énoncer	äußern	une proposition	der Vorschlag
épandre	ausbreiten	l'eau	das Wasser
épandre	ausbreiten	l'information	die Information
épandre	ausbreiten	la substance	die Substanz
épanouir	entfalten	l'enfant	das Kind
épanouir	entfalten	la personnalité	die Persönlichkeit
épanouir	entfalten	le talent	das Talent
épargner	sparen	l'argent	das Geld
épargner	sparen	temps	die Zeit
épater	beeindrucken	le public	das Publikum
épauler	unterstützen	l'ami	der Freund
épauler	unterstützen	l'équipe	die Mannschaft
épauler	unterstützen	le projet	das Projekt
épeler	buchstabieren	la phrase	der Satz
épeler	buchstabieren	le mot	das Wort
épeler	buchstabieren	le nom	der Name
éperdre	verwirren	l'esprit	der Geist
éperdre	verwirren	la personne	die Person
éperdre	verwirren	la situation	die Situation
épicer	würzen	la nourriture	die Nahrung
épicer	würzen	la sauce	die Soße
épicer	würzen	le plat	das Gericht
épingler	anheften	la note	die Note
épingler	anheften	la photo	das Foto
épingler	anheften	le document	das Dokument
éplucher	schälen	la carotte	die Karotte
éplucher	schälen	le fruit	die Frucht
éplucher	schälen	le légume	das Gemüse
éponger	abtrocknen	la table	der Tisch
éponger	abtrocknen	la vaisselle	das Geschirr
éponger	abtrocknen	le sol	der Boden
épouser	heiraten	l'ami	der Freund
épouser	heiraten	l'amour	die Liebe
épouser	heiraten	le partenaire	der Partner
épouvanter	erschrecken	l'audience	die Zuhörerschaft
épouvanter	erschrecken	l'enfant	das Kind
épouvanter	erschrecken	le spectateur	der Zuschauer
éprendre	verlieben	la personne	die Person
éprouver	erfahren	l'émotion	die Emotion
éprouver	erfahren	la difficulté	die Schwierigkeit
éprouver	erfahren	le sentiment	das Gefühl
épuiser	erschöpfen	l'énergie	die Energie
épuiser	erschöpfen	la patience	die Geduld
épurer	reinigen	l'air	die Luft
épurer	reinigen	l'eau	das Wasser
épurer	reinigen	le système	das System
équilibrer	ausgleichen	la relation	die Beziehung
équilibrer	ausgleichen	la situation	die Situation
équilibrer	ausgleichen	le budget	das Budget
équiper	ausstatten	la maison	das Haus
équiper	ausstatten	la voiture	das Auto
équiper	ausstatten	le bureau	das Büro
équivaloir	entsprechen	la valeur	der Wert
équivaloir	entsprechen	le montant	der Betrag
équivaloir	entsprechen	le niveau	das Niveau
érailler	abkratzen	la peinture	die Malerei
érailler	abkratzen	la surface	die Oberfläche
érailler	abkratzen	le mur	die Wand
ériger	errichten	la statue	die Statue
ériger	errichten	le bâtiment	das Gebäude
ériger	errichten	le monument	das Denkmal
établir	einrichten	la relation	die Beziehung
établir	einrichten	la règle	die Regel
établir	einrichten	le contact	der Kontakt
étager	regalieren	l'espace	der Raum
étager	regalieren	la bibliothèque	die Bibliothek
étager	regalieren	le meuble	das Möbel
étaler	ausbreiten	la nourriture	die Nahrung
étaler	ausbreiten	le tissu	der Stoff
éteindre	ausschalten	l'appareil	das Gerät
éteindre	ausschalten	la lumière	das Licht
éteindre	ausschalten	le feu	das Feuer
étendre	ausdehnen	l'espace	der Raum
étendre	ausdehnen	la main	die Hand
étendre	ausdehnen	le tissu	der Stoff
étinceler	funkeln	l'étoile	der Stern
étinceler	funkeln	le bijou	der Schmuck
étirer	dehnen	la corde	das Seil
étirer	dehnen	le muscle	der Muskel
étirer	dehnen	le tissu	der Stoff
étoiler	sternen	la galaxie	die Galaxie
étoiler	sternen	la nuit	die Nacht
étoiler	sternen	le ciel	der Himmel
étonner	überraschen	la personne	die Person
étonner	überraschen	la réaction	die Reaktion
étonner	überraschen	la situation	die Situation
étouffer	ersticken	le cri	der Schrei
étouffer	ersticken	le feu	das Feuer
étouffer	ersticken	le soupir	der Seufzer
étourdir	benebeln	la personne	die Person
étourdir	benebeln	une odeur	der Geruch
étrangler	erwürgen	l'animal	das Tier
étrangler	erwürgen	la personne	die Person
étrangler	erwürgen	la victime	das Opfer
étrenner	einweihen	l'objet	der Gegenstand
étrenner	einweihen	la maison	das Haus
étrenner	einweihen	la voiture	das Auto
étudier	studieren	le livre	das Buch
étudier	studieren	le sujet	das Thema
évacuer	evakuieren	la zone	die Zone
évacuer	evakuieren	le bâtiment	das Gebäude
évader	entkommen	la prison	das Gefängnis
évader	entkommen	la situation	die Situation
évader	entkommen	le danger	die Gefahr
évaluer	bewerten	la performance	die Leistung
évaluer	bewerten	la situation	die Situation
évaluer	bewerten	le projet	das Projekt
évangéliser	evangelisieren	la communauté	die Gemeinschaft
évangéliser	evangelisieren	la foi	der Glaube
évangéliser	evangelisieren	le message	die Nachricht
évanouir	ohnmächtig werden	femme	die Frau
évanouir	ohnmächtig werden	homme	der Mann
évanouir	ohnmächtig werden	la personne	die Person
évaporer	verdampfen	l'eau	das Wasser
évaporer	verdampfen	la substance	die Substanz
évaser	verbreitern	l'ouverture	die Öffnung
évaser	verbreitern	la base	die Basis
évaser	verbreitern	la bouche	der Mund
éveiller	wecken	l'intérêt	das Interesse
éveiller	wecken	la curiosité	die Neugier
éveiller	wecken	une conscience	das Bewusstsein
évider	aushöhlen	l'objet	der Gegenstand
évider	aushöhlen	le fruit	die Frucht
évider	aushöhlen	le matériau	das Material
évincer	ausgrenzen	la personne	die Person
évincer	ausgrenzen	le groupe	der Gruppe
évincer	ausgrenzen	le membre	das Mitglied
éviter	vermeiden	le conflit	der Konflikt
éviter	vermeiden	le danger	die Gefahr
éviter	vermeiden	le problème	das Problem
évoluer	evolvieren	l'idée	die Idee
évoluer	evolvieren	la situation	die Situation
évoluer	evolvieren	le système	das System
évoquer	erwähnen	l'idée	die Idee
évoquer	erwähnen	le sujet	das Thema
être	sein	femme	die Frau
être	sein	homme	der Mann
être	sein	l'enfant	das Kind
êtreindre	umarmen	l'ami	der Freund
êtreindre	umarmen	l'enfant	das Kind
êtreindre	umarmen	la personne	die Person
ôter	entfernen	l'objet	der Gegenstand
ôter	entfernen	le masque	die Maske
ôter	entfernen	le vêtement	das Kleidungsstück
