sentence_fr	sentence_de	blank_word	distractors	verb_fr	noun_fr
Je vais endosser le costume.	Ich werde den Anzug anziehen.	le	un,la,du	endosser	le costume
Je vais écraser le fruit.	Ich werde die Frucht zerdrücken.	le	un,la,de	écraser	le fruit
Elle se déguise en costume.	Sie verkleidet sich im Anzug.	en	à,le,du	déguiser	le costume
Il manipule la machine.	Er manipuliert die Maschine.	la	une,le,de	manipuler	la machine
L'objet glisse sur la table.	Der Gegenstand gleitet über den Tisch.	sur	dans,à,avec	glisser	l'objet
Les abeilles butinent le nectar.	Die Bienen sammeln den Nektar.	le	un,la,de	butiner	le nectar
Je tape le numéro.	Ich tippe die Nummer.	le	un,la,de	taper	le numéro
Le papier brûle dans le feu.	Das Papier brennt im Feuer.	dans	sur,à,avec	brûler	le papier
Il déclare la guerre.	Er erklärt den Krieg.	la	une,le,de	déclarer	la guerre
Elle assèche la plante.	Sie trocknet die Pflanze aus.	la	une,le,de	assécher	la plante
Il borne le territoire.	Er begrenzt das Gebiet.	le	un,la,de	borner	le territoire
Je vais allumer la lampe.	Ich werde die Lampe anzünden.	la	une,le,de	allumer	la lampe
Je retiens l'information.	Ich behalte die Information.	l'	la,une,de	retenir	l'information
Ils internationalisent l'entreprise.	Sie internationalisieren die Firma.	l'	une,la,de	internationaliser	l'entreprise
Nous scandons le chant.	Wir skandieren den Gesang.	le	un,la,de	scander	le chant
Ils sensibilisent le public.	Sie sensibilisieren das Publikum.	le	un,la,de	sensibiliser	le public
Il tasse la terre.	Er presst die Erde.	la	une,le,de	tasser	la terre
J'ouvre la fenêtre.	Ich öffne das Fenster.	la	une,le,de	ouvrir	la fenêtre
La tempête sévit en mer.	Der Sturm wütet auf dem Meer.	en	à,sur,avec	sévir	la tempête
Il débourse le montant.	Er gibt den Betrag aus.	le	un,la,de	débourser	le montant
Je bois le vin.	Ich trinke den Wein.	le	un,la,de	boire	le vin
Nous équilibrons le budget.	Wir gleichen das Budget aus.	le	un,la,de	équilibrer	le budget
Je cuisine l'ingrédient.	Ich koche den Bestandteil.	l'	une,la,de	cuisiner	l'ingrédient
Elle écrit la lettre.	Sie schreibt den Brief.	la	une,le,de	écrire	la lettre
Il parle la langue.	Er spricht die Sprache.	la	une,le,de	parler	la langue
Ils affranchissent le pays.	Sie befreien das Land.	le	un,la,de	affranchir	le pays
Je félicite la personne.	Ich gratuliere der Person.	la	une,le,de	féliciter	la personne
Elle décline une proposition.	Sie lehnt einen Vorschlag ab.	une	la,le,de	décliner	une proposition
Il publie l'article.	Er veröffentlicht den Artikel.	l'	une,la,de	publier	l'article
Nous reconstruisons la maison.	Wir bauen das Haus wieder auf.	la	une,le,de	reconstruire	la maison
Je vais réparer la voiture.	Ich werde das Auto reparieren.	la	une,de,du	réparer	la voiture
Il choisit le vêtement.	Er wählt das Kleidungsstück.	le	un,la,de	choisir	le vêtement
Elle facilite le travail.	Sie erleichtert die Arbeit.	le	un,la,de	faciliter	le travail
Nous rencontrons le collègue.	Wir treffen den Kollegen.	le	un,la,de	rencontrer	le collègue
Le conflit explose.	Der Konflikt explodiert.	le	un,la,de	exploser	le conflit
Je vais réparer l'appareil.	Ich werde das Gerät reparieren.	l'	une,la,de	réparer	l'appareil
Ils revendiquent le droit.	Sie beanspruchen das Recht.	le	un,la,de	revendiquer	le droit
Elle exaspère la personne.	Sie ärgert die Person.	la	une,de,du	exaspérer	la personne
Je remets le document.	Ich gebe das Dokument zurück.	le	un,la,de	remettre	le document
Ils fondent une famille.	Sie gründen eine Familie.	une	la,de,du	fonder	la famille
Il tatoue la peau.	Er tätowiert die Haut.	la	une,de,du	tatouer	la peau
Elle hoche la tête.	Sie nickt mit dem Kopf.	la	une,de,du	hocher	la tête
Il s'adonne à l'énergie.	Er widmet sich der Energie.	à	de,sur,avec	adonner	l'énergie
Nous rallumons le feu.	Wir zünden das Feuer wieder an.	le	un,la,de	rallumer	le feu
Je vends la voiture.	Ich verkaufe das Auto.	la	une,de,du	vendre	la voiture
Il colle l'étiquette.	Er klebt das Etikett.	l'	une,la,de	coller	l'étiquette
Elle est absente à l'événement.	Sie fehlt bei dem Ereignis.	à	de,sur,avec	absenter	l'événement
Il filtre l'huile.	Er filtert das Öl.	l'	une,la,de	filtrer	l'huile
Nous raccordons le câble.	Wir schließen das Kabel an.	le	un,la,de	raccorder	le câble
Je cachette la lettre.	Ich versiegle den Brief.	la	une,de,du	cacheter	la lettre
Ils marginalisent le groupe.	Sie marginalisieren die Gruppe.	le	un,la,de	marginaliser	le groupe
Elle apprend la langue.	Sie lernt die Sprache.	la	une,de,du	apprendre	la langue
Il dévisse l'objet.	Er schraubt den Gegenstand ab.	l'	une,la,de	dévisser	l'objet
Elle essuie la table.	Sie wischt den Tisch ab.	la	une,de,du	essuyer	la table
Il estampille le document.	Er stempelt das Dokument.	le	un,la,de	estampiller	le document
Nous filons au train.	Wir gehen schnell zum Zug.	au	à,de,sur	filer	le train
Il stupéfie l'audience.	Er verblüfft das Publikum.	l'	une,la,de	stupéfaire	l'audience
Elle pend le vêtement.	Sie hängt das Kleidungsstück auf.	le	un,la,de	pendre	le vêtement
Il perfectionne le produit.	Er verbessert das Produkt.	le	un,la,de	perfectionner	le produit
Nous cherchons la solution.	Wir suchen die Lösung.	la	une,de,du	chercher	la solution
J'accole l'image sur le mur.	Ich klebe das Bild an die Wand.	sur	à,dans,avec	accoler	l'image
Je replie le papier en deux.	Ich falte das Papier in zwei.	en	à,sur,avec	replier	le papier
Il offense la personne ici.	Er beleidigt die Person hier.	la	une,de,et	offenser	la personne
Nous raffinons le produit pour vous.	Wir verfeinern das Produkt für Sie.	le	un,de,dans	raffiner	le produit
Elle confirme l'information au patron.	Sie bestätigt die Information beim Chef.	l'	une,de,sur	confirmer	l'information
J'urine dans la toilette.	Ich uriniere in die Toilette.	dans	à,sur,avec	uriner	la toilette
Ils réglementent la norme pour tous.	Sie regeln die Norm für alle.	la	une,de,et	réglementer	la norme
Nous dénommons le lieu ici.	Wir benennen den Ort hier.	le	un,de,et	dénommer	le lieu
Vous bénéficiez du service aujourd'hui.	Sie profitieren heute von dem Dienst.	du	de,le,à	bénéficier	le service
Ils dégradent la qualité du produit.	Sie verschlechtern die Qualität des Produkts.	la	une,de,et	dégrader	la qualité
Je forme le groupe pour le projet.	Ich forme die Gruppe für das Projekt.	le	un,de,et	former	le groupe
Nous renouvelons le permis chaque année.	Wir erneuern die Erlaubnis jedes Jahr.	le	un,de,et	renouveler	le permis
Il cartonne le produit pour la vente.	Er verpackt das Produkt für den Verkauf.	le	un,de,et	cartonner	le produit
Elle ironise sur la situation actuelle.	Sie ironisiert über die aktuelle Situation.	sur	à,de,avec	ironiser	la situation
J'avoue le secret à mon ami.	Ich gebe das Geheimnis meinem Freund zu.	le	un,de,et	avouer	le secret
Il presse le tissu pour le repasser.	Er drückt den Stoff zum Bügeln.	le	un,de,et	presser	le tissu
Je prête le livre à ma sœur.	Ich leihe das Buch meiner Schwester.	à	de,dans,sur	prêter	le livre
Elle réprimande l'élève en classe.	Sie tadelt den Schüler in der Klasse.	l'	une,de,et	réprimander	l'élève
Ils épuisent l'énergie du moteur.	Sie erschöpfen die Energie des Motors.	l'	une,de,et	épuiser	l'énergie
Il corrompt le fonctionnaire avec de l'argent.	Er besticht den Beamten mit Geld.	le	un,de,et	corrompre	le fonctionnaire
Je sous-loue la chambre à un étudiant.	Ich untervermiete das Zimmer an einen Studenten.	à	de,dans,sur	sous-louer	la chambre
Vous bénéficiez de l'aide gratuite.	Sie profitieren von der kostenlosen Hilfe.	de	du,le,à	bénéficier	l'aide
Je nourris l'enfant avec du lait.	Ich ernähre das Kind mit Milch.	l'	un,de,et	nourrir	l'enfant
Il coupe le papier en morceaux.	Er schneidet das Papier in Stücke.	le	un,de,et	couper	le papier
Nous discutons du problème ensemble.	Wir diskutieren das Problem zusammen.	du	de,le,à	discuter	le problème
Elle reçoit le message par email.	Sie erhält die Nachricht per E-Mail.	le	un,de,et	recevoir	le message
Je vais à la maison maintenant.	Ich gehe jetzt nach Hause.	à	de,dans,sur	aller	la maison
L'animal sautille dans le jardin.	Das Tier hüpft im Garten.	dans	à,sur,avec	sautiller	l'animal
L'eau inonde la chambre maintenant.	Das Wasser überflutet jetzt das Zimmer.	la	une,de,et	inonder	la chambre
Je parrains l'association pour les enfants.	Ich patroniere die Vereinigung für die Kinder.	l'	une,de,et	parrainer	l'association
J'engage l'équipe pour le match.	Ich engagiere die Mannschaft für das Spiel.	pour	à,de,avec	engager	l'équipe
Je raconte l'histoire à mes amis.	Ich erzähle die Geschichte meinen Freunden.	à	de,sur,pour	raconter	l'histoire
La partie consiste en un jeu.	Der Teil besteht aus einem Spiel.	en	à,de,sur	consister	la partie
Il endette la personne avec ses choix.	Er verschuldet die Person mit seinen Entscheidungen.	avec	à,de,pour	endetter	la personne
Elle évaser la base du vase.	Sie verbreitert die Basis der Vase.	du	à,de,sur	évaser	la base
Nous impliquons la personne dans le projet.	Wir beziehen die Person in das Projekt ein.	dans	à,de,pour	impliquer	la personne
Je jure la loi devant le juge.	Ich schwöre das Gesetz vor dem Richter.	devant	à,de,sur	jurer	la loi
Cela coûte le prix de la vie.	Das kostet den Preis des Lebens.	de	à,sur,pour	coûter	le prix
Elle affame la personne dans la rue.	Sie verhungert die Person auf der Straße.	dans	à,de,pour	affamer	la personne
Le cheval hennit à la monture.	Das Pferd wiehert zur Fassung.	à	de,sur,avec	hennir	la monture
Nous encastrons l'élément dans le mur.	Wir bauen das Element in die Wand ein.	dans	à,de,sur	encastrer	l'élément
Il tasse le sable dans le seau.	Er presst den Sand in den Eimer.	dans	à,de,sur	tasser	le sable
Elle entrouvre la porte doucement.	Sie lehnt die Tür sanft an.	la	à,de,sur	entrouvrir	la porte
Nous profitons de l'offre spéciale.	Wir profitieren vom speziellen Angebot.	de	à,sur,pour	profiter	l'offre
Il adjure le soutien de ses amis.	Er bittet dringend um die Unterstützung seiner Freunde.	de	à,sur,pour	adjurer	le soutien
Elle nantit la propriété avec des meubles.	Sie stattet das Eigentum mit Möbeln aus.	avec	à,de,pour	nantir	la propriété
Ils bombardent la cible avec précision.	Sie bombardieren das Ziel mit Präzision.	avec	à,de,sur	bombarder	la cible
Il double l'effort pour réussir.	Er verdoppelt den Aufwand, um erfolgreich zu sein.	pour	à,de,avec	doubler	l'effort
Elle bute contre le mur en courant.	Sie stößt beim Laufen gegen die Wand.	contre	à,de,sur	buter	le mur
Nous ventilons l'espace pour aérer.	Wir belüften den Raum, um frische Luft zu bekommen.	pour	à,de,avec	ventiler	l'espace
Il répare le dommage sur la voiture.	Er repariert den Schaden am Auto.	sur	à,de,pour	réparer	le dommage
Je rame sur la rivière calme.	Ich rudere auf dem ruhigen Fluss.	sur	à,de,dans	ramer	la rivière
Elle emplit la bouteille d'eau.	Sie füllt die Flasche mit Wasser.	d'	à,de,sur	emplir	la bouteille
Elle s'évanouit devant la femme.	Sie wird ohnmächtig vor der Frau.	devant	à,de,sur	évanouir	la femme
Ils industrialisent le processus lentement.	Sie industrialisieren den Prozess langsam.	le	à,de,sur	industrialiser	le processus
Elle harmonise la musique avec soin.	Sie harmonisiert die Musik sorgfältig.	avec	à,de,pour	harmoniser	la musique
Il boude la situation actuelle.	Er schmollt über die aktuelle Situation.	la	à,de,sur	bouder	la situation
Elle délier le contrat avec soin.	Sie löst den Vertrag sorgfältig.	le	à,de,sur	délier	le contrat
Nous nettoyons la maison chaque semaine.	Wir reinigen das Haus jede Woche.	la	à,de,sur	nettoyer	la maison
Je vais impréciser l'information.	Ich werde die Information unbestimmen.	l'	de,une,le	impréciser	l'information
Nous allons construire le mur.	Wir werden die Wand bauen.	le	un,dans,sur	construire	le mur
Elle veut venger le tort.	Sie will das Unrecht rächen.	le	un,de,avec	venger	le tort
Ils vont parfaire le travail.	Sie werden die Arbeit vollenden.	le	une,de,dans	parfaire	le travail
Je veux enhardir la personne.	Ich möchte die Person ermutigen.	la	une,de,sur	enhardir	la personne
Nous devons fidéliser le partenaire.	Wir müssen den Partner bindend machen.	le	un,de,la	fidéliser	le partenaire
Ils veulent rallier le partisan.	Sie wollen den Anhänger vereinen.	le	un,de,la	rallier	le partisan
Je vais vendre la maison.	Ich werde das Haus verkaufen.	la	une,de,le	vendre	la maison
Il ne faut pas entacher la réputation.	Man darf den Ruf nicht beschmutzen.	la	un,de,le	entacher	la réputation
Elle veut friser la mèche.	Sie möchte den Docht locken.	la	un,de,le	friser	la mèche
Nous allons inventer l'idée.	Wir werden die Idee erfinden.	l'	une,de,le	inventer	l'idée
Je vais aller au magasin.	Ich werde zum Laden gehen.	au	à,dans,sur	aller	le magasin
Ils veulent recruter le candidat.	Sie wollen den Kandidaten rekrutieren.	le	un,de,la	recruter	le candidat
Nous devons envisager la possibilité.	Wir müssen die Möglichkeit in Betracht ziehen.	la	une,de,le	envisager	la possibilité
Je vais actualiser l'information.	Ich werde die Information aktualisieren.	l'	une,de,le	actualiser	l'information
Il faut motoriser la machine.	Man muss die Maschine motorisieren.	la	une,de,le	motoriser	la machine
Je vais refiler l'information.	Ich werde die Information weitergeben.	l'	une,de,le	refiler	l'information
Il faut estimer le temps.	Man muss die Zeit schätzen.	le	un,de,la	estimer	temps
Elle veut persuader le client.	Sie möchte den Kunden überzeugen.	le	un,de,la	persuader	le client
Il ne faut pas vexer le commentaire.	Man darf den Kommentar nicht ärgern.	le	un,de,la	vexer	le commentaire
L'enfant va naître bientôt.	Das Kind wird bald geboren.	l'	un,de,la	naître	l'enfant
Je vais trimer jour et nuit.	Ich werde Tag und Nacht schuften.	et	ou,de,sur	trimer	jour
Nous devons légaliser la substance.	Wir müssen die Substanz legalisieren.	la	une,de,le	légaliser	la substance
Je vais numériser le document.	Ich werde das Dokument digitalisieren.	le	un,de,la	numériser	le document
Il faut cuivrer l'objet.	Man muss den Gegenstand kupfern.	l'	un,de,la	cuivrer	l'objet
Le chien va aboyer.	Der Hund wird bellen.	le	un,de,la	aboyer	l'animal
Il veut proférer la phrase.	Er möchte den Satz aussprechen.	la	une,de,le	proférer	la phrase
Je vais aviser le collègue.	Ich werde den Kollegen benachrichtigen.	le	un,de,la	aviser	le collègue
Nous devons guetter l'occasion.	Wir müssen die Gelegenheit lauern.	l'	une,de,le	guetter	l'occasion
Elle veut parfumer la peau.	Sie möchte die Haut parfümieren.	la	une,de,le	parfumer	la peau
Je flûte la mélodie.	Ich flöte die Melodie.	la	une,de,du	flûter	la mélodie
J'épongé la table.	Ich trockne den Tisch ab.	la	une,de,du	éponger	la table
Nous triomphons de la victoire.	Wir triumphieren über den Sieg.	de	à,sur,pour	triompher	la victoire
Il a accidenté la voiture.	Er hat das Auto beschädigt.	la	une,de,du	accidenter	la voiture
Nous longeons la plage.	Wir gehen entlang des Strandes.	la	une,de,du	longer	la plage
Il façonne l'objet.	Er formt den Gegenstand.	l'	un,la,le	façonner	l'objet
Elle terrifie l'enfant.	Sie erschreckt das Kind.	l'	un,la,le	terrifier	l'enfant
Il lèse l'intérêt.	Er verletzt das Interesse.	l'	un,la,le	léser	l'intérêt
Nous bornons l'espace.	Wir begrenzen den Raum.	l'	un,la,le	borner	l'espace
Il amorce la discussion.	Er leitet die Diskussion ein.	la	une,de,du	amorcer	la discussion
Nous figeons la nourriture.	Wir frieren die Nahrung ein.	la	une,de,du	figer	la nourriture
L'enfant boude.	Das Kind schmollt.	l'	un,la,le	bouder	l'enfant
Je dissous le sucre.	Ich löse den Zucker auf.	le	un,la,les	dissoudre	le sucre
Il paie l'achat.	Er bezahlt den Kauf.	l'	un,la,les	payer	l'achat
Elle chine le vêtement.	Sie stöbert im Kleidungsstück.	le	un,la,les	chiner	le vêtement
J'arrose la fleur.	Ich gieße die Blume.	la	une,de,du	arroser	la fleur
Nous fuyons le danger.	Wir fliehen vor der Gefahr.	le	un,la,les	fuir	le danger
Je mange le pain.	Ich esse das Brot.	le	un,la,les	manger	le pain
Il transpose l'information.	Er transponiert die Information.	l'	un,la,le	transposer	l'information
Elle vend le produit.	Sie verkauft das Produkt.	le	un,la,les	vendre	le produit
Il décroche le prix.	Er nimmt den Preis ab.	le	un,la,les	décrocher	le prix
Nous contrôlons le processus.	Wir kontrollieren den Prozess.	le	un,la,les	contrôler	le processus
Elle équipe le bureau.	Sie stattet das Büro aus.	le	un,la,les	équiper	le bureau
Cela aboutit à la situation.	Das führt zu der Situation.	à	de,sur,pour	aboutir	la situation
Je freine le vélo.	Ich bremse das Fahrrad.	le	un,la,les	freiner	le vélo
Il contraint la situation.	Er zwingt die Situation.	la	une,de,du	contraindre	la situation
Elle littératurise l'écriture.	Sie literaturisiert das Schreiben.	l'	un,la,le	littératurer	l'écriture
Je console l'enfant.	Ich tröste das Kind.	l'	un,la,le	consoler	l'enfant
Il permet un changement.	Er erlaubt eine Veränderung.	un	le,la,les	permettre	un changement
Il défonce le coffre.	Er bricht die Truhe auf.	le	un,la,les	défoncer	le coffre
Je raccorde l'appareil.	Ich schließe das Gerät an.	l'	le,un,la	raccorder	l'appareil
Elle esquisse le dessin.	Sie skizziert die Zeichnung.	le	un,la,de	esquisser	le dessin
Nous votons pour le candidat.	Wir wählen den Kandidaten.	pour	à,de,sur	voter	le candidat
Il exclame la phrase.	Er ruft den Satz aus.	la	le,une,de	exclamer	la phrase
Ils martyrisent la personne.	Sie quälen die Person.	la	une,de,le	martyriser	la personne
Je veux aider la personne.	Ich möchte der Person helfen.	la	une,de,le	aider	la personne
Nous amollissons la matière.	Wir erweichen das Material.	la	une,de,le	amollir	la matière
Elle évade la prison.	Sie entkommt aus dem Gefängnis.	la	une,de,le	évader	la prison
Je rentre dans la maison.	Ich kehre ins Haus zurück.	dans	à,sur,de	rentrer	la maison
Il parle avec la personne.	Er spricht mit der Person.	avec	à,de,pour	parler	la personne
La plante languit dans le pot.	Die Pflanze verwelkt im Topf.	dans	à,sur,de	languir	la plante
Le spectacle émerveille les enfants.	Das Schauspiel verzaubert die Kinder.	les	des,un,de	émerveiller	le spectacle
Il enfle le poumon.	Er schwillt die Lunge an.	le	un,la,de	enfler	le poumon
Je reconnais la chanson.	Ich erkenne das Lied.	la	un,de,le	reconnaître	la chanson
Ils harcèlent la personne.	Sie belästigen die Person.	la	une,de,le	harceler	la personne
Elle décompresse la tension.	Sie entspannt die Spannung.	la	une,de,le	décompresser	la tension
Il bougonne à la personne.	Er murrt über die Person.	à	de,sur,avec	bougonner	la personne
Nous régalons le client.	Wir verwöhnen den Kunden.	le	un,la,de	régaler	le client
Je prends un bus.	Ich nehme einen Bus.	un	le,la,de	prendre	un bus
Elle excite la situation.	Sie regt die Situation auf.	la	une,de,le	exciter	la situation
Il répond à la demande.	Er antwortet auf die Anfrage.	à	de,sur,pour	répondre	la demande
Nous retraitons l'offre.	Wir ziehen das Angebot zurück.	l'	le,une,de	retraiter	l'offre
Il pulvérise la matière.	Er zersäuft das Material.	la	une,de,le	pulvériser	la matière
L'air est contaminé.	Die Luft ist kontaminiert.	l'	le,une,de	contaminer	l'air
Je feuillette le journal.	Ich blättere in der Zeitung.	le	un,la,de	feuilleter	le journal
La pluie inonde le champ.	Der Regen überflutet das Feld.	le	un,la,de	inonder	le champ
Nous perpétuons la tradition.	Wir bewahren die Tradition.	la	une,de,le	perpétuer	la tradition
Il braise la viande.	Er schmort das Fleisch.	la	une,de,le	braiser	la viande
Il circonstancie le contexte.	Er umschreibt den Kontext.	le	un,la,de	circonstancier	le contexte
J'emporte la nourriture.	Ich nehme die Nahrung mit.	la	une,de,le	emporter	la nourriture
Je déroule le tapis.	Ich rolle den Teppich ab.	le	un,la,du	dérouler	le tapis
Je transforme l'espace.	Ich verwandle den Raum.	l'	un,le,de	transformer	l'espace
Je vends le produit.	Ich verkaufe das Produkt.	le	un,la,de	vendre	le produit
Je réalise l'idée.	Ich realisiere die Idee.	l'	une,le,de	réaliser	l'idée
Je fédère le groupe.	Ich vereine die Gruppe.	le	un,la,de	fédérer	le groupe
Je lâche l'objet.	Ich lasse den Gegenstand los.	l'	un,le,de	lâcher	l'objet
J'assèche la rivière.	Ich trockne den Fluss aus.	la	une,le,de	assécher	la rivière
J'engouffre l'objet.	Ich stürze den Gegenstand hinein.	l'	un,le,de	engouffrer	l'objet
Je proviens de l'origine.	Ich stamme von dem Ursprung.	de	à,du,le	provenir	l'origine
Je dessers le plat.	Ich serviere das Gericht ab.	le	un,la,de	desservir	le plat
Je suis l'enfant.	Ich bin das Kind.	l'	un,le,de	être	l'enfant
J'exècre la situation.	Ich verabscheue die Situation.	la	une,le,de	exécrer	la situation
Je parie sur l'événement.	Ich wette auf das Ereignis.	sur	à,de,le	parier	l'événement
Je repose le moment.	Ich ruhe den Moment aus.	le	un,la,de	reposer	le moment
J'espère la réussite.	Ich hoffe auf den Erfolg.	la	une,le,de	espérer	la réussite
Je convaincs l'auditoire.	Ich überzeuge das Publikum.	l'	un,le,de	convaincre	l'auditoire
Je réprime le comportement.	Ich unterdrücke das Verhalten.	le	un,la,de	réprimer	le comportement
Je refais le projet.	Ich mache das Projekt wieder.	le	un,la,de	refaire	le projet
Je distingue la caractéristique.	Ich unterscheide das Merkmal.	la	une,le,de	distinguer	la caractéristique
Je drache le vêtement.	Ich ziehe das Kleidungsstück herunter.	le	un,la,de	dracher	le vêtement
J'évite le conflit.	Ich vermeide den Konflikt.	le	un,la,de	éviter	le conflit
Je change l'idée.	Ich ändere die Idee.	l'	une,le,de	changer	l'idée
Je tapote le papier.	Ich tippe auf das Papier.	le	un,la,de	tapoter	le papier
J'écoute la conversation.	Ich höre das Gespräch zu.	la	une,le,de	écouter	la conversation
Je renais le projet.	Ich werde das Projekt wiedergeboren.	le	un,la,de	renaître	le projet
Je suspends l'objet.	Ich hänge den Gegenstand auf.	l'	un,le,de	suspendre	l'objet
Je flanque l'objet.	Ich platziere den Gegenstand.	l'	un,le,de	flanquer	l'objet
Je prouve le fait.	Ich beweise die Tatsache.	le	un,la,de	prouver	le fait
J'importune le travail.	Ich störe die Arbeit.	le	un,la,de	importuner	le travail
Je blanchis le linge.	Ich bleiche die Wäsche.	le	un,la,de	blanchir	le linge
Je tasse le matériau.	Ich presse das Material.	le	un,du,la	tasser	le matériau
Je suppose l'hypothèse.	Ich nehme die Hypothese an.	l'	une,la,de	supposer	l'hypothèse
Il généralise la situation.	Er verallgemeinert die Situation.	la	une,de,le	généraliser	la situation
Elle perforé l'objet.	Sie durchbohrt den Gegenstand.	l'	un,le,de	perforer	l'objet
Nous proposons la solution.	Wir schlagen die Lösung vor.	la	une,le,de	proposer	la solution
Il suscite l'émotion.	Er löst die Emotion aus.	l'	une,la,de	susciter	l'émotion
L'étoile gravite autour du soleil.	Der Stern gravitiert um die Sonne.	du	de,le,la	graviter	l'étoile
Je réécris l'histoire.	Ich schreibe die Geschichte neu.	l'	une,la,de	réécrire	l'histoire
Le palais trône sur la colline.	Der Palast thront auf dem Hügel.	sur	dans,à,avec	trôner	le palais
Nous pallions le problème.	Wir mildern das Problem ab.	le	un,la,de	pallier	le problème
Je teste l'échantillon.	Ich teste die Probe.	l'	une,la,de	tester	l'échantillon
Je revois l'ami.	Ich sehe den Freund wieder.	l'	un,le,de	revoir	l'ami
Il concocte le plan.	Er brütet den Plan aus.	le	un,la,de	concocter	le plan
Nous dénouons le problème.	Wir entwirren das Problem.	le	un,la,de	dénouer	le problème
Il statue sur le cas.	Er entscheidet über den Fall.	sur	dans,à,avec	statuer	le cas
Elle contribue au projet.	Sie trägt zum Projekt bei.	au	à,le,de	contribuer	le projet
J'ouvre le cadeau.	Ich öffne das Geschenk.	le	un,la,de	ouvrir	le cadeau
Nous parlons du sujet.	Wir sprechen über das Thema.	du	de,le,la	parler	le sujet
Il caractérise la personnalité.	Er charakterisiert die Persönlichkeit.	la	une,de,le	caractériser	la personnalité
Elle flatte la personne.	Sie schmeichelt der Person.	la	une,de,le	flatter	la personne
Je laisse le choix.	Ich lasse die Wahl.	le	un,la,de	laisser	le choix
Nous naviguons sur le bateau.	Wir navigieren mit dem Boot.	sur	à,dans,avec	naviguer	le bateau
L'image transparaît dans le miroir.	Das Bild scheint im Spiegel durch.	dans	à,sur,avec	transparaître	l'image
J'étudie le sujet.	Ich studiere das Thema.	le	un,la,de	étudier	le sujet
Je goûte l'eau.	Ich koste das Wasser.	l'	une,la,de	gouter	l'eau
Je récupère l'objet.	Ich bekomme den Gegenstand zurück.	l'	un,le,de	récupérer	l'objet
J'estime le coût.	Ich schätze die Kosten.	le	un,la,de	estimer	le coût
Il reconquiert le marché.	Er gewinnt den Markt zurück.	le	un,la,de	reconquérir	le marché
Elle accable la personne.	Sie überwältigt die Person.	la	une,de,le	accabler	la personne
Je monte au cheval.	Ich steige auf das Pferd.	au	à,sur,dans	monter	le cheval
Je déjoue la stratégie.	Ich vereitle die Strategie.	la	de,une,le	déjouer	la stratégie
Je saturerai la couleur.	Ich sättige die Farbe.	la	une,de,le	saturer	la couleur
J'emplis le sac.	Ich fülle die Tasche.	le	une,de,la	emplir	le sac
J'encense le travail.	Ich lobe die Arbeit.	le	une,de,la	encenser	le travail
J'envisage un changement.	Ich ziehe eine Veränderung in Betracht.	un	le,la,de	envisager	un changement
Je mémorise le texte.	Ich merke den Text.	le	une,de,la	mémoriser	le texte
Je jeûne pendant le temps.	Ich faste während der Zeit.	le	un,de,la	jeûner	temps
Je subordonne le sujet.	Ich ordne das Thema unter.	le	une,de,la	subordonner	le sujet
Je recommande le livre.	Ich empfehle das Buch.	le	une,de,la	recommander	le livre
Je planifie la réunion.	Ich plane das Treffen.	la	une,de,le	planifier	la réunion
J'épicé la nourriture.	Ich würze die Nahrung.	la	une,de,le	épicer	la nourriture
La neige retombe.	Der Schnee fällt wieder.	la	une,de,le	retomber	la neige
Je regagne le territoire.	Ich gewinne das Gebiet zurück.	le	une,de,la	regagner	le territoire
Je pense à l'idée.	Ich denke an die Idee.	à	de,sur,pour	penser	l'idée
Je cuis la viande.	Ich koche das Fleisch.	la	une,de,le	cuire	la viande
Je contracte la dette.	Ich vertrag die Schuld.	la	une,de,le	contracter	la dette
Je pomponne l'événement.	Ich peppe das Ereignis auf.	l'	le,une,de	pomponner	l'événement
Je flambe le feu.	Ich flammt das Feuer.	le	une,de,la	flamber	le feu
J'alloue du temps.	Ich teile Zeit zu.	du	le,une,de	allouer	temps
Je gagne le jeu.	Ich gewinne das Spiel.	le	une,de,la	gagner	le jeu
J'arpente le chemin.	Ich stecke den Weg ab.	le	une,de,la	arpenter	le chemin
Je place l'équipement.	Ich platziere die Ausrüstung.	l'	le,une,de	placer	l'équipement
Je prends la décision.	Ich treffe die Entscheidung.	la	une,de,le	prendre	la décision
Je sursaute au bruit.	Ich zucke beim Lärm zusammen.	au	le,de,une	sursauter	le bruit
Je chôme l'emploi.	Ich bin arbeitslos bei der Anstellung.	l'	le,une,de	chômer	l'emploi
Je rêvasse le moment.	Ich träume den Moment.	le	une,de,la	rêvasser	le moment
Je gonfle le ballon.	Ich blase den Ball auf.	le	une,de,la	gonfler	le ballon
Je pétris l'argile.	Ich knete den Ton.	l'	le,une,de	pétrir	l'argile
Je discipline l'enfant.	Ich diszipliniere das Kind.	l'	le,une,de	discipliner	l'enfant
J'opère la chirurgie.	Ich operiere die Chirurgie.	la	une,de,le	opérer	la chirurgie
Je vais applaudir l'artiste.	Ich werde den Künstler applaudieren.	l'	de,le,une	applaudir	l'artiste
J'utilise l'appareil.	Ich benutze das Gerät.	l'	un,le,de	utiliser	l'appareil
Je laminer le produit.	Ich laminieren das Produkt.	le	un,la,de	laminer	le produit
Je jogge avec l'équipement.	Ich jogge mit der Ausrüstung.	avec	dans,sur,au	jogger	l'équipement
Je fais le sport.	Ich mache den Sport.	le	un,la,de	faire	le sport
Je teins le tissu en orange.	Ich färbe den Stoff orange.	le	un,la,de	teindre	le tissu
Je reviens à la maison.	Ich komme nach Hause.	à	de,dans,sur	revenir	la maison
Je partage l'expérience.	Ich teile die Erfahrung.	l'	un,la,de	partager	l'expérience
Le tapis est couché sur le sol.	Der Teppich liegt auf dem Boden.	sur	dans,avec,au	coucher	le tapis
Nous maintenons l'ordre.	Wir behalten die Ordnung.	l'	un,la,de	maintenir	l'ordre
Ils civilisent la communauté.	Sie zivilisieren die Gemeinschaft.	la	l',un,de	civiliser	la communauté
Je bloque le système.	Ich blockiere das System.	le	un,la,de	bloquer	le système
Elle épanouit la personnalité.	Sie entfaltet die Persönlichkeit.	la	un,l',de	épanouir	la personnalité
Nous meubler la chambre.	Wir möblieren das Zimmer.	la	un,l',de	meubler	la chambre
Je mange une pomme.	Ich esse einen Apfel.	une	la,l',de	manger	une pomme
Nous travaillons en équipe.	Wir arbeiten im Team.	en	à,avec,sur	travailler	l'équipe
Il combat l'idée.	Er kämpft gegen die Idee.	l'	la,un,de	combattre	l'idée
Je vois la personne.	Ich sehe die Person.	la	l',un,de	voir	la personne
Je présume l'hypothèse.	Ich nehme die Hypothese an.	l'	la,un,de	présumer	l'hypothèse
Je donne le cadeau.	Ich gebe das Geschenk.	le	un,la,de	donner	le cadeau
Elle achève le travail.	Sie vollendet die Arbeit.	le	un,la,de	achever	le travail
Ils délibèrent le groupe.	Sie beraten die Gruppe.	le	un,la,de	délibérer	le groupe
Nous étrennons l'objet.	Wir weihen den Gegenstand ein.	l'	un,la,de	étrenner	l'objet
Je frémis de peur.	Ich zittere vor Angst.	de	la,un,l'	frémir	la peur
Il excuse le comportement.	Er entschuldigt das Verhalten.	le	un,la,de	excuser	le comportement
Elle embellit la photo.	Sie verschönert das Foto.	la	un,l',de	embellir	la photo
Nous peuplons le pays.	Wir bevölkern das Land.	le	un,la,de	peupler	le pays
Cela comporte l'élément.	Das beinhaltet das Element.	l'	la,un,de	comporter	l'élément
Nous affiliés à l'organisation.	Wir schließen uns der Organisation an.	à	de,sur,avec	affilier	l'organisation
Je rachète l'action.	Ich kaufe die Handlung zurück.	l'	la,un,de	rachat	l'action
Je trouve l'objet sur la table.	Ich finde den Gegenstand auf dem Tisch.	sur	à,dans,avec	trouver	l'objet
Il désordonne la chambre tous les jours.	Er macht das Zimmer jeden Tag unordentlich.	la	un,de,dans	désordonner	la chambre
Je dévisse le boulon facilement.	Ich schraube den Bolzen leicht ab.	le	un,de,dans	dévisser	le boulon
Elle inhale l'air frais.	Sie atmet die frische Luft ein.	l'air	de l'air,un air,dans l'air	inhaler	l'air
Nous codons le programme ensemble.	Wir codieren das Programm zusammen.	le	un,de,dans	coder	le programme
Il butine le pollen des fleurs.	Er sammelt den Pollen von den Blumen.	le	un,de,dans	butiner	le pollen
Cette image ressemble à un tableau.	Dieses Bild ähnelt einem Gemälde.	à	de,dans,sur	ressembler	l'image
Il absorbe l'information rapidement.	Er absorbiert die Information schnell.	l'information	de l'information,une information,dans l'information	absorber	l'information
Je démonte l'objet avec soin.	Ich demontiere den Gegenstand sorgfältig.	l'objet	un objet,de l'objet,dans l'objet	démonter	l'objet
Elle revend l'article en ligne.	Sie verkauft den Artikel online.	l'article	un article,de l'article,dans l'article	revendre	l'article
Nous argumentons l'idée avec passion.	Wir argumentieren die Idee leidenschaftlich.	l'idée	une idée,de l'idée,dans l'idée	argumenter	l'idée
Ils ornent la maison pour Noël.	Sie schmücken das Haus für Weihnachten.	la	un,de,dans	orner	la maison
Il squatte le terrain depuis longtemps.	Er besetzt das Gelände seit langem.	le	un,de,dans	squatter	le terrain
Elle désoriente la personne facilement.	Sie desorientiert die Person leicht.	la	une,de,dans	désorienter	la personne
Je rattrape la personne en courant.	Ich hole die Person beim Laufen ein.	la	une,de,dans	rattraper	la personne
Il inquiète la situation actuelle.	Er beunruhigt die aktuelle Situation.	la	une,de,dans	inquiéter	la situation
Elle interpelle le passant poliment.	Sie spricht den Passanten höflich an.	le	un,de,dans	interpeller	le passant
Je tâtonne le mur dans le noir.	Ich taste die Wand im Dunkeln ab.	le	un,de,dans	tâtonner	le mur
Il éclaire le concept avec des exemples.	Er erklärt das Konzept mit Beispielen.	le	un,de,dans	éclairer	le concept
Le cheval rue dans le pré.	Das Pferd stürmt auf der Wiese.	dans	à,sur,avec	ruer	le cheval
Elle écorche la viande pour le dîner.	Sie zieht das Fleisch für das Abendessen ab.	la	un,de,dans	écorcher	la viande
Il hypertrophie l'organe par entraînement.	Er hypertrophiert das Organ durch Training.	l'organe	un organe,de l'organe,dans l'organe	hypertrophier	l'organe
Nous députons le groupe pour l'événement.	Wir deputieren die Gruppe für das Ereignis.	le	un,de,dans	députer	le groupe
J'arrose le jardin chaque jour.	Ich gieße den Garten jeden Tag.	le	un,de,dans	arroser	le jardin
Il transite le pays en voiture.	Er durchreist das Land mit dem Auto.	le	un,de,dans	transiter	le pays
Elle inhale le médicament avec soin.	Sie atmet das Medikament sorgfältig ein.	le	un,de,dans	inhaler	le médicament
J'appelle l'ami au téléphone.	Ich rufe den Freund am Telefon an.	l'ami	un ami,de l'ami,dans l'ami	appeler	l'ami
Nous applaudissons le spectacle ensemble.	Wir applaudieren dem Schauspiel zusammen.	le	un,de,dans	applaudir	le spectacle
Il préfère le choix facile.	Er bevorzugt die einfache Wahl.	le	un,de,dans	préférer	le choix
Elle repeigne la barbe de son père.	Sie kämmt den Bart ihres Vaters.	la	un,de,dans	repeigner	la barbe
Je contrebalance la force.	Ich gleichen die Kraft aus.	la	de,une,le	contrebalancer	la force
Il augmente le volume.	Er erhöht das Volumen.	le	un,de,la	augmenter	le volume
Elle intéresse la personne.	Sie interessiert die Person.	la	une,de,le	intéresser	la personne
Je réveille l'enfant.	Ich wecke das Kind.	l'	un,la,de	réveiller	l'enfant
Nous retournons à l'endroit.	Wir kehren an den Ort zurück.	à	de,sur,dans	retourner	l'endroit
Ils organisent la fête.	Sie organisieren das Fest.	la	une,de,le	organiser	la fête
On sanctionne le comportement.	Man bestraft das Verhalten.	le	une,de,la	sanctionner	le comportement
Je lis le journal.	Ich lese die Zeitung.	le	un,la,de	lire	le journal
Elle tousse la toux.	Sie hustet den Husten.	la	de,une,le	tousser	la toux
Je balade l'ami.	Ich spaziere mit dem Freund.	l'	un,la,de	balader	l'ami
Ils violentent la situation.	Sie behandeln die Situation gewaltsam.	la	une,de,le	violenter	la situation
Nous concluons le contrat.	Wir schließen den Vertrag ab.	le	un,de,la	conclure	le contrat
Je chauffe la maison.	Ich heize das Haus.	la	une,de,le	chauffer	la maison
Elle attend la réponse.	Sie wartet auf die Antwort.	la	une,de,le	attendre	la réponse
Il oppose l'idée.	Er setzt die Idee entgegen.	l'	une,de,le	opposer	l'idée
Nous contractons l'accord.	Wir vertragen die Vereinbarung.	l'	un,de,la	contracter	l'accord
Il faut l'effort.	Es muss der Aufwand sein.	l'	un,de,la	falloir	l'effort
Elle dévaste la ville.	Sie verwüstet die Stadt.	la	une,de,le	dévaster	la ville
Ils surtaxent le produit.	Sie besteuern das Produkt.	le	un,de,la	surtaxer	le produit
Je bouge l'objet.	Ich bewege den Gegenstand.	l'	un,de,la	bouger	l'objet
Nous isolons la zone.	Wir isolieren die Zone.	la	une,de,le	isoler	la zone
Il excite l'enfant.	Er regt das Kind auf.	l'	un,de,la	exciter	l'enfant
Elle comble le besoin.	Sie füllt das Bedürfnis.	le	un,de,la	combler	le besoin
Il rétorque la réponse.	Er entgegnet die Antwort.	la	une,de,le	rétorquer	la réponse
Nous vaquons au temps.	Wir verbringen die Zeit.	au	à,de,sur	vaquer	temps
Cela découle de la situation.	Das resultiert aus der Situation.	de	à,sur,en	découler	la situation
Je bute sur l'objet.	Ich stoße auf den Gegenstand.	l'	un,de,la	buter	l'objet
Nous dégustons le dessert.	Wir kosten den Nachtisch.	le	un,de,la	déguster	le dessert
L'animal hennit.	Das Tier wiehert.	l'	un,de,la	hennir	l'animal
La voix résonne.	Die Stimme erklingt.	la	une,de,le	résonner	la voix
Je cligne de l'œil.	Ich blinzle mit dem Auge.	de	à,sur,avec	cligner	l'œil
J'ocre la toile.	Ich färbe die Leinwand mit Ocker.	la	une,de,sur	ocrer	la toile
L'enfant rit avec moi.	Das Kind lacht mit mir.	avec	de,à,sur	rire	l'enfant
Je terrer le trésor.	Ich vergrabe den Schatz.	le	un,de,dans	terrer	le trésor
J'opte pour l'option.	Ich wähle die Option.	pour	à,de,sur	opter	l'option
Je frôle le mur.	Ich streife die Wand.	le	un,de,dans	frôler	le mur
J'artistique l'œuvre.	Ich gestalte das Werk künstlerisch.	l'	la,le,une	artistiquer	l'œuvre
Je prime le vote.	Ich primen die Abstimmung.	le	un,de,dans	primer	le vote
Je jouis du moment.	Ich genieße den Moment.	du	de,à,sur	jouir	le moment
Je porte le sac.	Ich trage die Tasche.	le	un,de,dans	portraire	le sac
Je proscris le comportement.	Ich verbanne das Verhalten.	le	un,de,dans	proscrire	le comportement
Le bruit crisse fort.	Der Lärm kreischt laut.	fort	dans,de,sur	crisser	le bruit
Le soleil éblouit.	Die Sonne blendet.	éblouit	brille,luit,l'éclat	éblouir	le soleil
Je témoigne de l'événement.	Ich zeuge von dem Ereignis.	de	à,sur,avec	témoigner	l'événement
J'appréhende le danger.	Ich fürchte die Gefahr.	le	un,de,dans	appréhender	le danger
Je conseille le client.	Ich berate den Kunden.	le	un,de,dans	conseiller	le client
J'autorise l'action.	Ich erlaube die Handlung.	l'	la,le,une	autoriser	l'action
Je tirailler la corde.	Ich zerrre am Seil.	la	une,de,dans	tirailler	la corde
Je relate le fait.	Ich berichte über die Tatsache.	le	un,de,dans	relater	le fait
J'obstruer le passage.	Ich verstopfe den Durchgang.	le	un,de,dans	obstruer	le passage
J'achète le produit.	Ich kaufe das Produkt.	le	un,de,dans	acheter	le produit
Je mange le gâteau.	Ich esse den Kuchen.	le	un,de,dans	manger	le gâteau
Je fixe l'objectif.	Ich lege das Ziel fest.	l'	la,le,une	fixer	l'objectif
Je courbe la branche.	Ich biege den Zweig.	la	une,de,dans	courber	la branche
J'attarde la décision.	Ich verzögere die Entscheidung.	la	une,de,dans	attarder	la décision
Je blinde l'écran.	Ich blende den Bildschirm.	l'	la,le,une	blinder	l'écran
J'aborde le sujet.	Ich spreche das Thema an.	le	un,de,dans	aborder	le sujet
Je gagne le prix.	Ich gewinne den Preis.	le	un,de,dans	gagner	le prix
Je vais à l'école.	Ich gehe in die Schule.	à	de,sur,avec	aller	l'école
Je tempère la réaction.	Ich milde die Reaktion.	la	une,de,dans	tempérer	la réaction
Je ficèle l'objet.	Ich binde den Gegenstand.	l'	de,un,le	ficeler	l'objet
J'apprécie le moment.	Ich schätze den Moment.	le	un,de,la	apprécier	le moment
Je prépare le repas.	Ich bereite die Mahlzeit vor.	le	un,de,la	préparer	le repas
Je bois le jus.	Ich trinke den Saft.	le	un,de,la	boire	le jus
Je glace l'eau.	Ich friere das Wasser ein.	l'	de,un,la	glacer	l'eau
Je pronostique l'économie.	Ich prognostiziere die Wirtschaft.	l'	de,un,la	pronostiquer	l'économie
Je restructure l'entreprise.	Ich restructure die Firma.	l'	de,un,la	restructurer	l'entreprise
Le bâtiment s'écroule.	Das Gebäude stürzt ein.	le	un,de,la	écrouler	le bâtiment
Je simule l'événement.	Ich simuliere das Ereignis.	l'	de,un,la	simuler	l'événement
J'appauvris la population.	Ich verarme die Bevölkerung.	la	une,de,le	appauvrir	la population
Je supporte la personne.	Ich unterstütze die Person.	la	une,de,le	supporter	la personne
Je paie le compte.	Ich bezahle das Konto.	le	un,de,la	payer	le compte
Je gémis le soupir.	Ich stöhne den Seufzer.	le	un,de,la	gémir	le soupir
J'insulte l'ami.	Ich beleidige den Freund.	l'	de,un,la	insulter	l'ami
J'exècre la chose.	Ich verabscheue die Sache.	la	une,de,le	exécrer	la chose
Je pourfends l'obstacle.	Ich zerschlage das Hindernis.	l'	de,un,la	pourfendre	l'obstacle
Je projette l'idée.	Ich projiziere die Idee.	l'	de,un,la	projeter	l'idée
J'amène la personne.	Ich bringe die Person.	la	une,de,le	amener	la personne
Je momifie l'animal.	Ich mumifiziere das Tier.	l'	de,un,la	momifier	l'animal
Je cèle l'information.	Ich verberge die Information.	l'	de,un,la	celer	l'information
Je lacère le papier.	Ich zerreiße das Papier.	le	un,de,la	lacérer	le papier
Je gratte la surface.	Ich kratzen die Oberfläche.	la	une,de,le	gratter	la surface
Je restreins la liberté.	Ich schränke die Freiheit ein.	la	une,de,le	restreindre	la liberté
Je sophistique le produit.	Ich verfeinere das Produkt.	le	un,de,la	sophistiquer	le produit
Je vénère la tradition.	Ich verehre die Tradition.	la	une,de,le	vénérer	la tradition
Je resserre le contrôle.	Ich straffe die Kontrolle.	le	un,de,la	resserrer	le contrôle
Je découvre le talent.	Ich entdecke das Talent.	le	un,de,la	découvrir	le talent
J'interviewe la personne.	Ich interviewe die Person.	la	une,de,le	interviewer	la personne
J'aliène le groupe.	Ich entfremde die Gruppe.	le	un,de,la	aliéner	le groupe
J'habite la ville.	Ich wohne in der Stadt.	la	une,de,le	habiter	la ville
J'approuve le projet.	Ich genehmige das Projekt.	le	un,de,du	approuver	le projet
Nous devisons le thème.	Wir reden über das Thema.	le	un,de,dans	deviser	le thème
Il mène l'équipe.	Er führt die Mannschaft.	l'	une,la,de	mener	l'équipe
Elle prévient le danger.	Sie warnt vor der Gefahr.	le	un,de,la	prévenir	le danger
Je reproduis le texte.	Ich wiederhole den Text.	le	un,de,la	reproduire	le texte
Il venge l'honneur.	Er rächt die Ehre.	l'	une,de,la	venger	l'honneur
Nous logeons l'invité.	Wir bringen den Gast unter.	l'	un,de,la	loger	l'invité
Je repêche l'examen.	Ich wiederhole die Prüfung.	l'	une,de,la	repêcher	l'examen
Ils collaborent avec l'équipe.	Sie arbeiten mit der Mannschaft zusammen.	avec	sur,dans,pour	collaborer	l'équipe
Elle réhabitue l'enfant.	Sie gewöhnt das Kind wieder an.	l'	une,de,la	réhabituer	l'enfant
Je donne l'aide.	Ich gebe die Hilfe.	l'	une,de,la	donner	l'aide
Il acquiert la compétence.	Er erwirbt die Kompetenz.	la	une,de,le	acquérir	la compétence
Elle pleure l'homme.	Sie weint um den Mann.	l'	un,de,le	pleurer	l'homme
Nous supportons la cause.	Wir unterstützen die Ursache.	la	une,de,le	supporter	la cause
Il ridiculise la personne.	Er macht die Person lächerlich.	la	une,de,le	ridiculiser	la personne
Elle dépeint la scène.	Sie stellt die Szene dar.	la	une,de,le	dépeindre	la scène
Il agréé l'avis.	Er stimmt der Meinung zu.	l'	une,de,le	agréer	l'avis
J'envoie la lettre.	Ich sende den Brief.	la	une,de,le	envoyer	la lettre
Nous réchauffons l'eau.	Wir wärmen das Wasser.	l'	une,de,le	réchauffer	l'eau
Il flambe le bois.	Es flammen das Holz.	le	un,de,la	flamber	le bois
Elle enroule le ruban.	Sie wickelt das Band.	le	un,de,la	enrouler	le ruban
Je commande l'article.	Ich bestelle den Artikel.	l'	une,de,le	commander	l'article
Ils tâchent l'objectif.	Sie versuchen das Ziel.	l'	une,de,le	tâcher	l'objectif
Elle satisfait la demande.	Sie befriedigt die Anfrage.	la	une,de,le	satisfaire	la demande
Il minimise le risque.	Er minimiert das Risiko.	le	un,de,la	minimiser	le risque
Nous encerclons la cible.	Wir umkreisen das Ziel.	la	une,de,le	encercler	la cible
Ils désertent l'armée.	Sie desertieren aus der Armee.	l'	une,de,le	déserter	l'armée
Elle revêt le vêtement.	Sie zieht das Kleidungsstück an.	le	un,de,la	revêtir	le vêtement
Il sous-titre le dialogue.	Er untertitelt den Dialog.	le	un,de,la	sous-titrer	le dialogue
Un changement advient.	Eine Veränderung geschieht.	Un	le,la,de	advenir	un changement
Je provoque le problème.	Ich verursache das Problem.	le	un,de,la	provoquer	le problème
Il rétorque l'objection.	Er entgegnet dem Einwand.	l'	une,de,le	rétorquer	l'objection
Nous approuvons la décision.	Wir genehmigen die Entscheidung.	la	une,de,le	approuver	la décision
Elle disparaît la personne.	Sie verschwindet die Person.	la	une,de,le	disparaître	la personne
Ils redécouvrent le lieu.	Sie entdecken den Ort wieder.	le	un,de,la	redécouvrir	le lieu
Je façonne l'idée.	Ich forme die Idee.	l'	une,de,le	façonner	l'idée
Nous voulons la chose.	Wir wollen die Sache.	la	une,de,le	vouloir	la chose
Ils saccagent la ville.	Sie verwüsten die Stadt.	la	une,de,le	saccager	la ville
Il innerve l'organe.	Er beeinflusst das Organ.	l'	un,de,le	innerver	l'organe
Elle raille l'idée.	Sie verspottet die Idee.	l'	une,de,le	railler	l'idée
Il insinue le sous-entendu.	Er deutet das Unterlassen an.	le	un,de,la	insinuer	le sous-entendu
Nous tannerons le cuir.	Wir gerben das Leder.	le	un,de,la	tanner	le cuir
Elle pervertit la valeur.	Sie verdirbt den Wert.	la	une,de,le	pervertir	la valeur
Il rétrécit l'espace.	Er verkleinert den Raum.	l'	un,de,le	rétrécir	l'espace
Nous entreprenons le travail.	Wir unternehmen die Arbeit.	le	un,de,la	entreprendre	le travail
Ils cosignent le contrat.	Sie mitunterzeichnen den Vertrag.	le	un,de,la	cosigner	le contrat
Elle administre l'entreprise.	Sie verwaltet die Firma.	l'	une,de,le	administrer	l'entreprise
Il barbèle l'esprit.	Er verwirrt den Geist.	l'	un,de,le	barbeler	l'esprit
Nous utilisons un outil.	Wir benutzen ein Werkzeug.	un	le,de,la	utiliser	un outil
Il extrait l'échantillon.	Er entnimmt die Probe.	l'	un,de,le	extraire	l'échantillon
Elle gagne la compétition.	Sie gewinnt den Wettbewerb.	la	une,de,le	gagner	la compétition
Il tache le mur.	Er fleckt die Wand.	le	un,de,la	tacheter	le mur
Je suis un homme.	Ich bin ein Mann.	un	le,de,la	être	homme
Nous préservons l'environnement.	Wir bewahren die Umwelt.	l'	une,de,le	préserver	l'environnement
Il solidifie le matériau.	Er verfestigt das Material.	le	un,de,la	solidifier	le matériau
Elle force la porte.	Sie zwingt die Tür.	la	une,de,le	forcer	la porte
Il veloute l'objet.	Er verhüllt den Gegenstand.	l'	un,de,le	velouter	l'objet
Elle ressemble à la personne.	Sie ähnelt der Person.	à	de,sur,avec	ressembler	la personne
Il enlaidit le lieu.	Er verunstaltet den Ort.	le	un,de,la	enlaidir	le lieu
Nous délimitons l'espace.	Wir grenzen den Raum ab.	l'	un,de,le	délimiter	l'espace
Je retransmets le signal.	Ich übertrage das Signal.	le	un,de,dans	retransmettre	le signal
J'immatricule l'étudiant.	Ich immatrikuliere den Studenten.	l'	un,le,de	immatriculer	l'étudiant
Je précipite l'événement.	Ich beschleunige das Ereignis.	l'	un,de,sur	précipiter	l'événement
Je bois l'eau.	Ich trinke das Wasser.	l'	une,de,sur	boire	l'eau
J'engendre le problème.	Ich verursache das Problem.	le	un,de,dans	engendrer	le problème
Je braise le légume.	Ich schmoren das Gemüse.	le	un,de,dans	braiser	le légume
Je millésime la réserve.	Ich jahrgangsbestimme die Reserve.	la	une,de,dans	millésimer	la réserve
Je dispute le conflit.	Ich streite über den Konflikt.	le	un,de,dans	disputer	le conflit
J'achète le vêtement.	Ich kaufe das Kleidungsstück.	le	un,de,dans	acheter	le vêtement
Je restaure l'objet.	Ich restauriere den Gegenstand.	l'	un,de,dans	restaurer	l'objet
Je cadre la photo.	Ich rahme das Foto.	la	une,de,dans	cadrer	la photo
Je colore le vêtement.	Ich färbe das Kleidungsstück.	le	un,de,dans	colorer	le vêtement
J'excepte la personne.	Ich nehme die Person aus.	la	une,de,dans	excepter	la personne
Je fonctionne l'appareil.	Ich funktioniere das Gerät.	l'	un,de,dans	fonctionner	l'appareil
Je trace la ligne.	Ich zeichne die Linie.	la	une,de,dans	tracer	la ligne
Je dilue la solution.	Ich verdünne die Lösung.	la	une,de,dans	diluer	la solution
J'abroge le règlement.	Ich hebe die Regelung auf.	le	un,de,dans	abroger	le règlement
Je juge la situation.	Ich urteile über die Situation.	la	une,de,dans	juger	la situation
Je ferme la porte.	Ich schließe die Tür.	la	une,de,dans	fermer	la porte
Je personnalise le service.	Ich personalisiere den Dienst.	le	un,de,dans	personnaliser	le service
J'étire la corde.	Ich dehne das Seil.	la	une,de,dans	étirer	la corde
Je dote le projet.	Ich statte das Projekt aus.	le	un,de,dans	doter	le projet
Je prouve la thèse.	Ich beweise die These.	la	une,de,dans	prouver	la thèse
Je gravis la montagne.	Ich besteige den Berg.	la	une,de,dans	gravir	la montagne
Je mutile le corps.	Ich verstümmle den Körper.	le	un,de,dans	mutiler	le corps
Je plume la volaille.	Ich rupfe das Geflügel.	la	une,de,dans	plumer	la volaille
Je jaunis le papier.	Ich werde das Papier gelb.	le	un,de,dans	jaunir	le papier
Je tache le vêtement.	Ich flecke das Kleidungsstück.	le	un,de,dans	tacheter	le vêtement
Je tiens l'objet.	Ich halte den Gegenstand.	l'	un,de,dans	tenir	l'objet
Je fâche l'enfant.	Ich ärgere das Kind.	l'	un,de,dans	fâcher	l'enfant
Je décris l'idée.	Ich beschreibe die Idee.	l'	de,une,la	décrire	l'idée
Ils militent pour la cause.	Sie kämpfen für die Ursache.	pour	avec,de,sur	militer	la cause
Je congèle la nourriture.	Ich friere die Nahrung ein.	la	une,de,dans	congeler	la nourriture
Nous traînons avec l'ami.	Wir hängen mit dem Freund herum.	avec	à,de,sur	traîner	l'ami
Je garde l'objet.	Ich behalte den Gegenstand.	l'	un,la,de	garder	l'objet
Elle avise la personne.	Sie benachrichtigt die Person.	la	une,de,sur	aviser	la personne
Il fulmine de colère.	Er explodiert vor Wut.	de	la,sur,avec	fulminer	la colère
Elle infecte la bactérie.	Sie infiziert die Bakterie.	la	une,de,sur	infecter	la bactérie
Je sers le client.	Ich bediene den Kunden.	le	un,la,de	servir	le client
Elle affectionne la chose.	Sie liebt die Sache.	la	une,de,sur	affectionner	la chose
Il serre la ceinture.	Er drückt den Gürtel.	la	une,de,sur	serrer	la ceinture
Ils banalisent l'événement.	Sie banalisieren das Ereignis.	l'	de,une,sur	banaliser	l'événement
Elle agresse la situation.	Sie greift die Situation an.	la	une,de,sur	agresser	la situation
Nous devisons de la conversation.	Wir reden über das Gespräch.	de	à,sur,avec	deviser	la conversation
Il surcharge le système.	Er überlastet das System.	le	un,la,de	surcharger	le système
Je dicte l'instruction.	Ich diktiere die Anweisung.	l'	une,de,sur	dicter	l'instruction
Ils démantèlent la machine.	Sie demontieren die Maschine.	la	une,de,sur	démanteler	la machine
Elle méconnaît le lieu.	Sie erkennt den Ort nicht.	le	un,la,de	méconnaître	le lieu
Il base la théorie.	Er basiert die Theorie.	la	une,de,sur	baser	la théorie
J'étreins l'ami.	Ich umarme den Freund.	l'	un,la,de	êtreindre	l'ami
Le chat miaule.	Die Katze miaut.	le	un,la,de	miauler	le chat
Je jardine le légume.	Ich gärtnern das Gemüse.	le	un,la,de	jardiner	le légume
Il évide le matériau.	Er höhlt das Material aus.	le	un,la,de	évider	le matériau
Elle enfère la personne.	Sie verhaftet die Person.	la	une,de,sur	enferrer	la personne
Il fausse le résultat.	Er verfälscht das Ergebnis.	le	un,la,de	fausser	le résultat
Elle commet le crime.	Sie begeht das Verbrechen.	le	un,la,de	commettre	le crime
La balance oscille.	Die Waage schwingt.	la	un,de,sur	osciller	la balance
Ils confisquent la marchandise.	Sie konfiszieren die Ware.	la	une,de,sur	confisquer	la marchandise
Il convoque le passager.	Er transportiert den Passagier.	le	un,la,de	convoyer	le passager
Elle interfère dans le système.	Sie interferiert im System.	dans	de,sur,avec	interférer	le système
Je vais amadouer l'animal.	Ich werde das Tier beschwichtigen.	l'	de,un,le	amadouer	l'animal
Je recommande le restaurant.	Ich empfehle das Restaurant.	le	un,de,la	recommander	le restaurant
Il a endommagé la voiture.	Er hat das Auto beschädigt.	la	une,de,le	endommager	la voiture
L'eau rejaillit dans le jardin.	Das Wasser sprudelt im Garten.	dans	sur,à,avec	rejaillir	l'eau
Nous valorisons le produit.	Wir werten das Produkt auf.	le	un,de,la	valoriser	le produit
Ils sacrifient l'objet.	Sie heiligen den Gegenstand.	l'	de,un,le	sacrifier	l'objet
Je ressens une émotion.	Ich fühle eine Emotion.	une	la,le,de	ressentir	l'émotion
Elle ficèle le cadeau.	Sie bindet das Geschenk.	le	un,de,la	ficeler	le cadeau
Il modère le débat.	Er mäßigt die Debatte.	le	un,de,la	modérer	le débat
Nous nettoyons la table.	Wir reinigen den Tisch.	la	le,une,de	nettoyer	la table
Il brave l'obstacle.	Er trotzt dem Hindernis.	l'	de,un,le	braver	l'obstacle
Elle échauffe l'eau.	Sie erwärmt das Wasser.	l'	de,une,le	échauffer	l'eau
Il insiste sur la demande.	Er besteht auf der Anfrage.	sur	à,de,avec	insister	la demande
Nous régulons le système.	Wir regulieren das System.	le	un,de,la	réguler	le système
Ils réhabilitent le bâtiment.	Sie rehabilitieren das Gebäude.	le	un,de,la	réhabiliter	le bâtiment
Je déploie la tente.	Ich entfalten das Zelt.	la	un,de,le	déployer	la tente
Il interférera avec la communication.	Er wird mit der Kommunikation interferieren.	avec	sur,de,à	interférer	la communication
Elle décrie le système.	Sie setzt das System herab.	le	un,de,la	décrier	le système
Il inclut la personne.	Er schließt die Person ein.	la	un,de,le	inclure	la personne
Elle rajoute le détail.	Sie fügt das Detail hinzu.	le	un,de,la	rajouter	le détail
Il sature la solution.	Er sättigt die Lösung.	la	un,de,le	saturer	la solution
Elle convainc la personne.	Sie überzeugt die Person.	la	un,de,le	convaincre	la personne
Il rétame la boîte.	Er retamiert die Box.	la	un,de,le	rétamer	la boîte
Elle verbalise l'idée.	Sie verbalisiert die Idee.	l'	de,une,le	verbaliser	l'idée
Je répète l'exercice.	Ich wiederhole die Übung.	l'	de,une,le	répéter	l'exercice
Nous redistribuons la richesse.	Wir verteilen den Reichtum um.	la	un,de,le	redistribuer	la richesse
Ils suspectent la situation.	Sie verdächtigen die Situation.	la	un,de,le	suspecter	la situation
Elle affine le membre.	Sie schließt das Mitglied an.	le	un,de,la	affilier	le membre
Il endort le patient.	Er schläfert den Patienten ein.	le	un,de,la	endormir	le patient
Le chien mord le facteur.	Der Hund beißt den Briefträger.	le	un,de,la	mordre	le chien
Il polit ___ meuble.	Er poliert das Möbel.	le	une,de,la	polir	le meuble
Je brode le motif.	Ich sticke das Motiv.	le	un,la,du	broder	le motif
Il agresse la personne.	Er greift die Person an.	la	une,de,le	agresser	la personne
Ils adorent l'idole.	Sie vergöttern das Idol.	l'	un,la,le	aduler	l'idole
J'argue le point.	Ich argumentiere den Punkt.	le	un,de,la	arguer	le point
Nous commentons l'article.	Wir kommentieren den Artikel.	l'	un,la,le	commenter	l'article
Je rate le train.	Ich verpasse den Zug.	le	un,la,de	rater	le train
Ils plafonnent le budget.	Sie deckeln das Budget.	le	un,la,de	plafonner	le budget
L'animal grogne.	Das Tier grunzt.	L'	un,la,le	grogner	l'animal
Les chemins convergent.	Die Wege konvergieren.	Les	Un,Au,De	converger	le chemin
Je réinscris l'étudiant.	Ich schreibe den Studenten wieder ein.	l'	un,la,le	réinscrire	l'étudiant
Nous habitons le quartier.	Wir wohnen im Viertel.	le	un,la,de	habiter	le quartier
Elle met le vêtement.	Sie zieht das Kleidungsstück an.	le	un,la,de	mettre	le vêtement
Il empêche l'accident.	Er verhindert den Unfall.	l'	un,la,le	empêcher	l'accident
Elle remariera l'épouse.	Sie wird die Ehefrau wieder heiraten.	l'	un,la,le	remarier	l'épouse
Je cuisine le repas.	Ich koche die Mahlzeit.	le	un,la,de	cuisiner	le repas
Il ouvre la porte.	Er öffnet die Tür.	la	une,de,le	ouvrir	la porte
Saisis la chance.	Ergreife die Chance.	la	une,de,le	saisir	la chance
Nous décalons la réunion.	Wir verschieben das Treffen.	la	une,de,le	décaler	la réunion
Ils combattent l'ennemi.	Sie kämpfen gegen den Feind.	l'	un,la,le	combattre	l'ennemi
L'espoir renaît.	Die Hoffnung wird wiedergeboren.	L'	un,la,le	renaître	l'espoir
Je joue la musique.	Ich spiele die Musik.	la	une,de,le	jouer	la musique
Le moment dure.	Der Moment dauert.	Le	Un,Au,De	durer	le moment
J'ai la voiture.	Ich habe das Auto.	la	une,de,le	avoir	la voiture
Il désordonne l'espace.	Er unordnen den Raum.	l'	un,la,le	désordonner	l'espace
Elle éveille une conscience.	Sie weckt ein Bewusstsein.	une	la,le,de	éveiller	une conscience
Il singularise le produit.	Er macht das Produkt einzigartig.	le	un,la,de	singulariser	le produit
Je déconnecte le câble.	Ich trenne das Kabel.	le	un,la,de	déconnecter	le câble
Nous abaissons le prix.	Wir senken den Preis.	le	un,la,de	abaisser	le prix
Je verse la sauce.	Ich gieße die Soße.	la	une,de,le	verser	la sauce
Il survit à l'accident.	Er überlebt den Unfall.	à	de,sur,avec	survivre	l'accident
Le pneu crisse sur la route.	Der Reifen kreischt auf der Straße.	sur	à,dans,avec	crisser	le pneu
Il confesse le secret à sa mère.	Er beichtet das Geheimnis seiner Mutter.	à	de,sur,avec	confesser	le secret
Elle espionne la cible dans le parc.	Sie spioniert das Ziel im Park.	dans	à,sur,avec	espionner	la cible
Je redonne le cadeau à mon ami.	Ich gebe das Geschenk meinem Freund zurück.	à	de,sur,avec	redonner	le cadeau
Il rabat le toit sur la voiture.	Er klappt das Dach auf das Auto um.	sur	à,dans,avec	rabattre	le toit
Nous débutons l'activité à midi.	Wir beginnen die Aktivität um Mittag.	à	de,sur,avec	débuter	l'activité
Je cuit la viande dans la casserole.	Ich koche das Fleisch im Topf.	dans	à,sur,avec	cuiter	la viande
Il obéit à la règle toujours.	Er gehorcht immer der Regel.	à	de,sur,avec	obéir	la règle
Elle affaiblit la santé de son père.	Sie schwächt die Gesundheit ihres Vaters.	de	à,sur,avec	affaiblir	la santé
Il détourne le regard de la vérité.	Er lenkt den Blick von der Wahrheit ab.	de	à,sur,avec	détourner	le regard
Je lève la main en classe.	Ich hebe die Hand im Unterricht.	en	à,sur,avec	lever	la main
Nous diversifions l'offre pour les clients.	Wir diversifizieren das Angebot für die Kunden.	pour	à,sur,avec	diversifier	l'offre
Il perce le mur avec un marteau.	Er durchdringt die Wand mit einem Hammer.	avec	à,sur,dans	percer	le mur
Elle faufile la personne dans la foule.	Sie schlüpft mit der Person in die Menge.	dans	à,sur,avec	faufiler	la personne
Il engloutit le livre en une nuit.	Er verschlingt das Buch in einer Nacht.	en	à,sur,avec	engloutir	le livre
Je lave la voiture chaque dimanche.	Ich wasche das Auto jeden Sonntag.	la	le,une,des	laver	la voiture
L'eau rejaillit de la source.	Das Wasser sprudelt aus der Quelle.	de	à,sur,avec	rejaillir	la source
Je lis le livre tous les jours.	Ich lese das Buch jeden Tag.	le	la,un,des	lire	le livre
Il pourfend l'ennemi avec courage.	Er zerschlägt den Feind mit Mut.	avec	à,sur,dans	pourfendre	l'ennemi
L'animal agonise dans le jardin.	Das Tier agonie im Garten.	dans	à,sur,avec	agoniser	l'animal
Il renverse le véhicule sur la route.	Er kippt das Fahrzeug auf der Straße um.	sur	à,dans,avec	renverser	le véhicule
Nous plébiscitons la candidature à l'élection.	Wir stimmen für die Bewerbung bei der Wahl ab.	à	de,sur,avec	plébisciter	la candidature
Ils confèrent le prix à l'artiste.	Sie verleihen den Preis an den Künstler.	à	de,sur,avec	conférer	le prix
L'image miroite dans l'eau.	Das Bild spiegelt sich im Wasser.	dans	à,sur,avec	miroiter	l'image
Elle imite la voix de son père.	Sie imitiert die Stimme ihres Vaters.	la	le,une,des	imiter	la voix
Je consacre du temps à mes amis.	Ich widme Zeit meinen Freunden.	à	de,sur,avec	consacrer	temps
J'abonne le magazine à ma sœur.	Ich abonniere das Magazin für meine Schwester.	à	de,sur,avec	abonner	le magazine
Il guide l'enfant dans le parc.	Er führt das Kind im Park.	dans	à,sur,avec	guider	l'enfant
Elle rapetisse le vêtement pour moi.	Sie verkleinert das Kleidungsstück für mich.	pour	à,sur,avec	rapetisser	le vêtement
Ils construisent la maison en bois.	Sie bauen das Haus aus Holz.	en	à,sur,avec	construire	la maison
J'essaie le vêtement.	Ich versuche das Kleidungsstück.	le	un,de,la	essayer	le vêtement
Il empêtre le tissu.	Er verwickelt den Stoff.	le	un,de,la	empêtrer	le tissu
Nous cherchons l'objet.	Wir suchen den Gegenstand.	l'	un,le,de	chercher	l'objet
Ils peuplent la région.	Sie bevölkern die Region.	la	une,de,le	peupler	la région
Elle muscle le corps.	Sie muskelt den Körper.	le	un,de,la	muscler	le corps
Je finis le travail.	Ich beende die Arbeit.	le	un,de,la	finir	le travail
Nous composons la chanson.	Wir komponieren das Lied.	la	une,de,le	composer	la chanson
Le bois crépite.	Das Holz knistert.	le	un,de,la	crépiter	le bois
Ils établissent la relation.	Sie richten die Beziehung ein.	la	une,de,le	établir	la relation
Elle traite le cas.	Sie behandelt den Fall.	le	un,de,la	traiter	le cas
Il désespère l'espoir.	Er verzweifelt an der Hoffnung.	l'	un,de,la	désespérer	l'espoir
Elle éperd la personne.	Sie verwirrt die Person.	la	une,de,le	éperdre	la personne
Il proclame la déclaration.	Er proklamiert die Erklärung.	la	une,de,le	proclamer	la déclaration
Nous normons la règle.	Wir normieren die Regel.	la	une,de,le	normer	la règle
Ils percent le mystère.	Sie durchdringen das Geheimnis.	le	un,de,la	percer	le mystère
Je révise le texte.	Ich überarbeite den Text.	le	un,de,la	réviser	le texte
Nous regardons le spectacle.	Wir sehen das Schauspiel.	le	un,de,la	regarder	le spectacle
Il décorne l'animal.	Er bricht das Tier ab.	l'	un,de,la	décorner	l'animal
Elle aromatise le plat.	Sie aromatisiert das Gericht.	le	un,de,la	aromatiser	le plat
Nous envoyons le paquet.	Wir senden das Paket.	le	un,de,la	envoyer	le paquet
Je présente la personne.	Ich stelle die Person vor.	la	une,de,le	présenter	la personne
Il aveugle la lumière.	Er blendet das Licht.	la	une,de,le	aveugler	la lumière
Nous soumettons le rapport.	Wir unterwerfen den Bericht.	le	un,de,la	soumettre	le rapport
Elle entrevoit la possibilité.	Sie ahnt die Möglichkeit.	la	une,de,le	entrevoir	la possibilité
Il acquitte le cas.	Er spricht den Fall frei.	le	un,de,la	acquitter	le cas
Je trouve l'ami.	Ich finde den Freund.	l'	un,de,la	trouver	l'ami
La situation subsiste.	Die Situation besteht.	la	une,de,le	subsister	la situation
Il basane le cuir.	Er gerbt das Leder.	le	un,de,la	basaner	le cuir
Elle parfait la compétence.	Sie vollendet die Kompetenz.	la	une,de,le	parfaire	la compétence
Nous épinglons le document.	Wir heften das Dokument an.	le	un,de,la	épingler	le document
Je percerai le secret.	Ich werde das Geheimnis durchdringen.	le	un,la,de	percer	le secret
Il raccroche l'appel.	Er legt den Anruf auf.	l'	un,le,de	raccrocher	l'appel
Elle embarrasse l'enfant.	Sie macht das Kind verlegen.	l'	un,le,de	embarrasser	l'enfant
Nous recevons la lettre.	Wir erhalten den Brief.	la	le,une,de	recevoir	la lettre
Ils désertent la mission.	Sie desertieren die Mission.	la	une,de,le	déserter	la mission
Je réserve le billet.	Ich reserviere das Ticket.	le	un,la,de	réserver	le billet
La lumière éblouit.	Das Licht blendet.	la	une,le,de	éblouir	la lumière
Il excuse le retard.	Er entschuldigt die Verspätung.	le	un,la,de	excuser	le retard
Nous merdons le projet.	Wir verdammen das Projekt.	le	un,la,de	merder	le projet
Ils institutionnalisent le processus.	Sie institutionalisieren den Prozess.	le	un,la,de	institutionnaliser	le processus
J'improvise la musique.	Ich improvisiere die Musik.	la	un,le,de	improviser	la musique
Il enclore la propriété.	Er schließt das Eigentum ein.	la	un,le,de	enclore	la propriété
Nous verrouillons le coffre.	Wir verriegeln die Truhe.	le	un,la,de	verrouiller	le coffre
Elle tend le muscle.	Sie dehnt den Muskel.	le	un,la,de	tendre	le muscle
Ils faillissent la mission.	Sie versagen bei der Mission.	la	un,le,de	faillir	la mission
Je recouds la couture.	Ich nähe die Schneiderei wieder.	la	un,le,de	recoudre	la couture
Je médite le sujet.	Ich meditiere über das Thema.	le	un,la,de	méditer	le sujet
Ils régissent la situation.	Sie regeln die Situation.	la	un,le,de	régir	la situation
La voiture trépide.	Das Auto zittert.	la	un,le,de	trépider	la voiture
Il cisèle la pierre.	Er meißelt den Stein.	la	un,le,de	ciseler	la pierre
Elle se plaint du problème.	Sie beklagt das Problem.	du	de,le,la	plaindre	le problème
Je regarde le film.	Ich sehe den Film.	le	un,la,de	regarder	le film
Ils tubent la culture.	Sie tubieren die Kultur.	la	un,le,de	tuber	la culture
Nous concluons la discussion.	Wir schließen die Diskussion ab.	la	un,le,de	conclure	la discussion
Il émet le signal.	Er strahlt das Signal aus.	le	un,la,de	émettre	le signal
Elle doue le musicien.	Sie begabt den Musiker.	le	un,la,de	douer	le musicien
Nous hissons le filet.	Wir hissen das Netz.	le	un,la,de	hisser	le filet
Je gomme le crayon.	Ich radiere den Bleistift.	le	un,la,de	gommer	le crayon
Ils encensent la réalisation.	Sie loben die Umsetzung.	la	un,le,de	encenser	la réalisation
Il correspond à l'attente.	Er entspricht der Erwartung.	à	de,pour,sur	correspondre	l'attente
Elle abrutit la personne.	Sie verblödet die Person.	la	une,de,dans	abrutir	la personne
Je crible la farine.	Ich siebe das Mehl.	la	une,de,dans	cribler	la farine
Nous rassemblons le groupe.	Wir versammeln die Gruppe.	le	un,de,dans	rassembler	le groupe
Il consigne l'information.	Er zeichnet die Information auf.	l'	de,la,une	consigner	l'information
J'aime la personne.	Ich liebe die Person.	la	une,de,dans	aimer	la personne
Il gueule à la personne.	Er schreit die Person an.	à	de,sur,avec	gueuler	la personne
Elle décrète la loi.	Sie dekretieren das Gesetz.	la	une,de,dans	décréter	la loi
Il étonne la personne.	Er überrascht die Person.	la	une,de,dans	étonner	la personne
Nous répercutons l'impact.	Wir widerhallen den Einfluss.	l'	de,le,une	répercuter	l'impact
Il omet l'information.	Er lässt die Information aus.	l'	de,la,une	omettre	l'information
Nous plaisantons sur la situation.	Wir spaßen über die Situation.	sur	à,de,avec	plaisanter	la situation
Il discrédite l'information.	Er diskreditiert die Information.	l'	de,la,une	discréditer	l'information
Je vois le film.	Ich sehe den Film.	le	un,de,la	voir	le film
Il s'arroge le droit.	Er maßt sich das Recht an.	le	un,de,la	arroger	le droit
Nous reprenons l'activité.	Wir nehmen die Aktivität wieder auf.	l'	une,de,la	reprendre	l'activité
Elle dévore la nourriture.	Sie verschlingt die Nahrung.	la	une,de,dans	dévorer	la nourriture
Il contrevient à la norme.	Er verstößt gegen die Norm.	à	de,sur,avec	contrevenir	la norme
Nous mitigons le risque.	Wir mildern das Risiko.	le	un,de,la	mitiger	le risque
Il détache la pièce.	Er löst das Stück.	la	une,de,dans	détacher	la pièce
Nous semons la culture.	Wir säen die Kultur.	la	une,de,dans	semer	la culture
Il revisite l'endroit.	Er besucht den Ort neu.	l'	un,de,la	revisiter	l'endroit
Elle manie le style.	Sie maniert den Stil.	le	un,de,la	maniérer	le style
Un problème émerge.	Ein Problem taucht auf.	Un	le,la,de	émerger	le problème
Nous couplons le dispositif.	Wir koppeln das Gerät.	le	un,de,la	coupler	le dispositif
Il ravage le territoire.	Er verwüstet das Gebiet.	le	un,de,la	ravager	le territoire
Elle métamorphose le personnage.	Sie verwandelt die Figur.	le	un,de,la	métamorphoser	le personnage
Le virus infeste l'ordinateur.	Der Virus befällt den Computer.	l'	un,de,la	infester	le virus
Je mets le livre.	Ich setze das Buch.	le	un,de,la	mettre	le livre
Nous internationalisons le marché.	Wir internationalisieren den Markt.	le	un,de,la	internationaliser	le marché
Il est une femme.	Er ist eine Frau.	une	la,le,des	être	femme
Je charge la valise.	Ich lade den Koffer.	la	une,du,de	charger	la valise
Il froisse le vêtement.	Er knittern das Kleidungsstück.	le	un,la,des	froisser	vêtement
La plante fleurit au printemps.	Die Pflanze blüht im Frühling.	au	en,dans,sur	fleurir	plante
Je fréquente un ami.	Ich besuche einen Freund.	un	le,la,des	fréquenter	ami
Il conforme la règle.	Er passt die Regel an.	la	une,des,du	conformer	règle
Nous bâclons le projet.	Wir machen das Projekt schlampig.	le	un,la,des	bâcler	projet
Elle houspille l'enfant.	Sie schimpft mit dem Kind.	l'	le,un,la	houspiller	enfant
Il flemmarde sur le canapé.	Er faulenzt auf dem Sofa.	sur	dans,avec,pour	flemmarder	canapé
Nous pérennisons la situation.	Wir machen die Situation dauerhaft.	la	une,des,du	pérenniser	situation
Je fendille le papier.	Ich ritze das Papier.	le	un,la,des	fendiller	papier
Il figure dans la liste.	Er figuriert in der Liste.	dans	sur,au,avec	figurer	liste
Je dois du temps.	Ich muss Zeit haben.	du	le,un,la	devoir	temps
Elle dirige l'équipe.	Sie leitet die Mannschaft.	l'	la,une,des	diriger	équipe
Ils couronnent le roi.	Sie krönen den König.	le	un,la,des	couronner	roi
Nous sortons du cinéma.	Wir gehen aus dem Kino.	du	le,la,un	sortir	cinéma
Il correspond au besoin.	Er entspricht dem Bedürfnis.	au	à,dans,pour	correspondre	besoin
Elle claque le doigt.	Sie knallt mit dem Finger.	le	un,la,des	claquer	doigt
Il agace l'enfant.	Er ärgert das Kind.	l'	le,un,la	agacer	enfant
Nous ciblons le marché.	Wir zielen auf den Markt.	le	un,la,des	cibler	marché
Il courtise une femme.	Er umwirbt eine Frau.	une	la,le,des	courtiser	femme
Elle houspille la personne.	Sie schimpft mit der Person.	la	une,des,le	houspiller	personne
Le jour poindra bientôt.	Der Tag wird bald aufkommen.	bientôt	tôt,tard,jamais	poindre	jour
Je décore la table.	Ich dekoriere den Tisch.	la	une,des,le	décorer	table
Il jure la promesse.	Er schwört das Versprechen.	la	une,des,le	jurer	promesse
Nous stationnons la place.	Wir parken den Platz.	la	une,des,le	stationner	place
Je ride le cheval.	Ich reite das Pferd.	le	un,la,des	rider	cheval
L'écho retentit dans la vallée.	Das Echo hallt im Tal.	dans	sur,au,avec	retentir	écho
Il enivre le vin.	Er betrinkt den Wein.	le	un,la,des	enivrer	vin
Elle frustre la situation.	Sie frustriert die Situation.	la	une,des,le	frustrer	situation
Je suppose l'idée.	Ich nehme die Idee an.	l'	de,une,la	supposer	l'idée
Il manie un outil.	Er handhabt ein Werkzeug.	un	le,la,de	manier	un outil
Elle pointe la direction.	Sie zeigt die Richtung.	la	une,de,à	pointer	la direction
Nous revitalisons la communauté.	Wir revitalisieren die Gemeinschaft.	la	une,de,dans	revitaliser	la communauté
J'écoute la musique.	Ich höre die Musik.	la	une,de,à	écouter	la musique
Il valide la décision.	Er bestätigt die Entscheidung.	la	une,de,à	valider	la décision
Nous encadrons la photo.	Wir rahmen das Foto.	la	une,de,à	encadrer	la photo
Je partage l'idée.	Ich teile die Idee.	l'	une,de,la	partager	l'idée
Elle entête la pensée.	Sie verwirrt den Gedanken.	la	une,de,à	entêter	la pensée
Nous arrêtons la voiture.	Wir halten das Auto an.	la	une,de,à	arrêter	la voiture
Il manie la situation.	Er handhabt die Situation.	la	une,de,à	manier	la situation
Nous télévisons le film.	Wir sehen den Film.	le	la,une,de	téléviser	le film
Ils parrainent le projet.	Sie patronieren das Projekt.	le	la,une,de	parrainer	le projet
Je grillage le légume.	Ich grille das Gemüse.	le	la,une,de	grillager	le légume
Nous concevons le produit.	Wir entwerfen das Produkt.	le	la,une,de	concevoir	le produit
Je sens la chaleur.	Ich fühle die Wärme.	la	une,de,à	sentir	la chaleur
Il affecte la personne.	Er beeinflusst die Person.	la	une,de,à	affecter	la personne
Nous scrutons la situation.	Wir untersuchen die Situation genau.	la	une,de,à	scruter	la situation
Elle étire le muscle.	Sie dehnt den Muskel.	le	la,une,de	étirer	le muscle
Ils contrebalancent l'impact.	Sie gleichen den Einfluss aus.	l'	la,une,de	contrebalancer	l'impact
Nous validons l'information.	Wir bestätigen die Information.	l'	une,de,la	valider	l'information
Il confronte la personne.	Er konfrontiert die Person.	la	une,de,à	confronter	la personne
Nous préparons l'événement.	Wir bereiten das Ereignis vor.	l'	une,de,la	préparer	l'événement
Nous régulons le processus.	Wir regulieren den Prozess.	le	la,une,de	réguler	le processus
Il motorise l'équipement.	Er motorisiert die Ausrüstung.	l'	la,une,de	motoriser	l'équipement
Elle rejette une proposition.	Sie lehnt einen Vorschlag ab.	une	la,de,à	rejeter	une proposition
Il pénètre dans le marché.	Er dringt in den Markt ein.	dans	à,sur,avec	pénétrer	le marché
Elle paie la facture.	Sie bezahlt die Rechnung.	la	une,de,le	payer	la facture
Il écrit le texte.	Er schreibt den Text.	le	un,la,de	écrire	le texte
Elle surprend la nouvelle.	Sie überrascht die Nachricht.	la	une,de,le	surprendre	la nouvelle
Il modifie le document.	Er ändert das Dokument.	le	un,la,de	modifier	le document
L'animal mugit dans le pré.	Das Tier muht auf der Wiese.	dans	à,sur,avec	mugir	l'animal
Il cantonne dans le quartier.	Er quartiert im Viertel ein.	dans	à,sur,le	cantonner	le quartier
Ils polluent la terre.	Sie verschmutzen die Erde.	la	une,de,le	polluer	la terre
Elle renouvelle l'abonnement.	Sie erneuert das Abonnement.	l'	un,la,le	renouveler	l'abonnement
Il intercède pour la situation.	Er interveniert für die Situation.	pour	dans,à,avec	intercéder	la situation
Ils protègent l'environnement.	Sie schützen die Umwelt.	l'	la,le,une	protéger	l'environnement
Je veux obtenir la réponse.	Ich möchte die Antwort erhalten.	la	une,de,le	obtenir	la réponse
Il faut recorriger le texte.	Man muss den Text korrigieren.	le	un,la,de	recorriger	le texte
Elle veut regagner du temps.	Sie will Zeit zurückgewinnen.	du	le,la,un	regagner	temps
Il broie le grain.	Er zerkleinert das Korn.	le	un,la,de	broyer	le grain
Elle commet une erreur.	Sie begeht einen Fehler.	une	la,le,de	commettre	l'erreur
Il photographie la personne.	Er fotografiert die Person.	la	une,de,le	photographier	la personne
Elle saigne du nez.	Sie blutet aus der Nase.	du	le,la,de	saigner	le nez
Il apaise la tension.	Er beruhigt die Spannung.	la	une,de,le	apaiser	la tension
Elle essuie la main.	Sie wischt die Hand ab.	la	une,de,le	essuyer	la main
Il appelle le nom.	Er ruft den Namen.	le	un,la,de	appeler	le nom
Elle positionne la marque.	Sie positioniert die Marke.	la	une,de,le	positionner	la marque
Il excepte la situation.	Er nimmt die Situation aus.	la	une,de,le	excepter	la situation
Elle traduit la phrase.	Sie übersetzt den Satz.	la	une,de,le	traduire	la phrase
Il éclaircit le doute.	Er klärt den Zweifel auf.	le	un,la,de	éclaircir	le doute
Elle entache l'image.	Sie beschmutzt das Bild.	l'	une,de,le	entacher	l'image
Il fonde une entreprise.	Er gründet eine Firma.	une	la,le,de	fonder	l'entreprise
Elle signifie le signe.	Sie bedeutet das Zeichen.	le	un,la,de	signifier	le signe
Il rebutte l'idée.	Er stößt die Idee ab.	l'	une,de,le	rebuter	l'idée
Elle ceinture l'objet.	Sie umgürtet den Gegenstand.	l'	un,de,le	ceinturer	l'objet
Je cherche la réponse.	Ich suche die Antwort.	la	une,de,le	chercher	la réponse
Ils exultent de la victoire.	Sie jubeln über den Sieg.	de	à,sur,avec	exulter	la victoire
Elle accable la situation.	Sie überwältigt die Situation.	la	une,de,le	accabler	la situation
Nous vendons le service.	Wir verkaufen den Dienst.	le	un,la,de	vendre	le service
Il spécifie le détail.	Er spezifiziert das Detail.	le	un,la,de	spécifier	le détail
Je reçois un cadeau.	Ich erhalte ein Geschenk.	un	la,de,le	recevoir	le cadeau
Tu aides l'ami.	Du hilfst dem Freund.	l'	un,le,la	aider	l'ami
Ils merdent dans la relation.	Sie verdammen die Beziehung.	dans	avec,sur,de	merder	la relation
Je perds la clé.	Ich verliere den Schlüssel.	la	une,de,le	perdre	la clé
Nous abstrait le concept.	Wir abstrahieren das Konzept.	le	un,la,de	abstraire	le concept
Ils célèbrent l'événement.	Sie feiern das Ereignis.	l'	un,la,de	célébrer	l'événement
Elle facilite la communication.	Sie erleichtert die Kommunikation.	la	une,de,le	faciliter	la communication
Nous débattons sur le sujet.	Wir debattieren über das Thema.	sur	de,avec,à	débattre	le sujet
Il ânonne la réponse.	Er stammelt die Antwort.	la	une,de,le	ânonner	la réponse
Ils colonisent la population.	Sie kolonisieren die Bevölkerung.	la	une,de,le	coloniser	la population
Je m'accoude à la table.	Ich lehne mich an den Tisch.	à	de,sur,avec	accouder	la table
Il rythme l'activité.	Er rhythmisiert die Aktivität.	l'	une,de,le	rythmer	l'activité
Nous palions l'effet.	Wir mildern den Effekt.	l'	un,la,de	pallier	l'effet
Je fais la cuisine.	Ich mache die Küche.	la	une,de,le	faire	la cuisine
Il place l'objet.	Er platziert den Gegenstand.	l'	un,la,de	placer	l'objet
Elle avertit du risque.	Sie warnt vor dem Risiko.	du	de,le,la	avertir	le risque
Il lasse l'esprit.	Er ermüdet den Geist.	l'	un,la,de	lasser	l'esprit
Je sucre le café.	Ich zucke den Kaffee.	le	un,la,de	sucrer	le café
Ils polymérisent le plastique.	Sie polymerisieren den Kunststoff.	le	un,la,de	polymériser	le plastique
Elle maltraite l'animal.	Sie misshandelt das Tier.	l'	un,la,de	maltraiter	l'animal
Le pain moisit.	Das Brot schimmelt.	le	un,la,de	moisir	le pain
Je salue l'ami.	Ich grüße den Freund.	l'	un,la,de	saluer	l'ami
Nous vérifions la facture.	Wir überprüfen die Rechnung.	la	une,de,le	vérifier	la facture
Il confie la responsabilité.	Er vertraut die Verantwortung an.	la	une,de,le	confier	la responsabilité
Elle fige la glace.	Sie friert das Eis ein.	la	une,de,le	figer	la glace
Je rappelle l'information.	Ich erinnere an die Information.	l'	de,la,une	rappeler	l'information
J'ôte l'objet.	Ich entferne den Gegenstand.	l'	du,de,un	ôter	l'objet
J'ai le chien.	Ich habe den Hund.	le	un,la,de	avoir	le chien
Il déroute le voyageur.	Er verwirrt den Reisenden.	le	du,un,la	dérouter	le voyageur
Nous pérennisons la relation.	Wir machen die Beziehung dauerhaft.	la	une,de,le	pérenniser	la relation
Elle exécute la tâche.	Sie führt die Aufgabe aus.	la	une,de,le	exécuter	la tâche
Je doute de la situation.	Ich zweifle an der Situation.	de	à,la,le	douter	la situation
Il rassure la personne.	Er beruhigt die Person.	la	une,de,le	rassurer	la personne
Ils corrompent la personne.	Sie bestechen die Person.	la	une,de,le	corrompre	la personne
Je vois le paysage.	Ich sehe die Landschaft.	le	un,la,de	voir	le paysage
Nous dépassionnons le sujet.	Wir entkräften das Thema.	le	un,la,de	dépassionner	le sujet
Il gonfle le poumon.	Er bläst die Lunge auf.	le	un,la,de	gonfler	le poumon
Nous réunissons le groupe.	Wir versammeln die Gruppe.	le	un,la,de	réunir	le groupe
J'ai la maison.	Ich habe das Haus.	la	une,de,le	avoir	la maison
Elle souffre de la douleur.	Sie leidet unter dem Schmerz.	de	à,la,le	souffrir	la douleur
Je reconduis l'ami.	Ich bringe den Freund zurück.	l'	un,la,de	reconduire	l'ami
Il malmène le collègue.	Er schikaniert den Kollegen.	le	un,la,de	malmener	le collègue
Elle insulte la personne.	Sie beleidigt die Person.	la	une,de,le	insulter	la personne
Je reste à l'endroit.	Ich bleibe an dem Ort.	à	dans,le,de	rester	l'endroit
Il surmène la personne.	Er überanstrengt die Person.	la	une,de,le	surmener	la personne
Nous recommençons le projet.	Wir fangen das Projekt wieder an.	le	un,la,de	recommencer	le projet
Il renverse la situation.	Er kippt die Situation um.	la	une,de,le	renverser	la situation
Elle écarquille le visage.	Sie öffnet das Gesicht weit.	le	un,la,de	écarquiller	le visage
Je baigne le chien.	Ich bade den Hund.	le	un,la,de	baigner	le chien
Il vise la cible.	Er zielt auf das Ziel.	la	une,de,le	viser	la cible
Nous éclaircissons le problème.	Wir klären das Problem auf.	le	un,la,de	éclaircir	le problème
Je perds le match.	Ich verliere das Spiel.	le	un,la,de	perdre	le match
Nous poursuivons l'objectif.	Wir verfolgen das Ziel.	l'	un,la,de	poursuivre	l'objectif
Je chante le texte.	Ich singe den Text.	le	un,la,de	chanter	le texte
Nous débrouillons la situation.	Wir kommen mit der Situation zurecht.	la	une,de,le	débrouiller	la situation
Je zone le territoire.	Ich zone das Gebiet.	le	un,la,du	zoner	le territoire
Elle embrasse l'enfant.	Sie umarmt das Kind.	l'	un,le,la	embrasser	l'enfant
Nous réaffirmons l'engagement.	Wir bekräftigen das Engagement.	l'	un,le,la	réaffirmer	l'engagement
Il déculpabilise le sentiment.	Er entlastet das Gefühl.	le	un,la,de	déculpabiliser	le sentiment
Je repêche l'objet.	Ich hole den Gegenstand wieder.	l'	un,le,la	repêcher	l'objet
Ils auréolent la réputation.	Sie umkränzen den Ruf.	la	le,un,de	auréoler	la réputation
Elle ride le poney.	Sie reitet das Pony.	le	un,la,de	rider	le poney
Je me souviens de l'événement.	Ich erinnere mich an das Ereignis.	de	à,le,un	se souvenir	l'événement
Il désenchante l'enfant.	Er enttäuscht das Kind.	l'	un,le,la	désenchanter	l'enfant
Nous institutionnalisons la pratique.	Wir institutionalisieren die Praxis.	la	le,un,de	institutionnaliser	la pratique
Je travaille dans l'entreprise.	Ich arbeite in der Firma.	dans	à,le,un	travailler	l'entreprise
Il irrigue le champ.	Er bewässert das Feld.	le	un,la,de	irriguer	le champ
L'événement advient demain.	Das Ereignis geschieht morgen.	demain	hier,aujourd'hui,la	advenir	l'événement
Nous survolons le territoire.	Wir überfliegen das Gebiet.	le	un,la,de	survoler	le territoire
Ils papotent de la conversation.	Sie plaudern über das Gespräch.	de	à,le,un	papoter	la conversation
Elle oppose l'argument.	Sie setzt das Argument entgegen.	l'	un,le,la	opposer	l'argument
Je supprime le message.	Ich lösche die Nachricht.	le	un,la,de	supprimer	le message
Il arrête le mouvement.	Er hält die Bewegung an.	le	un,la,de	arrêter	le mouvement
Elle rompt la relation.	Sie bricht die Beziehung.	la	le,un,de	rompre	la relation
Il aiguillera le flux.	Er leitet den Fluss.	le	un,la,de	aiguiller	le flux
Nous fructifions le travail.	Wir machen die Arbeit fruchtbar.	le	un,la,de	fructifier	le travail
Elle réveille la personne.	Sie weckt die Person.	la	le,un,de	réveiller	la personne
Il cogne la main.	Er haut die Hand.	la	le,un,de	cogner	la main
Nous pavons la place.	Wir pflastern den Platz.	la	le,un,de	paver	la place
Je conduis la moto.	Ich fahre das Motorrad.	la	le,un,de	conduire	la moto
Il tente la chance.	Er versucht das Glück.	la	le,un,de	tenter	la chance
Nous intégrons le système.	Wir integrieren das System.	le	un,la,de	intégrer	le système
Ils couronnent le champion.	Sie krönen den Champion.	le	un,la,de	couronner	le champion
Cela occasionne le retard.	Das verursacht die Verspätung.	le	un,la,de	occasionner	le retard
Il sacralise le rituel.	Er heilt das Ritual.	le	un,la,de	sacraliser	le rituel
Je lave la vaisselle.	Ich wasche das Geschirr.	la	de,une,le	laver	la vaisselle
J'arrose la plante.	Ich gieße die Pflanze.	la	une,de,le	arroser	la plante
Il affaiblit la force.	Er schwächt die Kraft.	la	de,une,le	affaiblir	la force
Elle recale l'élève.	Sie lässt den Schüler durchfallen.	l'	un,le,de	recaler	l'élève
Il fume la pipe.	Er raucht die Pfeife.	la	une,de,le	fumer	la pipe
Je feuillette le livre.	Ich blättere im Buch.	le	un,de,la	feuilleter	le livre
Ils dispersent le groupe.	Sie streuen die Gruppe.	le	une,de,la	disperser	le groupe
Elle dilue la peinture.	Sie verdünnt die Malerei.	la	une,de,le	diluer	la peinture
Il incarne le personnage.	Er verkörpert die Figur.	le	une,de,la	incarner	le personnage
Elle épouse l'amour.	Sie heiratet die Liebe.	l'	une,de,le	épouser	l'amour
Je crois la vérité.	Ich glaube der Wahrheit.	la	une,de,le	croire	la vérité
L'écho répercute la voix.	Das Echo widerhallt die Stimme.	la	une,de,le	répercuter	l'écho
Je ramène l'ami.	Ich bringe den Freund zurück.	l'	un,le,de	ramener	l'ami
Il écarquille le regard.	Er öffnet die Augen weit.	le	une,de,l'	écarquiller	le regard
La troupe rue la rue.	Die Truppe stürmt die Straße.	la	une,de,le	ruer	la troupe
Je cuisine le plat.	Ich koche das Gericht.	le	une,de,la	cuiter	le plat
Il défigure l'œuvre.	Er entstellt das Werk.	l'	une,de,le	défigurer	l'œuvre
Elle vit la vie.	Sie lebt das Leben.	la	une,de,le	vivre	la vie
Nous festoyons le mariage.	Wir feiern die Ehe.	le	une,de,la	festoyer	le mariage
Il suture le tissu.	Er näht den Stoff.	le	une,de,la	suturer	le tissu
Le travail stresse l'élève.	Die Arbeit stresst den Schüler.	l'	une,de,le	stresser	le travail
Je comprends la situation.	Ich verstehe die Situation.	la	une,de,le	comprendre	la situation
Je mets l'objet sur la table.	Ich setze den Gegenstand auf den Tisch.	l'	un,de,la	mettre	l'objet
Il tolère l'avis.	Er toleriert die Meinung.	l'	une,de,le	tolérer	l'avis
Nous visitons la ville.	Wir besuchen die Stadt.	la	une,de,le	visiter	la ville
Elle étend la main.	Sie streckt die Hand aus.	la	une,de,le	étendre	la main
Je côtoie le voisin.	Ich lebe nebenbei mit dem Nachbarn.	le	une,de,la	côtoyer	le voisin
Nous cohabitons l'appartement.	Wir leben in der Wohnung zusammen.	l'	un,de,la	cohabiter	l'appartement
Il vicie l'air.	Er verunreinigt die Luft.	l'	une,de,le	vicier	l'air
Elle cerclera la zone.	Sie umkreist die Zone.	la	une,de,le	cercler	la zone
Je redonne l'argent à Marie.	Ich gebe das Geld an Marie zurück.	à	de,sur,pour	redonner	l'argent
Il dévoie la personne avec charme.	Er verführt die Person mit Charme.	avec	à,de,sur	dévoyer	la personne
Nous configurons le réseau en ligne.	Wir konfigurieren das Netzwerk online.	en	à,sur,pour	configurer	le réseau
Je remplace l'objet par un nouveau.	Ich ersetze den Gegenstand durch einen neuen.	par	à,de,dans	replacer	l'objet
Il force la main de son ami.	Er zwingt die Hand seines Freundes.	de	à,sur,avec	forcer	la main
Elle tisse le réseau avec patience.	Sie webt das Netzwerk mit Geduld.	avec	à,de,sur	tisser	le réseau
Je venge l'ami de ma sœur.	Ich räche den Freund meiner Schwester.	de	à,sur,avec	venger	l'ami
Une odeur émane du jardin.	Ein Geruch strömt aus dem Garten.	du	à,de,sur	émaner	une odeur
Je coupe le légume en morceaux.	Ich schneide das Gemüse in Stücke.	en	à,de,sur	couper	le légume
Il zèbre le mur avec de la peinture.	Er streift die Wand mit Farbe.	avec	à,de,sur	zébrer	le mur
Nous démontons la machine pour réparer.	Wir demontieren die Maschine zur Reparatur.	pour	à,de,avec	démonter	la machine
Il débride l'énergie de la voiture.	Er gibt die Energie des Autos frei.	de	à,sur,avec	débrider	l'énergie
Elle abrite l'objet dans le tiroir.	Sie unterbringt den Gegenstand in der Schublade.	dans	à,de,sur	abriter	l'objet
Nous accomplissons la tâche ensemble.	Wir machen die Aufgabe zusammen.	ensemble	à,de,sur	accomplir	la tâche
Il surveille la situation de près.	Er überwacht die Situation genau.	de	à,sur,avec	surveiller	la situation
Elle clarifie l'explication pour tous.	Sie klärt die Erklärung für alle.	pour	à,de,avec	clarifier	l'explication
Nous acclamons l'équipe à la fin.	Wir applaudieren der Mannschaft am Ende.	à	de,sur,avec	acclamer	l'équipe
Je choisis le repas pour ce soir.	Ich wähle die Mahlzeit für heute Abend.	pour	à,de,sur	choisir	le repas
Il triche au jeu avec son ami.	Er schummelt im Spiel mit seinem Freund.	au	à,de,sur	tricher	le jeu
Elle ose l'idée de partir.	Sie wagt die Idee zu gehen.	de	à,sur,avec	oser	l'idée
Il romance la relation avec douceur.	Er romantisiert die Beziehung sanft.	avec	à,de,sur	romancer	la relation
Je hais la personne qui ment.	Ich hasse die Person, die lügt.	la	de,à,sur	haïr	la personne
Nous louons la maison pour l'été.	Wir mieten das Haus für den Sommer.	pour	à,de,sur	louer	la maison
L'objet chute au sol rapidement.	Der Gegenstand fällt schnell zu Boden.	au	à,de,sur	chuter	l'objet
Je touille le mélange dans le bol.	Ich rühre die Mischung in der Schüssel um.	dans	à,de,sur	touiller	le mélange
Il ravit l'enfant avec un cadeau.	Er entzückt das Kind mit einem Geschenk.	avec	à,de,sur	ravir	l'enfant
Je dis la vérité à mes amis.	Ich sage die Wahrheit meinen Freunden.	à	de,sur,avec	dire	la vérité
Elle authentifie la signature de l'artiste.	Sie authentifiziert die Unterschrift des Künstlers.	de	à,sur,avec	authentifier	la signature
Il noircit la surface avec de la peinture.	Er schwärzt die Oberfläche mit Farbe.	avec	à,de,sur	noircir	la surface
Je prie la prière avant de dormir.	Ich bete das Gebet vor dem Schlafen.	la	de,à,sur	prier	la prière
Il ampute le bras.	Er amputiert den Arm.	le	un,la,du	amputer	le bras
Elle bande la blessure.	Sie bindet die Verletzung.	la	une,le,des	bander	la blessure
Nous résorbons le problème.	Wir lösen das Problem auf.	le	un,la,des	résorber	le problème
Je nettoie la fenêtre.	Ich reinige das Fenster.	la	une,le,des	nettoyer	la fenêtre
Ils prohibent le produit.	Sie verbieten das Produkt.	le	un,la,des	prohiber	le produit
Tu fermes la fenêtre.	Du schließt das Fenster.	la	une,le,des	fermer	la fenêtre
Il assassine la personne.	Er ermordet die Person.	la	une,le,des	assassiner	la personne
Nous versons l'énergie.	Wir widmen die Energie.	l'	la,une,le	vouer	l'énergie
Je conduis un bus.	Ich fahre einen Bus.	un	le,la,des	conduire	un bus
Ils logent la famille.	Sie bringen die Familie unter.	la	une,le,des	loger	la famille
Elle pavane le succès.	Sie prahlt mit dem Erfolg.	le	un,la,des	pavaner	le succès
Je remplis le formulaire.	Ich fülle das Formular aus.	le	un,la,des	remplir	le formulaire
Nous utilisons la ressource.	Wir benutzen die Ressource.	la	une,le,des	utiliser	la ressource
Il dissuade la personne.	Er wendet die Person ab.	la	une,le,des	dissuader	la personne
Je rallume la lampe.	Ich zünde die Lampe wieder an.	la	une,le,des	rallumer	la lampe
Elle poignarde la blessure.	Sie erstecht die Verletzung.	la	une,le,des	poignarder	la blessure
Il conduit la voiture.	Er fährt das Auto.	la	une,le,des	conduire	la voiture
Nous habitons la maison.	Wir wohnen im Haus.	la	une,le,des	habiter	la maison
Je comprends le problème.	Ich verstehe das Problem.	le	un,la,des	comprendre	le problème
Il vexe la situation.	Er ärgert die Situation.	la	une,le,des	vexer	la situation
Nous actionnons le mécanisme.	Wir betätigen den Mechanismus.	le	un,la,des	actionner	le mécanisme
Je scie la branche.	Ich säge den Zweig.	la	une,le,des	scier	la branche
Il nuit à la santé.	Er schadet der Gesundheit.	à	de,sur,avec	nuire	la santé
L'économie croît.	Die Wirtschaft wächst.	l'	la,une,le	croître	l'économie
Elle rougit la peau.	Sie errötet die Haut.	la	une,le,des	rougir	la peau
Il profère l'avis.	Er spricht die Meinung aus.	l'	la,une,le	proférer	l'avis
Nous cubons le volume.	Wir würfeln das Volumen.	le	un,la,des	cuber	le volume
Elle fascine l'enfant.	Sie fasziniert das Kind.	l'	la,une,le	fasciner	l'enfant
L'effet résulte.	Der Effekt resultiert.	l'	la,une,le	résulter	l'effet
Il étoile le ciel.	Er sternen den Himmel.	le	un,la,des	étoiler	le ciel
Je vais effiler le légume.	Ich werde das Gemüse ausdünnen.	le	un,de,la	effiler	le légume
Nous regardons la télévision.	Wir sehen das Fernsehen.	la	le,une,les	regarder	la télévision
Il transpose la musique.	Er transponiert die Musik.	la	le,une,des	transposer	la musique
Elle envoie le message.	Sie sendet die Nachricht.	le	un,la,des	envoyer	le message
Ils rétablissent la situation.	Sie stellen die Situation wieder her.	la	une,le,des	rétablir	la situation
Il prêche la valeur.	Er predigt den Wert.	la	le,une,des	prêcher	la valeur
Je localise la personne.	Ich lokalisiere die Person.	la	une,le,des	localiser	la personne
Nous substituons le membre.	Wir ersetzen das Mitglied.	le	un,la,des	substituer	le membre
Il fixe le prix.	Er legt den Preis fest.	le	un,la,des	fixer	le prix
Elle élabore le projet.	Sie arbeitet das Projekt aus.	le	un,la,des	élaborer	le projet
L'individu se suicide.	Das Individuum bringt sich um.	se	le,la,un	se suicider	l'individu
J'imperméabilise le tissu.	Ich mache den Stoff wasserfest.	le	un,la,des	imperméabiliser	le tissu
Nous radioguiderons le groupe.	Wir radioguiden die Gruppe.	le	un,la,des	radioguider	le groupe
Il secoue la bouteille.	Er schüttelt die Flasche.	la	le,une,des	secouer	la bouteille
Elle outrage la personne.	Sie beleidigt die Person.	la	le,une,des	outrager	la personne
Il relate l'événement.	Er berichtet über das Ereignis.	l'	le,une,des	relater	l'événement
Elle vole l'objet.	Sie stiehlt den Gegenstand.	l'	le,une,des	voler	l'objet
Nous délimitons le territoire.	Wir grenzen das Gebiet ab.	le	un,la,des	délimiter	le territoire
Il patiente un temps.	Er wartet eine Zeit.	un	le,la,des	patienter	temps
Elle frotte la surface.	Sie reibt die Oberfläche.	la	le,une,des	frotter	la surface
Ils adulent l'artiste.	Sie vergöttern den Künstler.	l'	le,une,des	aduler	l'artiste
Elle théorise l'idée.	Sie theoretisiert die Idee.	l'	le,une,des	théoriser	l'idée
Il ampute la jambe.	Er amputiert das Bein.	la	le,une,des	amputer	la jambe
Elle refroidit la soupe.	Sie kühlt die Suppe ab.	la	le,une,des	refroidir	la soupe
Je choisis l'option.	Ich wähle die Option.	l'	le,une,des	choisir	l'option
Il dérobe l'argent.	Er stiehlt das Geld.	l'	le,une,des	dérober	l'argent
Elle atteste le document.	Sie attestiert das Dokument.	le	un,la,des	attester	le document
Il préside l'assemblée.	Er sitzt der Versammlung vor.	l'	le,une,des	présider	l'assemblée
Elle conditionne le produit.	Sie bedingt das Produkt.	le	un,la,des	conditionner	le produit
Il esquisse le plan.	Er skizziert den Plan.	le	un,la,des	esquisser	le plan
Je repère la personne.	Ich lokalisiere die Person.	la	une,de,du	repérer	la personne
Je réédite le livre.	Ich gebe das Buch neu heraus.	le	un,la,de	rééditer	le livre
Je range le placard.	Ich räume den Schrank auf.	le	la,un,dans	ranger	le placard
Je redire la chose.	Ich sage die Sache wieder.	la	une,de,le	redire	la chose
Le diamant brille au soleil.	Der Diamant leuchtet in der Sonne.	au	dans,sur,de	briller	le diamant
Je reviens au jour.	Ich komme am Tag zurück.	au	dans,sur,de	revenir	jour
Je renseigne la personne.	Ich informiere die Person.	la	une,de,du	renseigner	la personne
Il triomphe du succès.	Er triumphiert über den Erfolg.	du	le,la,un	triompher	le succès
Elle orchestre le concert.	Sie orchestriert das Konzert.	le	un,la,de	orchestrer	le concert
Ce projet requiert du temps.	Dieses Projekt erfordert Zeit.	du	le,la,un	requérir	la ressource
Je côtoie l'ami.	Ich lebe nebenbei mit dem Freund.	l'	le,la,un	côtoyer	l'ami
Nous relogeons le locataire.	Wir umquartieren den Mieter.	le	la,un,de	reloger	le locataire
Il me manque l'ami.	Mir fehlt der Freund.	l'	le,la,un	manquer	l'ami
J'éprouve un sentiment.	Ich erfahre ein Gefühl.	un	le,la,de	éprouver	le sentiment
Nous établissons la règle.	Wir richten die Regel ein.	la	un,de,le	établir	la règle
Il mitige l'effet.	Er mildert den Effekt.	l'	le,la,un	mitiger	l'effet
Elle sophistique l'idée.	Sie verfeinert die Idee.	l'	la,un,de	sophistiquer	l'idée
Ils enferment la personne.	Sie sperren die Person ein.	la	une,de,du	enfermer	la personne
Il cambre le corps.	Er krümmt den Körper.	le	la,un,de	cambrer	le corps
J'imagine la scène.	Ich stelle die Szene vor.	la	une,de,le	imaginer	la scène
Il démissionne du poste.	Er kündigt den Posten.	du	le,la,un	démissionner	le poste
Je m'efforce du travail.	Ich bemühe mich um die Arbeit.	du	le,la,un	efforcer	le travail
Je ramasse le déchet.	Ich hebe den Abfall auf.	le	la,un,de	ramasser	le déchet
Je devine la situation.	Ich errate die Situation.	la	une,de,le	deviner	la situation
Je corrige l'erreur.	Ich korrigiere den Fehler.	l'	le,la,un	corriger	l'erreur
Ils contrecarrent le projet.	Sie durchkreuzen das Projekt.	le	un,la,de	contrecarrer	le projet
Je contribue à la discussion.	Ich trage zur Diskussion bei.	à	de,sur,avec	contribuer	la discussion
Ils divorcent de la relation.	Sie scheiden sich von der Beziehung.	de	à,du,le	divorcer	la relation
Ils bataillent pour la bataille.	Sie kämpfen um die Schlacht.	pour	de,du,le	batailler	la bataille
Nous commémorons le jour.	Wir gedenken des Tages.	le	un,la,de	commémorer	jour
Je simule la situation.	Ich simuliere die Situation.	la	une,de,du	simuler	la situation
Il tambourine le rythme.	Er trommelt den Rhythmus.	le	un,de,la	tambouriner	le rythme
Elle dessine l'image.	Sie zeichnet das Bild.	l'	une,la,de	dessiner	l'image
Ils tiraillent le tissu.	Sie zerren am Stoff.	le	un,de,la	tirailler	le tissu
Nous sanctionnons l'infraction.	Wir bestrafen den Verstoß.	l'	une,la,de	sanctionner	l'infraction
Il profane le lieu.	Er entweiht den Ort.	le	un,de,la	profaner	le lieu
Je millésime la bouteille.	Ich jahrgangsbestimme die Flasche.	la	une,de,du	millésimer	la bouteille
Ils soupçonnent l'activité.	Sie verdächtigen die Aktivität.	l'	une,la,de	soupçonner	l'activité
Elle chamboule le plan.	Sie wirft den Plan um.	le	un,de,la	chambouler	le plan
La fontaine rejaillit.	Der Brunnen sprudelt wieder.	la	une,de,du	rejaillir	la fontaine
La cloche sonne.	Die Glocke läutet.	la	une,de,du	sonner	la cloche
J'écoute la radio.	Ich höre das Radio.	la	une,de,du	écouter	la radio
Il prime le choix.	Er primt die Wahl.	le	un,de,la	primer	le choix
Elle accroît l'histoire.	Sie glaubt der Geschichte.	l'	une,la,de	accroire	l'histoire
Ils frustrent l'attente.	Sie frustrieren die Erwartung.	l'	une,la,de	frustrer	l'attente
Il penche l'arbre.	Er neigt den Baum.	l'	un,de,la	pencher	l'arbre
Elle musèle la personne.	Sie macht die Person mundtot.	la	une,de,du	museler	la personne
Nous évangélisons la communauté.	Wir evangelisieren die Gemeinschaft.	la	une,de,du	évangéliser	la communauté
J'invite la personne.	Ich lade die Person ein.	la	une,de,du	inviter	la personne
Il obère le budget.	Er belastet das Budget.	le	un,de,la	obérer	le budget
Nous privilégions l'option.	Wir bevorzugen die Option.	l'	une,la,de	privilégier	l'option
Il faufile l'objet.	Er schlüpft mit dem Gegenstand.	l'	un,de,la	faufiler	l'objet
Elle encourage l'initiative.	Sie ermutigt die Initiative.	l'	une,la,de	encourager	l'initiative
Je lis le livre.	Ich lese das Buch.	le	un,de,la	lire	le livre
Nous attendons un bus.	Wir warten auf einen Bus.	un	le,la,de	attendre	un bus
Ils bâtissent l'école.	Sie bauen die Schule.	l'	une,de,du	bâtir	l'école
Il débride le moteur.	Er gibt den Motor frei.	le	un,de,la	débrider	le moteur
Elle impute le coût.	Sie rechnet die Kosten zu.	le	un,de,la	imputer	le coût
Il menace la sécurité.	Er bedroht die Sicherheit.	la	une,de,du	menacer	la sécurité
Je pars de la maison.	Ich gehe aus dem Haus.	de	à,du,la	partir	la maison
Je ferme le livre.	Ich schließe das Buch.	le	un,la,les	fermer	le livre
Ils jouent au jeu.	Sie spielen das Spiel.	au	à,dans,pour	jouer	le jeu
Elle redevient la situation.	Sie wird die Situation wieder.	la	une,de,le	redevenir	la situation
Je touche la personne.	Ich berühre die Person.	la	une,de,le	toucher	la personne
Nous excluons le groupe.	Wir schließen die Gruppe aus.	le	un,la,les	exclure	le groupe
Il succombe à la maladie.	Er erliegt der Krankheit.	à	de,dans,sur	succomber	la maladie
Elle croque une carotte.	Sie knabbert an einer Karotte.	une	la,le,des	croquer	la carotte
Il désempare la situation.	Er verwirrt die Situation.	la	une,de,le	désemparer	la situation
J'aiguiser un outil.	Ich schärfe ein Werkzeug.	un	le,la,des	aiguiser	un outil
Nous collons le papier.	Wir kleben das Papier.	le	un,la,les	coller	le papier
L'individu se rebelle.	Das Individuum rebelliert.	l'	un,la,le	rebeller	l'individu
Ils débattent de l'idée.	Sie debattieren über die Idee.	de	à,sur,pour	débattre	l'idée
Elle atténue la douleur.	Sie mildert den Schmerz.	la	une,de,le	atténuer	la douleur
Nous inaugurons le bâtiment.	Wir weihen das Gebäude ein.	le	un,la,les	inaugurer	le bâtiment
Ils exploitent le marché.	Sie beuten den Markt aus.	le	un,la,des	exploiter	le marché
Elle transforme l'objet.	Sie verwandelt den Gegenstand.	l'	un,la,le	transformer	l'objet
Je lis l'article.	Ich lese den Artikel.	l'	un,la,le	lire	l'article
Il s'absente à la réunion.	Er fehlt bei der Sitzung.	à	de,sur,avec	absenter	la réunion
Elle propage l'information.	Sie verbreitet die Information.	l'	une,de,le	propager	l'information
Je souhaite la réussite.	Ich wünsche den Erfolg.	la	une,de,le	souhaiter	la réussite
Il enorgueillit la personne.	Er macht die Person stolz.	la	une,de,le	enorgueillir	la personne
Nous globalisons le marché.	Wir globalisieren den Markt.	le	un,la,les	globaliser	le marché
Ils trouvent la solution.	Sie finden die Lösung.	la	une,de,le	trouver	la solution
Elle reverse la tendance.	Sie kehrt den Trend um.	la	une,de,le	reverser	la tendance
Il succède à la fonction.	Er folgt der Funktion nach.	à	de,dans,sur	succéder	la fonction
Nous diffusons l'information.	Wir verbreiten die Information.	l'	une,de,le	diffuser	l'information
L'heure tinte.	Die Stunde läutet.	l'	une,de,le	tinter	heure
Il rétablit l'ordre.	Er stellt die Ordnung wieder her.	l'	une,de,le	rétablir	l'ordre
Elle détend le muscle.	Sie entspannt den Muskel.	le	un,la,les	détendre	le muscle
J'interpelle l'enfant.	Ich spreche das Kind an.	l'	un,la,le	interpeller	l'enfant
Il offensera le commentaire demain.	Er wird den Kommentar beleidigen.	le	un,la,de	offenser	le commentaire
Nous construisons un pont ici.	Wir bauen hier eine Brücke.	un	le,la,dans	construire	le pont
Elle propage l'idée à tous.	Sie verbreitet die Idee an alle.	à	de,sur,avec	propager	l'idée
Je devine l'énigme facilement.	Ich errate das Rätsel leicht.	l'	un,la,le	deviner	l'énigme
Il porte le sac lourd.	Er trägt die schwere Tasche.	le	un,la,de	porter	le sac
La musique résonne dans la salle.	Die Musik erklingt im Raum.	dans	sur,avec,à	résonner	la musique
Il somme la musique doucement.	Er summt die Musik leise.	la	le,une,de	somme	la musique
Elle incarne la valeur de l'honnêteté.	Sie verkörpert den Wert der Ehrlichkeit.	la	un,de,le	incarner	la valeur
Ils dérobent l'objet précieux.	Sie stehlen den wertvollen Gegenstand.	l'	un,le,une	dérober	l'objet
Nous transportons l'objet fragile.	Wir transportieren den zerbrechlichen Gegenstand.	l'	un,le,la	transporter	l'objet
Il déchire la lettre par accident.	Er reißt den Brief aus Versehen.	la	le,un,de	déchirer	la lettre
Elle rouvre la porte doucement.	Sie öffnet die Tür leise wieder.	la	le,une,de	rouvrir	la porte
Je résume l'article rapidement.	Ich fasse den Artikel schnell zusammen.	l'	un,le,la	résumer	l'article
Il voue l'attention à son ami.	Er widmet die Aufmerksamkeit seinem Freund.	l'	une,le,de	vouer	l'attention
Nous entrons dans la salle.	Wir treten in den Raum ein.	dans	sur,avec,à	entrer	la salle
Elle termine le travail maintenant.	Sie beendet die Arbeit jetzt.	le	un,la,de	terminer	le travail
Ils jouent au sport ensemble.	Sie spielen gemeinsam Sport.	au	à,le,un	jouer	le sport
La flamme oscille dans le vent.	Die Flamme schwingt im Wind.	dans	sur,avec,à	osciller	la flamme
Il familiarise la personne avec le sujet.	Er macht die Person mit dem Thema vertraut.	la	une,le,de	familiariser	la personne
Nous attablons la table pour le dîner.	Wir decken den Tisch für das Abendessen.	la	le,un,de	attabler	la table
Il hisse la voile rapidement.	Er hisst die Segel schnell.	la	le,un,de	hisser	la voile
Elle grimpe à la montagne.	Sie klettert auf den Berg.	à	dans,sur,avec	grimper	la montagne
Je donne la réponse maintenant.	Ich gebe die Antwort jetzt.	la	le,un,de	donner	la réponse
Il hoche l'approbation lentement.	Er nickt der Genehmigung langsam zu.	l'	un,le,une	hocher	l'approbation
Elle légalise la situation rapidement.	Sie legalisiert die Situation schnell.	la	le,un,de	légaliser	la situation
Nous naviguons sur la mer.	Wir navigieren auf dem Meer.	sur	à,dans,avec	naviguer	la mer
Il tape le document rapidement.	Er tippt das Dokument schnell.	le	un,la,de	typer	le document
L'entreprise prospère dans le marché.	Die Firma gedeiht auf dem Markt.	dans	à,sur,avec	prospérer	l'entreprise
Elle revitalise l'économie locale.	Sie revitalisiert die lokale Wirtschaft.	l'	un,le,la	revitaliser	l'économie
Il féminise la langue française.	Er feminisiert die französische Sprache.	la	le,un,de	féminiser	la langue
Je vois le père au marché.	Ich sehe den Vater auf dem Markt.	le	un,la,du	vois	le père
Je vois la mère à la fenêtre.	Ich sehe die Mutter am Fenster.	la	une,le,des	vois	la mère
Je retrouve le frère ce soir.	Ich treffe den Bruder heute Abend.	le	un,la,du	retrouve	le frère
J'aide la sœur avec les devoirs.	Ich helfe der Schwester bei den Hausaufgaben.	la	une,le,des	aide	la sœur
J'attends les parents devant l'école.	Ich warte vor der Schule auf die Eltern.	les	des,un,de	attends	les parents
Je cherche le fils partout.	Ich suche überall nach dem Sohn.	le	un,la,du	cherche	le fils
Je regarde la fille jouer.	Ich schaue dem Mädchen beim Spielen zu.	la	une,le,des	regarde	la fille
J'écoute le grand-père avec attention.	Ich höre dem Großvater aufmerksam zu.	le	un,la,du	écoute	le grand-père
Je remercie la grand-mère pour le cadeau.	Ich danke der Großmutter für das Geschenk.	la	une,le,des	remercie	la grand-mère
Je salue l'oncle poliment.	Ich grüße den Onkel höflich.	l'	le,la,un	salue	l'oncle
J'invite la tante au dîner.	Ich lade die Tante zum Abendessen ein.	la	une,le,des	invite	la tante
Je retrouve le cousin au parc.	Ich treffe den Cousin im Park.	le	un,la,du	retrouve	le cousin
Je photographie la cousine avec son chien.	Ich fotografiere die Cousine mit ihrem Hund.	la	une,le,des	photographie	la cousine
J'accompagne l'amie à la gare.	Ich begleite die Freundin zum Bahnhof.	l'	le,la,un	accompagne	l'amie
Je salue la voisine chaque matin.	Ich grüße die Nachbarin jeden Morgen.	la	une,le,des	salue	la voisine
Je quitte le collège à quatre heures.	Ich verlasse die weiterführende Schule um vier Uhr.	le	un,la,du	quitte	le collège
Je remercie le professeur pour son aide.	Ich danke dem Lehrer für seine Hilfe.	le	un,la,du	remercie	le professeur
Je salue la professeure à l'entrée.	Ich grüße die Lehrerin am Eingang.	la	une,le,des	salue	la professeure
Je quitte la classe en silence.	Ich verlasse leise den Klassenraum.	la	une,le,des	quitte	la classe
Je range la salle de classe avant de partir.	Ich räume das Klassenzimmer auf, bevor ich gehe.	la	une,le,des	range	la salle de classe
Je répare la chaise du salon.	Ich repariere den Stuhl im Wohnzimmer.	la	une,le,des	répare	la chaise
J'ouvre le cahier à la bonne page.	Ich schlage das Heft auf der richtigen Seite auf.	le	un,la,du	ouvre	le cahier
Je range le stylo dans la trousse.	Ich lege den Stift ins Mäppchen.	le	un,la,du	range	le stylo
Je trouve la gomme sous la table.	Ich finde den Radiergummi unter dem Tisch.	la	une,le,des	trouve	la gomme
Je termine le devoir avant le dîner.	Ich beende die Hausaufgabe vor dem Abendessen.	le	un,la,du	termine	le devoir
Je pose la question au professeur.	Ich stelle dem Lehrer die Frage.	la	une,le,des	pose	la question
Je commence la semaine avec un examen.	Ich beginne die Woche mit einer Prüfung.	la	une,le,des	commence	la semaine
Je termine le mois en voyage.	Ich beende den Monat mit einer Reise.	le	un,la,du	termine	le mois
Je termine l'année avec de bons résultats.	Ich beende das Jahr mit guten Ergebnissen.	l'	le,la,un	termine	l'année
Je commence le matin par un café.	Ich beginne den Morgen mit einem Kaffee.	le	un,la,du	commence	le matin
Je passe le soir à lire.	Ich verbringe den Abend mit Lesen.	le	un,la,du	passe	le soir
Je passe la nuit sans dormir.	Ich verbringe die Nacht ohne zu schlafen.	la	une,le,des	passe	la nuit
J'attends la minute avant de répondre.	Ich warte eine Minute, bevor ich antworte.	la	une,le,des	attends	la minute
Je nettoie la salle de bains chaque semaine.	Ich putze das Badezimmer jede Woche.	la	une,le,des	nettoie	la salle de bains
Je range le salon avant les invités.	Ich räume das Wohnzimmer auf, bevor die Gäste kommen.	le	un,la,du	range	le salon
Je fais le lit chaque matin.	Ich mache jeden Morgen das Bett.	le	un,la,du	fais	le lit
J'allume l'ordinateur pour travailler.	Ich schalte den Computer ein, um zu arbeiten.	l'	le,la,un	allume	l'ordinateur
Je bois le lait au petit déjeuner.	Ich trinke die Milch zum Frühstück.	le	un,la,du	bois	le lait
Je coupe le fromage en morceaux.	Ich schneide den Käse in Stücke.	le	un,la,du	coupe	le fromage
Je cuisine le poisson pour le dîner.	Ich koche den Fisch fürs Abendessen.	le	un,la,du	cuisine	le poisson
Je prépare la salade pour tout le monde.	Ich mache den Salat für alle.	la	une,le,des	prépare	la salade
J'épluche la banane rapidement.	Ich schäle schnell die Banane.	la	une,le,des	épluche	la banane
Je coupe la tomate en tranches.	Ich schneide die Tomate in Scheiben.	la	une,le,des	coupe	la tomate
J'épluche la pomme de terre avant de la cuire.	Ich schäle die Kartoffel, bevor ich sie koche.	la	une,le,des	épluche	la pomme de terre
Je prends le petit déjeuner à sept heures.	Ich frühstücke um sieben Uhr.	le	un,la,du	prends	le petit déjeuner
Je prépare le déjeuner pour midi.	Ich bereite das Mittagessen vor.	le	un,la,du	prépare	le déjeuner
Je sers le dîner à vingt heures.	Ich serviere das Abendessen um zwanzig Uhr.	le	un,la,du	sers	le dîner
Je traverse la rue prudemment.	Ich überquere vorsichtig die Straße.	la	une,le,des	traverse	la rue
Je lève le pied doucement.	Ich hebe vorsichtig den Fuß.	le	un,la,du	lève	le pied
Je ferme les yeux pour dormir.	Ich schließe die Augen, um zu schlafen.	les	des,un,de	ferme	les yeux
J'ouvre la bouche complètement.	Ich öffne den Mund ganz weit.	la	une,le,des	ouvre	la bouche
Je lave le pantalon à la main.	Ich wasche die Hose von Hand.	le	un,la,du	lave	le pantalon
Je porte le jean tous les jours.	Ich trage jeden Tag die Jeans.	le	un,la,du	porte	le jean
Je repasse la chemise avant de sortir.	Ich bügle das Hemd, bevor ich ausgehe.	la	une,le,des	repasse	la chemise
Je mets le pull parce qu'il fait froid.	Ich ziehe den Pullover an, weil es kalt ist.	le	un,la,du	mets	le pull
J'accroche la veste près de la porte.	Ich hänge die Jacke neben die Tür.	la	une,le,des	accroche	la veste
J'enlève le manteau en entrant.	Ich ziehe den Mantel beim Eintreten aus.	le	un,la,du	enlève	le manteau
J'essaie la robe avant d'acheter.	Ich probiere das Kleid an, bevor ich es kaufe.	la	une,le,des	essaie	la robe
J'achète la jupe en solde.	Ich kaufe den Rock im Ausverkauf.	la	une,le,des	achète	la jupe
Je porte le chapeau au soleil.	Ich trage den Hut in der Sonne.	le	un,la,du	porte	le chapeau
Je mets l'écharpe avant de sortir.	Ich lege den Schal an, bevor ich rausgehe.	l'	le,la,un	mets	l'écharpe
Je cherche le bonnet dans le sac.	Ich suche die Mütze in der Tasche.	le	un,la,du	cherche	le bonnet
Je vérifie la taille avant d'acheter.	Ich prüfe die Größe, bevor ich kaufe.	la	une,le,des	vérifie	la taille
Je suis la mode de près.	Ich verfolge die Mode genau.	la	une,le,des	suis	la mode
Je regarde la pluie tomber.	Ich schaue dem Regen beim Fallen zu.	la	une,le,des	regarde	la pluie
Je sens le vent sur mon visage.	Ich spüre den Wind in meinem Gesicht.	le	un,la,du	sens	le vent
J'observe le nuage dans le ciel.	Ich beobachte die Wolke am Himmel.	le	un,la,du	observe	le nuage
Je vérifie la température avant de sortir.	Ich prüfe die Temperatur, bevor ich rausgehe.	la	une,le,des	vérifie	la température
Je préfère le printemps à l'hiver.	Ich mag den Frühling lieber als den Winter.	le	un,la,du	préfère	le printemps
J'adore l'été et la chaleur.	Ich liebe den Sommer und die Hitze.	l'	le,la,un	adore	l'été
Je préfère l'automne au printemps.	Ich mag den Herbst lieber als den Frühling.	l'	le,la,un	préfère	l'automne
Je déteste l'hiver et le froid.	Ich hasse den Winter und die Kälte.	l'	le,la,un	déteste	l'hiver
Je traverse la forêt à vélo.	Ich durchquere den Wald mit dem Fahrrad.	la	une,le,des	traverse	la forêt
Je protège la nature autant que possible.	Ich schütze die Natur, so gut ich kann.	la	une,le,des	protège	la nature
Je masse le dos doucement.	Ich massiere vorsichtig den Rücken.	le	un,la,du	masse	le dos
Je calme la faim avec un fruit.	Ich stille den Hunger mit einer Frucht.	la	une,le,des	calme	la faim
Je calme la soif avec de l'eau.	Ich stille den Durst mit Wasser.	la	une,le,des	calme	la soif
Je regarde le menu du restaurant.	Ich schaue mir die Speisekarte des Restaurants an.	le	un,la,du	regarde	le menu
Je cuisine le poulet pour le repas.	Ich koche das Hähnchen fürs Essen.	le	un,la,du	cuisine	le poulet
Je cuis le riz vingt minutes.	Ich koche den Reis zwanzig Minuten.	le	un,la,du	cuis	le riz
Je cuis les pâtes al dente.	Ich koche die Nudeln al dente.	les	des,un,de	cuis	les pâtes
Je casse l'œuf dans le bol.	Ich schlage das Ei in die Schüssel auf.	l'	le,la,un	casse	l'œuf
Je mets le beurre sur le pain.	Ich streiche die Butter auf das Brot.	le	un,la,du	mets	le beurre
J'ajoute le sel dans la soupe.	Ich gebe das Salz in die Suppe.	le	un,la,du	ajoute	le sel
J'ajoute le poivre à la fin.	Ich gebe zum Schluss den Pfeffer dazu.	le	un,la,du	ajoute	le poivre
Je goûte la fraise avec plaisir.	Ich koste genüsslich die Erdbeere.	la	une,le,des	goûte	la fraise
J'épluche l'orange lentement.	Ich schäle langsam die Orange.	l'	le,la,un	épluche	l'orange
Je commande la pizza ce soir.	Ich bestelle heute Abend die Pizza.	la	une,le,des	commande	la pizza
Je mange le sandwich à midi.	Ich esse das Sandwich mittags.	le	un,la,du	mange	le sandwich
Je sers la boisson fraîche.	Ich serviere das Getränk kühl.	la	une,le,des	sers	la boisson
J'efface le tableau avant le cours.	Ich wische die Tafel vor dem Unterricht ab.	le	un,la,du	efface	le tableau
Je plie la feuille en deux.	Ich falte das Blatt in der Hälfte.	la	une,le,des	plie	la feuille
J'obtiens la note grâce à mes efforts.	Ich bekomme die Note dank meiner Anstrengung.	la	une,le,des	obtiens	la note
J'utilise la calculatrice pour l'examen.	Ich benutze den Taschenrechner für die Prüfung.	la	une,le,des	utilise	la calculatrice
Je consulte le dictionnaire souvent.	Ich schlage oft im Wörterbuch nach.	le	un,la,du	consulte	le dictionnaire
Je tourne la page rapidement.	Ich blättere schnell die Seite um.	la	une,le,des	tourne	la page
Je prépare la présentation avec soin.	Ich bereite die Präsentation sorgfältig vor.	la	une,le,des	prépare	la présentation
Je répète le mot plusieurs fois.	Ich wiederhole das Wort mehrmals.	le	un,la,du	répète	le mot
Je vérifie la traduction deux fois.	Ich überprüfe die Übersetzung zweimal.	la	une,le,des	vérifie	la traduction
Je révise la grammaire avant l'examen.	Ich wiederhole die Grammatik vor der Prüfung.	la	une,le,des	révise	la grammaire
Je commence l'entraînement à seize heures.	Ich beginne das Training um sechzehn Uhr.	l'	le,la,un	commence	l'entraînement
J'encourage le joueur pendant le match.	Ich feuere den Spieler während des Spiels an.	le	un,la,du	encourage	le joueur
J'attends le week-end avec impatience.	Ich freue mich schon auf das Wochenende.	le	un,la,du	attends	le week-end
Je recharge la tablette le soir.	Ich lade das Tablet abends auf.	la	une,le,des	recharge	la tablette
Je porte le casque pour écouter de la musique.	Ich trage den Kopfhörer, um Musik zu hören.	le	un,la,du	porte	le casque
Je note la date sur le calendrier.	Ich notiere das Datum im Kalender.	la	une,le,des	note	la date
Je consulte le calendrier chaque matin.	Ich schaue jeden Morgen in den Kalender.	le	un,la,du	consulte	le calendrier
Je regarde l'horloge de la gare.	Ich schaue auf die Bahnhofsuhr.	l'	le,la,un	regarde	l'horloge
Je fête l'anniversaire avec des amis.	Ich feiere den Geburtstag mit Freunden.	l'	le,la,un	fête	l'anniversaire
Je déteste le lundi un peu.	Ich mag den Montag nicht besonders.	le	un,la,du	déteste	le lundi
Je préfère le mardi au lundi.	Ich mag den Dienstag lieber als den Montag.	le	un,la,du	préfère	le mardi
J'attends le mercredi toute la semaine.	Ich freue mich die ganze Woche auf den Mittwoch.	le	un,la,du	attends	le mercredi
Je choisis le jeudi pour le rendez-vous.	Ich wähle den Donnerstag für den Termin.	le	un,la,du	choisis	le jeudi
J'adore le vendredi par-dessus tout.	Ich liebe den Freitag über alles.	le	un,la,du	adore	le vendredi
Je préfère le samedi au dimanche.	Ich mag den Samstag lieber als den Sonntag.	le	un,la,du	préfère	le samedi
Je déteste le dimanche un peu aussi.	Ich mag den Sonntag auch nicht besonders.	le	un,la,du	déteste	le dimanche
J'ouvre l'armoire pour ranger les vêtements.	Ich öffne den Schrank, um die Kleider zu verstauen.	l'	le,la,un	ouvre	l'armoire
Je range l'étagère avec soin.	Ich räume das Regal sorgfältig auf.	l'	le,la,un	range	l'étagère
Je nettoie le miroir de la salle de bains.	Ich putze den Badezimmerspiegel.	le	un,la,du	nettoie	le miroir
J'ouvre le frigo pour prendre le lait.	Ich öffne den Kühlschrank, um die Milch zu holen.	le	un,la,du	ouvre	le frigo
J'allume le four pour cuire le gâteau.	Ich schalte den Ofen an, um den Kuchen zu backen.	le	un,la,du	allume	le four
Je prends la douche avant de partir.	Ich dusche, bevor ich gehe.	la	une,le,des	prends	la douche
J'accroche la serviette au mur.	Ich hänge das Handtuch an die Wand.	la	une,le,des	accroche	la serviette
Je fais le ménage le samedi.	Ich mache samstags den Haushalt.	le	un,la,du	fais	le ménage
Je connais le voisinage assez bien.	Ich kenne die Nachbarschaft ziemlich gut.	le	un,la,du	connais	le voisinage
J'apprécie le caractère de mon ami.	Ich schätze den Charakter meines Freundes.	le	un,la,du	apprécie	le caractère
Je garde le sourire toute la journée.	Ich behalte den ganzen Tag mein Lächeln.	le	un,la,du	garde	le sourire
Je brosse les cheveux le matin.	Ich bürste morgens die Haare.	les	des,un,de	brosse	les cheveux
J'apprécie l'humour de Paul.	Ich schätze Pauls Humor.	l'	le,la,un	apprécie	l'humour
Je garde l'amitié depuis l'enfance.	Ich pflege die Freundschaft seit der Kindheit.	l'	le,la,un	garde	l'amitié
Je traverse la route rapidement.	Ich überquere schnell die Straße.	la	une,le,des	traverse	la route
J'achète le kilo de pommes.	Ich kaufe ein Kilo Äpfel.	le	un,la,du	achète	le kilo
J'achète le litre de lait.	Ich kaufe den Liter Milch.	le	un,la,du	achète	le litre
J'achète le mètre de tissu bleu.	Ich kaufe den Meter blauen Stoff.	le	un,la,du	achète	le mètre
J'éteins le réveil le matin.	Ich schalte morgens den Wecker aus.	le	un,la,du	éteins	le réveil
Je prends la pause à dix heures.	Ich mache um zehn Uhr Pause.	la	une,le,des	prends	la pause
Je change la routine ce mois-ci.	Ich ändere diesen Monat meine Routine.	la	une,le,des	change	la routine
Je raccourcis le trajet en prenant le bus.	Ich verkürze den Weg, indem ich den Bus nehme.	le	un,la,du	raccourcis	le trajet
Je commence la journée tôt aujourd'hui.	Ich beginne den Tag heute früh.	la	une,le,des	commence	la journée
J'organise la soirée pour son anniversaire.	Ich organisiere die Feier für seinen Geburtstag.	la	une,le,des	organise	la soirée
Je remplis le verre d'eau.	Ich fülle das Glas mit Wasser.	le	un,la,du	remplis	le verre
J'explique la raison de mon absence.	Ich erkläre den Grund meines Fehlens.	la	une,le,des	explique	la raison
Je cherche l'ombre en été.	Ich suche im Sommer den Schatten.	l'	le,la,un	cherche	l'ombre
Je garde le silence pendant l'examen.	Ich bewahre während der Prüfung Ruhe.	le	un,la,du	garde	le silence
Je prête le stylo à bille à ma camarade.	Ich leihe meiner Mitschülerin den Kugelschreiber.	le	un,la,du	prête	le stylo à bille
Je cherche le crayon de couleur rouge.	Ich suche den roten Buntstift.	le	un,la,du	cherche	le crayon de couleur
J'utilise le taille-crayon neuf.	Ich benutze den neuen Anspitzer.	le	un,la,du	utilise	le taille-crayon
J'endors le bébé doucement.	Ich bringe das Baby sanft zum Einschlafen.	le	un,la,du	endors	le bébé
Je prépare le repas de famille pour ce soir.	Ich bereite das Familienessen für heute Abend vor.	le	un,la,du	prépare	le repas de famille
Je présente le meilleur ami à mes parents.	Ich stelle meinen besten Freund meinen Eltern vor.	le	un,la,du	présente	le meilleur ami
J'appelle la meilleure amie chaque soir.	Ich rufe jeden Abend meine beste Freundin an.	la	une,le,des	appelle	la meilleure amie
Je traverse le couloir en courant.	Ich laufe durch den Flur.	le	un,la,du	traverse	le couloir
Je décore la salle à manger pour la fête.	Ich schmücke das Esszimmer für die Feier.	la	une,le,des	décore	la salle à manger
Je coupe le morceau de pain en deux.	Ich schneide das Stück Brot in zwei Teile.	le	un,la,du	coupe	le morceau de pain
J'ajoute le miel dans le thé.	Ich gebe den Honig in den Tee.	le	un,la,du	ajoute	le miel
Je tranche le jambon finement.	Ich schneide den Schinken dünn.	le	un,la,du	tranche	le jambon
Je lave le raisin avant de le servir.	Ich wasche die Weintrauben, bevor ich sie serviere.	le	un,la,du	lave	le raisin
Je coupe la poire en morceaux.	Ich schneide die Birne in Stücke.	la	une,le,des	coupe	la poire
Je remercie le serveur pour l'addition.	Ich bedanke mich beim Kellner wegen der Rechnung.	le	un,la,du	remercie	le serveur
Je remercie la serveuse poliment.	Ich bedanke mich höflich bei der Kellnerin.	la	une,le,des	remercie	la serveuse
Je nettoie le clavier de l'ordinateur.	Ich reinige die Computertastatur.	le	un,la,du	nettoie	le clavier
Je cherche la souris sur la table.	Ich suche die Maus auf dem Tisch.	la	une,le,des	cherche	la souris
J'installe la caméra dans le salon.	Ich installiere die Kamera im Wohnzimmer.	la	une,le,des	installe	la caméra
Je teste le micro avant le concert.	Ich teste das Mikrofon vor dem Konzert.	le	un,la,du	teste	le micro
Je cherche les écouteurs dans mon sac.	Ich suche die Kopfhörer in meiner Tasche.	les	des,un,de	cherche	les écouteurs
Je cache la tristesse derrière un sourire.	Ich verberge die Traurigkeit hinter einem Lächeln.	la	une,le,des	cache	la tristesse
Je plie le genou doucement.	Ich beuge vorsichtig das Knie.	le	un,la,du	plie	le genou
Je masse l'épaule de mon ami.	Ich massiere meinem Freund die Schulter.	l'	le,la,un	masse	l'épaule
Je place le pansement sur la plaie.	Ich lege das Pflaster auf die Wunde.	le	un,la,du	place	le pansement
Je coupe l'herbe du jardin.	Ich mähe das Gras im Garten.	l'	le,la,un	coupe	l'herbe
J'observe l'oiseau dans l'arbre.	Ich beobachte den Vogel im Baum.	l'	le,la,un	observe	l'oiseau
Je nourris la vache chaque matin.	Ich füttere jeden Morgen die Kuh.	la	une,le,des	nourris	la vache
Je compte le mouton avant de dormir.	Ich zähle vor dem Einschlafen Schafe.	le	un,la,du	compte	le mouton
Je traverse le village en voiture.	Ich durchquere das Dorf mit dem Auto.	le	un,la,du	traverse	le village
Je déteste le froid de l'hiver.	Ich hasse die Kälte des Winters.	le	un,la,du	déteste	le froid
Je cache l'envie de partir.	Ich verberge die Lust, wegzugehen.	l'	le,la,un	cache	l'envie
Je note l'adresse sur le papier.	Ich notiere die Adresse auf dem Papier.	l'	le,la,un	note	l'adresse
J'étudie la géographie ce trimestre.	Ich lerne dieses Trimester Geografie.	la	une,le,des	étudie	la géographie
J'attends le mari devant la gare.	Ich warte vor dem Bahnhof auf den Ehemann.	le	un,la,du	attends	le mari
Je partage le plaisir du voyage.	Ich teile die Freude an der Reise.	le	un,la,du	partage	le plaisir
J'écoute le chef attentivement.	Ich höre dem Chef aufmerksam zu.	le	un,la,du	écoute	le chef
Je consulte le docteur ce matin.	Ich gehe heute Morgen zum Arzt.	le	un,la,du	consulte	le docteur
Je consulte la doctoresse de famille.	Ich gehe zur Hausärztin.	la	une,le,des	consulte	la doctoresse
Je promène la chienne chaque soir.	Ich führe jeden Abend die Hündin aus.	la	une,le,des	promène	la chienne
J'attends le garçon devant l'école.	Ich warte vor der Schule auf den Jungen.	le	un,la,du	attends	le garçon
Je regarde le monde changer.	Ich beobachte, wie sich die Welt verändert.	le	un,la,du	regarde	le monde
Je raconte la fois où j'ai gagné.	Ich erzähle von dem Mal, als ich gewonnen habe.	la	une,le,des	raconte	la fois
Je prépare le thé chaud.	Ich mache heißen Tee.	le	un,la,du	prépare	le thé
J'écoute le cœur du patient.	Ich höre das Herz des Patienten ab.	le	un,la,du	écoute	le cœur
Je suis le cours de français.	Ich nehme am Französischunterricht teil.	le	un,la,du	suis	le cours
Je porte le t-shirt gris.	Ich trage das graue T-Shirt.	le	un,la,du	porte	le t-shirt
Je choisis le passe-temps avec soin.	Ich wähle die Freizeitbeschäftigung sorgfältig.	le	un,la,du	choisis	le passe-temps
Je donne la réponse correcte tout de suite.	Ich gebe sofort die richtige Antwort.	la	une,le,des	donne	la réponse correcte
Je corrige la réponse fausse au tableau.	Ich korrigiere die falsche Antwort an der Tafel.	la	une,le,des	corrige	la réponse fausse
J'obtiens la bonne note en maths.	Ich bekomme in Mathe die gute Note.	la	une,le,des	obtiens	la bonne note
J'efface la mauvaise note du carnet.	Ich streiche die schlechte Note aus dem Heft.	la	une,le,des	efface	la mauvaise note
J'attends la pause déjeuner avec impatience.	Ich freue mich schon auf die Mittagspause.	la	une,le,des	attends	la pause déjeuner
Je regarde la photo de famille souvent.	Ich schaue mir oft das Familienfoto an.	la	une,le,des	regarde	la photo de famille
Je ferme la porte d'entrée à clé.	Ich schließe die Eingangstür ab.	la	une,le,des	ferme	la porte d'entrée
Je cherche la clé de la maison dans le sac.	Ich suche den Haustürschlüssel in der Tasche.	la	une,le,des	cherche	la clé de la maison
Je mange le croissant chaud au petit déjeuner.	Ich esse das warme Croissant zum Frühstück.	le	un,la,du	mange	le croissant chaud
J'achète le pain au chocolat à la boulangerie.	Ich kaufe das Schokocroissant beim Bäcker.	le	un,la,du	achète	le pain au chocolat
Je prends le yaourt nature le matin.	Ich esse morgens den Naturjoghurt.	le	un,la,du	prends	le yaourt nature
Je coupe l'œuf dur en deux.	Ich schneide das gekochte Ei in zwei Hälften.	l'	le,la,un	coupe	l'œuf dur
Je bois le jus d'orange au petit déjeuner.	Ich trinke morgens den Orangensaft.	le	un,la,du	bois	le jus d'orange
Je prépare le thé chaud pour tout le monde.	Ich mache für alle heißen Tee.	le	un,la,du	prépare	le thé chaud
Je remplis la bouteille d'eau avant de partir.	Ich fülle die Wasserflasche, bevor ich losgehe.	la	une,le,des	remplis	la bouteille d'eau
Je bois le verre de lait avant de dormir.	Ich trinke vor dem Schlafen das Glas Milch.	le	un,la,du	bois	le verre de lait
Je commande la glace au chocolat en dessert.	Ich bestelle das Schokoladeneis als Nachtisch.	la	une,le,des	commande	la glace au chocolat
Je préfère la glace à la vanille plutôt que le chocolat.	Ich mag das Vanilleeis lieber als Schokolade.	la	une,le,des	préfère	la glace à la vanille
Je prépare la liste de courses avant d'aller au magasin.	Ich schreibe den Einkaufszettel, bevor ich zum Laden gehe.	la	une,le,des	prépare	la liste de courses
Je vérifie le prix total à la caisse.	Ich prüfe an der Kasse den Gesamtpreis.	le	un,la,du	vérifie	le prix total
Je porte le pantalon noir au collège.	Ich trage die schwarze Hose zur Schule.	le	un,la,du	porte	le pantalon noir
Je consulte le plan de la ville sur mon téléphone.	Ich schaue mir den Stadtplan auf dem Handy an.	le	un,la,du	consulte	le plan de la ville
Je cherche la bonne direction sur la carte.	Ich suche auf der Karte die richtige Richtung.	la	une,le,des	cherche	la bonne direction
Je consulte le site web chaque jour.	Ich besuche die Website jeden Tag.	le	un,la,du	consulte	le site web
Je vérifie la connexion internet avant le cours.	Ich prüfe vor dem Unterricht die Internetverbindung.	la	une,le,des	vérifie	la connexion internet
Je regarde la météo du jour sur mon téléphone.	Ich schaue mir das Wetter heute auf dem Handy an.	la	une,le,des	regarde	la météo du jour
J'explique le premier exemple au tableau.	Ich erkläre das erste Beispiel an der Tafel.	le	un,la,du	explique	le premier exemple
Je note le deuxième exemple dans le cahier.	Ich notiere das zweite Beispiel im Heft.	le	un,la,du	note	le deuxième exemple
J'achète le gel douche au supermarché.	Ich kaufe das Duschgel im Supermarkt.	le	un,la,du	achète	le gel douche
Je cherche le stylo rouge dans la trousse.	Ich suche den roten Stift im Mäppchen.	le	un,la,du	cherche	le stylo rouge
Je prête le stylo bleu à mon voisin.	Ich leihe meinem Nachbarn den blauen Stift.	le	un,la,du	prête	le stylo bleu
Je commande le jus de fruits au café.	Ich bestelle im Café den Fruchtsaft.	le	un,la,du	commande	le jus de fruits
Je partage le biscuit au chocolat avec ma sœur.	Ich teile den Schokokeks mit meiner Schwester.	le	un,la,du	partage	le biscuit au chocolat
Je range le cartable près de la porte.	Ich stelle den Schulranzen neben die Tür.	le	un,la,du	range	le cartable
Je cherche la craie dans le tiroir.	Ich suche die Kreide in der Schublade.	la	une,le,des	cherche	la craie
J'attends le camarade devant l'école.	Ich warte vor der Schule auf den Mitschüler.	le	un,la,du	attends	le camarade
J'attends la camarade devant l'école aussi.	Ich warte auch vor der Schule auf die Mitschülerin.	la	une,le,des	attends	la camarade
Je salue la cliente poliment.	Ich grüße die Kundin höflich.	la	une,le,des	salue	la cliente
J'explique le pluriel en classe.	Ich erkläre den Plural im Unterricht.	le	un,la,du	explique	le pluriel
J'utilise le singulier dans cette phrase.	Ich benutze in diesem Satz den Singular.	le	un,la,du	utilise	le singulier
Je reconnais le féminin dans ce mot.	Ich erkenne in diesem Wort das Femininum.	le	un,la,du	reconnais	le féminin
J'identifie le masculin facilement.	Ich erkenne leicht das Maskulinum.	le	un,la,du	identifie	le masculin
Je demande l'addition au serveur.	Ich bitte den Kellner um die Rechnung.	l'	le,la,un	demande	l'addition
J'attends l'instant avec patience.	Ich warte geduldig den Augenblick ab.	l'	le,la,un	attends	l'instant
Je répète le geste lentement.	Ich wiederhole langsam die Geste.	le	un,la,du	répète	le geste
Je cache la peine derrière un sourire.	Ich verberge den Kummer hinter einem Lächeln.	la	une,le,des	cache	la peine
Je règle l'affaire rapidement.	Ich erledige die Angelegenheit schnell.	l'	le,la,un	règle	l'affaire
Je décris l'état avec précision.	Ich beschreibe den Zustand genau.	l'	le,la,un	décris	l'état
Je reconnais le type tout de suite.	Ich erkenne den Typ sofort.	le	un,la,du	reconnais	le type
Je cache la face avec les mains.	Ich verberge das Gesicht mit den Händen.	la	une,le,des	cache	la face
J'appelle la police en cas de problème.	Ich rufe bei Problemen die Polizei.	la	une,le,des	appelle	la police
Je montre le côté gauche.	Ich zeige die linke Seite.	le	un,la,du	montre	le côté
Je longe le bord de la route.	Ich gehe am Straßenrand entlang.	le	un,la,du	longe	le bord
Je range l'arme avec précaution.	Ich lege die Waffe vorsichtig weg.	l'	le,la,un	range	l'arme
Je peins le fond en bleu.	Ich male den Hintergrund blau.	le	un,la,du	peins	le fond
Je donne le sang chaque année.	Ich spende jedes Jahr Blut.	le	un,la,du	donne	le sang
Je mords la lèvre nerveusement.	Ich beiße mir nervös auf die Lippe.	la	une,le,des	mords	la lèvre
J'explique le tour à mes amis.	Ich erkläre meinen Freunden den Trick.	le	un,la,du	explique	le tour
Je connais le mec depuis longtemps.	Ich kenne den Typen schon lange.	le	un,la,du	connais	le mec
Je présente le gars à mes parents.	Ich stelle den Kerl meinen Eltern vor.	le	un,la,du	présente	le gars
Je termine le boulot à dix-huit heures.	Ich beende den Job um achtzehn Uhr.	le	un,la,du	termine	le boulot
Je range le truc dans le tiroir.	Ich lege das Ding in die Schublade.	le	un,la,du	range	le truc
J'étale la confiture de fraises sur le pain.	Ich streiche die Erdbeermarmelade auf das Brot.	la	une,le,des	étale	la confiture de fraises
Je remplis le panier du supermarché rapidement.	Ich fülle schnell den Einkaufskorb.	le	un,la,du	remplis	le panier du supermarché
Je pousse le caddie de courses dans l'allée.	Ich schiebe den Einkaufswagen durch den Gang.	le	un,la,du	pousse	le caddie de courses
Je cherche le rayon boissons au fond du magasin.	Ich suche die Getränkeabteilung hinten im Laden.	le	un,la,du	cherche	le rayon boissons
Je termine le paiement en caisse rapidement.	Ich schließe die Zahlung an der Kasse schnell ab.	le	un,la,du	termine	le paiement en caisse
J'achète la bouteille d'huile au supermarché.	Ich kaufe die Ölflasche im Supermarkt.	la	une,le,des	achète	la bouteille d'huile
Je range la bouteille de vinaigre dans le placard.	Ich stelle die Essigflasche in den Schrank.	la	une,le,des	range	la bouteille de vinaigre
Je remplis la cruche d'eau avant le repas.	Ich fülle die Wasserkaraffe vor dem Essen.	la	une,le,des	remplis	la cruche d'eau
Je mets la veste de pluie avant de sortir.	Ich ziehe die Regenjacke an, bevor ich rausgehe.	la	une,le,des	mets	la veste de pluie
Je cherche la colle en bâton dans la trousse.	Ich suche den Klebestift im Mäppchen.	la	une,le,des	cherche	la colle en bâton
Je range la boîte de feutres sur l'étagère.	Ich stelle die Stiftebox ins Regal.	la	une,le,des	range	la boîte de feutres
Je traverse la porte automatique rapidement.	Ich gehe schnell durch die automatische Tür.	la	une,le,des	traverse	la porte automatique
Je range les chaussures près de la porte.	Ich stelle die Schuhe neben die Tür.	les	des,un,de	range	les chaussures
Je porte les baskets pour courir.	Ich trage die Turnschuhe zum Laufen.	les	des,un,de	porte	les baskets
Je cherche les chaussettes dans le tiroir.	Ich suche die Socken in der Schublade.	les	des,un,de	cherche	les chaussettes
Je mets les gants parce qu'il fait froid.	Ich ziehe die Handschuhe an, weil es kalt ist.	les	des,un,de	mets	les gants
J'achète les chaussures de sport pour le collège.	Ich kaufe die Sportschuhe für die Schule.	les	des,un,de	achète	les chaussures de sport
Je salue les gens poliment.	Ich grüße die Leute höflich.	les	des,un,de	salue	les gens
Je débute l'année scolaire en janvier.	Ich beginne im Januar das Schuljahr.	en	au,le,dans	débute	janvier
Je fête mon anniversaire en février.	Ich feiere im Februar meinen Geburtstag.	en	au,le,dans	fête	février
Je plante les premières fleurs en mars.	Ich pflanze im März die ersten Blumen.	en	au,le,dans	plante	mars
Je range mes affaires d'hiver en avril.	Ich räume im April meine Wintersachen weg.	en	au,le,dans	range	avril
J'organise un voyage scolaire en mai.	Ich organisiere im Mai eine Klassenfahrt.	en	au,le,dans	organise	mai
Je termine l'année scolaire en juin.	Ich beende im Juni das Schuljahr.	en	au,le,dans	termine	juin
Je passe mes vacances à la mer en juillet.	Ich verbringe im Juli meine Ferien am Meer.	en	au,le,dans	passe	juillet
Je visite ma famille en août.	Ich besuche im August meine Familie.	en	au,le,dans	visite	août
Je débute le collège en septembre.	Ich beginne im September mit der Schule.	en	au,le,dans	débute	septembre
Je récolte les pommes du jardin en octobre.	Ich ernte im Oktober die Äpfel aus dem Garten.	en	au,le,dans	récolte	octobre
Je prépare le repas de famille en novembre.	Ich bereite im November das Familienessen vor.	en	au,le,dans	prépare	novembre
Je fête Noël avec ma famille en décembre.	Ich feiere im Dezember Weihnachten mit meiner Familie.	en	au,le,dans	fête	décembre
Je mange avec mes camarades à midi.	Ich esse mittags mit meinen Mitschülern.	à	en,le,vers	mange	midi
Je sais la réponse par cœur.	Ich kenne die Antwort auswendig.	la	une,le,des	savoir	la réponse
Je connais le quartier par cœur.	Ich kenne die Gegend genau.	le	un,la,du	connaître	le quartier
Je commence le travail tout de suite.	Ich beginne sofort mit der Arbeit.	le	un,la,du	commencer	le travail
Je continue la lecture demain.	Ich lese morgen weiter.	la	une,le,des	continuer	la lecture
Je demande l'heure au passant.	Ich frage den Passanten nach der Uhrzeit.	l'	le,la,un	demander	l'heure
J'explique la règle calmement.	Ich erkläre die Regel in Ruhe.	la	une,le,des	expliquer	la règle
Je note le numéro sur mon carnet.	Ich notiere die Nummer in meinem Heft.	le	un,la,du	noter	le numéro
J'adore la musique classique.	Ich liebe klassische Musik.	la	une,le,des	adorer	la musique classique
Je déteste le bruit le matin.	Ich hasse Lärm am Morgen.	le	un,la,du	détester	le bruit
J'oublie le rendez-vous chaque fois.	Ich vergesse jedes Mal den Termin.	le	un,la,du	oublier	le rendez-vous
Je montre la photo à mes amis.	Ich zeige meinen Freunden das Foto.	la	une,le,des	montrer	la photo
Je collectionne la carte postale depuis longtemps.	Ich sammle schon lange Postkarten.	la	une,le,des	collectionner	la carte postale
J'éteins la lumière en sortant.	Ich schalte beim Rausgehen das Licht aus.	la	une,le,des	éteindre	la lumière
J'installe l'application sur mon téléphone.	Ich installiere die App auf meinem Handy.	l'	le,la,un	installer	l'application
Je suis le chemin indiqué.	Ich folge dem angegebenen Weg.	le	un,la,du	suivre	le chemin
J'offre le cadeau à ma mère.	Ich schenke meiner Mutter das Geschenk.	le	un,la,du	offrir	le cadeau
Je rends le livre à la bibliothèque.	Ich gebe das Buch in der Bibliothek zurück.	le	un,la,du	rendre	le livre
J'apporte le dessert pour la fête.	Ich bringe den Nachtisch für die Feier mit.	le	un,la,du	apporter	le dessert
J'ajoute la date sur le document.	Ich füge das Datum in das Dokument ein.	la	une,le,des	ajouter	la date
J'efface l'erreur rapidement.	Ich lösche schnell den Fehler.	l'	le,la,un	effacer	l'erreur
Je cache le cadeau sous le lit.	Ich verstecke das Geschenk unter dem Bett.	le	un,la,du	cacher	le cadeau
Je sauve le fichier avant de fermer.	Ich speichere die Datei, bevor ich schließe.	le	un,la,du	sauver	le fichier
Je regrette la décision maintenant.	Ich bereue jetzt die Entscheidung.	la	une,le,des	regretter	la décision
Je retrouve le chemin facilement.	Ich finde leicht den Weg wieder.	le	un,la,du	retrouver	le chemin
Je passe l'examen en juin.	Ich mache im Juni die Prüfung.	l'	le,la,un	passer	l'examen
J'allie la théorie à la pratique.	Ich verbinde die Theorie mit der Praxis.	la	une,le,des	allier	la théorie
Je bats le record cette année.	Ich breche dieses Jahr den Rekord.	le	un,la,du	battre	le record
J'emmène le chien au parc.	Ich nehme den Hund mit in den Park.	le	un,la,du	emmener	le chien
J'entends la musique du voisin.	Ich höre die Musik vom Nachbarn.	la	une,le,des	entendre	la musique
J'occupe la place libre.	Ich besetze den freien Platz.	la	une,le,des	occuper	la place
Je pince la corde de la guitare.	Ich zupfe die Gitarrensaite.	la	une,le,des	pincer	la corde
Je pousse la porte doucement.	Ich drücke vorsichtig die Tür auf.	la	une,le,des	pousser	la porte
Je quitte la maison à sept heures.	Ich verlasse um sieben Uhr das Haus.	la	une,le,des	quitter	la maison
J'aperçois le bateau au loin.	Ich erblicke in der Ferne das Boot.	le	un,la,du	apercevoir	le bateau
Je crie le nom de mon ami.	Ich rufe laut den Namen meines Freundes.	le	un,la,du	crier	le nom
J'engraisse le cochon avant l'hiver.	Ich mäste das Schwein vor dem Winter.	le	un,la,du	engraisser	le cochon
Je jette le papier à la poubelle.	Ich werfe das Papier in den Mülleimer.	le	un,la,du	jeter	le papier
Je tire la corde de toutes mes forces.	Ich ziehe aus voller Kraft am Seil.	la	une,le,des	tirer	la corde
Je tue le temps avec un jeu.	Ich vertreibe mir die Zeit mit einem Spiel.	le	un,la,du	tuer	le temps
Je pose le sac sur la chaise.	Ich lege die Tasche auf den Stuhl.	le	un,la,du	poser	le sac
Je désole la famille avec cette nouvelle.	Ich betrübe die Familie mit dieser Nachricht.	la	une,le,des	désoler	la famille
Je marie le couple à la mairie.	Ich traue das Paar im Rathaus.	le	un,la,du	marier	le couple
Je traverse le pont à pied.	Ich überquere die Brücke zu Fuß.	le	un,la,du	traverser	le pont
Je compte l'argent avant de partir.	Ich zähle das Geld, bevor ich losgehe.	l'	le,la,un	compter	l'argent
Je goûte le plat avant de servir.	Ich probiere das Gericht, bevor ich serviere.	le	un,la,du	goûter	le plat
Je téléphone à ma sœur chaque soir.	Ich telefoniere jeden Abend mit meiner Schwester.	à	au,en,pour	téléphoner	à ma sœur
Je viens à l'école à pied.	Ich komme zu Fuß zur Schule.	à	dans,sur,avec	venir	venir
Je peux compter sur toi.	Ich kann auf dich zählen.	sur	à,dans,avec	pouvoir	pouvoir
J'arrive à l'heure aujourd'hui.	Ich komme heute pünktlich an.	à	dans,sur,avec	arriver	arriver
Je descends à la prochaine station.	Ich steige an der nächsten Station aus.	à	dans,sur,avec	descendre	descendre
Je dors huit heures dans cette maison.	Ich schlafe acht Stunden lang in diesem Haus.	dans	à,sur,avec	dormir	dormir
Je nage dans la piscine tous les jours.	Ich schwimme jeden Tag im Schwimmbad.	dans	à,sur,avec	nager	nager
Je cours dans le parc le matin.	Ich laufe morgens im Park.	dans	à,sur,avec	courir	courir
Je danse avec mes amis à la fête.	Ich tanze mit meinen Freunden auf der Feier.	avec	à,dans,sur	danser	danser
Je tourne à droite dans cette rue.	Ich biege in dieser Straße rechts ab.	à	dans,sur,avec	tourner	tourner
Je marche dans la forêt le week-end.	Ich gehe am Wochenende im Wald spazieren.	dans	à,sur,avec	marcher	marcher
Je décide avec toi ce week-end.	Ich entscheide mit dir an diesem Wochenende.	avec	à,dans,sur	décider	décider
Je deviens plus patient avec le temps.	Ich werde mit der Zeit geduldiger.	avec	à,dans,sur	devenir	devenir
Je voyage avec toute ma famille.	Ich reise mit meiner ganzen Familie.	avec	à,dans,sur	voyager	voyager
Je respire avec difficulté ce matin.	Ich atme heute Morgen schwer.	avec	à,dans,sur	respirer	respirer
Je semble fatigué à mes amis.	Ich wirke müde auf meine Freunde.	à	dans,sur,avec	sembler	sembler
Je vaux beaucoup pour cette équipe.	Ich bin für dieses Team sehr wertvoll.	pour	à,dans,sur	valoir	valoir
Je souris à tout le monde.	Ich lächle alle an.	à	dans,sur,avec	sourire	sourire
Je plais à mes camarades de classe.	Ich bin bei meinen Mitschülern beliebt.	à	dans,sur,avec	plaire	plaire
Je suffis seul pour cette tâche.	Ich reiche allein für diese Aufgabe aus.	pour	à,dans,sur	suffire	suffire
Je meurs de faim après le sport.	Ich sterbe nach dem Sport vor Hunger.	de	à,dans,sur	mourir	mourir
Je tombe sur la glace en hiver.	Ich stürze im Winter auf dem Eis.	sur	à,dans,avec	tomber	tomber
J'importe le café d'Amérique du Sud.	Ich importiere Kaffee aus Südamerika.	le	un,la,du	importer	le café
J'assieds le bébé sur la chaise en bois.	Ich setze das Baby auf den Holzstuhl.	sur	à,dans,avec	asseoir	asseoir
Je parais plus jeune avec cette coupe.	Ich wirke mit diesem Haarschnitt jünger.	avec	à,dans,sur	paraître	paraître
J'agis avec prudence dans ce cas.	Ich handle in diesem Fall vorsichtig.	avec	à,dans,sur	agir	agir
Je me lève à sept heures.	Ich stehe um sieben Uhr auf.	à	dans,sur,avec	se lever	se lever
Je me couche à vingt-deux heures.	Ich gehe um zweiundzwanzig Uhr ins Bett.	à	dans,sur,avec	se coucher	se coucher
Je me réveille à six heures.	Ich wache um sechs Uhr auf.	à	dans,sur,avec	se réveiller	se réveiller
Je me lave dans la salle de bains.	Ich wasche mich im Badezimmer.	dans	à,sur,avec	se laver	se laver
Je m'habille avec soin le matin.	Ich ziehe mich morgens sorgfältig an.	avec	à,dans,sur	s'habiller	s'habiller
Je me dépêche pour l'école.	Ich beeile mich für die Schule.	pour	à,dans,sur	se dépêcher	se dépêcher
Je me détends avec de la musique.	Ich entspanne mich mit Musik.	avec	à,dans,sur	se détendre	se détendre
Je me brosse les dents avant de dormir.	Ich putze mir vor dem Schlafen die Zähne.	les	des,un,de	se brosser les dents	se brosser les dents
Je me repose avec un bon livre.	Ich erhole mich mit einem guten Buch.	avec	à,dans,sur	se reposer	se reposer
Je me promène dans le parc le dimanche.	Ich gehe sonntags im Park spazieren.	dans	à,sur,avec	se promener	se promener
Je me connecte sur mon ordinateur.	Ich logge mich auf meinem Computer ein.	sur	à,dans,avec	se connecter	se connecter
Je me sens triste après ce film.	Ich fühle mich nach diesem Film traurig.	après	à,dans,sur	se sentir triste	se sentir triste
Je me sens en colère à cause de cette remarque.	Ich bin wegen dieser Bemerkung wütend.	à	dans,sur,avec	se sentir en colère	se sentir en colère
Je m'appelle Léa dans cette histoire.	Ich heiße Léa in dieser Geschichte.	dans	à,sur,avec	s'appeler	s'appeler
Je m'assieds sur le canapé.	Ich setze mich auf das Sofa.	sur	à,dans,avec	s'asseoir	s'asseoir
Je m'entends avec mes voisins.	Ich verstehe mich mit meinen Nachbarn.	avec	à,dans,sur	s'entendre	s'entendre
Je m'offre un bon dessert après le repas.	Ich gönne mir nach dem Essen einen guten Nachtisch.	après	à,dans,sur	s'offrir	s'offrir
Je m'ouvre avec confiance à mes amis.	Ich öffne mich vertrauensvoll meinen Freunden.	à	dans,sur,avec	s'ouvrir	s'ouvrir
Je m'aperçois de mon erreur trop tard.	Ich bemerke meinen Fehler zu spät.	de	à,dans,sur	s'apercevoir	s'apercevoir
Il s'agit d'une histoire pour les enfants.	Es geht um eine Geschichte für Kinder.	pour	à,dans,sur	s'agir	s'agir
Je passe l'après-midi à la piscine.	Ich verbringe den Nachmittag im Schwimmbad.	l'	le,la,un	passe	l'après-midi
Je touche l'oreille avec précaution.	Ich berühre vorsichtig das Ohr.	l'	le,la,un	touche	l'oreille
Je consulte le médecin en urgence.	Ich suche dringend den Arzt auf.	le	un,la,du	consulte	le médecin
Je cherche le téléphone dans mon sac.	Ich suche das Telefon in meiner Tasche.	le	un,la,du	cherche	le téléphone
Je prends l'avion pour Paris.	Ich nehme das Flugzeug nach Paris.	l'	le,la,un	prends	l'avion
J'organise le voyage avec soin.	Ich organisiere die Reise sorgfältig.	le	un,la,du	organise	le voyage
Je réserve l'hôtel pour trois nuits.	Ich buche das Hotel für drei Nächte.	l'	le,la,un	réserve	l'hôtel
Je regarde la carte avant de partir.	Ich schaue mir die Karte an, bevor ich losgehe.	la	une,le,des	regarde	la carte
Je masse le ventre doucement.	Ich massiere vorsichtig den Bauch.	le	un,la,du	masse	le ventre
Je montre la dent cassée au dentiste.	Ich zeige dem Zahnarzt den kaputten Zahn.	la	une,le,des	montre	la dent
J'attends le feu rouge patiemment.	Ich warte geduldig an der roten Ampel.	le	un,la,du	attends	le feu rouge
Je partage la joie avec mes amis.	Ich teile die Freude mit meinen Freunden.	la	une,le,des	partage	la joie
Je corrige la faute tout de suite.	Ich korrigiere sofort den Fehler.	la	une,le,des	corrige	la faute
J'annonce le départ au micro.	Ich kündige die Abfahrt am Mikrofon an.	le	un,la,du	annonce	le départ
J'entraîne la mémoire chaque jour.	Ich trainiere jeden Tag mein Gedächtnis.	la	une,le,des	entraîne	la mémoire
Je termine le ménage de chambre avant midi.	Ich beende das Zimmeraufräumen vor Mittag.	le	un,la,du	termine	le ménage de chambre
Je donne l'exemple au tableau.	Ich gebe das Beispiel an der Tafel.	l'	le,la,un	donne	l'exemple
Je raconte le rêve à ma mère.	Ich erzähle meiner Mutter den Traum.	le	un,la,du	raconte	le rêve
Je cache la honte du mieux possible.	Ich verberge die Scham so gut es geht.	la	une,le,des	cache	la honte
Je reconnais le goût immédiatement.	Ich erkenne sofort den Geschmack.	le	un,la,du	reconnais	le goût
Je plie la feuille de papier en quatre.	Ich falte das Blatt Papier in vier Teile.	la	une,le,des	plie	la feuille de papier
Je retrouve le sommeil après le sport.	Ich finde nach dem Sport wieder Schlaf.	le	un,la,du	retrouve	le sommeil
Je change l'habitude petit à petit.	Ich ändere nach und nach die Gewohnheit.	l'	le,la,un	change	l'habitude
Je cherche la clé de chambre à la réception.	Ich suche den Zimmerschlüssel an der Rezeption.	la	une,le,des	cherche	la clé de chambre
Je raconte l'enfance à mes enfants.	Ich erzähle meinen Kindern von der Kindheit.	l'	le,la,un	raconte	l'enfance
Je remercie le serveur sympa chaleureusement.	Ich danke dem netten Kellner herzlich.	le	un,la,du	remercie	le serveur sympa
Je termine le travail de groupe avant vendredi.	Ich beende die Gruppenarbeit vor Freitag.	le	un,la,du	termine	le travail de groupe
Je prépare le lendemain avec soin.	Ich bereite den nächsten Tag sorgfältig vor.	le	un,la,du	prépare	le lendemain
Je nettoie le tableau blanc après le cours.	Ich putze das Whiteboard nach dem Unterricht.	le	un,la,du	nettoie	le tableau blanc
Je note le mot clé sur ma feuille.	Ich notiere das Schlüsselwort auf meinem Blatt.	le	un,la,du	note	le mot clé
Je traduis la phrase simple sans problème.	Ich übersetze den einfachen Satz ohne Probleme.	la	une,le,des	traduis	la phrase simple
Je nettoie le sol tous les samedis.	Ich putze samstags den Boden.	le	un,la,du	nettoie	le sol
Je remercie la serveuse rapide pour le service.	Ich danke der schnellen Kellnerin für den Service.	la	une,le,des	remercie	la serveuse rapide
Je sens le vent fort sur mon visage.	Ich spüre den starken Wind im Gesicht.	le	un,la,du	sens	le vent fort
J'étudie l'histoire-géographie le jeudi.	Ich lerne donnerstags Geschichte und Erdkunde.	l'	le,la,un	étudie	l'histoire-géographie
Je confirme la présence à mon professeur.	Ich bestätige meinem Lehrer meine Anwesenheit.	la	une,le,des	confirme	la présence
Je programme le réveil matin à six heures.	Ich stelle den Wecker auf sechs Uhr.	le	un,la,du	programme	le réveil matin
Je porte le pull chaud en hiver.	Ich trage im Winter den warmen Pullover.	le	un,la,du	porte	le pull chaud
Je range le sac à dos avant de partir.	Ich packe vor der Abfahrt den Rucksack.	le	un,la,du	range	le sac à dos
Je nettoie la chambre des parents le week-end.	Ich putze am Wochenende das Elternschlafzimmer.	la	une,le,des	nettoie	la chambre des parents
Je choisis le mode clair sur mon téléphone.	Ich wähle auf meinem Handy den hellen Modus.	le	un,la,du	choisis	le mode clair
Je range le bureau de travail avant de sortir.	Ich räume vor dem Rausgehen den Arbeitstisch auf.	le	un,la,du	range	le bureau de travail
Je termine le devoir à rendre avant minuit.	Ich beende die abzugebende Aufgabe vor Mitternacht.	le	un,la,du	termine	le devoir à rendre
J'explique la règle de grammaire calmement.	Ich erkläre die Grammatikregel in Ruhe.	la	une,le,des	explique	la règle de grammaire
Je bois le jus de pomme au petit déjeuner.	Ich trinke morgens Apfelsaft.	le	un,la,du	bois	le jus de pomme
Je prépare le dessert maison pour la fête.	Ich bereite das hausgemachte Dessert für die Feier vor.	le	un,la,du	prépare	le dessert maison
Je préfère le trajet en train à la voiture.	Ich mag die Zugfahrt lieber als das Auto.	le	un,la,du	préfère	le trajet en train
J'évite le trajet en voiture si possible.	Ich vermeide die Autofahrt, wenn möglich.	le	un,la,du	évite	le trajet en voiture
Je réserve la chambre simple pour une nuit.	Ich buche das Einzelzimmer für eine Nacht.	la	une,le,des	réserve	la chambre simple
Je donne la réponse rapide sans hésiter.	Ich gebe ohne zu zögern die schnelle Antwort.	la	une,le,des	donne	la réponse rapide
Je présente le projet de classe devant tout le monde.	Ich stelle das Klassenprojekt vor allen vor.	le	un,la,du	présente	le projet de classe
Je révise la matière difficile tous les soirs.	Ich wiederhole jeden Abend das schwierige Fach.	la	une,le,des	révise	la matière difficile
Je rejoins le groupe de travail après la pause.	Ich schließe mich nach der Pause der Arbeitsgruppe an.	le	un,la,du	rejoins	le groupe de travail
Je garde le jeune enfant avec attention.	Ich beaufsichtige aufmerksam das kleine Kind.	le	un,la,du	garde	le jeune enfant
J'apprécie le temps en famille énormément.	Ich schätze die Familienzeit sehr.	le	un,la,du	apprécie	le temps en famille
Je prends la serviette propre dans l'armoire.	Ich nehme das saubere Handtuch aus dem Schrank.	la	une,le,des	prends	la serviette propre
J'allume la lampe de bureau pour travailler.	Ich schalte die Schreibtischlampe zum Arbeiten ein.	la	une,le,des	allume	la lampe de bureau
Je règle la chaise de bureau à ma taille.	Ich stelle den Schreibtischstuhl auf meine Größe ein.	la	une,le,des	règle	la chaise de bureau
Je place le fauteuil près de la fenêtre.	Ich stelle den Sessel ans Fenster.	le	un,la,du	place	le fauteuil
Je prépare le sandwich au fromage pour le pique-nique.	Ich mache das Käsesandwich für das Picknick.	le	un,la,du	prépare	le sandwich au fromage
Je coupe le sandwich au jambon en deux.	Ich schneide das Schinkensandwich in zwei Hälften.	le	un,la,du	coupe	le sandwich au jambon
Je mange le fromage blanc avec des fruits.	Ich esse den Frischkäsequark mit Obst.	le	un,la,du	mange	le fromage blanc
Je réserve la salle de concert pour la soirée.	Ich buche den Konzertsaal für den Abend.	la	une,le,des	réserve	la salle de concert
Je cherche le chemin le plus court sur la carte.	Ich suche auf der Karte den kürzesten Weg.	le	un,la,du	cherche	le chemin le plus court
J'évite le mauvais côté de la rue.	Ich meide die falsche Straßenseite.	le	un,la,du	évite	le mauvais côté
Je tourne le cou lentement.	Ich drehe langsam den Hals.	le	un,la,du	tourne	le cou
Je prends le chemin de forêt pour rentrer.	Ich nehme den Waldweg, um heimzugehen.	le	un,la,du	prends	le chemin de forêt
Je range la bouteille en verre au frigo.	Ich stelle die Glasflasche in den Kühlschrank.	la	une,le,des	range	la bouteille en verre
Je prépare le cours de français chaque semaine.	Ich bereite jede Woche den Französischunterricht vor.	le	un,la,du	prépare	le cours de français
Je révise le contrôle de français avec soin.	Ich bereite mich sorgfältig auf die Französischarbeit vor.	le	un,la,du	révise	le contrôle de français
Je remercie le professeur de français à la fin.	Ich danke am Ende dem Französischlehrer.	le	un,la,du	remercie	le professeur de français
Je rejoins la salle de français à neuf heures.	Ich gehe um neun Uhr in den Französischraum.	la	une,le,des	rejoins	la salle de français
Je suis le cours de géographie avec intérêt.	Ich verfolge den Erdkundeunterricht mit Interesse.	le	un,la,du	suis	le cours de géographie
Je termine le contrôle de géographie en premier.	Ich beende als Erster die Erdkundearbeit.	le	un,la,du	termine	le contrôle de géographie
Je salue le professeur de géographie en entrant.	Ich grüße beim Reinkommen den Erdkundelehrer.	le	un,la,du	salue	le professeur de géographie
Je quitte la salle de géographie en dernier.	Ich verlasse als Letzter den Erdkunderaum.	la	une,le,des	quitte	la salle de géographie
Je range la table de nuit soigneusement.	Ich räume den Nachttisch sorgfältig auf.	la	une,le,des	range	la table de nuit
Je sers le repas chaud à midi.	Ich serviere mittags die warme Mahlzeit.	le	un,la,du	sers	le repas chaud
Je prépare le goûter de l'après-midi pour les enfants.	Ich bereite den Nachmittagssnack für die Kinder vor.	le	un,la,du	prépare	le goûter de l'après-midi
Je garde la confiance malgré tout.	Ich behalte trotz allem das Vertrauen.	la	une,le,des	garde	la confiance
Je cherche la preuve avant d'accuser.	Ich suche den Beweis, bevor ich beschuldige.	la	une,le,des	cherche	la preuve
Je range le coin de la pièce.	Ich räume die Ecke des Zimmers auf.	le	un,la,du	range	le coin
Je garde la forme grâce au sport.	Ich halte dank Sport meine Form.	la	une,le,des	garde	la forme
Je vide la poche avant de laver.	Ich leere die Tasche, bevor ich wasche.	la	une,le,des	vide	la poche
J'essuie le front avec un mouchoir.	Ich wische mir die Stirn mit einem Taschentuch ab.	le	un,la,du	essuie	le front
Je cherche la paix avant tout.	Ich suche vor allem den Frieden.	la	une,le,des	cherche	la paix
Je porte le sac à main sur l'épaule.	Ich trage die Handtasche über der Schulter.	le	un,la,du	porte	le sac à main
Je regarde le feu orange avec attention.	Ich beobachte aufmerksam die orange Ampel.	le	un,la,du	regarde	le feu orange
Je prépare le retour avec plaisir.	Ich bereite die Rückkehr mit Freude vor.	le	un,la,du	prépare	le retour
Je critique le gouvernement ouvertement.	Ich kritisiere offen die Regierung.	le	un,la,du	critique	le gouvernement
Je consulte l'avocat avant le procès.	Ich konsultiere vor der Verhandlung den Anwalt.	l'	le,la,un	consulte	l'avocat
Je remercie l'avocate après le procès.	Ich danke der Anwältin nach der Verhandlung.	l'	le,la,un	remercie	l'avocate
J'aide la victime tout de suite.	Ich helfe sofort dem Opfer.	la	une,le,des	aide	la victime
Je longe la côte à vélo.	Ich fahre mit dem Rad an der Küste entlang.	la	une,le,des	longe	la côte
Je cache le désir difficilement.	Ich kann den Wunsch kaum verbergen.	le	un,la,du	cache	le désir
J'étudie le siècle en cours d'histoire.	Ich lerne im Geschichtsunterricht über das Jahrhundert.	le	un,la,du	étudie	le siècle
Je range la chemise de nuit sous l'oreiller.	Ich lege das Nachthemd unter das Kissen.	la	une,le,des	range	la chemise de nuit
Je présente le copain à mes parents.	Ich stelle meinen Eltern den Freund vor.	le	un,la,du	présente	le copain
J'appelle la copine tous les soirs.	Ich rufe jeden Abend die Freundin an.	la	une,le,des	appelle	la copine
Je filme le spectacle de rue avec mon téléphone.	Ich filme das Straßenspektakel mit meinem Handy.	le	un,la,du	filme	le spectacle de rue
Je quitte l'hôpital après trois jours.	Ich verlasse nach drei Tagen das Krankenhaus.	l'	le,la,un	quitte	l'hôpital
J'écoute le parent avec respect.	Ich höre dem Elternteil respektvoll zu.	le	un,la,du	écoute	le parent
Je descends l'escalier rapidement.	Ich gehe schnell die Treppe hinunter.	l'	le,la,un	descends	l'escalier
Je protège l'espèce avec la loi.	Ich schütze die Art mit dem Gesetz.	l'	le,la,un	protège	l'espèce
Je masse la poitrine doucement.	Ich massiere vorsichtig die Brust.	la	une,le,des	masse	la poitrine
Je partage l'impression avec mes amis.	Ich teile den Eindruck mit meinen Freunden.	l'	le,la,un	partage	l'impression
Je jette la cigarette par terre.	Ich werfe die Zigarette auf den Boden.	la	une,le,des	jette	la cigarette
Je sens le souffle sur mon visage.	Ich spüre die Brise im Gesicht.	le	un,la,du	sens	le souffle
Je traverse la campagne à pied.	Ich durchquere das Land zu Fuß.	la	une,le,des	traverse	la campagne
Je donne la parole à mon camarade.	Ich gebe meinem Mitschüler das Wort.	la	une,le,des	donne	la parole
J'annonce le début du spectacle.	Ich kündige den Anfang der Vorstellung an.	le	un,la,du	annonce	le début
Je traverse la cour en courant.	Ich laufe über den Hof.	la	une,le,des	traverse	la cour
Je monte le camp près de la rivière.	Ich baue das Lager am Fluss auf.	le	un,la,du	monte	le camp
Je cherche le bonheur chaque jour.	Ich suche jeden Tag das Glück.	le	un,la,du	cherche	le bonheur
Je salue la dame poliment.	Ich grüße die Dame höflich.	la	une,le,des	salue	la dame
Je porte la robe de chambre le matin.	Ich trage morgens den Bademantel.	la	une,le,des	porte	la robe de chambre
Je nourris la chatte chaque matin.	Ich füttere jeden Morgen die Katze.	la	une,le,des	nourris	la chatte
J'ouvre l'armoire à glace avec précaution.	Ich öffne vorsichtig den Spiegelschrank.	l'	le,la,un	ouvre	l'armoire à glace
Je porte le sac banane en vacances.	Ich trage im Urlaub die Bauchtasche.	le	un,la,du	porte	le sac banane
J'ajoute le sucre glace sur le gâteau.	Ich streue den Puderzucker auf den Kuchen.	le	un,la,du	ajoute	le sucre glace
Je range la chaise de jardin avant la pluie.	Ich räume den Gartenstuhl vor dem Regen weg.	la	une,le,des	range	la chaise de jardin
J'observe la tour de contrôle depuis l'avion.	Ich beobachte vom Flugzeug aus den Kontrollturm.	la	une,le,des	observe	la tour de contrôle
Je prends le train de nuit pour Vienne.	Ich nehme den Nachtzug nach Wien.	le	un,la,du	prends	le train de nuit
J'achète le fromage frais au marché.	Ich kaufe den Frischkäse auf dem Markt.	le	un,la,du	achète	le fromage frais
J'installe la table à manger dans la salle.	Ich stelle den Esstisch im Zimmer auf.	la	une,le,des	installe	la table à manger
J'efface le tableau noir avant le cours.	Ich wische die Schreibtafel vor dem Unterricht ab.	le	un,la,du	efface	le tableau noir
Je vérifie le tableau de bord avant de partir.	Ich prüfe vor der Fahrt das Armaturenbrett.	le	un,la,du	vérifie	le tableau de bord
Je récupère l'eau de pluie pour le jardin.	Ich sammle das Regenwasser für den Garten.	l'	le,la,un	récupère	l'eau de pluie
Je nettoie le tapis de souris une fois par mois.	Ich reinige einmal im Monat das Mauspad.	le	un,la,du	nettoie	le tapis de souris
Je mange la glace à l'eau en été.	Ich esse im Sommer Wassereis.	la	une,le,des	mange	la glace à l'eau
J'achète le petit pain tous les matins.	Ich kaufe jeden Morgen ein Brötchen.	le	un,la,du	achète	le petit pain
Je soigne le mal de dos avec du repos.	Ich behandle den Rückenschmerz mit Ruhe.	le	un,la,du	soigne	le mal de dos
Je soigne le mal de tête avec un comprimé.	Ich behandle den Kopfschmerz mit einer Tablette.	le	un,la,du	soigne	le mal de tête
Je trouve le salon de thé au centre-ville.	Ich finde die Teestube in der Innenstadt.	le	un,la,du	trouve	le salon de thé
Je visite l'île en bateau.	Ich besuche die Insel mit dem Boot.	l'	le,la,un	visite	l'île
Je remercie la femme de ménage chaque semaine.	Ich danke der Reinigungskraft jede Woche.	la	une,le,des	remercie	la femme de ménage
Je contacte le chef de projet pour des questions.	Ich kontaktiere den Projektleiter bei Fragen.	le	un,la,du	contacte	le chef de projet
Je remercie la femme de chambre à la fin du séjour.	Ich danke dem Zimmermädchen am Ende des Aufenthalts.	la	une,le,des	remercie	la femme de chambre
Je porte la robe de soirée pour la fête.	Ich trage das Abendkleid für die Feier.	la	une,le,des	porte	la robe de soirée
Je longe le bord de mer au coucher du soleil.	Ich gehe bei Sonnenuntergang an der Meeresküste entlang.	le	un,la,du	longe	le bord de mer
J'allume l'ordinateur de bureau le matin.	Ich schalte morgens den Desktop-Computer ein.	l'	le,la,un	allume	l'ordinateur de bureau
Je cherche le crayon pour les yeux dans ma trousse.	Ich suche den Augenstift in meiner Tasche.	le	un,la,du	cherche	le crayon pour les yeux
Je réserve la classe affaires pour ce voyage.	Ich buche für diese Reise die Business Class.	la	une,le,des	réserve	la classe affaires
Je réserve la salle de spectacle pour samedi.	Ich reserviere den Veranstaltungssaal für Samstag.	la	une,le,des	réserve	la salle de spectacle
J'évite la caméra de télévision avec gêne.	Ich meide verlegen die Fernsehkamera.	la	une,le,des	évite	la caméra de télévision
J'utilise le droit de réponse dans le journal.	Ich nutze in der Zeitung das Gegendarstellungsrecht.	le	un,la,du	utilise	le droit de réponse
Je suis la feuille de route étape par étape.	Ich folge Schritt für Schritt dem Fahrplan.	la	une,le,des	suis	la feuille de route
Je mesure le tour de taille avant d'acheter.	Ich messe vor dem Kauf den Taillenumfang.	le	un,la,du	mesure	le tour de taille
Je quitte la salle de réveil après l'opération.	Ich verlasse nach der Operation den Aufwachraum.	la	une,le,des	quitte	la salle de réveil
Je traverse le grand ensemble à vélo.	Ich fahre mit dem Rad durch die Großwohnsiedlung.	le	un,la,du	traverse	le grand ensemble
Je range le pain de glace dans la glacière.	Ich lege den Kühlakku in die Kühlbox.	le	un,la,du	range	le pain de glace
J'observe la neige de printemps avec surprise.	Ich beobachte überrascht den Frühjahrsschnee.	la	une,le,des	observe	la neige de printemps
Je sens le vent de mer sur la plage.	Ich spüre am Strand den Seewind.	le	un,la,du	sens	le vent de mer
Je commence le tour de table par mon nom.	Ich beginne die Vorstellungsrunde mit meinem Namen.	le	un,la,du	commence	le tour de table
Je reconnais le ton de la voix immédiatement.	Ich erkenne sofort den Tonfall.	le	un,la,du	reconnais	le ton de la voix
Je remarque le ton sec tout de suite.	Ich bemerke sofort den knappen Ton.	le	un,la,du	remarque	le ton sec
Je cherche le mot juste longtemps.	Ich suche lange nach dem passenden Wort.	le	un,la,du	cherche	le mot juste
Je lève le bras droit pour répondre.	Ich hebe zum Antworten den rechten Arm.	le	un,la,du	lève	le bras droit
Je compte la seconde avant de partir.	Ich zähle die Sekunden, bevor ich losgehe.	la	une,le,des	compte	la seconde
J'allume la télé après le dîner.	Ich schalte nach dem Abendessen den Fernseher an.	la	une,le,des	allume	la télé
Je combats le mal de mer avec un médicament.	Ich bekämpfe die Seekrankheit mit einem Medikament.	le	un,la,du	combats	le mal de mer
Je quitte le lieu de travail à dix-huit heures.	Ich verlasse um achtzehn Uhr den Arbeitsplatz.	le	un,la,du	quitte	le lieu de travail
Je goûte l'eau de mer par curiosité.	Ich probiere aus Neugier das Meerwasser.	l'	le,la,un	goûte	l'eau de mer
Je traverse le bras de mer en kayak.	Ich überquere den Meeresarm mit dem Kajak.	le	un,la,du	traverse	le bras de mer
Je termine le devoir à la maison avant le dîner.	Ich beende die Hausaufgabe vor dem Abendessen.	le	un,la,du	termine	le devoir à la maison
J'aiguise le crayon à papier avant l'examen.	Ich spitze den Bleistift vor der Prüfung.	le	un,la,du	aiguise	le crayon à papier
Je prends la feuille simple dans le tiroir.	Ich nehme das einfache Blatt aus der Schublade.	la	une,le,des	prends	la feuille simple
Je porte la veste en jean toute l'année.	Ich trage das ganze Jahr die Jeansjacke.	la	une,le,des	porte	la veste en jean
Je bois le jus de fruit au petit déjeuner.	Ich trinke morgens Fruchtsaft.	le	un,la,du	bois	le jus de fruit
Je salue le capitaine en montant à bord.	Ich grüße beim Einsteigen den Kapitän.	le	un,la,du	salue	le capitaine
J'attends la pause de midi avec impatience.	Ich freue mich schon auf die Mittagspause.	la	une,le,des	attends	la pause de midi
Je termine la journée de travail à dix-sept heures.	Ich beende um siebzehn Uhr den Arbeitstag.	la	une,le,des	termine	la journée de travail
Je commande le menu enfant pour ma sœur.	Ich bestelle für meine Schwester das Kindermenü.	le	un,la,du	commande	le menu enfant
Je termine le travail en groupe avant vendredi.	Ich beende die Gruppenarbeit vor Freitag.	le	un,la,du	termine	le travail en groupe
Je découpe le papier coloré pour la fête.	Ich schneide für die Feier das Buntpapier aus.	le	un,la,du	découpe	le papier coloré
J'achète le légume frais au marché.	Ich kaufe das frische Gemüse auf dem Markt.	le	un,la,du	achète	le légume frais
Je prépare le repas froid pour le pique-nique.	Ich bereite für das Picknick ein kaltes Essen vor.	le	un,la,du	prépare	le repas froid
Je déteste le temps humide en automne.	Ich hasse das feuchte Wetter im Herbst.	le	un,la,du	déteste	le temps humide
Je préfère le temps sec à la pluie.	Ich mag trockenes Wetter lieber als Regen.	le	un,la,du	préfère	le temps sec
J'aide le voisin de classe avec les devoirs.	Ich helfe dem Sitznachbarn bei den Hausaufgaben.	le	un,la,du	aide	le voisin de classe
Je réserve la table de quatre pour ce soir.	Ich reserviere für heute Abend den Vierertisch.	la	une,le,des	réserve	la table de quatre
Je commande la boisson maison au restaurant.	Ich bestelle im Restaurant das Hausgetränk.	la	une,le,des	commande	la boisson maison
Je porte le pantalon en jean avec des baskets.	Ich trage die Jeanshose mit Turnschuhen.	le	un,la,du	porte	le pantalon en jean
Je ferme la porte de chambre doucement.	Ich schließe leise die Zimmertür.	la	une,le,des	ferme	la porte de chambre
Je prépare le lit simple pour l'invité.	Ich richte das Einzelbett für den Gast her.	le	un,la,du	prépare	le lit simple
J'aspire le tapis de salon chaque semaine.	Ich sauge jede Woche den Wohnzimmerteppich.	le	un,la,du	aspire	le tapis de salon
Je nettoie l'étagère de cuisine avant les invités.	Ich putze vor den Gästen das Küchenregal.	l'	le,la,un	nettoie	l'étagère de cuisine
Je photographie le ciel bleu depuis le balcon.	Ich fotografiere vom Balkon aus den blauen Himmel.	le	un,la,du	photographie	le ciel bleu
Je sens le vent froid sur ma peau.	Ich spüre den kalten Wind auf meiner Haut.	le	un,la,du	sens	le vent froid
Je préfère le vent chaud au froid.	Ich mag den warmen Wind lieber als den kalten.	le	un,la,du	préfère	le vent chaud
Je salue le voisin de table au restaurant.	Ich grüße im Restaurant den Tischnachbarn.	le	un,la,du	salue	le voisin de table
Je cache l'envie de sortir ce soir.	Ich verberge heute Abend die Lust auszugehen.	l'	le,la,un	cache	l'envie de sortir
Je prépare le dîner en famille chaque dimanche.	Ich bereite jeden Sonntag das Familienessen vor.	le	un,la,du	prépare	le dîner en famille
J'achète la chaise pour enfant au magasin.	Ich kaufe im Geschäft den Kinderstuhl.	la	une,le,des	achète	la chaise pour enfant
Je remercie le serveur de salle pour le repas.	Ich danke der Servicekraft für das Essen.	le	un,la,du	remercie	le serveur de salle
Je porte le manteau long en hiver.	Ich trage im Winter den langen Mantel.	le	un,la,du	porte	le manteau long
Je cherche la clé de maison dans mon sac.	Ich suche den Hausschlüssel in meiner Tasche.	la	une,le,des	cherche	la clé de maison
Je note le mot gentil sur la carte.	Ich schreibe das freundliche Wort auf die Karte.	le	un,la,du	note	le mot gentil
J'écris le nom de famille en majuscules.	Ich schreibe den Familiennamen in Großbuchstaben.	le	un,la,du	écris	le nom de famille
Je note la question de cours dans mon cahier.	Ich notiere die Unterrichtsfrage in meinem Heft.	la	une,le,des	note	la question de cours
Je déchire la page de cahier par erreur.	Ich reiße aus Versehen die Heftseite heraus.	la	une,le,des	déchire	la page de cahier
Je choisis le jour de la semaine avec soin.	Ich wähle sorgfältig den Wochentag.	le	un,la,du	choisis	le jour de la semaine
Je préfère le mois de janvier au mois de juillet.	Ich mag den Monat Januar lieber als den Juli.	le	un,la,du	préfère	le mois de janvier
J'attends le mois de juillet avec impatience.	Ich freue mich schon auf den Monat Juli.	le	un,la,du	attends	le mois de juillet
Je sors le plat au four avec précaution.	Ich hole vorsichtig das Ofengericht heraus.	le	un,la,du	sors	le plat au four
Je remplis le sac en papier de pommes.	Ich fülle die Papiertüte mit Äpfeln.	le	un,la,du	remplis	le sac en papier
Je peins le mur de la chambre en bleu.	Ich streiche die Zimmerwand blau.	le	un,la,du	peins	le mur de la chambre
Je nettoie la table de cuisine après le repas.	Ich putze nach dem Essen den Küchentisch.	la	une,le,des	nettoie	la table de cuisine
Je répare la chaise de salle à manger ce week-end.	Ich repariere an diesem Wochenende den Esszimmerstuhl.	la	une,le,des	répare	la chaise de salle à manger
J'arrose le petit jardin tous les soirs.	Ich gieße jeden Abend den kleinen Garten.	le	un,la,du	arrose	le petit jardin
Je traverse la rue en face prudemment.	Ich überquere vorsichtig die Straße gegenüber.	la	une,le,des	traverse	la rue en face
Je déteste le temps pluvieux en octobre.	Ich hasse das regnerische Wetter im Oktober.	le	un,la,du	déteste	le temps pluvieux
J'adore le temps ensoleillé en été.	Ich liebe im Sommer sonniges Wetter.	le	un,la,du	adore	le temps ensoleillé
Je supporte le temps nuageux difficilement.	Ich ertrage bewölktes Wetter nur schwer.	le	un,la,du	supporte	le temps nuageux
Je nourris le poisson rouge chaque matin.	Ich füttere jeden Morgen den Goldfisch.	le	un,la,du	nourris	le poisson rouge
Je salue le voisin sympa en sortant.	Ich grüße beim Rausgehen den netten Nachbarn.	le	un,la,du	salue	le voisin sympa
J'apprécie le moment ensemble énormément.	Ich schätze den gemeinsamen Moment sehr.	le	un,la,du	apprécie	le moment ensemble
J'explique l'idée simple en deux minutes.	Ich erkläre die einfache Idee in zwei Minuten.	l'	le,la,un	explique	l'idée simple
Je réduis le temps de travail cette année.	Ich reduziere dieses Jahr die Arbeitszeit.	le	un,la,du	réduis	le temps de travail
Je coupe le pain de table en tranches.	Ich schneide das Brot am Tisch in Scheiben.	le	un,la,du	coupe	le pain de table
Je prépare la présentation rapide en dix minutes.	Ich bereite die kurze Vorstellung in zehn Minuten vor.	la	une,le,des	prépare	la présentation rapide
Je pose la question au professeur sans hésiter.	Ich stelle dem Lehrer ohne zu zögern die Frage.	la	une,le,des	pose	la question au professeur
Je cherche le mot difficile dans le dictionnaire.	Ich suche das schwierige Wort im Wörterbuch.	le	un,la,du	cherche	le mot difficile
Je salue le nouveau voisin chaleureusement.	Ich begrüße den neuen Nachbarn herzlich.	le	un,la,du	salue	le nouveau voisin
Je cherche le trajet rapide sur mon téléphone.	Ich suche auf meinem Handy den schnellen Weg.	le	un,la,du	cherche	le trajet rapide
Je remarque le pas lent tout de suite.	Ich bemerke sofort den langsamen Schritt.	le	un,la,du	remarque	le pas lent
Je bois le verre de jus au petit déjeuner.	Ich trinke morgens das Glas Saft.	le	un,la,du	bois	le verre de jus
Je range la bouteille de lait au frigo.	Ich stelle die Milchflasche in den Kühlschrank.	la	une,le,des	range	la bouteille de lait
Je nettoie le tapis de couloir chaque mois.	Ich reinige jeden Monat den Flurteppich.	le	un,la,du	nettoie	le tapis de couloir
J'achète l'aller simple pour Lyon.	Ich kaufe eine einfache Fahrt nach Lyon.	l'	le,la,un	achète	l'aller simple
J'évite le soleil de midi avec un chapeau.	Ich meide die Mittagssonne mit einem Hut.	le	un,la,du	évite	le soleil de midi
Je préfère le jour de neige au jour de pluie.	Ich mag den Schneetag lieber als den Regentag.	le	un,la,du	préfère	le jour de neige
Je passe le soir de pluie à lire.	Ich verbringe den Regenabend mit Lesen.	le	un,la,du	passe	le soir de pluie
J'organise le tour de ville pour les invités.	Ich organisiere für die Gäste einen Stadtrundgang.	le	un,la,du	organise	le tour de ville
Je range le fond de la salle avant la fête.	Ich räume vor der Feier den hinteren Teil des Raums auf.	le	un,la,du	range	le fond de la salle
J'apprends le tour de main petit à petit.	Ich lerne nach und nach den Handgriff.	le	un,la,du	apprends	le tour de main
Je répète le propos calmement.	Ich wiederhole ruhig die Bemerkung.	le	un,la,du	répète	le propos
Je termine le devoir maison avant le dîner.	Ich beende die Hausarbeit vor dem Abendessen.	le	un,la,du	termine	le devoir maison
Je situe le temps de l'histoire au dix-neuvième siècle.	Ich verorte die Zeit der Geschichte im neunzehnten Jahrhundert.	le	un,la,du	situe	le temps de l'histoire
Je préfère le trajet à pied au bus.	Ich mag den Weg zu Fuß lieber als den Bus.	le	un,la,du	préfère	le trajet à pied
Je rédige le corps de la lettre avec soin.	Ich verfasse sorgfältig den Hauptteil des Schreibens.	le	un,la,du	rédige	le corps de la lettre
J'apprécie l'environnement de travail beaucoup.	Ich schätze das Arbeitsumfeld sehr.	l'	le,la,un	apprécie	l'environnement de travail
Je préfère le temps plein au temps partiel.	Ich mag Vollzeit lieber als Teilzeit.	le	un,la,du	préfère	le temps plein
Je prépare le premier jour de travail avec soin.	Ich bereite den ersten Arbeitstag sorgfältig vor.	le	un,la,du	prépare	le premier jour de travail
Je mentionne le point fort dans ma lettre.	Ich erwähne meine Stärke in meinem Brief.	le	un,la,du	mentionne	le point fort
Je préfère le travail en équipe au travail seul.	Ich mag Teamarbeit lieber als alleine zu arbeiten.	le	un,la,du	préfère	le travail en équipe
Je quitte la salle de pause à midi.	Ich verlasse mittags den Pausenraum.	la	une,le,des	quitte	la salle de pause
Je range l'armoire de bureau chaque vendredi.	Ich räume jeden Freitag den Büroschrank auf.	l'	le,la,un	range	l'armoire de bureau
J'ajoute le pied de page sur chaque page.	Ich füge auf jeder Seite eine Fußzeile ein.	le	un,la,du	ajoute	le pied de page
J'utilise le mot à la mode sans le savoir.	Ich benutze das Modewort, ohne es zu wissen.	le	un,la,du	utilise	le mot à la mode
Je présente le petit ami à ma famille.	Ich stelle meiner Familie den Freund vor.	le	un,la,du	présente	le petit ami
Je chauffe le fer avant de repasser.	Ich erhitze das Eisen, bevor ich bügle.	le	un,la,du	chauffe	le fer
Je porte l'or rarement.	Ich trage selten Gold.	l'	le,la,un	porte	l'or
Je termine l'examen blanc en une heure.	Ich beende die Probeprüfung in einer Stunde.	l'	le,la,un	termine	l'examen blanc
Je respecte la règle de la maison toujours.	Ich halte mich immer an die Hausregel.	la	une,le,des	respecte	la règle de la maison
Je ressens le plaisir de comprendre enfin.	Ich empfinde endlich die Freude am Verstehen.	le	un,la,du	ressens	le plaisir de comprendre
Je partage le plaisir de lire avec ma sœur.	Ich teile die Freude am Lesen mit meiner Schwester.	le	un,la,du	partage	le plaisir de lire
J'organise la classe de neige chaque hiver.	Ich organisiere jeden Winter die Skiklassenfahrt.	la	une,le,des	organise	la classe de neige
Je choisis le fond coloré pour la photo.	Ich wähle für das Foto einen farbigen Grund.	le	un,la,du	choisis	le fond coloré
Je préfère le fond blanc pour le document.	Ich bevorzuge für das Dokument einen weißen Hintergrund.	le	un,la,du	préfère	le fond blanc
Je vérifie la température de l'eau avant de nager.	Ich prüfe vor dem Schwimmen die Wassertemperatur.	la	une,le,des	vérifie	la température de l'eau
J'utilise le bruit blanc pour dormir.	Ich nutze weißes Rauschen zum Einschlafen.	le	un,la,du	utilise	le bruit blanc
Je passe l'examen de contrôle chaque année.	Ich mache jedes Jahr die Kontrolluntersuchung.	l'	le,la,un	passe	l'examen de contrôle
Je traverse la place de village à pied.	Ich überquere zu Fuß den Dorfplatz.	la	une,le,des	traverse	la place de village
J'observe la bête de loin.	Ich beobachte das Tier aus der Ferne.	la	une,le,des	observe	la bête
J'évite le contrôle de police en roulant lentement.	Ich vermeide die Polizeikontrolle, indem ich langsam fahre.	le	un,la,du	évite	le contrôle de police
J'éteins le feu de forêt immédiatement.	Ich lösche sofort das Feuer im Wald.	le	un,la,du	éteins	le feu de forêt
Je visite l'église le dimanche.	Ich besuche sonntags die Kirche.	l'	le,la,un	visite	l'église
Je raconte le premier amour à ma meilleure amie.	Ich erzähle meiner besten Freundin von der ersten Liebe.	le	un,la,du	raconte	le premier amour
Je surmonte la peine de cœur avec le temps.	Ich überwinde mit der Zeit den Liebeskummer.	la	une,le,des	surmonte	la peine de cœur
Je dénonce le meurtre à la police.	Ich zeige den Mord bei der Polizei an.	le	un,la,du	dénonce	le meurtre
Je consulte le cahier de texte chaque soir.	Ich schaue jeden Abend ins Hausaufgabenheft.	le	un,la,du	consulte	le cahier de texte
J'ajoute le gros sel dans l'eau.	Ich gebe das grobe Salz ins Wasser.	le	un,la,du	ajoute	le gros sel
Je porte le casque de bureau pour les appels.	Ich trage für Anrufe das Headset.	le	un,la,du	porte	le casque de bureau
Je remplis la feuille de temps chaque vendredi.	Ich fülle jeden Freitag den Stundenzettel aus.	la	une,le,des	remplis	la feuille de temps
Je prépare le petit déjeuner en famille le dimanche.	Ich bereite sonntags das Familienfrühstück vor.	le	un,la,du	prépare	le petit déjeuner en famille
Je prépare le goûter après l'école pour mes enfants.	Ich bereite für meine Kinder den Snack nach der Schule vor.	le	un,la,du	prépare	le goûter après l'école
J'organise la soirée en famille ce vendredi.	Ich organisiere diesen Freitag den Familienabend.	la	une,le,des	organise	la soirée en famille
Je range la calculatrice collège dans mon sac.	Ich stecke den Taschenrechner in meine Tasche.	la	une,le,des	range	la calculatrice collège
Je range le cahier de français dans le cartable.	Ich lege das Französischheft in den Schulranzen.	le	un,la,du	range	le cahier de français
Je range le cahier de géographie dans le sac.	Ich lege das Geografieheft in die Tasche.	le	un,la,du	range	le cahier de géographie
Je termine l'exercice de grammaire avant le cours.	Ich beende die Grammatikübung vor dem Unterricht.	l'	le,la,un	termine	l'exercice de grammaire
J'attends la journée sans cours avec joie.	Ich freue mich auf den Tag ohne Unterricht.	la	une,le,des	attends	la journée sans cours
Je réserve la table pour deux au restaurant.	Ich reserviere im Restaurant den Tisch für zwei.	la	une,le,des	réserve	la table pour deux
Je prépare la table pour quatre pour la fête.	Ich decke für die Feier den Tisch für vier.	la	une,le,des	prépare	la table pour quatre
Je choisis la table près de la fenêtre toujours.	Ich wähle immer den Tisch am Fenster.	la	une,le,des	choisis	la table près de la fenêtre
Je prends la serviette en papier sur la table.	Ich nehme die Papierserviette vom Tisch.	la	une,le,des	prends	la serviette en papier
Je remplis le verre à eau avant de dormir.	Ich fülle vor dem Schlafen das Wasserglas.	le	un,la,du	remplis	le verre à eau
Je prépare la soupe maison le dimanche.	Ich koche sonntags die hausgemachte Suppe.	la	une,le,des	prépare	la soupe maison
Je mange le sandwich chaud à midi.	Ich esse mittags das warme Sandwich.	le	un,la,du	mange	le sandwich chaud
Je prépare le thé noir le matin.	Ich mache morgens schwarzen Tee.	le	un,la,du	prépare	le thé noir
Je signale l'arme à feu à la police.	Ich melde der Polizei die Schusswaffe.	l'	le,la,un	signale	l'arme à feu
Je remarque la caméra de rue au coin de la rue.	Ich bemerke die Straßenkamera an der Ecke.	la	une,le,des	remarque	la caméra de rue
Je connais le droit au silence par cœur.	Ich kenne das Recht zu schweigen auswendig.	le	un,la,du	connais	le droit au silence
Je monte le lit bébé dans la chambre.	Ich baue das Babybett im Zimmer auf.	le	un,la,du	monte	le lit bébé
Je réserve la chambre côté jardin pour les vacances.	Ich buche für den Urlaub das Zimmer zur Gartenseite.	la	une,le,des	réserve	la chambre côté jardin
J'évite la chambre côté rue si possible.	Ich vermeide, wenn möglich, das Zimmer zur Straßenseite.	la	une,le,des	évite	la chambre côté rue
Je rejoins le groupe pour parents sur internet.	Ich trete im Internet der Gruppe für Eltern bei.	le	un,la,du	rejoins	le groupe pour parents
J'organise le week-end en ville avec des amis.	Ich organisiere mit Freunden das Wochenende in der Stadt.	le	un,la,du	organise	le week-end en ville
J'utilise le bon repas au restaurant.	Ich löse im Restaurant den Essensgutschein ein.	le	un,la,du	utilise	le bon repas
Je porte la chemise en jean avec un pantalon noir.	Ich trage das Jeanshemd mit einer schwarzen Hose.	la	une,le,des	porte	la chemise en jean
J'essaie le jean droit en magasin.	Ich probiere die gerade Jeans im Geschäft an.	le	un,la,du	essaie	le jean droit
J'achète la jupe en jean en solde.	Ich kaufe den Jeansrock im Ausverkauf.	la	une,le,des	achète	la jupe en jean
Je porte la jupe crayon au bureau.	Ich trage den Bleistiftrock im Büro.	la	une,le,des	porte	la jupe crayon
J'essaie la robe chemise avant d'acheter.	Ich probiere das Hemdblusenkleid vor dem Kauf an.	la	une,le,des	essaie	la robe chemise
Je porte la robe pull en automne.	Ich trage im Herbst das Pulloverkleid.	la	une,le,des	porte	la robe pull
J'achète les baskets de ville pour la rentrée.	Ich kaufe zum Schulanfang die Sneaker für die Stadt.	les	des,un,de	achète	les baskets de ville
Je prépare le sac week-end la veille.	Ich packe die Wochenendtasche am Vorabend.	le	un,la,du	prépare	le sac week-end
J'applique le lait pour le corps après la douche.	Ich creme mich nach dem Duschen mit der Bodylotion ein.	le	un,la,du	applique	le lait pour le corps
J'utilise le mode histoire sur mon téléphone.	Ich nutze auf meinem Handy den Story-Modus.	le	un,la,du	utilise	le mode histoire
Je range le sac photo avec précaution.	Ich verstaue vorsichtig die Kameratasche.	le	un,la,du	range	le sac photo
Je choisis le fond photo avant de poser.	Ich wähle vor dem Fotoshooting den Fotohintergrund.	le	un,la,du	choisis	le fond photo
Je commande le livre photo pour Noël.	Ich bestelle das Fotobuch für Weihnachten.	le	un,la,du	commande	le livre photo
Je remplis la feuille de match avant le début.	Ich fülle vor dem Anpfiff den Spielbogen aus.	la	une,le,des	remplis	la feuille de match
J'achète le manteau pour chien en hiver.	Ich kaufe im Winter den Hundemantel.	le	un,la,du	achète	le manteau pour chien
J'estime le temps de trajet avant de partir.	Ich schätze vor der Abfahrt die Fahrtzeit.	le	un,la,du	estime	le temps de trajet
J'attends l'heure de déjeuner avec impatience.	Ich freue mich schon auf die Mittagszeit.	l'	le,la,un	attends	l'heure de déjeuner
Je règle l'heure de réveil sur mon téléphone.	Ich stelle auf meinem Handy die Aufstehzeit ein.	l'	le,la,un	règle	l'heure de réveil
Je décris la semaine type à mon nouveau collègue.	Ich beschreibe meinem neuen Kollegen die typische Woche.	la	une,le,des	décris	la semaine type
Je prépare la feuille de route de la semaine le dimanche soir.	Ich bereite sonntagabends den Wochenfahrplan vor.	la	une,le,des	prépare	la feuille de route de la semaine
J'attends le long week-end toute la semaine.	Ich freue mich die ganze Woche auf das verlängerte Wochenende.	le	un,la,du	attends	le long week-end
Je visite le pays voisin en été.	Ich besuche im Sommer das Nachbarland.	le	un,la,du	visite	le pays voisin
Je préfère le beurre sale au beurre doux.	Ich mag die Salzbutter lieber als die normale Butter.	le	un,la,du	préfère	le beurre sale
J'achète le jambon blanc chez le boucher.	Ich kaufe den Kochschinken beim Metzger.	le	un,la,du	achète	le jambon blanc
Je choisis le fruit mûr avec soin.	Ich wähle sorgfältig die reife Frucht.	le	un,la,du	choisis	le fruit mûr
Je porte le pantalon large au collège.	Ich trage die weite Hose zur Schule.	le	un,la,du	porte	le pantalon large
Je termine le mois en cours sans stress.	Ich beende ohne Stress den laufenden Monat.	le	un,la,du	termine	le mois en cours
Je découvre le thé blanc avec plaisir.	Ich entdecke mit Freude den weißen Tee.	le	un,la,du	découvre	le thé blanc
Je commande le verre de blanc sec avec le repas.	Ich bestelle zum Essen das Glas trockenen Weißwein.	le	un,la,du	commande	le verre de blanc sec
J'attends la pause thé avec impatience.	Ich freue mich schon auf die Teepause.	la	une,le,des	attends	la pause thé
J'évite le travail de nuit si possible.	Ich vermeide, wenn möglich, Nachtarbeit.	le	un,la,du	évite	le travail de nuit
Je mange le petit pain chaud tout de suite.	Ich esse das warme Brötchen sofort.	le	un,la,du	mange	le petit pain chaud
Je commande le sandwich au poulet pour le déjeuner.	Ich bestelle das Hähnchensandwich zum Mittagessen.	le	un,la,du	commande	le sandwich au poulet
Je prépare le riz au lait pour le dessert.	Ich mache Milchreis als Nachtisch.	le	un,la,du	prépare	le riz au lait
Je regarde le lever de soleil depuis la plage.	Ich beobachte den Sonnenaufgang vom Strand aus.	le	un,la,du	regarde	le lever de soleil
J'apprécie la pause dans la nature énormément.	Ich schätze die Pause in der Natur sehr.	la	une,le,des	apprécie	la pause dans la nature
J'organise la journée sans voiture chaque mois.	Ich organisiere jeden Monat den autofreien Tag.	la	une,le,des	organise	la journée sans voiture
Je vérifie la lumière avant du vélo.	Ich prüfe das Vorderlicht des Fahrrads.	la	une,le,des	vérifie	la lumière avant
J'accepte le cadeau avec joie.	Ich nehme das Geschenk mit Freude an.	le	un,la,du	accepter	accepter
Je refuse l'invitation poliment.	Ich lehne die Einladung höflich ab.	l'	le,la,un	refuser	refuser
Je promets le silence total.	Ich verspreche völliges Schweigen.	le	un,la,du	promettre	promettre
Je remercie le public chaleureusement.	Ich danke dem Publikum herzlich.	le	un,la,du	remercier	remercier
Je relève la phrase importante.	Ich hebe den wichtigen Satz hervor.	la	une,le,des	relever	relever
J'observe le ciel toute la nuit.	Ich beobachte die ganze Nacht den Himmel.	le	un,la,du	observer	observer
J'entoure le mot au feutre.	Ich kreise das Wort mit dem Filzstift ein.	le	un,la,du	entourer	entourer
Je remarque la différence immédiatement.	Ich bemerke sofort den Unterschied.	la	une,le,des	remarquer	remarquer
J'atteins le sommet avant midi.	Ich erreiche den Gipfel vor Mittag.	le	un,la,du	atteindre	atteindre
Je lance le projet demain.	Ich starte morgen das Projekt.	le	un,la,du	lancer	lancer
J'assure la sécurité du groupe.	Ich sorge für die Sicherheit der Gruppe.	la	une,le,des	assurer	assurer
J'entraîne l'équipe chaque samedi.	Ich trainiere jeden Samstag die Mannschaft.	l'	le,la,un	entraîner	entraîner
Je dégage le message principal.	Ich arbeite die Hauptbotschaft heraus.	le	un,la,du	dégager	dégager
J'annonce la nouvelle avec joie.	Ich verkünde die Neuigkeit mit Freude.	la	une,le,des	annoncer	annoncer
J'accompagne le groupe jusqu'à la gare.	Ich begleite die Gruppe bis zum Bahnhof.	le	un,la,du	accompagner	accompagner
Je blesse la main en tombant.	Ich verletze mir beim Fallen die Hand.	la	une,le,des	blesser	blesser
Je pardonne l'erreur facilement.	Ich verzeihe den Fehler leicht.	l'	le,la,un	pardonner	pardonner
J'élève la voix un peu.	Ich hebe leicht die Stimme.	la	une,le,des	élever	élever
Je crains le pire pour demain.	Ich fürchte das Schlimmste für morgen.	le	un,la,du	craindre	craindre
J'arrange le problème rapidement.	Ich regle das Problem schnell.	le	un,la,du	arranger	arranger
J'ignore la remarque complètement.	Ich ignoriere die Bemerkung völlig.	la	une,le,des	ignorer	ignorer
Je marque la date sur le calendrier.	Ich markiere das Datum im Kalender.	la	une,le,des	marquer	marquer
Je risque le tout pour réussir.	Ich riskiere alles, um Erfolg zu haben.	le	un,la,du	risquer	risquer
Je sépare le groupe en deux.	Ich teile die Gruppe in zwei.	le	un,la,du	séparer	séparer
J'amuse le public avec des blagues.	Ich unterhalte das Publikum mit Witzen.	le	un,la,du	amuser	amuser
J'arrache la page par erreur.	Ich reiße aus Versehen die Seite heraus.	la	une,le,des	arracher	arracher
J'attrape le ballon au vol.	Ich fange den Ball im Flug.	le	un,la,du	attraper	attraper
Je baisse le volume la nuit.	Ich stelle nachts die Lautstärke leiser.	le	un,la,du	baisser	baisser
Je calme l'enfant doucement.	Ich beruhige das Kind sanft.	l'	le,la,un	calmer	calmer
Je casse le verre par accident.	Ich zerbreche aus Versehen das Glas.	le	un,la,du	casser	casser
Je couvre la table d'une nappe.	Ich decke den Tisch mit einer Tischdecke ab.	la	une,le,des	couvrir	couvrir
Je détruis le document par erreur.	Ich zerstöre aus Versehen das Dokument.	le	un,la,du	détruire	détruire
J'enfonce la porte avec effort.	Ich stoße mit Kraft die Tür auf.	la	une,le,des	enfoncer	enfoncer
J'enlève le manteau en entrant.	Ich ziehe beim Reinkommen den Mantel aus.	le	un,la,du	enlever	enlever
Je frappe la porte doucement.	Ich klopfe sanft an die Tür.	la	une,le,des	frapper	frapper
J'oblige le groupe à rester.	Ich zwinge die Gruppe zu bleiben.	le	un,la,du	obliger	obliger
Je soulève la question en réunion.	Ich bringe die Frage in der Besprechung zur Sprache.	la	une,le,des	soulever	soulever
Je trompe le public sans le vouloir.	Ich täusche ungewollt das Publikum.	le	un,la,du	tromper	tromper
J'éloigne le danger du groupe.	Ich halte die Gefahr von der Gruppe fern.	le	un,la,du	éloigner	éloigner
J'abandonne le projet à regret.	Ich gebe das Projekt widerwillig auf.	le	un,la,du	abandonner	abandonner
J'ajoute le sucre à la farine.	Ich vermenge den Zucker mit dem Mehl.	le	un,la,du	mêler	mêler
Je tais le secret par respect.	Ich verschweige aus Respekt das Geheimnis.	le	un,la,du	taire	taire
Je dérange le voisin sans le vouloir.	Ich störe ungewollt den Nachbarn.	le	un,la,du	déranger	déranger
Je murmure la réponse à voix basse.	Ich flüstere die Antwort leise.	la	une,le,des	murmurer	murmurer
J'appuie le bouton rouge.	Ich drücke den roten Knopf.	le	un,la,du	appuyer	appuyer
J'existe depuis toujours.	Ich existiere schon immer.	depuis	à,dans,sur	exister	exister
Je réussis à l'examen final.	Ich bestehe die Abschlussprüfung.	à	dans,sur,avec	réussir	réussir
Je rêve de voyager loin.	Ich träume davon, weit zu reisen.	de	à,dans,sur	rêver	rêver
Je mens à mes parents.	Ich belüge meine Eltern.	à	dans,sur,avec	mentir	mentir
J'apparais à la porte soudainement.	Ich erscheine plötzlich an der Tür.	à	dans,sur,avec	apparaître	apparaître
J'avance avec prudence sur la glace.	Ich gehe vorsichtig auf dem Eis voran.	avec	à,dans,sur	avancer	avancer
J'éclate de rire devant tout le monde.	Ich breche vor allen in Lachen aus.	de	à,dans,sur	éclater	éclater
Je cesse de pleuvoir enfin.	Es hört endlich auf zu regnen.	de	à,dans,sur	cesser	cesser
Je coule immédiatement dans l'eau froide.	Ich sinke sofort im kalten Wasser.	dans	à,sur,avec	couler	couler
Je demeure dans cette ville depuis dix ans.	Ich wohne seit zehn Jahren in dieser Stadt.	dans	à,sur,avec	demeurer	demeurer
Je dépêche un messager vers le village voisin.	Ich entsende einen Boten ins Nachbardorf.	vers	à,dans,sur	dépêcher	dépêcher
Je parviens à mes objectifs cette année.	Ich erreiche dieses Jahr meine Ziele.	à	dans,sur,avec	parvenir	parvenir
Je remonte vers le sommet lentement.	Ich steige langsam wieder zum Gipfel hinauf.	vers	à,dans,sur	remonter	remonter
Je roule sur une route de campagne.	Ich fahre auf einer Landstraße.	sur	à,dans,avec	rouler	rouler
Je songe à mon avenir souvent.	Ich denke oft an meine Zukunft.	à	dans,sur,avec	songer	songer
J'échappe à un grand danger.	Ich entgehe einer großen Gefahr.	à	dans,sur,avec	échapper	échapper
J'hésite avant de répondre.	Ich zögere, bevor ich antworte.	avant	à,dans,sur	hésiter	hésiter
Je réfléchis à la question avant de répondre.	Ich denke über die Frage nach, bevor ich antworte.	à	dans,sur,avec	réfléchir	réfléchir
Je saute dans la piscine avec joie.	Ich springe fröhlich ins Schwimmbad.	dans	à,sur,avec	sauter	sauter
Je me sens à l'aise ici.	Ich fühle mich hier wohl.	à	dans,sur,avec	se sentir	se sentir
Je m'entraîne avec mon équipe.	Ich trainiere mit meiner Mannschaft.	avec	à,dans,sur	s'entraîner	s'entraîner
Je me prépare pour l'examen.	Ich bereite mich auf die Prüfung vor.	pour	à,dans,sur	se préparer	se préparer
Je m'installe dans ma nouvelle chambre.	Ich richte mich in meinem neuen Zimmer ein.	dans	à,sur,avec	s'installer	s'installer
Je me perds dans la vieille ville.	Ich verlaufe mich in der Altstadt.	dans	à,sur,avec	se perdre	se perdre
Je me sens mieux après le repas.	Ich fühle mich nach dem Essen besser.	après	à,dans,sur	se sentir mieux	se sentir mieux
Je m'élève au-dessus de la foule.	Ich erhebe mich über die Menge.	au-dessus	à,dans,sur	s'élever	s'élever
Je m'échappe par la fenêtre.	Ich entkomme durch das Fenster.	par	à,dans,sur	s'échapper	s'échapper
Je m'éclate avec mes amis.	Ich habe riesigen Spaß mit meinen Freunden.	avec	à,dans,sur	s'éclater	s'éclater
Je m'intéresse à la musique classique.	Ich interessiere mich für klassische Musik.	à	dans,sur,avec	s'intéresser	s'intéresser
Je cherche la gare avant le départ.	Ich suche den Bahnhof vor der Abfahrt.	la	une,le,des	cherche	la gare
Je quitte le cinéma après le film.	Ich verlasse das Kino nach dem Film.	le	un,la,du	quitte	le cinéma
J'attends les vacances avec impatience.	Ich freue mich schon auf die Ferien.	les	des,un,de	attends	les vacances
Je cherche le taxi depuis l'hôtel.	Ich suche das Taxi vom Hotel aus.	le	un,la,du	cherche	le taxi
Je cherche la caisse du supermarché.	Ich suche die Kasse des Supermarkts.	la	une,le,des	cherche	la caisse
Je ferme la boutique à dix-neuf heures.	Ich schließe das Geschäft um neunzehn Uhr.	la	une,le,des	ferme	la boutique
Je range le rayon avant la fermeture.	Ich räume die Abteilung vor Ladenschluss auf.	le	un,la,du	range	le rayon
Je soigne la gorge avec du miel.	Ich behandle den Hals mit Honig.	la	une,le,des	soigne	la gorge
Je traverse le trottoir prudemment.	Ich überquere vorsichtig den Bürgersteig.	le	un,la,du	traverse	le trottoir
Je quitte la banque avant midi.	Ich verlasse die Bank vor Mittag.	la	une,le,des	quitte	la banque
Je trouve la poste au centre-ville.	Ich finde die Post in der Innenstadt.	la	une,le,des	trouve	la poste
Je cherche l'arrêt du bus.	Ich suche die Haltestelle des Busses.	l'	le,la,un	cherche	l'arrêt
Je termine la recherche avant le week-end.	Ich beende die Recherche vor dem Wochenende.	la	une,le,des	termine	la recherche
Je range le couteau dans le tiroir.	Ich lege das Messer in die Schublade.	le	un,la,du	range	le couteau
Je lave l'assiette après le repas.	Ich spüle den Teller nach dem Essen.	l'	le,la,un	lave	l'assiette
Je suis le conseil de ma sœur.	Ich folge dem Rat meiner Schwester.	le	un,la,du	suis	le conseil
J'évalue le niveau au début du cours.	Ich bewerte das Niveau am Kursbeginn.	le	un,la,du	évalue	le niveau
Je révise la leçon avant l'examen.	Ich wiederhole die Lektion vor der Prüfung.	la	une,le,des	révise	la leçon
Je reconnais l'accent tout de suite.	Ich erkenne den Akzent sofort.	l'	le,la,un	reconnais	l'accent
Je découvre le mensonge trop tard.	Ich entdecke die Lüge zu spät.	le	un,la,du	découvre	le mensonge
Je cherche le quai numéro trois.	Ich suche den Bahnsteig Nummer drei.	le	un,la,du	cherche	le quai
Je range la couverture dans l'armoire.	Ich lege die Decke in den Schrank.	la	une,le,des	range	la couverture
J'ouvre le dossier sur mon bureau.	Ich öffne den Ordner auf meinem Schreibtisch.	le	un,la,du	ouvre	le dossier
Je complète la liste avant de partir.	Ich vervollständige die Liste vor der Abfahrt.	la	une,le,des	complète	la liste
Je cherche l'expression dans le dictionnaire.	Ich suche den Ausdruck im Wörterbuch.	l'	le,la,un	cherche	l'expression
Je réserve le siège côté fenêtre.	Ich reserviere den Sitzplatz am Fenster.	le	un,la,du	réserve	le siège
Je prépare la veille tout mon sac.	Ich packe am Vortag meine ganze Tasche.	la	une,le,des	prépare	la veille
J'enlève la poussière des étagères.	Ich entferne den Staub von den Regalen.	la	une,le,des	enlève	la poussière
Je ferme le rideau avant de dormir.	Ich schließe den Vorhang vor dem Schlafen.	le	un,la,du	ferme	le rideau
Je remercie la directrice pour son aide.	Ich danke der Schulleiterin für ihre Hilfe.	la	une,le,des	remercie	la directrice
J'informe le directeur du problème.	Ich informiere den Schulleiter über das Problem.	le	un,la,du	informe	le directeur
J'étudie l'anglais depuis six ans.	Ich lerne seit sechs Jahren Englisch.	l'	le,la,un	étudie	l'anglais
J'apprends l'allemand avec plaisir.	Ich lerne mit Freude Deutsch.	l'	le,la,un	apprends	l'allemand
J'explique l'absence au professeur.	Ich erkläre dem Lehrer die Abwesenheit.	l'	le,la,un	explique	l'absence
J'organise la fête de famille chaque été.	Ich organisiere jeden Sommer das Familienfest.	la	une,le,des	organise	la fête de famille
Je range la cave le week-end.	Ich räume am Wochenende den Keller auf.	la	une,le,des	range	la cave
Je nettoie la terrasse avant les invités.	Ich reinige die Terrasse vor den Gästen.	la	une,le,des	nettoie	la terrasse
Je passe le contrôle de sécurité sans problème.	Ich komme problemlos durch die Sicherheitskontrolle.	le	un,la,du	passe	le contrôle de sécurité
J'attends le feu vert pour traverser.	Ich warte auf die grüne Ampel, um zu überqueren.	le	un,la,du	attends	le feu vert
Je trouve le courage au dernier moment.	Ich finde im letzten Moment den Mut.	le	un,la,du	trouve	le courage
Je change le drap chaque semaine.	Ich wechsle jede Woche das Bettlaken.	le	un,la,du	change	le drap
Je retrouve la joie de vivre en vacances.	Ich finde im Urlaub die Lebensfreude wieder.	la	une,le,des	retrouve	la joie de vivre
J'invite le copain de classe à mon anniversaire.	Ich lade den Klassenkameraden zu meinem Geburtstag ein.	le	un,la,du	invite	le copain de classe
J'aide la copine de classe avec les devoirs.	Ich helfe der Klassenkameradin bei den Hausaufgaben.	la	une,le,des	aide	la copine de classe
J'offre la carte cadeau pour son anniversaire.	Ich schenke ihr den Geschenkgutschein zum Geburtstag.	la	une,le,des	offre	la carte cadeau
Je découvre le jeu en ligne grâce à un ami.	Ich entdecke das Onlinespiel dank eines Freundes.	le	un,la,du	découvre	le jeu en ligne
Je combats l'ennui avec un bon livre.	Ich bekämpfe die Langeweile mit einem guten Buch.	l'	le,la,un	combats	l'ennui
Je termine le cours de musique à quatre heures.	Ich beende den Musikunterricht um vier Uhr.	le	un,la,du	termine	le cours de musique
Je prépare la boîte à déjeuner le matin.	Ich packe morgens die Brotdose.	la	une,le,des	prépare	la boîte à déjeuner
Je peins le plafond en blanc.	Ich streiche die Decke weiß.	le	un,la,du	peins	le plafond
Je gravis la colline lentement.	Ich besteige langsam den Hügel.	la	une,le,des	gravis	la colline
Je cache l'inquiétude devant mes parents.	Ich verberge die Sorge vor meinen Eltern.	l'	le,la,un	cache	l'inquiétude
J'explique la différence clairement.	Ich erkläre den Unterschied klar.	la	une,le,des	explique	la différence
J'affronte la difficulté avec calme.	Ich begegne der Schwierigkeit mit Ruhe.	la	une,le,des	affronte	la difficulté
J'accepte la condition sans discuter.	Ich akzeptiere die Bedingung ohne zu diskutieren.	la	une,le,des	accepte	la condition
Je critique la société ouvertement.	Ich kritisiere die Gesellschaft offen.	la	une,le,des	critique	la société
Je réduis la vitesse en ville.	Ich reduziere in der Stadt die Geschwindigkeit.	la	une,le,des	réduis	la vitesse
Je mesure la distance avec précision.	Ich messe die Entfernung genau.	la	une,le,des	mesure	la distance
Je respecte le principe toujours.	Ich halte mich immer an das Prinzip.	le	un,la,du	respecte	le principe
J'explore le domaine avec curiosité.	Ich erkunde das Gebiet mit Neugier.	le	un,la,du	explore	le domaine
J'explique l'usage de cet outil.	Ich erkläre den Gebrauch dieses Werkzeugs.	l'	le,la,un	explique	l'usage
Je change l'attitude complètement.	Ich ändere die Haltung völlig.	l'	le,la,un	change	l'attitude
Je perds la conscience un instant.	Ich verliere kurz das Bewusstsein.	la	une,le,des	perds	la conscience
J'approfondis la connaissance chaque jour.	Ich vertiefe jeden Tag die Kenntnis.	la	une,le,des	approfondis	la connaissance
Je mérite le respect de tous.	Ich verdiene den Respekt von allen.	le	un,la,du	mérite	le respect
J'ajoute la colonne au tableau.	Ich füge der Tabelle eine Spalte hinzu.	la	une,le,des	ajoute	la colonne
J'accepte la réalité difficilement.	Ich akzeptiere die Realität nur schwer.	la	une,le,des	accepte	la réalité
J'annonce l'intention clairement.	Ich kündige die Absicht klar an.	l'	le,la,un	annonce	l'intention
Je montre la tendresse à mon petit frère.	Ich zeige meinem kleinen Bruder Zuneigung.	la	une,le,des	montre	la tendresse
Je demande la justice haut et fort.	Ich fordere laut Gerechtigkeit.	la	une,le,des	demande	la justice
Je condamne la violence fermement.	Ich verurteile die Gewalt entschieden.	la	une,le,des	condamne	la violence
J'observe l'horizon depuis la plage.	Ich beobachte den Horizont vom Strand aus.	l'	le,la,un	observe	l'horizon
Je termine le roman en une semaine.	Ich beende den Roman in einer Woche.	le	un,la,du	termine	le roman
Je trempe la plume dans l'encre.	Ich tauche die Feder in die Tinte.	la	une,le,des	trempe	la plume
Je découvre le théâtre à quinze ans.	Ich entdecke mit fünfzehn das Theater.	le	un,la,du	découvre	le théâtre
J'achète la soie au marché.	Ich kaufe die Seide auf dem Markt.	la	une,le,des	achète	la soie
Je boutonne le col jusqu'en haut.	Ich knöpfe den Kragen bis oben zu.	le	un,la,du	boutonne	le col
Je remonte la manche avant de travailler.	Ich krempele vor der Arbeit den Ärmel hoch.	la	une,le,des	remonte	la manche
Je casse le talon en courant.	Ich breche mir beim Laufen den Absatz.	le	un,la,du	casse	le talon
Je reconnais la silhouette de loin.	Ich erkenne die Silhouette von Weitem.	la	une,le,des	reconnais	la silhouette
Je prépare le décor avant le spectacle.	Ich richte vor der Vorstellung das Bühnenbild her.	le	un,la,du	prépare	le décor
Je blesse l'aile en tombant.	Ich verletze mir beim Fallen den Flügel.	l'	le,la,un	blesse	l'aile
Je soigne la patte du chien.	Ich behandle die Pfote des Hundes.	la	une,le,des	soigne	la patte
Je descends la pente prudemment à ski.	Ich fahre vorsichtig den Hang mit Ski hinunter.	la	une,le,des	descends	la pente
J'annonce la naissance à toute la famille.	Ich verkünde der ganzen Familie die Geburt.	la	une,le,des	annonce	la naissance
Je présente le fiancé à mes parents.	Ich stelle meinen Eltern den Verlobten vor.	le	un,la,du	présente	le fiancé
Je présente la fiancée à mes collègues.	Ich stelle meinen Kollegen die Verlobte vor.	la	une,le,des	présente	la fiancée
J'apporte le soin aux blessés.	Ich leiste den Verletzten Pflege.	le	un,la,du	apporte	le soin
Je signale l'urgence à l'hôpital.	Ich melde dem Krankenhaus den Notfall.	l'	le,la,un	signale	l'urgence
Je cherche le plan de ville au kiosque.	Ich suche den Stadtplan am Kiosk.	le	un,la,du	cherche	le plan de ville
Je réclame le secours immédiatement.	Ich fordere sofort Hilfe an.	le	un,la,du	réclame	le secours
Je cogne le coude contre la table.	Ich stoße mir den Ellenbogen am Tisch.	le	un,la,du	cogne	le coude
Je porte l'uniforme à l'école.	Ich trage in der Schule die Uniform.	l'	le,la,un	porte	l'uniforme
Je rase la moustache avant l'entretien.	Ich rasiere vor dem Termin den Schnurrbart.	la	une,le,des	rase	la moustache
Je lève le menton fièrement.	Ich hebe stolz das Kinn.	le	un,la,du	lève	le menton
Je fronce le sourcil de surprise.	Ich ziehe überrascht die Augenbraue zusammen.	le	un,la,du	fronce	le sourcil
Je ferme la paupière doucement.	Ich schließe sanft das Augenlid.	la	une,le,des	ferme	la paupière
Je change l'humeur rapidement.	Ich wechsle schnell die Stimmung.	l'	le,la,un	change	l'humeur
Je termine la promenade au coucher du soleil.	Ich beende den Spaziergang bei Sonnenuntergang.	la	une,le,des	termine	la promenade
Je reconnais l'acteur tout de suite.	Ich erkenne den Schauspieler sofort.	l'	le,la,un	reconnais	l'acteur
J'admire l'actrice depuis toujours.	Ich bewundere die Schauspielerin schon immer.	l'	le,la,un	admire	l'actrice
Je garde l'allure calme.	Ich behalte ein ruhiges Auftreten.	l'	le,la,un	garde	l'allure
J'apprécie la douceur du climat.	Ich schätze die Sanftheit des Klimas.	la	une,le,des	apprécie	la douceur
Je satisfais la curiosité avec ce livre.	Ich befriedige mit diesem Buch die Neugier.	la	une,le,des	satisfais	la curiosité
Je juge l'apparence trop vite.	Ich beurteile das Aussehen zu schnell.	l'	le,la,un	juge	l'apparence
Je traverse l'avenue au feu rouge.	Ich überquere die Avenue bei Rot.	l'	le,la,un	traverse	l'avenue
Je ferme la portière doucement.	Ich schließe sanft die Autotür.	la	une,le,des	ferme	la portière
J'interroge le témoin calmement.	Ich befrage ruhig den Zeugen.	le	un,la,du	interroge	le témoin
Je termine l'enquête en une semaine.	Ich beende die Untersuchung in einer Woche.	l'	le,la,un	termine	l'enquête
Je regarde la chaîne tous les soirs.	Ich schaue jeden Abend den Sender.	la	une,le,des	regarde	la chaîne
J'enlève la boue de mes chaussures.	Ich entferne den Schlamm von meinen Schuhen.	la	une,le,des	enlève	la boue
Je présente le compagnon à ma famille.	Ich stelle meiner Familie den Partner vor.	le	un,la,du	présente	le compagnon
Je présente la compagne à mes amis.	Ich stelle meinen Freunden die Partnerin vor.	la	une,le,des	présente	la compagne
Je respecte l'autorité sans discuter.	Ich respektiere die Autorität ohne zu diskutieren.	l'	le,la,un	respecte	l'autorité
Je peins le portrait de mémoire.	Ich male das Porträt aus dem Gedächtnis.	le	un,la,du	peins	le portrait
Je prépare l'opération avec le chirurgien.	Ich bereite mit dem Chirurgen die Operation vor.	l'	le,la,un	prépare	l'opération
Je rassure la patiente avant l'opération.	Ich beruhige die Patientin vor der Operation.	la	une,le,des	rassure	la patiente
Je combats l'angoisse avec de la musique.	Ich bekämpfe die Angst mit Musik.	l'	le,la,un	combats	l'angoisse
Je suis la piste sans hésiter.	Ich folge der Strecke ohne zu zögern.	la	une,le,des	suis	la piste
J'atteins le sommet avant midi.	Ich erreiche den Gipfel vor Mittag.	le	un,la,du	atteins	le sommet
Je nettoie la vitre avec un chiffon.	Ich putze die Fensterscheibe mit einem Tuch.	la	une,le,des	nettoie	la vitre
Je casse l'os en skiant.	Ich breche mir beim Skifahren den Knochen.	l'	le,la,un	casse	l'os
Je masse la nuque doucement.	Ich massiere sanft den Nacken.	la	une,le,des	masse	la nuque
Je muscle la cuisse avec du sport.	Ich trainiere mit Sport den Oberschenkel.	la	une,le,des	muscle	la cuisse
Je préfère la saison à toutes les autres.	Ich mag diese Jahreszeit lieber als alle anderen.	la	une,le,des	préfère	la saison
Je découvre le charme petit à petit.	Ich entdecke nach und nach den Charme.	le	un,la,du	découvre	le charme
J'admire le peintre depuis mon enfance.	Ich bewundere den Maler seit meiner Kindheit.	le	un,la,du	admire	le peintre
J'admire la peintre pour son talent.	Ich bewundere die Malerin für ihr Talent.	la	une,le,des	admire	la peintre
Je range l'atelier avant de partir.	Ich räume vor dem Weggehen die Werkstatt auf.	l'	le,la,un	range	l'atelier
Je quitte l'immeuble à sept heures.	Ich verlasse um sieben Uhr das Wohnhaus.	l'	le,la,un	quitte	l'immeuble
Je photographie la façade au coucher du soleil.	Ich fotografiere bei Sonnenuntergang die Fassade.	la	une,le,des	photographie	la façade
Je photographie l'hôtel de ville un dimanche matin.	Ich fotografiere an einem Sonntagmorgen das Rathaus.	l'	le,la,un	photographie	l'hôtel de ville
J'organise le temps libre chaque week-end.	Ich organisiere jedes Wochenende die Freizeit.	le	un,la,du	organise	le temps libre
Je choisis le métier avec passion.	Ich wähle mit Leidenschaft den Beruf.	le	un,la,du	choisis	le métier
Je remercie l'ouvrier pour son travail.	Ich danke dem Arbeiter für seine Arbeit.	l'	le,la,un	remercie	l'ouvrier
Je remercie l'ouvrière pour son travail.	Ich danke der Arbeiterin für ihre Arbeit.	l'	le,la,un	remercie	l'ouvrière
Je termine le récit par une surprise.	Ich beende den Bericht mit einer Überraschung.	le	un,la,du	termine	le récit
Je traverse le boulevard prudemment.	Ich überquere vorsichtig den Boulevard.	le	un,la,du	traverse	le boulevard
J'essaie la chaussure avant d'acheter.	Ich probiere vor dem Kauf den Schuh an.	la	une,le,des	essaie	la chaussure
Je présente l'époux à mes collègues.	Ich stelle meinen Kollegen den Ehemann vor.	l'	le,la,un	présente	l'époux
Je partage le souci avec ma mère.	Ich teile die Sorge mit meiner Mutter.	le	un,la,du	partage	le souci
Je termine l'étude en trois ans.	Ich beende die Studie in drei Jahren.	l'	le,la,un	termine	l'étude
Je range le plateau après le repas.	Ich räume nach dem Essen das Tablett weg.	le	un,la,du	range	le plateau
Je calcule la somme avec précision.	Ich berechne die Summe genau.	la	une,le,des	calcule	la somme
Je visite le port en fin d'après-midi.	Ich besuche den Hafen am späten Nachmittag.	le	un,la,du	visite	le port
Je prépare la visite avec soin.	Ich bereite den Besuch sorgfältig vor.	la	une,le,des	prépare	la visite
J'affronte la crise avec courage.	Ich begegne der Krise mit Mut.	la	une,le,des	affronte	la crise
Je montre la volonté dès le début.	Ich zeige von Anfang an den Willen.	la	une,le,des	montre	la volonté
Je vérifie la disposition avant de signer.	Ich prüfe vor der Unterschrift die Verfügung.	la	une,le,des	vérifie	la disposition
J'accepte l'existence avec sagesse.	Ich akzeptiere mit Weisheit die Existenz.	l'	le,la,un	accepte	l'existence
Je perds l'illusion petit à petit.	Ich verliere nach und nach die Illusion.	l'	le,la,un	perds	l'illusion
J'utilise l'imagination sans limite.	Ich nutze die Vorstellungskraft grenzenlos.	l'	le,la,un	utilise	l'imagination
Je comprends l'importance trop tard.	Ich verstehe die Wichtigkeit zu spät.	l'	le,la,un	comprends	l'importance
J'attends la libération avec espoir.	Ich erwarte hoffnungsvoll die Befreiung.	la	une,le,des	attends	la libération
Je traverse l'obscurité sans lampe.	Ich durchquere die Dunkelheit ohne Lampe.	l'	le,la,un	traverse	l'obscurité
Je partage la passion avec mes élèves.	Ich teile mit meinen Schülern die Leidenschaft.	la	une,le,des	partage	la passion
Je défends la position fermement.	Ich verteidige entschieden die Position.	la	une,le,des	défends	la position
Je sous-estime la puissance de l'adversaire.	Ich unterschätze die Macht des Gegners.	la	une,le,des	sous-estime	la puissance
J'admire la résistance du peuple.	Ich bewundere den Widerstand des Volkes.	la	une,le,des	admire	la résistance
J'étudie la révolution en cours d'histoire.	Ich lerne im Geschichtsunterricht über die Revolution.	la	une,le,des	étudie	la révolution
Je décris la sensation précisément.	Ich beschreibe die Empfindung genau.	la	une,le,des	décris	la sensation
Je reconnais la souffrance dans son regard.	Ich erkenne das Leiden in ihrem Blick.	la	une,le,des	reconnais	la souffrance
Je signale la vacance du poste.	Ich melde die Vakanz der Stelle.	la	une,le,des	signale	la vacance
J'admire la beauté du paysage.	Ich bewundere die Schönheit der Landschaft.	la	une,le,des	admire	la beauté
J'explique la circonstance en détail.	Ich erkläre den Umstand im Detail.	la	une,le,des	explique	la circonstance
J'informe le comité de la décision.	Ich informiere das Komitee über die Entscheidung.	le	un,la,du	informe	le comité
Je respecte le commandement sans exception.	Ich befolge das Gebot ohne Ausnahme.	le	un,la,du	respecte	le commandement
Je reçois la félicitation avec joie.	Ich empfange mit Freude den Glückwunsch.	la	une,le,des	reçois	la félicitation
Je représente la nation fièrement.	Ich vertrete stolz die Nation.	la	une,le,des	représente	la nation
Je raconte l'aventure à mes petits-enfants.	Ich erzähle meinen Enkelkindern das Abenteuer.	l'	le,la,un	raconte	l'aventure
Je règle la lunette avant d'observer.	Ich stelle vor der Beobachtung das Fernrohr ein.	la	une,le,des	règle	la lunette
Je recherche la gloire toute sa vie.	Ich suche mein ganzes Leben lang den Ruhm.	la	une,le,des	recherche	la gloire
Je remercie le chauffeur pour la course.	Ich danke dem Fahrer für die Fahrt.	le	un,la,du	remercie	le chauffeur
Je remercie la chauffeuse pour sa patience.	Ich danke der Fahrerin für ihre Geduld.	la	une,le,des	remercie	la chauffeuse
J'informe l'inspectrice du résultat.	Ich informiere die Inspektorin über das Ergebnis.	l'	le,la,un	informe	l'inspectrice
Je franchis le seuil avec hésitation.	Ich überschreite zögernd die Schwelle.	le	un,la,du	franchis	le seuil
Je cherche l'abri sous un arbre.	Ich suche unter einem Baum Schutz.	l'	le,la,un	cherche	l'abri
Je suis la trace dans la neige.	Ich folge der Spur im Schnee.	la	une,le,des	suis	la trace
J'ouvre la grille avec la clé.	Ich öffne das Gitter mit dem Schlüssel.	la	une,le,des	ouvre	la grille
J'aperçois la lueur au loin.	Ich erblicke in der Ferne den Lichtschein.	la	une,le,des	aperçois	la lueur
J'admire l'éclat du diamant.	Ich bewundere den Glanz des Diamanten.	l'	le,la,un	admire	l'éclat
J'observe la vague depuis la digue.	Ich beobachte die Welle vom Deich aus.	la	une,le,des	observe	la vague
Je rejoins le centre à pied.	Ich erreiche zu Fuß das Zentrum.	le	un,la,du	rejoins	le centre
Je choisis le titre avec soin.	Ich wähle sorgfältig den Titel.	le	un,la,du	choisis	le titre
J'observe la cellule au microscope.	Ich beobachte die Zelle unter dem Mikroskop.	la	une,le,des	observe	la cellule
Je cherche l'étage sur le panneau.	Ich suche das Stockwerk auf dem Schild.	l'	le,la,un	cherche	l'étage
Je mène le combat avec détermination.	Ich führe den Kampf mit Entschlossenheit.	le	un,la,du	mène	le combat
Je prépare le discours la veille.	Ich bereite die Rede am Vortag vor.	le	un,la,du	prépare	le discours
Je regrette la jeunesse un peu.	Ich vermisse ein wenig die Jugend.	la	une,le,des	regrette	la jeunesse
Je mesure la hauteur du plafond.	Ich messe die Höhe der Decke.	la	une,le,des	mesure	la hauteur
J'essuie la sueur de mon front.	Ich wische den Schweiß von meiner Stirn.	la	une,le,des	essuie	la sueur
Je cache le désespoir devant les autres.	Ich verberge die Verzweiflung vor den anderen.	le	un,la,du	cache	le désespoir
J'accepte le destin avec sagesse.	Ich akzeptiere weise das Schicksal.	le	un,la,du	accepte	le destin
Je dépense la fortune en un an.	Ich gebe das Vermögen in einem Jahr aus.	la	une,le,des	dépense	la fortune
J'affronte le malheur avec courage.	Ich begegne dem Unglück mit Mut.	le	un,la,du	affronte	le malheur
Je partage la moitié avec mon frère.	Ich teile die Hälfte mit meinem Bruder.	la	une,le,des	partage	la moitié
Je supporte la solitude difficilement.	Ich ertrage die Einsamkeit nur schwer.	la	une,le,des	supporte	la solitude
Je garde le contact avec mes amis.	Ich halte den Kontakt zu meinen Freunden.	le	un,la,du	garde	le contact
Je réussis le test sans difficulté.	Ich bestehe den Test ohne Schwierigkeiten.	le	un,la,du	réussis	le test
Je dessine le cercle au tableau.	Ich zeichne den Kreis an die Tafel.	le	un,la,du	dessine	le cercle
Je cache la hâte difficilement.	Ich verberge die Eile nur schwer.	la	une,le,des	cache	la hâte
Je longe la rive en vélo.	Ich fahre mit dem Rad am Ufer entlang.	la	une,le,des	longe	la rive
Je salue l'officier respectueusement.	Ich grüße respektvoll den Offizier.	l'	le,la,un	salue	l'officier
Je salue l'officière au garde-à-vous.	Ich grüße die Offizierin stramm stehend.	l'	le,la,un	salue	l'officière
J'attends le quart avant de partir.	Ich warte eine Viertelstunde vor der Abfahrt.	le	un,la,du	attends	le quart
Je mesure l'angle avec précision.	Ich messe den Winkel genau.	l'	le,la,un	mesure	l'angle
Je prépare la défense avec l'avocat.	Ich bereite mit dem Anwalt die Verteidigung vor.	la	une,le,des	prépare	la défense
Je combats la haine par l'amour.	Ich bekämpfe den Hass mit Liebe.	la	une,le,des	combats	la haine
Je ressens la pitié pour lui.	Ich empfinde Mitleid für ihn.	la	une,le,des	ressens	la pitié
Je salue le portier en entrant.	Ich grüße beim Reinkommen den Portier.	le	un,la,du	salue	le portier
Je critique le ministre ouvertement.	Ich kritisiere offen den Minister.	le	un,la,du	critique	le ministre
Je soutiens la ministre publiquement.	Ich unterstütze öffentlich die Ministerin.	la	une,le,des	soutiens	la ministre
J'informe l'inspecteur des faits.	Ich informiere den Inspektor über die Tatsachen.	l'	le,la,un	informe	l'inspecteur
J'admire l'écrivain depuis toujours.	Ich bewundere den Schriftsteller schon immer.	l'	le,la,un	admire	l'écrivain
Je cite l'écrivaine dans mon essai.	Ich zitiere die Schriftstellerin in meinem Aufsatz.	l'	le,la,un	cite	l'écrivaine
Je remercie le marchand pour son conseil.	Ich danke dem Händler für seinen Rat.	le	un,la,du	remercie	le marchand
Je remercie la marchande pour sa gentillesse.	Ich danke der Händlerin für ihre Freundlichkeit.	la	une,le,des	remercie	la marchande
Je contacte le service client par téléphone.	Ich kontaktiere telefonisch den Kundendienst.	le	un,la,du	contacte	le service client
J'ouvre la boîte à gants pour chercher la carte.	Ich öffne das Handschuhfach, um die Karte zu suchen.	la	une,le,des	ouvre	la boîte à gants
Je tourne la poignée doucement.	Ich drehe sanft den Griff.	la	une,le,des	tourne	la poignée
Je cherche le banc à l'ombre.	Ich suche die Bank im Schatten.	le	un,la,du	cherche	le banc
Je note le code sur un papier.	Ich notiere den Code auf einem Zettel.	le	un,la,du	note	le code
Je prépare le bain avant le coucher.	Ich mache vor dem Schlafengehen das Bad fertig.	le	un,la,du	prépare	le bain
Je choisis le parfum avec soin.	Ich wähle sorgfältig das Parfum.	le	un,la,du	choisis	le parfum
Je rejoins le club après le lycée.	Ich trete nach der Schule dem Club bei.	le	un,la,du	rejoins	le club
Je dessine l'ange sur la carte.	Ich zeichne auf der Karte den Engel.	l'	le,la,un	dessine	l'ange
Je traverse le fleuve en bateau.	Ich überquere den Fluss mit dem Boot.	le	un,la,du	traverse	le fleuve
Je casse l'ongle en faisant du sport.	Ich breche mir beim Sport den Nagel.	l'	le,la,un	casse	l'ongle
Je cherche la lampe de poche dans le sac.	Ich suche die Taschenlampe in der Tasche.	la	une,le,des	cherche	la lampe de poche
Je remplis le pot de confiture.	Ich fülle den Topf mit Marmelade.	le	un,la,du	remplis	le pot
J'insère la carte mémoire dans l'appareil.	Ich stecke die Speicherkarte in das Gerät.	la	une,le,des	insère	la carte mémoire
Je loue la maison de campagne pour l'été.	Ich miete für den Sommer das Landhaus.	la	une,le,des	loue	la maison de campagne
Je remonte la boîte à musique avant de dormir.	Ich ziehe vor dem Schlafen die Spieldose auf.	la	une,le,des	remonte	la boîte à musique
Je choisis le verre à vin pour la soirée.	Ich wähle für den Abend das Weinglas.	le	un,la,du	choisis	le verre à vin
J'achète le papier cadeau avant Noël.	Ich kaufe vor Weihnachten Geschenkpapier.	le	un,la,du	achète	le papier cadeau
J'emporte le livre de poche en voyage.	Ich nehme das Taschenbuch mit auf Reisen.	le	un,la,du	emporte	le livre de poche
Je gare le camion devant la maison.	Ich parke den Lastwagen vor dem Haus.	le	un,la,du	gare	le camion
Je réussis l'épreuve du premier coup.	Ich bestehe die Prüfung im ersten Anlauf.	l'	le,la,un	réussis	l'épreuve
Je cache l'amant à sa famille.	Ich verheimliche den Liebhaber vor seiner Familie.	l'	le,la,un	cache	l'amant
Je change la carte mère de l'ordinateur.	Ich tausche die Hauptplatine des Computers aus.	la	une,le,des	change	la carte mère
Je construis le chemin de fer dans le jeu.	Ich baue im Spiel die Eisenbahn.	le	un,la,du	construis	le chemin de fer
Je tiens le journal de bord chaque jour.	Ich führe jeden Tag das Logbuch.	le	un,la,du	tiens	le journal de bord
Je verse la goutte avec précaution.	Ich gebe den Tropfen vorsichtig hinzu.	la	une,le,des	verse	la goutte
Je commande le café au lait le matin.	Ich bestelle morgens den Milchkaffee.	le	un,la,du	commande	le café au lait
Je prépare le café noir sans sucre.	Ich mache schwarzen Kaffee ohne Zucker.	le	un,la,du	prépare	le café noir
J'active le mode avion avant le décollage.	Ich aktiviere vor dem Start den Flugmodus.	le	un,la,du	active	le mode avion
Je prépare le thé vert chaque matin.	Ich mache jeden Morgen Grüntee.	le	un,la,du	prépare	le thé vert
Je chasse la mouche de la cuisine.	Ich vertreibe die Fliege aus der Küche.	la	une,le,des	chasse	la mouche
J'entraîne le cerveau avec des jeux.	Ich trainiere mit Spielen das Gehirn.	le	un,la,du	entraîne	le cerveau
Je protège le crâne avec un casque.	Ich schütze den Schädel mit einem Helm.	le	un,la,du	protège	le crâne
Je lève le poing en signe de victoire.	Ich hebe als Siegeszeichen die Faust.	le	un,la,du	lève	le poing
J'observe la planète au télescope.	Ich beobachte den Planeten mit dem Teleskop.	la	une,le,des	observe	la planète
J'observe la lune par la fenêtre.	Ich beobachte den Mond durch das Fenster.	la	une,le,des	observe	la lune
J'explore l'univers en imagination.	Ich erkunde in Gedanken das Universum.	l'	le,la,un	explore	l'univers
Je pêche le bar au large.	Ich angle auf hoher See Wolfsbarsch.	le	un,la,du	pêche	le bar
Je chasse le rat de la cave.	Ich vertreibe die Ratte aus dem Keller.	le	un,la,du	chasse	le rat
Je calcule la masse avec précision.	Ich berechne die Masse genau.	la	une,le,des	calcule	la masse
Je reconnais la note de musique à l'oreille.	Ich erkenne die Musiknote nach Gehör.	la	une,le,des	reconnais	la note de musique
Je porte le tour de cou en hiver.	Ich trage im Winter den Schlauchschal.	le	un,la,du	porte	le tour de cou
Je porte l'or blanc rarement.	Ich trage selten Weißgold.	l'	le,la,un	porte	l'or blanc
Je combats la misère avec ce projet.	Ich bekämpfe mit diesem Projekt das Elend.	la	une,le,des	combats	la misère
Je consulte le fil chaque matin.	Ich schaue jeden Morgen den Feed durch.	le	un,la,du	consulte	le fil
Je tiens le journal de voyage chaque soir.	Ich führe jeden Abend das Reisetagebuch.	le	un,la,du	tiens	le journal de voyage
Je préfère le voyage en train au voyage en avion.	Ich mag die Zugreise lieber als die Flugreise.	le	un,la,du	préfère	le voyage en train
J'évite le voyage en avion si possible.	Ich vermeide, wenn möglich, die Flugreise.	le	un,la,du	évite	le voyage en avion
J'organise le voyage en voiture avec toute la famille.	Ich organisiere mit der ganzen Familie die Autoreise.	le	un,la,du	organise	le voyage en voiture
Je longe le front de mer au coucher du soleil.	Ich gehe bei Sonnenuntergang die Uferpromenade entlang.	le	un,la,du	longe	le front de mer
J'étudie l'empire en cours d'histoire.	Ich lerne im Geschichtsunterricht über das Imperium.	l'	le,la,un	étudie	l'empire
Je confonds le faux ami avec un mot allemand.	Ich verwechsle den falschen Freund mit einem deutschen Wort.	le	un,la,du	confonds	le faux ami
J'ajoute la note de bas de page au texte.	Ich füge dem Text eine Fußnote hinzu.	la	une,le,des	ajoute	la note de bas de page
J'active le sous-titrage en français.	Ich aktiviere die Untertitelung auf Französisch.	le	un,la,du	active	le sous-titrage
Je signe l'accord de paix avec joie.	Ich unterzeichne mit Freude das Friedensabkommen.	l'	le,la,un	signe	l'accord de paix
Je condamne le crime de guerre fermement.	Ich verurteile entschieden das Kriegsverbrechen.	le	un,la,du	condamne	le crime de guerre
Je visite l'usine avec la classe.	Ich besichtige mit der Klasse die Fabrik.	l'	le,la,un	visite	l'usine
Je nettoie le plan de travail après la cuisine.	Ich putze nach dem Kochen die Arbeitsplatte.	le	un,la,du	nettoie	le plan de travail
Je consulte le journal en ligne chaque matin.	Ich lese jeden Morgen die Onlinezeitung.	le	un,la,du	consulte	le journal en ligne
Je montre le gros plan du visage.	Ich zeige eine Nahaufnahme des Gesichts.	le	un,la,du	montre	le gros plan
Je sors le tapis de sol pour le yoga.	Ich hole die Bodenmatte für Yoga heraus.	le	un,la,du	sors	le tapis de sol
Je mesure le tour de poitrine avant d'acheter.	Ich messe vor dem Kauf den Brustumfang.	le	un,la,du	mesure	le tour de poitrine
Je soigne le mal de ventre avec une tisane.	Ich behandle das Bauchweh mit einem Tee.	le	un,la,du	soigne	le mal de ventre
J'annonce le front froid pour demain.	Ich kündige für morgen die Kaltfront an.	le	un,la,du	annonce	le front froid
J'annonce le front chaud pour le week-end.	Ich kündige für das Wochenende die Warmfront an.	le	un,la,du	annonce	le front chaud
J'allume le feu de camp avant la nuit.	Ich zünde vor Einbruch der Nacht das Lagerfeuer an.	le	un,la,du	allume	le feu de camp
Je monte le lit de camp dans la tente.	Ich baue das Feldbett im Zelt auf.	le	un,la,du	monte	le lit de camp
Je dépasse la ligne rouge sans le vouloir.	Ich überschreite ungewollt die rote Linie.	la	une,le,des	dépasse	la ligne rouge
Je rejoins la ligne de départ juste à temps.	Ich erreiche gerade rechtzeitig die Startlinie.	la	une,le,des	rejoins	la ligne de départ
Je change le sujet de conversation rapidement.	Ich wechsle schnell das Gesprächsthema.	le	un,la,du	change	le sujet de conversation
Je quitte la conversation de groupe sans un mot.	Ich verlasse wortlos das Gruppengespräch.	la	une,le,des	quitte	la conversation de groupe
Je respecte le temps de parole strictement.	Ich halte die Redezeit streng ein.	le	un,la,du	respecte	le temps de parole
Je réclame le droit de parole haut et fort.	Ich fordere laut das Rederecht.	le	un,la,du	réclame	le droit de parole
J'informe le chef de service du retard.	Ich informiere den Dienststellenleiter über die Verspätung.	le	un,la,du	informe	le chef de service
Je pose la question de confiance au parlement.	Ich stelle im Parlament die Vertrauensfrage.	la	une,le,des	pose	la question de confiance
Je garde la mine sérieuse.	Ich behalte einen ernsten Gesichtsausdruck.	la	une,le,des	garde	la mine
Je soutiens le projet de loi publiquement.	Ich unterstütze öffentlich den Gesetzesentwurf.	le	un,la,du	soutiens	le projet de loi
Je consulte le dictionnaire en ligne pour ce mot.	Ich schaue für dieses Wort im Online-Wörterbuch nach.	le	un,la,du	consulte	le dictionnaire en ligne
Je consulte le médecin de campagne en urgence.	Ich suche dringend den Landarzt auf.	le	un,la,du	consulte	le médecin de campagne
J'améliore la sécurité au travail chaque année.	Ich verbessere jedes Jahr die Arbeitssicherheit.	la	une,le,des	améliore	la sécurité au travail
Je prépare le sac de voyage la veille du départ.	Ich packe die Reisetasche am Vorabend der Abfahrt.	le	un,la,du	prépare	le sac de voyage
Je tire la queue doucement.	Ich ziehe sanft am Schwanz.	la	une,le,des	tire	la queue
Je note le point de départ sur la carte.	Ich markiere den Ausgangspunkt auf der Karte.	le	un,la,du	note	le point de départ
J'attends le jour de fête avec impatience.	Ich freue mich schon auf den Festtag.	le	un,la,du	attends	le jour de fête
J'allume le feu de joie à minuit.	Ich zünde um Mitternacht das Lagerfeuer an.	le	un,la,du	allume	le feu de joie
J'atteins le coin de rue en courant.	Ich erreiche laufend die Straßenecke.	le	un,la,du	atteins	le coin de rue
J'encadre la photo de mariage avec soin.	Ich rahme sorgfältig das Hochzeitsfoto ein.	la	une,le,des	encadre	la photo de mariage
J'utilise le feu doux pour mijoter la sauce.	Ich benutze niedrige Hitze, um die Soße köcheln zu lassen.	le	un,la,du	utilise	le feu doux
Je préfère le voyage de nuit au voyage de jour.	Ich mag die Nachtreise lieber als die Tagreise.	le	un,la,du	préfère	le voyage de nuit
Je termine le verre de vin lentement.	Ich trinke langsam das Glas Wein aus.	le	un,la,du	termine	le verre de vin
Je présente le pote à ma sœur.	Ich stelle meiner Schwester den Kumpel vor.	le	un,la,du	présente	le pote
Je présente la pote à mon frère.	Ich stelle meinem Bruder die Freundin vor.	la	une,le,des	présente	la pote
Je cache la figure derrière ses mains.	Ich verberge das Gesicht hinter meinen Händen.	la	une,le,des	cache	la figure
Je découvre le passage secret par hasard.	Ich entdecke zufällig den Geheimgang.	le	un,la,du	découvre	le passage secret
Je traverse la cour de l'école en courant.	Ich laufe über den Schulhof.	la	une,le,des	traverse	la cour de l'école
Je termine l'appel de groupe après une heure.	Ich beende den Gruppenanruf nach einer Stunde.	l'	le,la,un	termine	l'appel de groupe
Je dénonce le faux avis au site.	Ich melde der Webseite die gefälschte Bewertung.	le	un,la,du	dénonce	le faux avis
Je range la clé de sécurité en lieu sûr.	Ich verwahre den Sicherheitsschlüssel an einem sicheren Ort.	la	une,le,des	range	la clé de sécurité
J'économise l'argent de poche chaque mois.	Ich spare jeden Monat das Taschengeld.	l'	le,la,un	économise	l'argent de poche
J'ajuste le fauteuil de bureau à ma hauteur.	Ich stelle den Bürosessel auf meine Höhe ein.	le	un,la,du	ajuste	le fauteuil de bureau
Je respecte l'ordre de passage sans exception.	Ich halte die Reihenfolge ohne Ausnahme ein.	l'	le,la,un	respecte	l'ordre de passage
Je rejoins la bande après les cours.	Ich treffe die Clique nach der Schule.	la	une,le,des	rejoins	la bande
J'observe le mouvement de fond sur le marché.	Ich beobachte die Grundbewegung auf dem Markt.	le	un,la,du	observe	le mouvement de fond
Je traite l'idiot de menteur.	Ich beschimpfe den Idioten als Lügner.	l'	le,la,un	traite	l'idiot
J'évite l'idiote autant que possible.	Ich meide die Idiotin, so gut es geht.	l'	le,la,un	évite	l'idiote
Je protège le sein contre le froid.	Ich schütze die Brust vor der Kälte.	le	un,la,du	protège	le sein
Je dépasse la limite sans le savoir.	Ich überschreite unwissentlich die Grenze.	la	une,le,des	dépasse	la limite
Je choisis la personne de confiance avec soin.	Ich wähle sorgfältig die Vertrauensperson.	la	une,le,des	choisis	la personne de confiance
Je termine la classe de seconde en juin.	Ich beende im Juni die Klasse der Seconde.	la	une,le,des	termine	la classe de seconde
Je retrouve le sentiment de sécurité enfin.	Ich finde endlich das Sicherheitsgefühl wieder.	le	un,la,du	retrouve	le sentiment de sécurité
J'efface le trait avec la gomme.	Ich lösche den Strich mit dem Radiergummi.	le	un,la,du	efface	le trait
Je respecte la règle de sécurité toujours.	Ich halte mich immer an die Sicherheitsregel.	la	une,le,des	respecte	la règle de sécurité
J'organise la fête de quartier chaque été.	Ich organisiere jeden Sommer das Straßenfest.	la	une,le,des	organise	la fête de quartier
J'accroche le fer à cheval au-dessus de la porte.	Ich hänge das Hufeisen über die Tür.	le	un,la,du	accroche	le fer à cheval
J'installe l'arbre à chat dans le salon.	Ich stelle den Kratzbaum ins Wohnzimmer.	l'	le,la,un	installe	l'arbre à chat
Je salue le prêtre à la sortie.	Ich grüße den Priester am Ausgang.	le	un,la,du	salue	le prêtre
Je commande le repas à emporter avant de partir.	Ich bestelle vor der Abfahrt das Essen zum Mitnehmen.	le	un,la,du	commande	le repas à emporter
Je ressens l'horreur devant cette scène.	Ich empfinde Grauen bei diesem Anblick.	l'	le,la,un	ressens	l'horreur
Je quitte la scène de l'accident en ambulance.	Ich verlasse mit dem Krankenwagen die Unfallstelle.	la	une,le,des	quitte	la scène de l'accident
Je garde la foi malgré les épreuves.	Ich behalte trotz der Prüfungen den Glauben.	la	une,le,des	garde	la foi
Je photographie la scène de crime sous tous les angles.	Ich fotografiere den Tatort aus allen Winkeln.	la	une,le,des	photographie	la scène de crime
Je refuse la drogue catégoriquement.	Ich lehne die Droge kategorisch ab.	la	une,le,des	refuse	la drogue
J'admire l'héroïne du roman.	Ich bewundere die Heldin des Romans.	l'	le,la,un	admire	l'héroïne
Je suis le procès chaque jour.	Ich verfolge jeden Tag den Prozess.	le	un,la,du	suis	le procès
Je conteste la peine de prison devant le juge.	Ich fechte vor dem Richter die Freiheitsstrafe an.	la	une,le,des	conteste	la peine de prison
Je quitte la boîte de nuit à trois heures du matin.	Ich verlasse um drei Uhr morgens den Nachtclub.	la	une,le,des	quitte	la boîte de nuit
J'active le mode sombre sur mon téléphone.	Ich aktiviere auf meinem Handy den Dunkelmodus.	le	un,la,du	active	le mode sombre
Je vérifie le prix au kilo avant d'acheter.	Ich prüfe vor dem Kauf den Kilopreis.	le	un,la,du	vérifie	le prix au kilo
Je mentionne le souffle au cœur au médecin.	Ich erwähne dem Arzt das Herzgeräusch.	le	un,la,du	mentionne	le souffle au cœur
Je quitte l'hôpital de jour le soir même.	Ich verlasse noch am selben Abend die Tagesklinik.	l'	le,la,un	quitte	l'hôpital de jour
Je commande le café serré après le repas.	Ich bestelle nach dem Essen den starken Espresso.	le	un,la,du	commande	le café serré
Je cherche le numéro de maison sur la façade.	Ich suche die Hausnummer an der Fassade.	le	un,la,du	cherche	le numéro de maison
J'attends le match retour avec impatience.	Ich freue mich schon auf das Rückspiel.	le	un,la,du	attends	le match retour
Je note la date de début dans mon agenda.	Ich notiere das Startdatum in meinem Kalender.	la	une,le,des	note	la date de début
J'avance l'heure de coucher le dimanche soir.	Ich verschiebe sonntagabends die Schlafenszeit vor.	l'	le,la,un	avance	l'heure de coucher
Je confirme l'heure de départ par message.	Ich bestätige per Nachricht die Abfahrtszeit.	l'	le,la,un	confirme	l'heure de départ
Je range le lendemain matin toute la maison.	Ich räume am nächsten Morgen das ganze Haus auf.	le	un,la,du	range	le lendemain matin
Je photographie le coucher de soleil depuis la plage.	Ich fotografiere vom Strand aus den Sonnenuntergang.	le	un,la,du	photographie	le coucher de soleil
Je commande la bière bien fraîche.	Ich bestelle ein schön kaltes Bier.	la	une,le,des	commande	la bière
Je pèse le sac avant de partir.	Ich wiege die Tasche vor der Abfahrt.	le	un,la,du	peser	peser
J'interdis le bruit après vingt-deux heures.	Ich verbiete Lärm nach zweiundzwanzig Uhr.	le	un,la,du	interdire	interdire
J'admire le tableau en silence.	Ich bewundere das Gemälde schweigend.	le	un,la,du	admirer	admirer
Je dépose le colis chez le voisin.	Ich gebe das Paket beim Nachbarn ab.	le	un,la,du	déposer	déposer
J'exprime l'opinion sans peur.	Ich äußere die Meinung ohne Angst.	l'	le,la,un	exprimer	exprimer
Je réduis la vitesse en ville.	Ich reduziere in der Stadt die Geschwindigkeit.	la	une,le,des	réduire	réduire
Je prévois le trajet à l'avance.	Ich plane die Strecke im Voraus.	le	un,la,du	prévoir	prévoir
Je remue la sauce sans arrêt.	Ich rühre ständig die Soße um.	la	une,le,des	remuer	remuer
Je signe le contrat sans hésiter.	Ich unterschreibe den Vertrag ohne zu zögern.	le	un,la,du	signer	signer
Je prononce le mot correctement.	Ich spreche das Wort richtig aus.	le	un,la,du	prononcer	prononcer
J'accroche le tableau au mur.	Ich hänge das Bild an die Wand.	le	un,la,du	accrocher	accrocher
Je plie le linge avec soin.	Ich falte die Wäsche sorgfältig.	le	un,la,du	plier	plier
Je respecte la règle sans exception.	Ich halte mich ausnahmslos an die Regel.	la	une,le,des	respecter	respecter
Je précise le point au tableau.	Ich präzisiere den Punkt an der Tafel.	le	un,la,du	préciser	préciser
Je représente le pays aux jeux.	Ich vertrete das Land bei den Spielen.	le	un,la,du	représenter	représenter
Je retire l'argent au distributeur.	Ich hebe das Geld am Automaten ab.	l'	le,la,un	retirer	retirer
Je soigne le malade avec attention.	Ich pflege den Kranken aufmerksam.	le	un,la,du	soigner	soigner
J'indique le chemin au touriste.	Ich zeige dem Touristen den Weg.	le	un,la,du	indiquer	indiquer
J'applique la crème chaque soir.	Ich trage jeden Abend die Creme auf.	la	une,le,des	appliquer	appliquer
Je constate le problème immédiatement.	Ich stelle sofort das Problem fest.	le	un,la,du	constater	constater
Je crée le compte en deux minutes.	Ich erstelle das Konto in zwei Minuten.	le	un,la,du	créer	créer
J'emploie le mot juste.	Ich verwende das passende Wort.	le	un,la,du	employer	employer
Je fournis le matériel nécessaire.	Ich liefere das nötige Material.	le	un,la,du	fournir	fournir
Je recherche le mot en ligne.	Ich recherchiere das Wort online.	le	un,la,du	rechercher	rechercher
J'annonce le secret à tout le monde.	Ich verkünde allen das Geheimnis.	le	un,la,du	révéler	révéler
Je considère le problème sous tous les angles.	Ich betrachte das Problem aus allen Blickwinkeln.	le	un,la,du	considérer	considérer
J'échange le pull contre un plus grand.	Ich tausche den Pullover gegen einen größeren.	le	un,la,du	échanger	échanger
J'examine le document en détail.	Ich untersuche das Dokument im Detail.	le	un,la,du	examiner	examiner
Je mesure la pièce avant d'acheter le tapis.	Ich messe den Raum, bevor ich den Teppich kaufe.	la	une,le,des	mesurer	mesurer
J'admets l'erreur immédiatement.	Ich gebe den Fehler sofort zu.	l'	le,la,un	admettre	admettre
J'affirme le contraire avec assurance.	Ich behaupte das Gegenteil mit Sicherheit.	le	un,la,du	affirmer	affirmer
Je conserve le document précieusement.	Ich bewahre das Dokument sorgfältig auf.	le	un,la,du	conserver	conserver
Je défends le projet devant le jury.	Ich verteidige das Projekt vor der Jury.	le	un,la,du	défendre	défendre
J'exige le silence total.	Ich verlange völlige Stille.	le	un,la,du	exiger	exiger
Je dépasse la limite de vitesse.	Ich überschreite die Geschwindigkeitsgrenze.	la	une,le,des	dépasser	dépasser
Je soutiens le projet sans hésiter.	Ich unterstütze das Projekt ohne zu zögern.	le	un,la,du	soutenir	soutenir
J'attire l'attention du public.	Ich ziehe die Aufmerksamkeit des Publikums auf mich.	l'	le,la,un	attirer	attirer
Je désigne le coupable du doigt.	Ich zeige mit dem Finger auf den Schuldigen.	le	un,la,du	désigner	désigner
J'inspire le respect naturellement.	Ich flöße auf natürliche Weise Respekt ein.	le	un,la,du	inspirer	inspirer
Je mérite le prix sans conteste.	Ich verdiene den Preis zweifellos.	le	un,la,du	mériter	mériter
Je habille l'enfant chaudement.	Ich kleide das Kind warm an.	l'	le,la,un	habiller	habiller
Je plante l'arbre au fond du jardin.	Ich pflanze den Baum am Ende des Gartens.	l'	le,la,un	planter	planter
Je salue le visiteur chaleureusement.	Ich empfange den Besucher herzlich.	le	un,la,du	accueillir	accueillir
J'allonge le blessé sur le lit.	Ich lege den Verletzten aufs Bett.	le	un,la,du	allonger	allonger
J'évoque le passé avec nostalgie.	Ich erwähne die Vergangenheit mit Wehmut.	le	un,la,du	évoquer	évoquer
J'interromps le discours poliment.	Ich unterbreche höflich die Rede.	le	un,la,du	interrompre	interrompre
Je livre le colis avant midi.	Ich liefere das Paket vor Mittag.	le	un,la,du	livrer	livrer
J'accuse le voisin sans preuve.	Ich beschuldige den Nachbarn ohne Beweis.	le	un,la,du	accuser	accuser
Je trahis le secret par erreur.	Ich verrate aus Versehen das Geheimnis.	le	un,la,du	trahir	trahir
Je vide le sac sur la table.	Ich leere den Rucksack auf den Tisch.	le	un,la,du	vider	vider
J'accorde la guitare avant le concert.	Ich stimme vor dem Konzert die Gitarre.	la	une,le,des	accorder	accorder
Je dresse la liste des invités.	Ich erstelle die Gästeliste.	la	une,le,des	dresser	dresser
Je redresse le tableau sur le mur.	Ich richte das Bild an der Wand gerade.	le	un,la,du	redresser	redresser
J'adresse le message au directeur.	Ich richte die Nachricht an den Direktor.	le	un,la,du	adresser	adresser
J'abats l'arbre malade.	Ich fälle den kranken Baum.	l'	le,la,un	abattre	abattre
J'agite le drapeau avec fierté.	Ich schwenke stolz die Flagge.	le	un,la,du	agiter	agiter
J'attache le chien devant le magasin.	Ich binde den Hund vor dem Geschäft an.	le	un,la,du	attacher	attacher
J'attaque le sujet directement.	Ich gehe das Thema direkt an.	le	un,la,du	attaquer	attaquer
Je gobe le comprimé avec de l'eau.	Ich schlucke die Tablette mit Wasser.	le	un,la,du	avaler	avaler
Je brise le silence enfin.	Ich breche endlich das Schweigen.	le	un,la,du	briser	briser
Je cause le retard du train.	Ich verursache die Verspätung des Zuges.	le	un,la,du	causer	causer
Je chasse le moustique de la chambre.	Ich vertreibe die Mücke aus dem Zimmer.	le	un,la,du	chasser	chasser
Je coince le doigt dans la porte.	Ich klemme mir den Finger in der Tür ein.	le	un,la,du	coincer	coincer
Je confonds le nom avec un autre.	Ich verwechsle den Namen mit einem anderen.	le	un,la,du	confondre	confondre
Je crache le chewing-gum dans la poubelle.	Ich spucke den Kaugummi in den Mülleimer.	le	un,la,du	cracher	cracher
Je creuse le trou avec une pelle.	Ich grabe das Loch mit einer Schaufel.	le	un,la,du	creuser	creuser
Je croise le regard du professeur.	Ich kreuze den Blick des Lehrers.	le	un,la,du	croiser	croiser
Je déplace le meuble vers la fenêtre.	Ich verschiebe das Möbelstück zum Fenster hin.	le	un,la,du	déplacer	déplacer
Je désire le changement depuis longtemps.	Ich wünsche mir die Veränderung schon lange.	le	un,la,du	désirer	désirer
J'ennuie le public avec ce discours.	Ich langweile mit dieser Rede das Publikum.	le	un,la,du	ennuyer	ennuyer
J'enterre le trésor dans le jardin.	Ich vergrabe den Schatz im Garten.	le	un,la,du	enterrer	enterrer
Je fabrique le meuble moi-même.	Ich stelle das Möbelstück selbst her.	le	un,la,du	fabriquer	fabriquer
Je fatigue le cheval par la chaleur.	Ich ermüde durch die Hitze das Pferd.	le	un,la,du	fatiguer	fatiguer
Je fiche le suspect sans son accord.	Ich erfasse den Verdächtigen ohne seine Zustimmung.	le	un,la,du	ficher	ficher
J'inspecte le sac avant l'entrée.	Ich durchsuche vor dem Eingang die Tasche.	le	un,la,du	fouiller	fouiller
Je gâche le repas par une remarque.	Ich verderbe mit einer Bemerkung das Essen.	le	un,la,du	gâcher	gâcher
Je hausse le ton sans le vouloir.	Ich hebe ungewollt den Ton an.	le	un,la,du	hausser	hausser
J'impose le silence à la classe.	Ich verordne der Klasse Stille.	le	un,la,du	imposer	imposer
J'incline le siège légèrement.	Ich neige leicht die Rückenlehne.	le	un,la,du	incliner	incliner
Je joins le document au mail.	Ich hänge das Dokument an die E-Mail an.	le	un,la,du	joindre	joindre
Je libère l'otage sain et sauf.	Ich befreie die Geisel unversehrt.	l'	le,la,un	libérer	libérer
Je moque le camarade gentiment.	Ich mache mich sanft über den Mitschüler lustig.	le	un,la,du	moquer	moquer
Je nomme le responsable du projet.	Ich ernenne den Verantwortlichen des Projekts.	le	un,la,du	nommer	nommer
Je peins le mur en jaune.	Ich streiche die Wand gelb.	le	un,la,du	peindre	peindre
Je concerne le sujet directement.	Ich betreffe das Thema direkt.	le	un,la,du	concerner	concerner
J'observe le paysage en silence.	Ich betrachte schweigend die Landschaft.	le	un,la,du	contempler	contempler
Je promène le chien chaque matin.	Ich gehe jeden Morgen mit dem Hund spazieren.	le	un,la,du	promener	promener
Je contente le client avec un geste.	Ich stelle den Kunden mit einer Geste zufrieden.	le	un,la,du	contenter	contenter
Je balance le sac sur mon épaule.	Ich schwinge die Tasche über meine Schulter.	le	un,la,du	balancer	balancer
Je domine le marché sans effort.	Ich beherrsche mühelos den Markt.	le	un,la,du	dominer	dominer
J'envahis le territoire sans résistance.	Ich dringe widerstandslos in das Gebiet ein.	le	un,la,du	envahir	envahir
Je habitue l'enfant à l'ordre.	Ich gewöhne das Kind an Ordnung.	l'	le,la,un	habituer	habituer
Je parcours le pays en train.	Ich bereise das Land mit dem Zug.	le	un,la,du	parcourir	parcourir
Je possède le talent nécessaire.	Ich besitze das nötige Talent.	le	un,la,du	posséder	posséder
Je produis le rapport avant vendredi.	Ich erstelle den Bericht vor Freitag.	le	un,la,du	produire	produire
Je rapporte le fait avec précision.	Ich melde die Tatsache genau.	le	un,la,du	rapporter	rapporter
Je recouvre le meuble d'un drap.	Ich bedecke das Möbelstück mit einem Laken.	le	un,la,du	recouvrir	recouvrir
Je renvoie le colis à l'expéditeur.	Ich schicke das Paket an den Absender zurück.	le	un,la,du	renvoyer	renvoyer
Je repousse l'ennemi au loin.	Ich dränge den Feind weit zurück.	l'	le,la,un	repousser	repousser
Je réclame le remboursement immédiatement.	Ich verlange sofort die Rückerstattung.	le	un,la,du	réclamer	réclamer
Je résous le problème calmement.	Ich löse das Problem ruhig.	le	un,la,du	régler	régler
Je supplie le juge en larmes.	Ich flehe den Richter unter Tränen an.	le	un,la,du	supplier	supplier
J'écarte le danger à temps.	Ich wende rechtzeitig die Gefahr ab.	le	un,la,du	écarter	écarter
Je tartine le beurre sur le pain.	Ich streiche die Butter auf das Brot.	le	un,la,du	étaler	étaler
J'étouffe le scandale rapidement.	Ich vertusche schnell den Skandal.	le	un,la,du	étouffer	étouffer
Je bénis le mariage avec joie.	Ich segne mit Freude die Ehe.	le	un,la,du	bénir	bénir
Je cache le cadeau sous le lit.	Ich verstecke das Geschenk unter dem Bett.	le	un,la,du	dissimuler	dissimuler
Je débarrasse la table après le repas.	Ich räume nach dem Essen den Tisch ab.	la	une,le,des	débarrasser	débarrasser
J'entretiens le jardin chaque semaine.	Ich pflege jede Woche den Garten.	le	un,la,du	entretenir	entretenir
J'enveloppe le cadeau avec soin.	Ich verpacke sorgfältig das Geschenk.	le	un,la,du	envelopper	envelopper
Je franchis le seuil avec hésitation.	Ich überschreite zögernd die Schwelle.	le	un,la,du	franchir	franchir
Je gêne le passant sans le vouloir.	Ich behindere ungewollt den Passanten.	le	un,la,du	gêner	gêner
J'interroge le témoin longuement.	Ich befrage ausführlich den Zeugen.	le	un,la,du	interroger	interroger
Je vêts l'enfant pour le froid.	Ich kleide das Kind für die Kälte ein.	l'	le,la,un	vêtir	vêtir
Je remplace le pneu crevé.	Ich ersetze den platten Reifen.	le	un,la,du	remplacer	remplacer
Je caresse le chat doucement.	Ich streichle sanft die Katze.	le	un,la,du	caresser	caresser
Je lie le paquet avec une ficelle.	Ich schnüre das Paket mit einer Schnur.	le	un,la,du	lier	lier
Je subis le contrôle sans protester.	Ich lasse die Kontrolle über mich ergehen.	le	un,la,du	subir	subir
Je pique le ballon par accident.	Ich steche aus Versehen den Ball an.	le	un,la,du	piquer	piquer
J'énerve le chat sans le savoir.	Ich ärgere unwissentlich die Katze.	le	un,la,du	énerver	énerver
Je dépends de mes parents financièrement.	Ich bin finanziell von meinen Eltern abhängig.	de	à,sur,dans	dépendre	dépendre
Je dispose d'un budget limité.	Ich verfüge über ein begrenztes Budget.	d'	de,à,sur	disposer	disposer
Je constitue un problème pour l'équipe.	Ich stelle ein Problem für das Team dar.	un	le,la,du	constituer	constituer
Je contiens ma colère avec effort.	Ich unterdrücke mühsam meine Wut.	ma	sa,ta,notre	contenir	contenir
Je grandis dans une petite ville.	Ich wachse in einer kleinen Stadt auf.	dans	à,sur,avec	grandir	grandir
Je hurle de douleur.	Ich schreie vor Schmerz.	de	à,dans,sur	hurler	hurler
Je tremble de froid.	Ich zittere vor Kälte.	de	à,dans,sur	trembler	trembler
Je souffle sur les bougies.	Ich puste auf die Kerzen.	sur	à,dans,avec	souffler	souffler
Je bosse dans un café le week-end.	Ich arbeite am Wochenende in einem Café.	dans	à,sur,avec	bosser	bosser
Je règne sur le royaume.	Ich herrsche über das Königreich.	sur	à,dans,avec	régner	régner
Je conviens à tout le monde.	Ich passe allen.	à	dans,sur,avec	convenir	convenir
Je lutte contre la fatigue.	Ich kämpfe gegen die Müdigkeit.	contre	à,dans,sur	lutter	lutter
Je plonge dans l'eau froide.	Ich tauche ins kalte Wasser.	dans	à,sur,avec	plonger	plonger
Je prétends être malade.	Ich gebe vor, krank zu sein.	être	à,dans,sur	prétendre	prétendre
Je recule devant le danger.	Ich weiche vor der Gefahr zurück.	devant	à,dans,sur	reculer	reculer
Je renonce à ce projet.	Ich verzichte auf dieses Projekt.	à	dans,sur,avec	renoncer	renoncer
Je rigole avec mes amis.	Ich lache mit meinen Freunden.	avec	à,dans,sur	rigoler	rigoler
Je résiste à la tentation.	Ich widerstehe der Versuchung.	à	dans,sur,avec	résister	résister
Je surgis de nulle part.	Ich tauche aus dem Nichts auf.	de	à,dans,sur	surgir	surgir
J'appartiens à ce club depuis un an.	Ich gehöre seit einem Jahr diesem Verein an.	à	dans,sur,avec	appartenir	appartenir
Je cède à la pression.	Ich gebe dem Druck nach.	à	dans,sur,avec	céder	céder
J'assiste à la réunion.	Ich nehme an der Besprechung teil.	à	dans,sur,avec	assister	assister
J'use de patience.	Ich übe Geduld.	de	à,dans,sur	user	user
Je crève de chaud dans ce bus.	Ich komme in diesem Bus vor Hitze um.	de	à,dans,sur	crever	crever
Je soupire après les vacances.	Ich sehne mich nach den Ferien.	après	à,dans,sur	soupirer	soupirer
Je me trompe de chemin.	Ich irre mich beim Weg.	de	à,dans,sur	se tromper	se tromper
Je me calme après quelques minutes.	Ich beruhige mich nach ein paar Minuten.	après	à,dans,sur	se calmer	se calmer
Je m'organise pour la semaine.	Ich organisiere mich für die Woche.	pour	à,dans,sur	s'organiser	s'organiser
Je m'enfuis par la fenêtre.	Ich fliehe durch das Fenster.	par	à,dans,sur	enfuir	enfuir
Je m'enfuis sans un mot.	Ich fliehe ohne ein Wort.	sans	à,dans,sur	s'enfuir	s'enfuir
Je m'achève en beauté.	Ich ende in Schönheit.	en	à,dans,sur	s'achever	s'achever
Je m'écrie de joie.	Ich rufe vor Freude aus.	de	à,dans,sur	s'écrier	s'écrier
Je m'énerve pour rien.	Ich rege mich über nichts auf.	pour	à,dans,sur	s'énerver	s'énerver
Je m'établis dans cette ville.	Ich lasse mich in dieser Stadt nieder.	dans	à,sur,avec	s'établir	s'établir
Je m'accomplis à travers ce métier.	Ich verwirkliche mich durch diesen Beruf.	à	dans,sur,avec	s'accomplir	s'accomplir
Je m'efforce de rester calme.	Ich bemühe mich, ruhig zu bleiben.	de	à,dans,sur	s'efforcer	s'efforcer
Je m'endors avant minuit.	Ich schlafe vor Mitternacht ein.	avant	à,dans,sur	s'endormir	s'endormir
Je m'éveille au chant des oiseaux.	Ich erwache beim Vogelgesang.	au	à,dans,sur	s'éveiller	s'éveiller
Je m'accroche à la rampe.	Ich halte mich am Geländer fest.	à	dans,sur,avec	s'accrocher	s'accrocher
Je me protège contre le soleil.	Ich schütze mich vor der Sonne.	contre	à,dans,sur	se protéger	se protéger
Je m'inspire de la nature.	Ich lasse mich von der Natur inspirieren.	de	à,dans,sur	s'inspirer	s'inspirer
Je m'interromps au milieu de la phrase.	Ich unterbreche mich mitten im Satz.	au	à,dans,sur	s'interrompre	s'interrompre
Il pleut sans arrêt depuis ce matin.	Es regnet seit heute Morgen ununterbrochen.	pleut	pleure,pleine,pleige	pleuvoir	pleuvoir
Je cherche le supermarché du quartier.	Ich suche den Supermarkt im Viertel.	le	un,la,du	cherche	le supermarché
Je trouve la pharmacie près de la gare.	Ich finde die Apotheke nahe dem Bahnhof.	la	une,le,des	trouve	la pharmacie
Je traverse le parc tous les matins.	Ich durchquere jeden Morgen den Park.	le	un,la,du	traverse	le parc
Je visite le musée avec ma classe.	Ich besuche mit meiner Klasse das Museum.	le	un,la,du	visite	le musée
Je ferme la piscine à vingt heures.	Ich schließe das Schwimmbad um zwanzig Uhr.	la	une,le,des	ferme	la piscine
Je fréquente la bibliothèque chaque semaine.	Ich besuche jede Woche die Bibliothek.	la	une,le,des	fréquente	la bibliothèque
Je pratique le football depuis dix ans.	Ich spiele seit zehn Jahren Fußball.	le	un,la,du	pratique	le football
Je pratique le tennis le samedi matin.	Ich spiele samstagmorgens Tennis.	le	un,la,du	pratique	le tennis
J'accorde la guitare avant le concert.	Ich stimme vor dem Konzert die Gitarre.	la	une,le,des	accorde	la guitare
J'achète le piano d'occasion.	Ich kaufe gebraucht das Klavier.	le	un,la,du	achète	le piano
Je termine la série en une nuit.	Ich beende die Serie in einer Nacht.	la	une,le,des	termine	la série
J'expose la photographie au musée.	Ich stelle die Fotografie im Museum aus.	la	une,le,des	expose	la photographie
Je surveille la fièvre toute la nuit.	Ich überwache die ganze Nacht das Fieber.	la	une,le,des	surveille	la fièvre
J'exprime l'opinion sans détour.	Ich äußere unumwunden die Meinung.	l'	le,la,un	exprime	l'opinion
J'atteins la station juste à temps.	Ich erreiche gerade rechtzeitig die Station.	la	une,le,des	atteins	la station
Je prends le métro tous les jours.	Ich nehme jeden Tag die U-Bahn.	le	un,la,du	prends	le métro
Je quitte l'aéroport en taxi.	Ich verlasse mit dem Taxi den Flughafen.	l'	le,la,un	quitte	l'aéroport
Je présente le passeport à la douane.	Ich zeige am Zoll den Reisepass vor.	le	un,la,du	présente	le passeport
Je photographie le touriste devant le monument.	Ich fotografiere den Touristen vor dem Denkmal.	le	un,la,du	photographie	le touriste
Je remercie le vendeur pour son conseil.	Ich danke dem Verkäufer für seinen Rat.	le	un,la,du	remercie	le vendeur
Je remercie la vendeuse pour sa patience.	Ich danke der Verkäuferin für ihre Geduld.	la	une,le,des	remercie	la vendeuse
Je traverse le carrefour avec prudence.	Ich überquere vorsichtig die Kreuzung.	le	un,la,du	traverse	le carrefour
Je contacte la mairie pour un rendez-vous.	Ich kontaktiere das Rathaus für einen Termin.	la	une,le,des	contacte	la mairie
J'évite la circulation aux heures de pointe.	Ich meide den Verkehr zu den Stoßzeiten.	la	une,le,des	évite	la circulation
J'achète la baguette tous les matins.	Ich kaufe jeden Morgen ein Baguette.	la	une,le,des	achète	la baguette
Je mange le croissant au petit déjeuner.	Ich esse zum Frühstück ein Croissant.	le	un,la,du	mange	le croissant
Je visite la capitale en trois jours.	Ich besichtige die Hauptstadt in drei Tagen.	la	une,le,des	visite	la capitale
Je combats le stress avec du sport.	Ich bekämpfe mit Sport den Stress.	le	un,la,du	combats	le stress
Je respecte la consigne sans discuter.	Ich befolge ohne Diskussion die Anweisung.	la	une,le,des	respecte	la consigne
Je teste la recette ce week-end.	Ich teste an diesem Wochenende das Rezept.	la	une,le,des	teste	la recette
Je range la cuillère dans le tiroir.	Ich lege den Löffel in die Schublade.	la	une,le,des	range	la cuillère
Je pose la fourchette à côté de l'assiette.	Ich lege die Gabel neben den Teller.	la	une,le,des	pose	la fourchette
J'étends la nappe sur la table.	Ich breite die Tischdecke über den Tisch.	la	une,le,des	étends	la nappe
J'achète le savon sans parfum.	Ich kaufe parfümfreie Seife.	le	un,la,du	achète	le savon
Je perds la concentration facilement.	Ich verliere leicht die Konzentration.	la	une,le,des	perds	la concentration
Je termine la préparation la veille.	Ich beende die Vorbereitung am Vortag.	la	une,le,des	termine	la préparation
Je recharge la batterie chaque nuit.	Ich lade jede Nacht den Akku auf.	la	une,le,des	recharge	la batterie
J'évite la comparaison entre les deux.	Ich vermeide den Vergleich zwischen beiden.	la	une,le,des	évite	la comparaison
J'adopte la méthode sans hésiter.	Ich übernehme ohne zu zögern die Methode.	la	une,le,des	adopte	la méthode
Je constate le progrès avec joie.	Ich stelle mit Freude den Fortschritt fest.	le	un,la,du	constate	le progrès
Je sors la poubelle tous les mardis.	Ich stelle jeden Dienstag den Mülleimer raus.	la	une,le,des	sors	la poubelle
Je range la monnaie dans mon portefeuille.	Ich stecke das Wechselgeld in mein Portemonnaie.	la	une,le,des	range	la monnaie
Je garde le ticket précieusement.	Ich bewahre sorgfältig das Ticket auf.	le	un,la,du	garde	le ticket
Je termine le chapitre avant de dormir.	Ich beende das Kapitel vor dem Schlafen.	le	un,la,du	termine	le chapitre
Je révise le vocabulaire chaque soir.	Ich wiederhole jeden Abend den Wortschatz.	le	un,la,du	révise	le vocabulaire
Je termine la rédaction en une heure.	Ich beende das Verfassen in einer Stunde.	la	une,le,des	termine	la rédaction
Je présente la conclusion en dernier.	Ich stelle als Letztes das Fazit vor.	la	une,le,des	présente	la conclusion
Je tiens la promesse coûte que coûte.	Ich halte um jeden Preis das Versprechen.	la	une,le,des	tiens	la promesse
J'attends la correspondance sur le quai.	Ich warte auf dem Bahnsteig auf den Anschluss.	la	une,le,des	attends	la correspondance
Je franchis la frontière sans problème.	Ich überschreite problemlos die Grenze.	la	une,le,des	franchis	la frontière
Je ferme le tiroir doucement.	Ich schließe sanft die Schublade.	le	un,la,du	ferme	le tiroir
Je retourne l'oreiller avant de dormir.	Ich drehe vor dem Schlafen das Kissen um.	l'	le,la,un	retourne	l'oreiller
Je nettoie la cuisinière après le repas.	Ich putze nach dem Essen den Herd.	la	une,le,des	nettoie	la cuisinière
Je remplis la casserole d'eau chaude.	Ich fülle den Topf mit heißem Wasser.	la	une,le,des	remplis	la casserole
Je chauffe la poêle à feu vif.	Ich erhitze die Pfanne bei starker Hitze.	la	une,le,des	chauffe	la poêle
Je reconnais la saveur immédiatement.	Ich erkenne sofort das Aroma.	la	une,le,des	reconnais	la saveur
J'envoie le lien par message.	Ich schicke den Link per Nachricht.	le	un,la,du	envoie	le lien
Je modifie le profil ce soir.	Ich ändere heute Abend das Profil.	le	un,la,du	modifie	le profil
J'annonce l'orage pour ce soir.	Ich kündige für heute Abend das Gewitter an.	l'	le,la,un	annonce	l'orage
Je constate la sécheresse avec inquiétude.	Ich stelle besorgt die Trockenheit fest.	la	une,le,des	constate	la sécheresse
Je protège le climat du mieux possible.	Ich schütze das Klima, so gut es geht.	le	un,la,du	protège	le climat
J'accepte l'invitation avec plaisir.	Ich nehme mit Freude die Einladung an.	l'	le,la,un	accepte	l'invitation
J'explique le refus calmement.	Ich erkläre ruhig die Ablehnung.	le	un,la,du	explique	le refus
Je reçois le compliment avec un sourire.	Ich nehme das Kompliment lächelnd an.	le	un,la,du	reçois	le compliment
J'accepte la critique sans me vexer.	Ich nehme die Kritik an, ohne beleidigt zu sein.	la	une,le,des	accepte	la critique
Je résous le malentendu rapidement.	Ich löse schnell das Missverständnis.	le	un,la,du	résous	le malentendu
Je présente la proposition au conseil.	Ich unterbreite dem Rat den Vorschlag.	la	une,le,des	présente	la proposition
Je choisis la destination avec ma famille.	Ich wähle mit meiner Familie das Reiseziel.	la	une,le,des	choisis	la destination
Je traverse le hall en courant.	Ich laufe durch die Halle.	le	un,la,du	traverse	le hall
Je mérite le repos après cette semaine.	Ich verdiene nach dieser Woche Ruhe.	le	un,la,du	mérite	le repos
Je traverse la brume prudemment en voiture.	Ich durchfahre vorsichtig den Nebel.	la	une,le,des	traverse	la brume
Je traverse le brouillard avec les phares allumés.	Ich durchfahre den Nebel mit eingeschaltetem Licht.	le	un,la,du	traverse	le brouillard
J'évite l'averse sous un porche.	Ich meide den Schauer unter einem Torbogen.	l'	le,la,un	évite	l'averse
J'apprécie la fraîcheur du soir.	Ich schätze die Kühle des Abends.	la	une,le,des	apprécie	la fraîcheur
Je donne la priorité aux devoirs.	Ich gebe den Hausaufgaben Priorität.	la	une,le,des	donne	la priorité
Je note l'itinéraire avant de partir.	Ich notiere vor der Abfahrt die Route.	l'	le,la,un	note	l'itinéraire
Je signale la panne au garagiste.	Ich melde dem Mechaniker die Panne.	la	une,le,des	signale	la panne
Je remercie l'accueil pour son aide.	Ich danke der Rezeption für ihre Hilfe.	l'	le,la,un	remercie	l'accueil
Je commande la spécialité du restaurant.	Ich bestelle die Spezialität des Restaurants.	la	une,le,des	commande	la spécialité
J'ajoute la légende sous la photo.	Ich füge die Bildunterschrift unter das Foto hinzu.	la	une,le,des	ajoute	la légende
Je corrige la description avant l'envoi.	Ich korrigiere die Beschreibung vor dem Versand.	la	une,le,des	corrige	la description
Je décris le symptôme au médecin.	Ich beschreibe dem Arzt das Symptom.	le	un,la,du	décris	le symptôme
Je commence le traitement dès demain.	Ich beginne die Behandlung ab morgen.	le	un,la,du	commence	le traitement
J'accroche l'affiche dans ma chambre.	Ich hänge das Plakat in meinem Zimmer auf.	l'	le,la,un	accroche	l'affiche
Je demande le renseignement à l'accueil.	Ich frage an der Rezeption nach der Auskunft.	le	un,la,du	demande	le renseignement
Je suis le sentier jusqu'au sommet.	Ich folge dem Pfad bis zum Gipfel.	le	un,la,du	suis	le sentier
Je quitte le laboratoire à dix-huit heures.	Ich verlasse um achtzehn Uhr das Labor.	le	un,la,du	quitte	le laboratoire
Je quitte la cantine après le déjeuner.	Ich verlasse nach dem Mittagessen die Kantine.	la	une,le,des	quitte	la cantine
J'utilise la technologie avec prudence.	Ich nutze die Technologie mit Vorsicht.	la	une,le,des	utilise	la technologie
J'attends la récréation avec impatience.	Ich freue mich schon auf die Pause.	la	une,le,des	attends	la récréation
Je remplis le carnet de notes.	Ich fülle das Heft mit Notizen.	le	un,la,du	remplis	le carnet
Je respecte la discipline sans exception.	Ich halte mich ausnahmslos an die Disziplin.	la	une,le,des	respecte	la discipline
Je range la brosse dans la salle de bain.	Ich verstaue die Bürste im Badezimmer.	la	une,le,des	range	la brosse
Je cherche le peigne partout.	Ich suche überall den Kamm.	le	un,la,du	cherche	le peigne
Je range le grenier un dimanche.	Ich räume an einem Sonntag den Dachboden auf.	le	un,la,du	range	le grenier
Je décore le balcon pour le printemps.	Ich dekoriere den Balkon für den Frühling.	le	un,la,du	décore	le balcon
Je range le garage avant l'hiver.	Ich räume vor dem Winter die Garage auf.	le	un,la,du	range	le garage
Je ferme le portail à clé.	Ich schließe das Tor ab.	le	un,la,du	ferme	le portail
Je répare la sonnette ce week-end.	Ich repariere an diesem Wochenende die Klingel.	la	une,le,des	répare	la sonnette
Je consulte le site tous les jours.	Ich besuche jeden Tag die Webseite.	le	un,la,du	consulte	le site
Je cherche le wagon numéro cinq.	Ich suche den Waggon Nummer fünf.	le	un,la,du	cherche	le wagon
Je quitte le parking en dix minutes.	Ich verlasse in zehn Minuten den Parkplatz.	le	un,la,du	quitte	le parking
Je photographie le panneau en passant.	Ich fotografiere im Vorbeigehen das Schild.	le	un,la,du	photographie	le panneau
Je note l'indication sur mon carnet.	Ich notiere die Angabe in meinem Heft.	l'	le,la,un	note	l'indication
Je photographie le monument sous tous les angles.	Ich fotografiere das Denkmal aus allen Winkeln.	le	un,la,du	photographie	le monument
Je combats la nausée avec un médicament.	Ich bekämpfe mit einem Medikament die Übelkeit.	la	une,le,des	combats	la nausée
Je ressens le vertige en haut de la tour.	Ich verspüre oben auf dem Turm Schwindel.	le	un,la,du	ressens	le vertige
Je désinfecte la coupure avec soin.	Ich desinfiziere sorgfältig die Schnittwunde.	la	une,le,des	désinfecte	la coupure
Je soigne la migraine avec un comprimé.	Ich behandle die Migräne mit einer Tablette.	la	une,le,des	soigne	la migraine
J'applique la crème chaque matin.	Ich trage jeden Morgen die Creme auf.	la	une,le,des	applique	la crème
Je cache la timidité derrière un sourire.	Ich verberge hinter einem Lächeln die Schüchternheit.	la	une,le,des	cache	la timidité
Je combats la jalousie avec raison.	Ich bekämpfe vernünftig die Eifersucht.	la	une,le,des	combats	la jalousie
Je ressens la fierté devant mes parents.	Ich empfinde vor meinen Eltern Stolz.	la	une,le,des	ressens	la fierté
J'enseigne la politesse à mes enfants.	Ich bringe meinen Kindern die Höflichkeit bei.	la	une,le,des	enseigne	la politesse
Je perds la patience rarement.	Ich verliere selten die Geduld.	la	une,le,des	perds	la patience
Je cache l'impatience difficilement.	Ich kann die Ungeduld nur schwer verbergen.	l'	le,la,un	cache	l'impatience
Je dénonce l'injustice publiquement.	Ich prangere öffentlich die Ungerechtigkeit an.	l'	le,la,un	dénonce	l'injustice
Je cache la déception devant mes amis.	Ich verberge vor meinen Freunden die Enttäuschung.	la	une,le,des	cache	la déception
Je ferme le casier à clé.	Ich schließe das Schließfach ab.	le	un,la,du	ferme	le casier
J'accepte la punition sans discuter.	Ich akzeptiere die Strafe ohne zu diskutieren.	la	une,le,des	accepte	la punition
Je mérite la récompense amplement.	Ich verdiene die Belohnung redlich.	la	une,le,des	mérite	la récompense
Je recouds le bouton avant de partir.	Ich nähe vor dem Weggehen den Knopf wieder an.	le	un,la,du	recouds	le bouton
Je ressens le soulagement enfin.	Ich empfinde endlich Erleichterung.	le	un,la,du	ressens	le soulagement
Je traverse le lac en pédalo.	Ich überquere den See mit dem Tretboot.	le	un,la,du	traverse	le lac
Je traverse la prairie à cheval.	Ich durchquere die Wiese zu Pferd.	la	une,le,des	traverse	la prairie
Je photographie la cascade de près.	Ich fotografiere aus der Nähe den Wasserfall.	la	une,le,des	photographie	la cascade
J'atteins la falaise avant le coucher du soleil.	Ich erreiche die Klippe vor Sonnenuntergang.	la	une,le,des	atteins	la falaise
Je retourne le matelas chaque saison.	Ich wende jede Jahreszeit die Matratze.	le	un,la,du	retourne	le matelas
Je change l'ampoule dans le couloir.	Ich wechsle die Glühbirne im Flur.	l'	le,la,un	change	l'ampoule
Je range le balai dans le placard.	Ich verstaue den Besen im Schrank.	le	un,la,du	range	le balai
J'utilise la pelle pour creuser.	Ich benutze die Schaufel zum Graben.	la	une,le,des	utilise	la pelle
Je remplis le seau d'eau froide.	Ich fülle den Eimer mit kaltem Wasser.	le	un,la,du	remplis	le seau
J'utilise le chiffon pour dépoussiérer.	Ich benutze den Lappen zum Staubwischen.	le	un,la,du	utilise	le chiffon
Je prépare la confiture chaque été.	Ich mache jeden Sommer Marmelade.	la	une,le,des	prépare	la confiture
Je coupe l'oignon en petits morceaux.	Ich schneide die Zwiebel in kleine Stücke.	l'	le,la,un	coupe	l'oignon
Je prolonge le séjour d'une semaine.	Ich verlängere den Aufenthalt um eine Woche.	le	un,la,du	prolonge	le séjour
J'accompagne la voyageuse jusqu'au quai.	Ich begleite die Reisende bis zum Bahnsteig.	la	une,le,des	accompagne	la voyageuse
Je présente le beau-père à mes amis.	Ich stelle meinen Freunden den Stiefvater vor.	le	un,la,du	présente	le beau-père
Je présente la belle-mère à mes collègues.	Ich stelle meinen Kollegen die Stiefmutter vor.	la	une,le,des	présente	la belle-mère
J'invite le neveu aux vacances.	Ich lade den Neffen in den Urlaub ein.	le	un,la,du	invite	le neveu
J'invite la nièce à mon mariage.	Ich lade die Nichte zu meiner Hochzeit ein.	la	une,le,des	invite	la nièce
Je remplis la baignoire d'eau chaude.	Ich fülle die Badewanne mit heißem Wasser.	la	une,le,des	remplis	la baignoire
Je nettoie le lavabo chaque matin.	Ich putze jeden Morgen das Waschbecken.	le	un,la,du	nettoie	le lavabo
Je répare le robinet ce week-end.	Ich repariere an diesem Wochenende den Wasserhahn.	le	un,la,du	répare	le robinet
J'utilise l'éponge pour la vaisselle.	Ich benutze den Schwamm zum Abwasch.	l'	le,la,un	utilise	l'éponge
Je grille la saucisse au barbecue.	Ich grille am Barbecue die Wurst.	la	une,le,des	grille	la saucisse
Je cueille la cerise dans le jardin.	Ich pflücke im Garten die Kirsche.	la	une,le,des	cueille	la cerise
Je quitte le commissariat après le dépôt de plainte.	Ich verlasse nach der Anzeige die Polizeiwache.	le	un,la,du	quitte	le commissariat
Je traverse le square en vélo.	Ich fahre mit dem Rad durch den kleinen Park.	le	un,la,du	traverse	le square
Je traverse la vallée en train.	Ich durchquere mit dem Zug das Tal.	la	une,le,des	traverse	la vallée
J'escalade le rocher sans corde.	Ich erklettere ohne Seil den Felsen.	le	un,la,du	escalade	le rocher
J'observe le papillon sur la fleur.	Ich beobachte den Schmetterling auf der Blume.	le	un,la,du	observe	le papillon
Je sème la graine au printemps.	Ich säe im Frühling den Samen.	la	une,le,des	sème	la graine
Je reconnais la sonnerie immédiatement.	Ich erkenne sofort das Klingeln.	la	une,le,des	reconnais	la sonnerie
Je nettoie l'évier après le dîner.	Ich putze nach dem Abendessen das Spülbecken.	l'	le,la,un	nettoie	l'évier
Je cherche le portefeuille dans mon sac.	Ich suche den Geldbeutel in meiner Tasche.	le	un,la,du	cherche	le portefeuille
J'enregistre le bagage avant le vol.	Ich checke vor dem Flug das Gepäck ein.	le	un,la,du	enregistre	le bagage
Je traverse le tunnel en dix minutes.	Ich durchfahre in zehn Minuten den Tunnel.	le	un,la,du	traverse	le tunnel
Je présente l'ordonnance au pharmacien.	Ich zeige dem Apotheker das Rezept.	l'	le,la,un	présente	l'ordonnance
Je ramasse le coquillage sur la plage.	Ich sammle am Strand die Muschel.	le	un,la,du	ramasse	le coquillage
Je prononce la syllabe correctement.	Ich spreche die Silbe richtig aus.	la	une,le,des	prononce	la syllabe
Je quitte la banlieue pour le centre.	Ich verlasse den Vorort in Richtung Zentrum.	la	une,le,des	quitte	la banlieue
J'aide la passagère avec sa valise.	Ich helfe der Passagierin mit ihrem Koffer.	la	une,le,des	aide	la passagère
J'entends le tonnerre au loin.	Ich höre in der Ferne den Donner.	le	un,la,du	entends	le tonnerre
Je réduis la quantité par précaution.	Ich reduziere vorsichtshalber die Menge.	la	une,le,des	réduis	la quantité
J'admire la facilité de ce système.	Ich bewundere die Leichtigkeit dieses Systems.	la	une,le,des	admire	la facilité
Je termine la réflexion avant de répondre.	Ich beende die Überlegung, bevor ich antworte.	la	une,le,des	termine	la réflexion
Je reconnais l'influence de ce professeur.	Ich erkenne den Einfluss dieses Lehrers an.	l'	le,la,un	reconnais	l'influence
J'accepte l'échec avec sagesse.	Ich akzeptiere weise den Misserfolg.	l'	le,la,un	accepte	l'échec
Je reconnais l'avantage immédiatement.	Ich erkenne sofort den Vorteil.	l'	le,la,un	reconnais	l'avantage
J'exprime la certitude sans hésiter.	Ich äußere ohne zu zögern die Gewissheit.	la	une,le,des	exprime	la certitude
J'assume la conséquence pleinement.	Ich übernehme voll die Konsequenz.	la	une,le,des	assume	la conséquence
J'explique la démarche en détail.	Ich erkläre das Vorgehen im Detail.	la	une,le,des	explique	la démarche
J'exprime la préférence clairement.	Ich äußere klar die Vorliebe.	la	une,le,des	exprime	la préférence
Je contrôle la respiration pendant l'effort.	Ich kontrolliere während der Anstrengung die Atmung.	la	une,le,des	contrôle	la respiration
Je réduis la dose petit à petit.	Ich reduziere nach und nach die Dosis.	la	une,le,des	réduis	la dose
Je renforce la protection contre le soleil.	Ich verstärke den Schutz vor der Sonne.	la	une,le,des	renforce	la protection
Je réduis la pression sur les pneus.	Ich reduziere den Druck in den Reifen.	la	une,le,des	réduis	la pression
Je range l'outil dans la boîte.	Ich verstaue das Werkzeug in der Kiste.	l'	le,la,un	range	l'outil
J'enseigne la science avec passion.	Ich unterrichte mit Leidenschaft die Wissenschaft.	la	une,le,des	enseigne	la science
J'étudie la littérature depuis trois ans.	Ich studiere seit drei Jahren Literatur.	la	une,le,des	étudie	la littérature
Je traverse la période sans difficulté.	Ich überstehe problemlos den Zeitraum.	la	une,le,des	traverse	la période
Je choisis le modèle avec soin.	Ich wähle sorgfältig das Modell.	le	un,la,du	choisis	le modèle
Je corrige la version avant l'envoi.	Ich korrigiere die Version vor dem Versand.	la	une,le,des	corrige	la version
J'accepte l'exception par gentillesse.	Ich akzeptiere aus Freundlichkeit die Ausnahme.	l'	le,la,un	accepte	l'exception
Je choisis la catégorie sur le site.	Ich wähle auf der Webseite die Kategorie.	la	une,le,des	choisis	la catégorie
Je termine la section en dix minutes.	Ich beende den Abschnitt in zehn Minuten.	la	une,le,des	termine	la section
Je suis la procédure étape par étape.	Ich befolge Schritt für Schritt das Verfahren.	la	une,le,des	suis	la procédure
Je cite la référence correctement.	Ich zitiere korrekt die Referenz.	la	une,le,des	cite	la référence
J'apprécie la précision de ce texte.	Ich schätze die Genauigkeit dieses Textes.	la	une,le,des	apprécie	la précision
Je perçois la nuance immédiatement.	Ich erkenne sofort die Nuance.	la	une,le,des	perçois	la nuance
J'obtiens la majorité au premier tour.	Ich erreiche im ersten Wahlgang die Mehrheit.	la	une,le,des	obtiens	la majorité
Je quitte le secteur après cinq ans.	Ich verlasse nach fünf Jahren den Sektor.	le	un,la,du	quitte	le secteur
J'envisage la perspective sereinement.	Ich betrachte gelassen die Perspektive.	la	une,le,des	envisage	la perspective
Je termine l'analyse avant midi.	Ich beende die Analyse vor Mittag.	l'	le,la,un	termine	l'analyse
Je note l'observation dans mon cahier.	Ich notiere die Beobachtung in meinem Heft.	l'	le,la,un	note	l'observation
J'augmente la production chaque année.	Ich steigere jedes Jahr die Produktion.	la	une,le,des	augmente	la production
J'attends la livraison avec impatience.	Ich erwarte ungeduldig die Lieferung.	la	une,le,des	attends	la livraison
Je remercie la clientèle chaleureusement.	Ich danke herzlich der Kundschaft.	la	une,le,des	remercie	la clientèle
Je visite Paris chaque été avec ma famille.	Ich besuche jeden Sommer mit meiner Familie Paris.	Paris	Lyon,Nice,Rome	visite	Paris
Je termine l'installation avant ce soir.	Ich beende heute Abend die Installation.	l'	le,la,un	termine	l'installation
J'obtiens le diplôme avec mention.	Ich erwerbe mit Auszeichnung das Diplom.	le	un,la,du	obtiens	le diplôme
J'explique le raisonnement étape par étape.	Ich erkläre die Argumentation Schritt für Schritt.	le	un,la,du	explique	le raisonnement
Je commence la carrière à vingt-deux ans.	Ich beginne mit zweiundzwanzig die Karriere.	la	une,le,des	commence	la carrière
Je prépare l'entretien la veille.	Ich bereite das Gespräch am Vortag vor.	l'	le,la,un	prépare	l'entretien
Je reçois la candidate à onze heures.	Ich empfange die Bewerberin um elf Uhr.	la	une,le,des	reçois	la candidate
Je développe la capacité chaque jour.	Ich entwickle jeden Tag die Fähigkeit.	la	une,le,des	développe	la capacité
Je reconnais la faiblesse sans honte.	Ich erkenne ohne Scham die Schwäche.	la	une,le,des	reconnais	la faiblesse
Je propose la collaboration à mon collègue.	Ich schlage meinem Kollegen die Zusammenarbeit vor.	la	une,le,des	propose	la collaboration
Je note le chiffre sur mon carnet.	Ich notiere die Zahl in meinem Heft.	le	un,la,du	note	le chiffre
Je demande l'autorisation au directeur.	Ich bitte den Direktor um die Genehmigung.	l'	le,la,un	demande	l'autorisation
Je suis le développement avec attention.	Ich verfolge aufmerksam die Entwicklung.	le	un,la,du	suis	le développement
Je teste la compréhension avec un exercice.	Ich teste mit einer Übung das Verständnis.	la	une,le,des	teste	la compréhension
Je consulte le registre avant de partir.	Ich sehe vor dem Weggehen im Register nach.	le	un,la,du	consulte	le registre
J'explique le phénomène simplement.	Ich erkläre einfach das Phänomen.	le	un,la,du	explique	le phénomène
Je présente la démonstration avec des chiffres.	Ich präsentiere mit Zahlen den Nachweis.	la	une,le,des	présente	la démonstration
Je respecte l'obligation sans exception.	Ich halte ausnahmslos die Verpflichtung ein.	l'	le,la,un	respecte	l'obligation
Je demande la permission à mes parents.	Ich bitte meine Eltern um Erlaubnis.	la	une,le,des	demande	la permission
J'explique la notion avec un exemple.	Ich erkläre mit einem Beispiel den Begriff.	la	une,le,des	explique	la notion
Je trouve l'indice sur la scène.	Ich finde den Hinweis am Tatort.	l'	le,la,un	trouve	l'indice
Je termine l'inscription en cinq minutes.	Ich beende die Anmeldung in fünf Minuten.	l'	le,la,un	termine	l'inscription
J'apprécie la simplicité de ce plan.	Ich schätze die Einfachheit dieses Plans.	la	une,le,des	apprécie	la simplicité
J'exige la transparence du gouvernement.	Ich fordere Transparenz von der Regierung.	la	une,le,des	exige	la transparence
Je réduis la marge sur ce produit.	Ich reduziere die Marge bei diesem Produkt.	la	une,le,des	réduis	la marge
Je réduis la fréquence des visites.	Ich reduziere die Häufigkeit der Besuche.	la	une,le,des	réduis	la fréquence
J'explique la succession des événements.	Ich erkläre die Abfolge der Ereignisse.	la	une,le,des	explique	la succession
Je constate l'écart entre les deux résultats.	Ich stelle die Abweichung zwischen beiden Ergebnissen fest.	l'	le,la,un	constate	l'écart
Je définis le cadre du projet.	Ich definiere den Rahmen des Projekts.	le	un,la,du	définis	le cadre
J'explique la nécessité de cette réforme.	Ich erkläre die Notwendigkeit dieser Reform.	la	une,le,des	explique	la nécessité
Je termine la phase sans problème.	Ich beende problemlos die Phase.	la	une,le,des	termine	la phase
J'apprécie la clarté de cette explication.	Ich schätze die Klarheit dieser Erklärung.	la	une,le,des	apprécie	la clarté
J'admire la rigueur de son travail.	Ich bewundere die Genauigkeit seiner Arbeit.	la	une,le,des	admire	la rigueur
Je recommande la prudence sur la route.	Ich empfehle Vorsicht auf der Straße.	la	une,le,des	recommande	la prudence
J'apprécie la proximité du centre-ville.	Ich schätze die Nähe zur Innenstadt.	la	une,le,des	apprécie	la proximité
Je termine la formation en deux ans.	Ich beende die Ausbildung in zwei Jahren.	la	une,le,des	termine	la formation
J'organise la réception avec soin.	Ich organisiere sorgfältig den Empfang.	la	une,le,des	organise	la réception
J'explique la distinction entre les deux mots.	Ich erkläre die Unterscheidung zwischen den beiden Wörtern.	la	une,le,des	explique	la distinction
J'envisage le recours sérieusement.	Ich erwäge ernsthaft die Nutzung.	le	un,la,du	envisage	le recours
Je remercie l'appui de mes collègues.	Ich danke für die Unterstützung meiner Kollegen.	l'	le,la,un	remercie	l'appui
Je renforce la surveillance du quartier.	Ich verstärke die Überwachung des Viertels.	la	une,le,des	renforce	la surveillance
Je ressens la complicité avec ma sœur.	Ich spüre mit meiner Schwester Verbundenheit.	la	une,le,des	ressens	la complicité
Je ressens l'attachement pour ce lieu.	Ich empfinde für diesen Ort Bindung.	l'	le,la,un	ressens	l'attachement
J'accepte la séparation difficilement.	Ich akzeptiere die Trennung nur schwer.	la	une,le,des	accepte	la séparation
Je traverse l'adolescence avec des hauts et des bas.	Ich durchlebe die Jugendzeit mit Höhen und Tiefen.	l'	le,la,un	traverse	l'adolescence
Je représente la génération avec fierté.	Ich vertrete stolz die Generation.	la	une,le,des	représente	la génération
Je récompense la fidélité du client.	Ich belohne die Treue des Kunden.	la	une,le,des	récompense	la fidélité
Je combats la pauvreté avec ce projet.	Ich bekämpfe mit diesem Projekt die Armut.	la	une,le,des	combats	la pauvreté
J'informe le citoyen de ses droits.	Ich informiere den Bürger über seine Rechte.	le	un,la,du	informe	le citoyen
J'informe la citoyenne de ses droits.	Ich informiere die Bürgerin über ihre Rechte.	la	une,le,des	informe	la citoyenne
Je traverse le ruisseau à pied.	Ich überquere zu Fuß den Bach.	le	un,la,du	traverse	le ruisseau
J'admire le feuillage en automne.	Ich bewundere im Herbst das Laub.	le	un,la,du	admire	le feuillage
Je mesure le tronc avec un ruban.	Ich messe den Baumstamm mit einem Band.	le	un,la,du	mesure	le tronc
J'atteins le rivage à la nage.	Ich erreiche schwimmend das Ufer.	le	un,la,du	atteins	le rivage
Je traverse le marais prudemment.	Ich durchquere vorsichtig den Sumpf.	le	un,la,du	traverse	le marais
Je visite le verger en automne.	Ich besuche im Herbst den Obstgarten.	le	un,la,du	visite	le verger
Je gravis la dune pieds nus.	Ich erklimme barfuß die Düne.	la	une,le,des	gravis	la dune
J'observe la marée depuis la digue.	Ich beobachte vom Deich aus die Gezeiten.	la	une,le,des	observe	la marée
Je récite le poème par cœur.	Ich trage das Gedicht auswendig vor.	le	un,la,du	récite	le poème
Je visite l'exposition avec ma classe.	Ich besuche mit meiner Klasse die Ausstellung.	l'	le,la,un	visite	l'exposition
Je visite la galerie un samedi après-midi.	Ich besuche die Galerie an einem Samstagnachmittag.	la	une,le,des	visite	la galerie
J'accorde l'instrument avant le concert.	Ich stimme vor dem Konzert das Instrument.	l'	le,la,un	accorde	l'instrument
Je remercie le lecteur pour son message.	Ich danke dem Leser für seine Nachricht.	le	un,la,du	remercie	le lecteur
Je remercie la lectrice pour sa fidélité.	Ich danke der Leserin für ihre Treue.	la	une,le,des	remercie	la lectrice
Je tricote la laine tout l'hiver.	Ich stricke den ganzen Winter mit der Wolle.	la	une,le,des	tricote	la laine
J'achète le coton au marché.	Ich kaufe auf dem Markt Baumwolle.	le	un,la,du	achète	le coton
Je répare la semelle avant l'été.	Ich repariere vor dem Sommer die Sohle.	la	une,le,des	répare	la semelle
Je change la coiffure pour la soirée.	Ich ändere für den Abend die Frisur.	la	une,le,des	change	la coiffure
J'admire l'élégance de cette robe.	Ich bewundere die Eleganz dieses Kleides.	l'	le,la,un	admire	l'élégance
Je défends la démocratie avec conviction.	Ich verteidige überzeugt die Demokratie.	la	une,le,des	défends	la démocratie
Je suis l'élection avec attention.	Ich verfolge aufmerksam die Wahl.	l'	le,la,un	suis	l'élection
Je combats le préjugé avec des faits.	Ich bekämpfe mit Fakten das Vorurteil.	le	un,la,du	combats	le préjugé
Je rejoins la manifestation en début d'après-midi.	Ich schließe mich am frühen Nachmittag der Demonstration an.	la	une,le,des	rejoins	la manifestation
Je rencontre l'auteur lors du salon.	Ich treffe den Autor bei der Messe.	l'	le,la,un	rencontre	l'auteur
Je termine le tournage avant l'hiver.	Ich beende den Dreh vor dem Winter.	le	un,la,du	termine	le tournage
Je chante le refrain avec le public.	Ich singe mit dem Publikum den Refrain.	le	un,la,du	chante	le refrain
J'admire la création de cet artiste.	Ich bewundere die Schöpfung dieses Künstlers.	la	une,le,des	admire	la création
Je prépare la représentation depuis un mois.	Ich bereite seit einem Monat die Aufführung vor.	la	une,le,des	prépare	la représentation
J'envoie le manuscrit à l'éditeur.	Ich schicke das Manuskript an den Verlag.	le	un,la,du	envoie	le manuscrit
J'apprécie la gentillesse de mes voisins.	Ich schätze die Freundlichkeit meiner Nachbarn.	la	une,le,des	apprécie	la gentillesse
Je montre la sensibilité face à ce sujet.	Ich zeige bei diesem Thema Sensibilität.	la	une,le,des	montre	la sensibilité
J'admire la générosité de ce donateur.	Ich bewundere die Großzügigkeit dieses Spenders.	la	une,le,des	admire	la générosité
Je ressens la méfiance envers cet inconnu.	Ich empfinde diesem Fremden gegenüber Misstrauen.	la	une,le,des	ressens	la méfiance
Je choisis le loisir selon mes envies.	Ich wähle die Freizeitbeschäftigung nach meiner Laune.	le	un,la,du	choisis	le loisir
J'expose la collection dans le salon.	Ich stelle die Sammlung im Wohnzimmer aus.	la	une,le,des	expose	la collection
Je recherche la détente après cette semaine.	Ich suche nach dieser Woche Entspannung.	la	une,le,des	recherche	la détente
J'observe l'insecte sous la loupe.	Ich beobachte das Insekt unter der Lupe.	l'	le,la,un	observe	l'insecte
Je garde le troupeau toute la journée.	Ich hüte den ganzen Tag die Herde.	le	un,la,du	garde	le troupeau
J'observe le nid sans le toucher.	Ich beobachte das Nest, ohne es zu berühren.	le	un,la,du	observe	le nid
Je photographie le bec de près.	Ich fotografiere aus der Nähe den Schnabel.	le	un,la,du	photographie	le bec
Je brosse la fourrure chaque semaine.	Ich bürste jede Woche das Fell.	la	une,le,des	brosse	la fourrure
J'assure la survie du groupe.	Ich sichere das Überleben der Gruppe.	la	une,le,des	assure	la survie
J'observe la proie de loin.	Ich beobachte aus der Ferne die Beute.	la	une,le,des	observe	la proie
J'étudie la colonie en cours de sciences.	Ich untersuche im Biologieunterricht die Kolonie.	la	une,le,des	étudie	la colonie
J'atteins la clairière après une heure de marche.	Ich erreiche nach einer Stunde Fußmarsch die Lichtung.	la	une,le,des	atteins	la clairière
Je respecte le délai sans faute.	Ich halte ausnahmslos die Frist ein.	le	un,la,du	respecte	le délai
Je quitte le foyer à six heures.	Ich verlasse um sechs Uhr das Zuhause.	le	un,la,du	quitte	le foyer
Je remercie le parrain pour son cadeau.	Ich danke dem Paten für sein Geschenk.	le	un,la,du	remercie	le parrain
Je traverse le deuil avec le soutien de mes proches.	Ich durchlebe mit der Unterstützung meiner Angehörigen die Trauer.	le	un,la,du	traverse	le deuil
Je remercie l'infirmier pour sa gentillesse.	Ich danke dem Krankenpfleger für seine Freundlichkeit.	l'	le,la,un	remercie	l'infirmier
Je remercie l'infirmière pour sa gentillesse.	Ich danke der Krankenpflegerin für ihre Freundlichkeit.	l'	le,la,un	remercie	l'infirmière
Je cherche le remède contre cette toux.	Ich suche ein Heilmittel gegen diesen Husten.	le	un,la,du	cherche	le remède
Je cache la cicatrice sous ma manche.	Ich verstecke die Narbe unter meinem Ärmel.	la	une,le,des	cache	la cicatrice
Je désinfecte la piqûre avec de l'alcool.	Ich desinfiziere den Stich mit Alkohol.	la	une,le,des	désinfecte	la piqûre
Je mentionne le malaise au moniteur.	Ich melde dem Betreuer das Unwohlsein.	le	un,la,du	mentionne	le malaise
Je soigne l'infection avec un antibiotique.	Ich behandle die Infektion mit einem Antibiotikum.	l'	le,la,un	soigne	l'infection
Je masse la cheville après la course.	Ich massiere nach dem Laufen den Knöchel.	la	une,le,des	masse	la cheville
Je protège le poignet avec une bande.	Ich schütze das Handgelenk mit einer Bandage.	le	un,la,du	protège	le poignet
Je mesure le pouls avant l'effort.	Ich messe vor der Anstrengung den Puls.	le	un,la,du	mesure	le pouls
Je perds l'appétit en cas de fièvre.	Ich verliere bei Fieber den Appetit.	l'	le,la,un	perds	l'appétit
Je cherche le gant sous le lit.	Ich suche den Handschuh unter dem Bett.	le	un,la,du	cherche	le gant
Je porte le foulard autour du cou.	Ich trage das Halstuch um den Hals.	le	un,la,du	porte	le foulard
Je porte la casquette pour me protéger du soleil.	Ich trage die Kappe zum Sonnenschutz.	la	une,le,des	porte	la casquette
Je termine le puzzle en une soirée.	Ich beende das Puzzle an einem Abend.	le	un,la,du	termine	le puzzle
Je fais la sieste après le déjeuner.	Ich mache nach dem Mittagessen einen Mittagsschlaf.	la	une,le,des	fais	la sieste
J'achète le pyjama pour l'hiver.	Ich kaufe für den Winter einen Schlafanzug.	le	un,la,du	achète	le pyjama
Je range la botte dans l'entrée.	Ich stelle den Stiefel im Flur ab.	la	une,le,des	range	la botte
J'accorde le violon avant le concert.	Ich stimme vor dem Konzert die Geige.	le	un,la,du	accorde	le violon
Je range la flûte dans son étui.	Ich lege die Flöte in ihr Etui.	la	une,le,des	range	la flûte
J'admire le réalisateur depuis des années.	Ich bewundere seit Jahren den Regisseur.	le	un,la,du	admire	le réalisateur
J'interviewe la réalisatrice après le film.	Ich interviewe die Regisseurin nach dem Film.	la	une,le,des	interviewe	la réalisatrice
Je remercie le spectateur pour sa question.	Ich danke dem Zuschauer für seine Frage.	le	un,la,du	remercie	le spectateur
Je remercie la spectatrice pour son enthousiasme.	Ich danke der Zuschauerin für ihre Begeisterung.	la	une,le,des	remercie	la spectatrice
Je dirige l'orchestre avec passion.	Ich dirigiere mit Leidenschaft das Orchester.	l'	le,la,un	dirige	l'orchestre
J'admire le chef-d'œuvre en silence.	Ich bewundere schweigend das Meisterwerk.	le	un,la,du	admire	le chef-d'œuvre
Je respecte la coutume du village.	Ich respektiere den Brauch des Dorfes.	la	une,le,des	respecte	la coutume
J'apprécie la discrétion de mon assistant.	Ich schätze die Zurückhaltung meines Assistenten.	la	une,le,des	apprécie	la discrétion
Je note le témoignage avec attention.	Ich nehme aufmerksam das Zeugnis auf.	le	un,la,du	note	le témoignage
Je recherche l'entente entre les deux parties.	Ich suche das Einvernehmen zwischen beiden Parteien.	l'	le,la,un	recherche	l'entente
Je termine la querelle par une excuse.	Ich beende den Streit mit einer Entschuldigung.	la	une,le,des	termine	la querelle
Je célèbre l'union avec toute la famille.	Ich feiere mit der ganzen Familie die Vereinigung.	l'	le,la,un	célèbre	l'union
Je termine l'essai avant la date limite.	Ich beende den Essay vor der Frist.	l'	le,la,un	termine	l'essai
Je cite le poète dans mon devoir.	Ich zitiere den Dichter in meiner Hausarbeit.	le	un,la,du	cite	le poète
J'admire la poétesse depuis longtemps.	Ich bewundere schon lange die Dichterin.	la	une,le,des	admire	la poétesse
Je remercie la musicienne après le concert.	Ich danke der Musikerin nach dem Konzert.	la	une,le,des	remercie	la musicienne
J'admire la sagesse de mes grands-parents.	Ich bewundere die Weisheit meiner Großeltern.	la	une,le,des	admire	la sagesse
Je respecte l'intervalle entre les prises.	Ich halte das Intervall zwischen den Einnahmen ein.	l'	le,la,un	respecte	l'intervalle
Je ralentis la cadence progressivement.	Ich verlangsame nach und nach den Rhythmus.	la	une,le,des	ralentis	la cadence
Je porte l'imperméable sous la pluie.	Ich trage bei Regen den Regenmantel.	l'	le,la,un	porte	l'imperméable
Je mets le peignoir en sortant de la douche.	Ich ziehe nach der Dusche den Bademantel an.	le	un,la,du	mets	le peignoir
J'offre le bracelet pour son anniversaire.	Ich schenke ihr zum Geburtstag das Armband.	le	un,la,du	offre	le bracelet
J'offre le collier pour Noël.	Ich schenke ihr zu Weihnachten die Halskette.	le	un,la,du	offre	le collier
Je coupe la frange moi-même.	Ich schneide mir selbst den Pony.	la	une,le,des	coupe	la frange
Je défais le chignon avant de dormir.	Ich löse vor dem Schlafen den Dutt.	le	un,la,du	défais	le chignon
Je coiffe la boucle avec soin.	Ich frisiere sorgfältig die Locke.	la	une,le,des	coiffe	la boucle
Je protège le teint avec de la crème.	Ich schütze mit Creme den Teint.	le	un,la,du	protège	le teint
J'admire la modestie de ce champion.	Ich bewundere die Bescheidenheit dieses Champions.	la	une,le,des	admire	la modestie
Je condamne la méchanceté fermement.	Ich verurteile entschieden die Bosheit.	la	une,le,des	condamne	la méchanceté
J'observe la foudre depuis la fenêtre.	Ich beobachte vom Fenster aus den Blitz.	la	une,le,des	observe	la foudre
J'affronte la rafale sur le pont.	Ich stelle mich auf der Brücke der Böe.	la	une,le,des	affronte	la rafale
J'occupe la matinée avec des courses.	Ich verbringe den Vormittag mit Besorgungen.	la	une,le,des	occupe	la matinée
Je pratique la pêche chaque été.	Ich betreibe jeden Sommer das Angeln.	la	une,le,des	pratique	la pêche
Je termine le tricot avant Noël.	Ich beende vor Weihnachten das Stricken.	le	un,la,du	termine	le tricot
J'évite l'impasse grâce au plan.	Ich vermeide dank des Plans die Sackgasse.	l'	le,la,un	évite	l'impasse
Je cherche la borne sur le parking.	Ich suche auf dem Parkplatz die Ladesäule.	la	une,le,des	cherche	la borne
Je remplis le panier de légumes.	Ich fülle den Korb mit Gemüse.	le	un,la,du	remplis	le panier
Je pousse le chariot jusqu'à la caisse.	Ich schiebe den Einkaufswagen bis zur Kasse.	le	un,la,du	pousse	le chariot
Je propose la promotion ce mois-ci.	Ich biete diesen Monat das Sonderangebot an.	la	une,le,des	propose	la promotion
Je récupère la caution en fin de séjour.	Ich bekomme am Ende des Aufenthalts die Kaution zurück.	la	une,le,des	récupère	la caution
J'organise le retrait avant midi.	Ich organisiere vor Mittag die Abholung.	le	un,la,du	organise	le retrait
Je contacte le propriétaire par téléphone.	Ich kontaktiere telefonisch den Eigentümer.	le	un,la,du	contacte	le propriétaire
Je répare la fuite sous l'évier.	Ich repariere unter der Spüle das Leck.	la	une,le,des	répare	la fuite
Je change la serrure après le déménagement.	Ich wechsle nach dem Umzug das Schloss.	la	une,le,des	change	la serrure
Je ferme le verrou chaque soir.	Ich schließe jeden Abend den Riegel.	le	un,la,du	ferme	le verrou
Je traverse le palier sans bruit.	Ich durchquere geräuschlos den Treppenabsatz.	le	un,la,du	traverse	le palier
Je paye le loyer le premier du mois.	Ich bezahle die Miete am Monatsersten.	le	un,la,du	paye	le loyer
Je contacte le ministère par courrier.	Ich kontaktiere das Ministerium per Post.	le	un,la,du	contacte	le ministère
Je quitte le tribunal après le verdict.	Ich verlasse das Gericht nach dem Urteil.	le	un,la,du	quitte	le tribunal
Je combats le chômage avec ce programme.	Ich bekämpfe mit diesem Programm die Arbeitslosigkeit.	le	un,la,du	combats	le chômage
Je négocie le salaire avec mon employeur.	Ich verhandle mit meinem Arbeitgeber das Gehalt.	le	un,la,du	négocie	le salaire
J'attends la retraite avec impatience.	Ich erwarte ungeduldig die Rente.	la	une,le,des	attends	la retraite
Je contacte le syndicat pour un conseil.	Ich kontaktiere die Gewerkschaft für einen Rat.	le	un,la,du	contacte	le syndicat
Je soutiens la grève par solidarité.	Ich unterstütze aus Solidarität den Streik.	la	une,le,des	soutiens	la grève
Je regarde le reportage chaque dimanche.	Ich schaue mir jeden Sonntag die Reportage an.	le	un,la,du	regarde	le reportage
J'interviewe le journaliste après le match.	Ich interviewe den Journalisten nach dem Spiel.	le	un,la,du	interviewe	le journaliste
J'interviewe la journaliste en direct.	Ich interviewe die Journalistin live.	la	une,le,des	interviewe	la journaliste
J'active le sous-titre en allemand.	Ich aktiviere den Untertitel auf Deutsch.	le	un,la,du	active	le sous-titre
Je dément la rumeur immédiatement.	Ich dementiere sofort das Gerücht.	la	une,le,des	dément	la rumeur
J'évite la flaque en marchant.	Ich umgehe beim Gehen die Pfütze.	la	une,le,des	évite	la flaque
J'enlève la cendre de la cheminée.	Ich entferne die Asche aus dem Kamin.	la	une,le,des	enlève	la cendre
Je ramasse le caillou sur le chemin.	Ich hebe auf dem Weg den Kieselstein auf.	le	un,la,du	ramasse	le caillou
J'observe la mousse sur le tronc.	Ich betrachte auf dem Stamm das Moos.	la	une,le,des	observe	la mousse
Je ramasse le champignon en forêt.	Ich sammle im Wald den Pilz.	le	un,la,du	ramasse	le champignon
J'assure l'éducation avec patience.	Ich sorge geduldig für die Erziehung.	l'	le,la,un	assure	l'éducation
Je pardonne la trahison difficilement.	Ich verzeihe nur schwer den Verrat.	la	une,le,des	pardonne	la trahison
Je ressens l'affection pour ce chat.	Ich empfinde für diese Katze Zuneigung.	l'	le,la,un	ressens	l'affection
Je reçois l'héritage de ma grand-mère.	Ich erhalte von meiner Großmutter das Erbe.	l'	le,la,un	reçois	l'héritage
Je présente le jumeau à mes amis.	Ich stelle meinen Freunden den Zwilling vor.	le	un,la,du	présente	le jumeau
Je confonds la jumelle avec sa sœur.	Ich verwechsle die Zwillingsschwester mit ihrer Schwester.	la	une,le,des	confonds	la jumelle
Je découvre la poésie grâce à mon professeur.	Ich entdecke dank meines Lehrers die Poesie.	la	une,le,des	découvre	la poésie
Je remercie le photographe pour les photos.	Ich danke dem Fotografen für die Fotos.	le	un,la,du	remercie	le photographe
Je remercie la photographe pour son talent.	Ich danke der Fotografin für ihr Talent.	la	une,le,des	remercie	la photographe
Je termine l'épisode avant minuit.	Ich beende die Folge vor Mitternacht.	l'	le,la,un	termine	l'épisode
Je reconnais la vedette tout de suite.	Ich erkenne sofort den Star.	la	une,le,des	reconnais	la vedette
J'évite le drame en restant calme.	Ich vermeide das Drama, indem ich ruhig bleibe.	le	un,la,du	évite	le drame
J'écris le scénario en trois mois.	Ich schreibe das Drehbuch in drei Monaten.	le	un,la,du	écris	le scénario
Je termine la répétition avant le dîner.	Ich beende die Probe vor dem Abendessen.	la	une,le,des	termine	la répétition
J'admire la gravure au musée.	Ich bewundere im Museum den Stich.	la	une,le,des	admire	la gravure
Je contacte l'éditeur pour le manuscrit.	Ich kontaktiere den Verleger wegen des Manuskripts.	l'	le,la,un	contacte	l'éditeur
Je regarde la comédie avec plaisir.	Ich schaue mir mit Vergnügen die Komödie an.	la	une,le,des	regarde	la comédie
Je contacte l'éditrice pour le manuscrit.	Ich kontaktiere die Verlegerin wegen des Manuskripts.	l'	le,la,un	contacte	l'éditrice
J'appelle l'ambulance immédiatement.	Ich rufe sofort den Krankenwagen.	l'	le,la,un	appelle	l'ambulance
Je commence la thérapie la semaine prochaine.	Ich beginne nächste Woche die Therapie.	la	une,le,des	commence	la thérapie
Je défends la république avec conviction.	Ich verteidige überzeugt die Republik.	la	une,le,des	défends	la république
Je questionne le député au sujet du projet.	Ich befrage den Abgeordneten zum Projekt.	le	un,la,du	questionne	le député
Je remercie la députée pour son engagement.	Ich danke der Abgeordneten für ihr Engagement.	la	une,le,des	remercie	la députée
Je rencontre le sénateur lors du débat.	Ich treffe den Senator bei der Debatte.	le	un,la,du	rencontre	le sénateur
Je cite la sénatrice dans mon exposé.	Ich zitiere die Senatorin in meinem Referat.	la	une,le,des	cite	la sénatrice
Je rejoins le militant sur la place.	Ich schließe mich dem Aktivisten auf dem Platz an.	le	un,la,du	rejoins	le militant
J'admire la militante pour son courage.	Ich bewundere die Aktivistin für ihren Mut.	la	une,le,des	admire	la militante
Je salue l'habitante chaque matin.	Ich grüße jeden Morgen die Einwohnerin.	l'	le,la,un	salue	l'habitante
Je mets le gilet avant de sortir.	Ich ziehe vor dem Rausgehen die Strickjacke an.	le	un,la,du	mets	le gilet
J'offre la bague pour ses fiançailles.	Ich schenke ihr zur Verlobung den Ring.	la	une,le,des	offre	la bague
Je coud la dentelle sur la robe.	Ich nähe die Spitze auf das Kleid.	la	une,le,des	coud	la dentelle
Je noue le lacet avant de courir.	Ich binde vor dem Laufen den Schnürsenkel.	le	un,la,du	noue	le lacet
Je reconnais le défaut sans problème.	Ich erkenne problemlos den Makel.	le	un,la,du	reconnais	le défaut
J'admire la bonté de cette femme.	Ich bewundere die Güte dieser Frau.	la	une,le,des	admire	la bonté
Je ressens la compassion pour les victimes.	Ich empfinde für die Opfer Mitgefühl.	la	une,le,des	ressens	la compassion
J'exprime le regret sincèrement.	Ich äußere aufrichtig das Bedauern.	le	un,la,du	exprime	le regret
Je retrouve la sérénité en vacances.	Ich finde im Urlaub die Gelassenheit wieder.	la	une,le,des	retrouve	la sérénité
J'évite la panique en respirant calmement.	Ich vermeide durch ruhiges Atmen die Panik.	la	une,le,des	évite	la panique
Je partage l'enthousiasme avec mes élèves.	Ich teile mit meinen Schülern die Begeisterung.	l'	le,la,un	partage	l'enthousiasme
Je ressens la culpabilité après cette dispute.	Ich empfinde nach diesem Streit Schuldgefühl.	la	une,le,des	ressens	la culpabilité
Je ressens la nostalgie en regardant ces photos.	Ich empfinde beim Betrachten dieser Fotos Nostalgie.	la	une,le,des	ressens	la nostalgie
Je cache le chagrin devant mes amis.	Ich verberge vor meinen Freunden den Kummer.	le	un,la,du	cache	le chagrin
Je reçois la médaille avec fierté.	Ich nehme stolz die Medaille entgegen.	la	une,le,des	reçois	la médaille
Je termine la séance à dix-huit heures.	Ich beende die Einheit um achtzehn Uhr.	la	une,le,des	termine	la séance
J'arrache la racine du jardin.	Ich reiße die Wurzel aus dem Garten.	la	une,le,des	arrache	la racine
J'explore la grotte avec une lampe.	Ich erkunde mit einer Lampe die Höhle.	la	une,le,des	explore	la grotte
J'observe la grenouille au bord de l'étang.	Ich beobachte am Teichrand den Frosch.	la	une,le,des	observe	la grenouille
Je photographie le renard au petit matin.	Ich fotografiere im Morgengrauen den Fuchs.	le	un,la,du	photographie	le renard
Je nourris l'écureuil chaque hiver.	Ich füttere jeden Winter das Eichhörnchen.	l'	le,la,un	nourris	l'écureuil
J'observe la fourmi sous la loupe.	Ich beobachte unter der Lupe die Ameise.	la	une,le,des	observe	la fourmi
Je coupe le buisson chaque printemps.	Ich schneide jeden Frühling den Busch.	le	un,la,du	coupe	le buisson
J'examine l'écorce de près.	Ich untersuche aus der Nähe die Rinde.	l'	le,la,un	examine	l'écorce
Je traverse la mare avec des bottes.	Ich durchquere mit Stiefeln den Teich.	la	une,le,des	traverse	la mare
Je photographie la biche à l'aube.	Ich fotografiere im Morgengrauen die Hirschkuh.	la	une,le,des	photographie	la biche
Je termine la corvée avant midi.	Ich beende vor Mittag die lästige Aufgabe.	la	une,le,des	termine	la corvée
Je range le fouet dans le tiroir.	Ich verstaue den Schneebesen in der Schublade.	le	un,la,du	range	le fouet
Je lave le torchon chaque semaine.	Ich wasche jede Woche das Geschirrtuch.	le	un,la,du	lave	le torchon
Je ferme le volet avant l'orage.	Ich schließe vor dem Gewitter den Fensterladen.	le	un,la,du	ferme	le volet
Je répare la gouttière avant l'hiver.	Ich repariere vor dem Winter die Regenrinne.	la	une,le,des	répare	la gouttière
Je porte le tablier en cuisinant.	Ich trage beim Kochen die Schürze.	le	un,la,du	porte	le tablier
Je cherche le couvercle pour la casserole.	Ich suche den Deckel für den Topf.	le	un,la,du	cherche	le couvercle
J'envoie le colis avant vendredi.	Ich verschicke das Paket vor Freitag.	le	un,la,du	envoie	le colis
Je remplis le carton de livres.	Ich fülle den Karton mit Büchern.	le	un,la,du	remplis	le carton
Je confirme l'expédition par mail.	Ich bestätige per E-Mail den Versand.	l'	le,la,un	confirme	l'expédition
J'évite l'autoroute aux heures de pointe.	Ich meide zu den Stoßzeiten die Autobahn.	l'	le,la,un	évite	l'autoroute
Je change la roue sur le bord de la route.	Ich wechsle am Straßenrand das Rad.	la	une,le,des	change	la roue
J'évite le détour grâce au GPS.	Ich vermeide dank GPS den Umweg.	le	un,la,du	évite	le détour
Je négocie le virage avec prudence.	Ich nehme die Kurve vorsichtig.	le	un,la,du	négocie	le virage
Je casse la noix avec un casse-noix.	Ich knacke mit einem Nussknacker die Walnuss.	la	une,le,des	casse	la noix
Je trempe le biscuit dans le lait.	Ich tauche den Keks in die Milch.	le	un,la,du	trempe	le biscuit
Je prépare la tarte pour le dessert.	Ich mache die Tarte als Nachtisch.	la	une,le,des	prépare	la tarte
Je remplis le bol de céréales.	Ich fülle die Schüssel mit Cerealien.	le	un,la,du	remplis	le bol
Je pétris la pâte pendant dix minutes.	Ich knete zehn Minuten den Teig.	la	une,le,des	pétris	la pâte
Je masse la hanche après le sport.	Ich massiere nach dem Sport die Hüfte.	la	une,le,des	masse	la hanche
Je montre la paume au médecin.	Ich zeige dem Arzt die Handfläche.	la	une,le,des	montre	la paume
Je désinfecte la plaie immédiatement.	Ich desinfiziere sofort die Wunde.	la	une,le,des	désinfecte	la plaie
Je soigne la brûlure avec de la crème.	Ich behandle mit Creme die Verbrennung.	la	une,le,des	soigne	la brûlure
Je porte le masque en entrant.	Ich trage beim Reingehen die Maske.	le	un,la,du	porte	le masque
Je maquille la pommette légèrement.	Ich schminke leicht den Wangenknochen.	la	une,le,des	maquille	la pommette
Je serre la mâchoire sous le stress.	Ich verkrampfe unter Stress den Kiefer.	la	une,le,des	serre	la mâchoire
J'étire le mollet avant la course.	Ich dehne vor dem Lauf die Wade.	le	un,la,du	étire	le mollet
Je cache la ride avec du maquillage.	Ich verdecke mit Make-up die Falte.	la	une,le,des	cache	la ride
Je montre le tatouage avec fierté.	Ich zeige stolz das Tattoo.	le	un,la,du	montre	le tatouage
J'enlève le maquillage avant de dormir.	Ich entferne vor dem Schlafen das Make-up.	le	un,la,du	enlève	le maquillage
Je recourbe le cil avec la pince.	Ich biege mit der Zange die Wimper.	le	un,la,du	recourbe	le cil
Je change le look pour la soirée.	Ich ändere für den Abend den Look.	le	un,la,du	change	le look
J'organise la cérémonie pour ses trente ans.	Ich organisiere zu seinem dreißigsten Geburtstag die Zeremonie.	la	une,le,des	organise	la cérémonie
Je prépare le baptême avec la famille.	Ich bereite mit der Familie die Taufe vor.	le	un,la,du	prépare	le baptême
Je garde la rancune trop longtemps.	Ich hege zu lange den Groll.	la	une,le,des	garde	la rancune
Je garde la confidence précieusement.	Ich bewahre sorgfältig das anvertraute Geheimnis.	la	une,le,des	garde	la confidence
J'aperçois l'éclair à l'horizon.	Ich erblicke am Horizont den Blitz.	l'	le,la,un	aperçois	l'éclair
Je taille la haie chaque printemps.	Ich schneide jeden Frühling die Hecke.	la	une,le,des	taille	la haie
Je traverse le torrent sur des pierres.	Ich überquere den Wildbach über Steine.	le	un,la,du	traverse	le torrent
J'observe le lézard sur le mur.	Ich beobachte auf der Mauer die Eidechse.	le	un,la,du	observe	le lézard
Je photographie la mouette au-dessus du port.	Ich fotografiere über dem Hafen die Möwe.	la	une,le,des	photographie	la mouette
J'évite le crapaud sur le chemin.	Ich weiche auf dem Weg der Kröte aus.	le	un,la,du	évite	le crapaud
Je feuillette l'album avec nostalgie.	Ich blättere wehmütig durch das Album.	l'	le,la,un	feuillette	l'album
Je recherche l'harmonie dans le groupe.	Ich suche in der Gruppe Harmonie.	l'	le,la,un	recherche	l'harmonie
Je nettoie le pinceau après la peinture.	Ich reinige nach dem Malen den Pinsel.	le	un,la,du	nettoie	le pinceau
Je ressens le remords toute la nuit.	Ich empfinde die ganze Nacht Reue.	le	un,la,du	ressens	le remords
Je cache l'embarras du mieux possible.	Ich verberge, so gut es geht, die Verlegenheit.	l'	le,la,un	cache	l'embarras
Je provoque la stupeur chez tous.	Ich löse bei allen Erstaunen aus.	la	une,le,des	provoque	la stupeur
Je trouve la consolation auprès de mes amis.	Ich finde bei meinen Freunden Trost.	la	une,le,des	trouve	la consolation
Je ressens la terreur un instant.	Ich empfinde kurz Schrecken.	la	une,le,des	ressens	la terreur
Je respecte la pudeur toujours.	Ich respektiere immer die Schamhaftigkeit.	la	une,le,des	respecte	la pudeur
Je cache le dégoût poliment.	Ich verberge höflich den Ekel.	le	un,la,du	cache	le dégoût
Je signale la détresse par un appel.	Ich melde durch einen Anruf die Not.	la	une,le,des	signale	la détresse
Je combats la lassitude avec du sport.	Ich bekämpfe mit Sport den Überdruss.	la	une,le,des	combats	la lassitude
Je retrouve la gaieté en famille.	Ich finde in der Familie die Fröhlichkeit wieder.	la	une,le,des	retrouve	la gaieté
Je ressens la mélancolie en automne.	Ich empfinde im Herbst Melancholie.	la	une,le,des	ressens	la mélancolie
Je décore la vitrine pour Noël.	Ich dekoriere für Weihnachten das Schaufenster.	la	une,le,des	décore	la vitrine
J'envoie le rappel par mail.	Ich schicke per E-Mail die Erinnerung.	le	un,la,du	envoie	le rappel
Je répare la fermeture sur ma veste.	Ich repariere den Verschluss an meiner Jacke.	la	une,le,des	répare	la fermeture
J'ajuste la bretelle avant de partir.	Ich stelle vor der Abfahrt den Träger ein.	la	une,le,des	ajuste	la bretelle
Je joue aux échecs chaque dimanche avec mon grand-père.	Ich spiele jeden Sonntag mit meinem Großvater Schach.	échecs	dames,cartes,dés	joue	les échecs
J'encaisse le revers sans se plaindre.	Ich stecke ohne zu klagen den Rückschlag ein.	le	un,la,du	encaisse	le revers
Je brosse la chevelure chaque matin.	Ich bürste jeden Morgen das Haar.	la	une,le,des	brosse	la chevelure
Je ressens la sympathie pour ce collègue.	Ich empfinde für diesen Kollegen Sympathie.	la	une,le,des	ressens	la sympathie
J'exprime l'admiration sans réserve.	Ich äußere uneingeschränkt Bewunderung.	l'	le,la,un	exprime	l'admiration
Je cherche la distraction après cette semaine difficile.	Ich suche nach dieser schweren Woche Zerstreuung.	la	une,le,des	cherche	la distraction
Je ressens l'hostilité dans son regard.	Ich spüre in seinem Blick Feindseligkeit.	l'	le,la,un	ressens	l'hostilité
Je prépare le berceau avant la naissance.	Ich richte vor der Geburt die Wiege her.	le	un,la,du	prépare	le berceau
J'accepte la vieillesse avec sérénité.	Ich akzeptiere gelassen das Alter.	la	une,le,des	accepte	la vieillesse
Je présente l'aîné à mes invités.	Ich stelle meinen Gästen den Ältesten vor.	l'	le,la,un	présente	l'aîné
J'informe l'héritier du testament.	Ich informiere den Erben über das Testament.	l'	le,la,un	informe	l'héritier
J'informe l'héritière de la décision.	Ich informiere die Erbin über die Entscheidung.	l'	le,la,un	informe	l'héritière
Je traverse la ruelle en silence.	Ich durchquere schweigend die Gasse.	la	une,le,des	traverse	la ruelle
Je traverse le chantier avec précaution.	Ich durchquere vorsichtig die Baustelle.	le	un,la,du	traverse	le chantier
Je regarde la parade depuis le balcon.	Ich schaue mir vom Balkon aus die Parade an.	la	une,le,des	regarde	la parade
Je rejoins le chœur cette année.	Ich trete dieses Jahr dem Chor bei.	le	un,la,du	rejoins	le chœur
Je représente l'opposition au conseil.	Ich vertrete im Rat die Opposition.	l'	le,la,un	représente	l'opposition
J'accepte le mandat avec honneur.	Ich nehme ehrenvoll den Auftrag an.	le	un,la,du	accepte	le mandat
Je contacte l'administration par courrier.	Ich kontaktiere die Verwaltung per Post.	l'	le,la,un	contacte	l'administration
Je soutiens la réforme publiquement.	Ich unterstütze öffentlich die Reform.	la	une,le,des	soutiens	la réforme
Je représente l'institution fièrement.	Ich vertrete stolz die Einrichtung.	l'	le,la,un	représente	l'institution
Je contacte l'organisme pour un renseignement.	Ich kontaktiere die Organisation für eine Auskunft.	l'	le,la,un	contacte	l'organisme
Je conteste le jugement devant la cour.	Ich fechte vor dem Gericht das Urteil an.	le	un,la,du	conteste	le jugement
Je conteste l'accusation fermement.	Ich bestreite entschieden die Anzeige.	l'	le,la,un	conteste	l'accusation
Je contacte l'ambassade pour un visa.	Ich kontaktiere die Botschaft wegen eines Visums.	l'	le,la,un	contacte	l'ambassade
Je défends la souveraineté avec fierté.	Ich verteidige stolz die Souveränität.	la	une,le,des	défends	la souveraineté
Je développe le commerce avec ce pays.	Ich baue mit diesem Land den Handel aus.	le	un,la,du	développe	le commerce
Je réinvestis le bénéfice dans l'entreprise.	Ich reinvestiere den Gewinn ins Unternehmen.	le	un,la,du	réinvestis	le bénéfice
Je constate la perte avec regret.	Ich stelle bedauernd den Verlust fest.	la	une,le,des	constate	la perte
Je signe la convention avec l'association.	Ich unterschreibe das Abkommen mit dem Verein.	la	une,le,des	signe	la convention
Je contacte le producteur pour le film.	Ich kontaktiere den Produzenten wegen des Films.	le	un,la,du	contacte	le producteur
Je contacte le département pour un dossier.	Ich kontaktiere das Ministerium wegen einer Akte.	le	un,la,du	contacte	le département
J'appose le cachet sur le document.	Ich bringe auf dem Dokument das Siegel an.	le	un,la,du	appose	le cachet
Je trie le courrier chaque matin.	Ich sortiere jeden Morgen die Post.	le	un,la,du	trie	le courrier
Je remercie l'assistance pour son aide.	Ich danke für den Beistand.	l'	le,la,un	remercie	l'assistance
Je note la contradiction dans son discours.	Ich bemerke in seiner Rede den Widerspruch.	la	une,le,des	note	la contradiction
Je défends la conviction avec force.	Ich verteidige mit Nachdruck die Überzeugung.	la	une,le,des	défends	la conviction
Je programme le robot pour l'exposition.	Ich programmiere den Roboter für die Ausstellung.	le	un,la,du	programme	le robot
Je traverse la plaine en vélo.	Ich durchquere mit dem Rad die Ebene.	la	une,le,des	traverse	la plaine
Je compare l'empreinte avec le fichier.	Ich vergleiche den Abdruck mit der Kartei.	l'	le,la,un	compare	l'empreinte
Je ramasse l'algue sur la plage.	Ich sammle am Strand die Alge.	l'	le,la,un	ramasse	l'algue
Je combats l'humidité avec un déshumidificateur.	Ich bekämpfe mit einem Luftentfeuchter die Feuchtigkeit.	l'	le,la,un	combats	l'humidité
Je combats l'anxiété avec de la respiration.	Ich bekämpfe mit Atemübungen die Angst.	l'	le,la,un	combats	l'anxiété
Je raconte le mythe à mes enfants.	Ich erzähle meinen Kindern den Mythos.	le	un,la,du	raconte	le mythe
Je prépare l'édition pour le printemps.	Ich bereite für das Frühjahr die Herausgabe vor.	l'	le,la,un	prépare	l'édition
Je photographie la cathédrale sous tous les angles.	Ich fotografiere die Kathedrale aus allen Winkeln.	la	une,le,des	photographie	la cathédrale
J'étudie la tragédie en cours de français.	Ich untersuche im Französischunterricht das Trauerspiel.	la	une,le,des	étudie	la tragédie
J'exprime l'ambition sans complexe.	Ich äußere ohne Hemmungen meinen Ehrgeiz.	l'	le,la,un	exprime	l'ambition
Je conserve la dignité en toute circonstance.	Ich bewahre unter allen Umständen die Würde.	la	une,le,des	conserve	la dignité
Je rencontre l'ambassadeur lors de la réception.	Ich treffe den Botschafter beim Empfang.	l'	le,la,un	rencontre	l'ambassadeur
Je reçois l'ambassadrice avec les honneurs.	Ich empfange die Botschafterin mit Ehren.	l'	le,la,un	reçois	l'ambassadrice
Je confirme l'identité par carte.	Ich bestätige per Ausweis die Identität.	l'	le,la,un	confirme	l'identité
Je remercie la mairesse pour son discours.	Ich danke der Bürgermeisterin für ihre Rede.	la	une,le,des	remercie	la mairesse
Je gare la camionnette devant l'entrepôt.	Ich parke den Lieferwagen vor dem Lager.	la	une,le,des	gare	la camionnette
Je remercie le collaborateur pour son travail.	Ich danke dem Mitarbeiter für seine Arbeit.	le	un,la,du	remercie	le collaborateur
Je remercie le travailleur pour son effort.	Ich danke dem Arbeiter für seinen Einsatz.	le	un,la,du	remercie	le travailleur
Je remercie la travailleuse pour sa persévérance.	Ich danke der Arbeiterin für ihre Ausdauer.	la	une,le,des	remercie	la travailleuse
Je découvre la vocation très jeune.	Ich entdecke schon jung meine Berufung.	la	une,le,des	découvre	la vocation
Je montre l'appréhension pour ce texte.	Ich zeige für diesen Text Verständnis.	l'	le,la,un	montre	l'appréhension
J'étudie l'architecture depuis trois ans.	Ich studiere seit drei Jahren Architektur.	l'	le,la,un	étudie	l'architecture
J'étudie la médecine avec passion.	Ich studiere mit Leidenschaft Medizin.	la	une,le,des	étudie	la médecine
Je surveille l'haleine après le repas.	Ich achte nach dem Essen auf meinen Atem.	l'	le,la,un	surveille	l'haleine
Je salue la factrice chaque matin.	Ich grüße jeden Morgen die Briefträgerin.	la	une,le,des	salue	la factrice
Je contacte la productrice pour le tournage.	Ich kontaktiere die Produzentin wegen der Dreharbeiten.	la	une,le,des	contacte	la productrice
J'explique la signification du symbole.	Ich erkläre die Bedeutung des Symbols.	la	une,le,des	explique	la signification
Je cite la romancière dans mon exposé.	Ich zitiere die Romanautorin in meinem Referat.	la	une,le,des	cite	la romancière
Je retrouve l'équilibre après cette chute.	Ich finde nach diesem Sturz das Gleichgewicht wieder.	l'	le,la,un	retrouve	l'équilibre
Je prépare le concours depuis un an.	Ich bereite seit einem Jahr die Prüfung vor.	le	un,la,du	prépare	le concours
J'affronte l'incertitude avec courage.	Ich begegne mutig der Unsicherheit.	l'	le,la,un	affronte	l'incertitude
Je reproche l'indifférence à mon collègue.	Ich werfe meinem Kollegen die Gleichgültigkeit vor.	l'	le,la,un	reproche	l'indifférence
Je supervise l'exécution du projet.	Ich überwache die Ausführung des Projekts.	l'	le,la,un	supervise	l'exécution
Je remercie le porteur pour son aide.	Ich danke dem Dienstmann für seine Hilfe.	le	un,la,du	remercie	le porteur
Je graisse le roulement chaque année.	Ich schmiere jedes Jahr das Wälzlager.	le	un,la,du	graisse	le roulement
J'assiste la messe chaque dimanche.	Ich besuche jeden Sonntag den Gottesdienst.	la	une,le,des	assiste	la messe
Je cache l'excitation avant le résultat.	Ich verberge vor dem Ergebnis die Aufregung.	l'	le,la,un	cache	l'excitation
Je renouvelle l'assurance chaque année.	Ich erneuere jedes Jahr die Versicherung.	l'	le,la,un	renouvelle	l'assurance
J'écoute l'enregistrement plusieurs fois.	Ich höre mir die Aufnahme mehrmals an.	l'	le,la,un	écoute	l'enregistrement
Je traverse le bourg en dix minutes.	Ich durchquere in zehn Minuten die Kleinstadt.	le	un,la,du	traverse	le bourg
Je traverse la chaussée prudemment.	Ich überquere vorsichtig die Landstraße.	la	une,le,des	traverse	la chaussée
Je cherche l'issue en cas d'urgence.	Ich suche im Notfall den Ausgang.	l'	le,la,un	cherche	l'issue
Je traverse la passerelle au-dessus du fleuve.	Ich überquere über dem Fluss die Fußgängerbrücke.	la	une,le,des	traverse	la passerelle
J'allume le réverbère au crépuscule.	Ich schalte in der Dämmerung die Straßenlampe ein.	le	un,la,du	allume	le réverbère
J'évite le trafic grâce à cette route.	Ich vermeide dank dieser Straße den Verkehr.	le	un,la,du	évite	le trafic
Je réserve l'auberge pour la nuit.	Ich buche für die Nacht das Wirtshaus.	l'	le,la,un	réserve	l'auberge
Je suis le convoi à distance.	Ich folge dem Geleitzug in einigem Abstand.	le	un,la,du	suis	le convoi
Je salue le visiteur chaleureusement.	Ich empfange den Besucher herzlich.	le	un,la,du	salue	le visiteur
Je remercie le commerçant pour son accueil.	Ich danke dem Kaufmann für seinen Empfang.	le	un,la,du	remercie	le commerçant
Je conclus la vente en fin de journée.	Ich schließe am Ende des Tages den Verkauf ab.	la	une,le,des	conclus	la vente
J'achète le blouson en cuir.	Ich kaufe die Jacke aus Leder.	le	un,la,du	achète	le blouson
Je cherche le mouchoir dans ma poche.	Ich suche das Taschentuch in meiner Tasche.	le	un,la,du	cherche	le mouchoir
Je range le slip dans le tiroir.	Ich lege die Unterhose in die Schublade.	le	un,la,du	range	le slip
Je mets le veston avant l'entretien.	Ich ziehe vor dem Vorstellungsgespräch die Jacke an.	le	un,la,du	mets	le veston
J'évoque l'aïeule avec tendresse.	Ich erwähne liebevoll die Großmutter.	l'	le,la,un	évoque	l'aïeule
J'organise la noce au printemps.	Ich organisiere im Frühling die Hochzeitsfeier.	la	une,le,des	organise	la noce
Je ressens l'allégresse ce jour-là.	Ich empfinde an diesem Tag Freude.	l'	le,la,un	ressens	l'allégresse
Je garde l'espérance malgré tout.	Ich bewahre trotz allem die Hoffnung.	l'	le,la,un	garde	l'espérance
Je cache la fureur difficilement.	Ich kann die Wut nur schwer verbergen.	la	une,le,des	cache	la fureur
Je cache l'orgueil sous un sourire.	Ich verberge unter einem Lächeln den Hochmut.	l'	le,la,un	cache	l'orgueil
Je cherche le parapluie avant de sortir.	Ich suche vor dem Rausgehen den Regenschirm.	le	un,la,du	cherche	le parapluie
Je termine l'apprentissage en juin.	Ich beende im Juni das Lernen.	l'	le,la,un	termine	l'apprentissage
Je cherche la bourse dans mon sac.	Ich suche die Geldbörse in meiner Tasche.	la	une,le,des	cherche	la bourse
Je vérifie le calcul deux fois.	Ich überprüfe zweimal die Rechnung.	le	un,la,du	vérifie	le calcul
Je cherche l'encre pour mon stylo.	Ich suche Tinte für meinen Füller.	l'	le,la,un	cherche	l'encre
J'adapte l'enseignement au niveau des élèves.	Ich passe den Unterricht an das Niveau der Schüler an.	l'	le,la,un	adapte	l'enseignement
Je photocopie le feuillet avant le cours.	Ich kopiere vor dem Unterricht das Blatt.	le	un,la,du	photocopie	le feuillet
Je note la formule au tableau.	Ich schreibe die Formel an die Tafel.	la	une,le,des	note	la formule
Je quitte le lycée à seize heures.	Ich verlasse um sechzehn Uhr das Gymnasium.	le	un,la,du	quitte	le lycée
Je quitte l'université avec mon diplôme.	Ich verlasse mit meinem Diplom die Universität.	l'	le,la,un	quitte	l'université
Je nettoie la banquette du train.	Ich reinige die Bank des Zuges.	la	une,le,des	nettoie	la banquette
Je range le buffet après la fête.	Ich räume nach der Feier die Anrichte auf.	le	un,la,du	range	le buffet
J'allume la cheminée en hiver.	Ich zünde im Winter den Kamin an.	la	une,le,des	allume	la cheminée
Je remplis la cuvette d'eau tiède.	Ich fülle die Schüssel mit lauwarmem Wasser.	la	une,le,des	remplis	la cuvette
Je cire le parquet chaque année.	Ich wachse jedes Jahr das Parkett.	le	un,la,du	cire	le parquet
Je répare le plancher ce week-end.	Ich repariere an diesem Wochenende den Boden.	le	un,la,du	répare	le plancher
Je range le sous-sol avant l'hiver.	Ich räume vor dem Winter das Kellergeschoss auf.	le	un,la,du	range	le sous-sol
Je décore la véranda pour l'été.	Ich dekoriere für den Sommer die Veranda.	la	une,le,des	décore	la véranda
Je quitte le vestiaire après le match.	Ich verlasse nach dem Spiel die Garderobe.	le	un,la,du	quitte	le vestiaire
Je vide la corbeille chaque soir.	Ich leere jeden Abend den Korb.	la	une,le,des	vide	la corbeille
Je scie la planche en deux morceaux.	Ich säge das Brett in zwei Teile.	la	une,le,des	scie	la planche
Je remplis la tasse de café chaud.	Ich fülle die Tasse mit heißem Kaffee.	la	une,le,des	remplis	la tasse
J'observe la vapeur au-dessus de la casserole.	Ich beobachte den Dampf über dem Topf.	la	une,le,des	observe	la vapeur
Je coupe le chou en fines lamelles.	Ich schneide den Kohl in feine Streifen.	le	un,la,du	coupe	le chou
Je photographie le citron sur la fleur.	Ich fotografiere den Zitronenfalter auf der Blüte.	le	un,la,du	photographie	le citron
Je remercie le cuisinier pour ce repas.	Ich danke dem Koch für dieses Essen.	le	un,la,du	remercie	le cuisinier
J'achète la pâtisserie pour le dessert.	Ich kaufe Gebäck für den Nachtisch.	la	une,le,des	achète	la pâtisserie
Je contacte l'artisan pour la rénovation.	Ich kontaktiere den Handwerker für die Renovierung.	l'	le,la,un	contacte	l'artisan
Je signe le chèque sans hésiter.	Ich unterschreibe ohne zu zögern den Scheck.	le	un,la,du	signe	le chèque
J'accepte la commission avec plaisir.	Ich nehme gerne den Auftrag an.	la	une,le,des	accepte	la commission
Je rembourse le crédit chaque mois.	Ich zahle jeden Monat das Darlehen zurück.	le	un,la,du	rembourse	le crédit
J'admire l'étalage en vitrine.	Ich bewundere die Auslage im Schaufenster.	l'	le,la,un	admire	l'étalage
Je demande l'accès au directeur.	Ich bitte den Direktor um Zugang.	l'	le,la,un	demande	l'accès
Je franchis la barrière sans problème.	Ich überwinde problemlos die Schranke.	la	une,le,des	franchis	la barrière
Je photographie le pavé de la vieille ville.	Ich fotografiere den Pflasterstein der Altstadt.	le	un,la,du	photographie	le pavé
Je photographie la statue sous tous les angles.	Ich fotografiere die Statue aus allen Winkeln.	la	une,le,des	photographie	la statue
Je réserve la cabine avec vue sur mer.	Ich buche die Kajüte mit Meerblick.	la	une,le,des	réserve	la cabine
Je gare la caravane sur le camping.	Ich parke den Wohnwagen auf dem Campingplatz.	la	une,le,des	gare	la caravane
Je termine le circuit en deux heures.	Ich beende den Rundgang in zwei Stunden.	le	un,la,du	termine	le circuit
J'organise le transport pour le groupe.	Ich organisiere für die Gruppe den Transport.	le	un,la,du	organise	le transport
Je combats la dépression avec un thérapeute.	Ich bekämpfe mit einem Therapeuten die Depression.	la	une,le,des	combats	la dépression
Je partage la vision avec l'équipe.	Ich teile mit dem Team die Vision.	la	une,le,des	partage	la vision
Je traverse l'étang en barque.	Ich überquere mit dem Kahn den Teich.	l'	le,la,un	traverse	l'étang
J'admire l'audace de ce projet.	Ich bewundere den Mut dieses Projekts.	l'	le,la,un	admire	l'audace
J'apprécie la délicatesse de ce dessert.	Ich schätze die Zartheit dieses Desserts.	la	une,le,des	apprécie	la délicatesse
Je comprends l'exigence de mon employeur.	Ich verstehe die Anforderung meines Arbeitgebers.	l'	le,la,un	comprends	l'exigence
Je combats l'obsession avec de la thérapie.	Ich bekämpfe mit Therapie die Zwangsvorstellung.	l'	le,la,un	combats	l'obsession
J'interromps la rêverie brusquement.	Ich unterbreche abrupt die Träumerei.	la	une,le,des	interromps	la rêverie
Je ressens la satisfaction après ce travail.	Ich empfinde nach dieser Arbeit Befriedigung.	la	une,le,des	ressens	la satisfaction
Je calme l'agitation avec des mots doux.	Ich beruhige mit sanften Worten den Rummel.	l'	le,la,un	calme	l'agitation
Je signale l'agression à la police.	Ich melde der Polizei die Aggression.	l'	le,la,un	signale	l'agression
J'admire l'aisance de cette danseuse.	Ich bewundere die Leichtigkeit dieser Tänzerin.	l'	le,la,un	admire	l'aisance
Je conclus l'alliance avec ce partenaire.	Ich schließe mit diesem Partner ein Bündnis.	l'	le,la,un	conclus	l'alliance
Je comprends l'allusion immédiatement.	Ich verstehe sofort die Anspielung.	l'	le,la,un	comprends	l'allusion
J'apprécie l'ambiance de cette soirée.	Ich genieße die Atmosphäre dieses Abends.	l'	le,la,un	apprécie	l'ambiance
Je propose l'arrangement à mon collègue.	Ich schlage meinem Kollegen die Vereinbarung vor.	l'	le,la,un	propose	l'arrangement
Je confirme l'arrestation au journal.	Ich bestätige der Zeitung die Verhaftung.	l'	le,la,un	confirme	l'arrestation
Je prépare l'audition depuis un mois.	Ich bereite seit einem Monat das Vorsprechen vor.	l'	le,la,un	prépare	l'audition
J'étudie l'aviation avec passion.	Ich studiere mit Leidenschaft die Luftfahrt.	l'	le,la,un	étudie	l'aviation
Je sens le battement de mon cœur.	Ich spüre das Schlagen meines Herzens.	le	un,la,du	sens	le battement
Je condamne la brutalité sans réserve.	Ich verurteile uneingeschränkt die Brutalität.	la	une,le,des	condamne	la brutalité
Je reçois la bénédiction du prêtre.	Ich empfange den Segen des Priesters.	la	une,le,des	reçois	la bénédiction
J'accepte le changement avec sérénité.	Ich akzeptiere gelassen die Änderung.	le	un,la,du	accepte	le changement
Je pratique la charité toute l'année.	Ich übe das ganze Jahr Nächstenliebe.	la	une,le,des	pratique	la charité
Je termine la composition avant midi.	Ich beende vor Mittag die Komposition.	la	une,le,des	termine	la composition
J'explique la conception du projet.	Ich erkläre die Konzeption des Projekts.	la	une,le,des	explique	la conception
J'accepte la concession sans plaisir.	Ich akzeptiere ungern das Zugeständnis.	la	une,le,des	accepte	la concession
J'adresse la condoléance à la famille.	Ich spreche der Familie mein Beileid aus.	la	une,le,des	adresse	la condoléance
J'évite la confusion grâce à ce plan.	Ich vermeide dank dieses Plans die Verwechslung.	la	une,le,des	évite	la confusion
Je prépare la conférence depuis un mois.	Ich bereite seit einem Monat den Vortrag vor.	la	une,le,des	prépare	la conférence
Je remarque la coïncidence immédiatement.	Ich bemerke sofort die Koinzidenz.	la	une,le,des	remarque	la coïncidence
J'entends le craquement dans le grenier.	Ich höre auf dem Dachboden das Krachen.	le	un,la,du	entends	le craquement
Je condamne la cruauté fermement.	Ich verurteile entschieden die Grausamkeit.	la	une,le,des	condamne	la cruauté
Je constate la destruction avec tristesse.	Ich stelle traurig die Zerstörung fest.	la	une,le,des	constate	la destruction
Je mesure la dimension avec précision.	Ich messe genau die Dimension.	la	une,le,des	mesure	la dimension
Je signale la disparition à la police.	Ich melde der Polizei das Verschwinden.	la	une,le,des	signale	la disparition
J'explique la division à mes élèves.	Ich erkläre meinen Schülern die Division.	la	une,le,des	explique	la division
Je prépare la décoration pour Noël.	Ich bereite für Weihnachten die Dekoration vor.	la	une,le,des	prépare	la décoration
J'accueille la délégation avec honneur.	Ich empfange ehrenvoll die Delegation.	la	une,le,des	accueille	la délégation
J'organise le déplacement pour le groupe.	Ich organisiere für die Gruppe die Verschiebung.	le	un,la,du	organise	le déplacement
Je confirme la déposition devant le juge.	Ich bestätige vor dem Richter die Aussage.	la	une,le,des	confirme	la déposition
Je commande le détachement sur le terrain.	Ich befehlige die Abteilung auf dem Gelände.	le	un,la,du	commande	le détachement
Je réserve l'emplacement à l'avance.	Ich reserviere im Voraus den Standort.	l'	le,la,un	réserve	l'emplacement
J'organise l'enterrement avec la famille.	Ich organisiere mit der Familie die Beerdigung.	l'	le,la,un	organise	l'enterrement
J'explique l'essence du problème.	Ich erkläre den Kern des Problems.	l'	le,la,un	explique	l'essence
Je pousse l'exclamation de surprise.	Ich stoße überrascht einen Ausruf aus.	l'	le,la,un	pousse	l'exclamation
J'entends l'explosion au loin.	Ich höre in der Ferne die Explosion.	l'	le,la,un	entends	l'explosion
J'atteins l'extrémité du câble.	Ich erreiche das Ende des Kabels.	l'	le,la,un	atteins	l'extrémité
Je quitte la faculté avec mon diplôme.	Ich verlasse mit meinem Diplom die Fakultät.	la	une,le,des	quitte	la faculté
J'admire la fermeté de sa décision.	Ich bewundere die Festigkeit seiner Entscheidung.	la	une,le,des	admire	la fermeté
Je trouve le fragment sur le sol.	Ich finde auf dem Boden das Fragment.	le	un,la,du	trouve	le fragment
Je sous-estime la gravité de la situation.	Ich unterschätze die Schwere der Situation.	la	une,le,des	sous-estime	la gravité
J'admire l'habileté de cet artisan.	Ich bewundere die Geschicklichkeit dieses Handwerkers.	l'	le,la,un	admire	l'habileté
J'entends le hurlement au loin.	Ich höre in der Ferne das Geschrei.	le	un,la,du	entends	le hurlement
Je reproche l'ignorance à personne.	Ich werfe niemandem die Unwissenheit vor.	l'	le,la,un	reproche	l'ignorance
Je ressens l'impuissance face à ce problème.	Ich empfinde bei diesem Problem Machtlosigkeit.	l'	le,la,un	ressens	l'impuissance
J'exprime l'indignation ouvertement.	Ich äußere offen meine Empörung.	l'	le,la,un	exprime	l'indignation
Je demande l'indulgence au professeur.	Ich bitte den Lehrer um Nachsicht.	l'	le,la,un	demande	l'indulgence
J'affirme l'innocence avec conviction.	Ich beteuere überzeugt meine Unschuld.	l'	le,la,un	affirme	l'innocence
Je note l'insistance dans son ton.	Ich bemerke in seinem Ton die Nachdrücklichkeit.	l'	le,la,un	note	l'insistance
Je réduis l'intensité progressivement.	Ich reduziere nach und nach die Intensität.	l'	le,la,un	réduis	l'intensité
Je respecte l'intimité de chacun.	Ich respektiere die Privatsphäre jedes Einzelnen.	l'	le,la,un	respecte	l'intimité
Je présente l'invention au jury.	Ich stelle der Jury die Erfindung vor.	l'	le,la,un	présente	l'invention
Je ressens la jouissance de ce moment.	Ich empfinde für diesen Moment Genuss.	la	une,le,des	ressens	la jouissance
Je cherche le logement depuis un mois.	Ich suche seit einem Monat eine Wohnung.	le	un,la,du	cherche	le logement
Je reproche la lâcheté à personne.	Ich werfe niemandem Feigheit vor.	la	une,le,des	reproche	la lâcheté
Je salue la majesté avec respect.	Ich grüße respektvoll die Majestät.	la	une,le,des	salue	la majesté
Je brise la malédiction enfin.	Ich breche endlich den Fluch.	la	une,le,des	brise	la malédiction
Je pratique la méditation chaque matin.	Ich praktiziere jeden Morgen Meditation.	la	une,le,des	pratique	la méditation
Je reconnais la naïveté avec un sourire.	Ich erkenne lächelnd die Naivität.	la	une,le,des	reconnais	la naïveté
J'admire l'obstination de cet enfant.	Ich bewundere die Hartnäckigkeit dieses Kindes.	l'	le,la,un	admire	l'obstination
Je conteste l'occupation fermement.	Ich bestreite entschieden die Besatzung.	l'	le,la,un	conteste	l'occupation
Je saisis l'opportunité sans hésiter.	Ich ergreife ohne zu zögern die Möglichkeit.	l'	le,la,un	saisis	l'opportunité
Je recherche la perfection dans son travail.	Ich suche in seiner Arbeit Perfektion.	la	une,le,des	recherche	la perfection
Je revendique la possession devant le tribunal.	Ich beanspruche vor Gericht den Besitz.	la	une,le,des	revendique	la possession
Je regarde la procession depuis le balcon.	Ich schaue mir vom Balkon aus die Prozession an.	la	une,le,des	regarde	la procession
J'exerce la profession depuis dix ans.	Ich übe seit zehn Jahren den Beruf aus.	la	une,le,des	exerce	la profession
Je respecte la proportion dans la recette.	Ich halte im Rezept die Proportion ein.	la	une,le,des	respecte	la proportion
Je range la provision dans le placard.	Ich verstaue den Proviant im Schrank.	la	une,le,des	range	la provision
J'ignore la provocation sans réagir.	Ich ignoriere reaktionslos die Provokation.	la	une,le,des	ignore	la provocation
Je prends la précaution avant de partir.	Ich treffe vor der Abfahrt eine Vorsichtsmaßnahme.	la	une,le,des	prends	la précaution
J'évite la publicité grâce à ce logiciel.	Ich vermeide dank dieser Software die Werbung.	la	une,le,des	évite	la publicité
J'admire la rapidité de ce coureur.	Ich bewundere die Schnelligkeit dieses Läufers.	la	une,le,des	admire	la rapidité
J'étudie la renaissance en cours d'histoire.	Ich lerne im Geschichtsunterricht über die Wiedergeburt.	la	une,le,des	étudie	la renaissance
J'entends le ricanement derrière moi.	Ich höre hinter mir das Kichern.	le	un,la,du	entends	le ricanement
Je rejoins le régiment à dix-huit ans.	Ich trete mit achtzehn dem Regiment bei.	le	un,la,du	rejoins	le régiment
Je quitte la résidence en septembre.	Ich verlasse im September die Residenz.	la	une,le,des	quitte	la résidence
Je prends la résolution pour la nouvelle année.	Ich fasse den Vorsatz für das neue Jahr.	la	une,le,des	prends	la résolution
J'annonce la révélation au public.	Ich verkünde der Öffentlichkeit die Enthüllung.	la	une,le,des	annonce	la révélation
J'entends le sifflement au loin.	Ich höre in der Ferne den Pfiff.	le	un,la,du	entends	le sifflement
Je refuse la soumission catégoriquement.	Ich verweigere kategorisch die Unterwerfung.	la	une,le,des	refuse	la soumission
Je résiste la tentation avec difficulté.	Ich widerstehe nur schwer der Versuchung.	la	une,le,des	résiste	la tentation
Je ressens le tremblement sous mes pieds.	Ich spüre unter meinen Füßen das Beben.	le	un,la,du	ressens	le tremblement
Je renonce la vengeance par sagesse.	Ich verzichte weise auf Rache.	la	une,le,des	renonce	la vengeance
Je sens la vibration dans ma poche.	Ich spüre in meiner Tasche die Vibration.	la	une,le,des	sens	la vibration
Je ressens la volupté en écoutant cette musique.	Ich empfinde beim Hören dieser Musik Lust.	la	une,le,des	ressens	la volupté
Je coupe l'électricité avant les travaux.	Ich schalte vor den Arbeiten den Strom ab.	l'	le,la,un	coupe	l'électricité
Je regarde l'émission chaque semaine.	Ich schaue mir jede Woche die Sendung an.	l'	le,la,un	regarde	l'émission
J'attends l'éternité avec patience.	Ich warte geduldig auf die Ewigkeit.	l'	le,la,un	attends	l'éternité
Je cache l'étonnement difficilement.	Ich kann das Erstaunen nur schwer verbergen.	l'	le,la,un	cache	l'étonnement
J'organise l'évasion en secret.	Ich organisiere heimlich die Flucht.	l'	le,la,un	organise	l'évasion
Je reconnais l'évidence sans peine.	Ich erkenne mühelos die Offensichtlichkeit.	l'	le,la,un	reconnais	l'évidence
J'observe l'évolution avec intérêt.	Ich beobachte interessiert die Entwicklung.	l'	le,la,un	observe	l'évolution
Je contacte l'agence pour un devis.	Ich kontaktiere die Agentur für ein Angebot.	l'	le,la,un	contacte	l'agence
J'évoque le bombardement avec émotion.	Ich erwähne bewegt das Bombardement.	le	un,la,du	évoque	le bombardement
J'entends le bourdonnement des abeilles.	Ich höre das Summen der Bienen.	le	un,la,du	entends	le bourdonnement
Je mélange le ciment avec de l'eau.	Ich mische den Zement mit Wasser.	le	un,la,du	mélange	le ciment
J'étudie la civilisation en cours d'histoire.	Ich untersuche im Geschichtsunterricht die Zivilisation.	la	une,le,des	étudie	la civilisation
Je marque le commencement d'une nouvelle ère.	Ich markiere den Beginn einer neuen Ära.	le	un,la,du	marque	le commencement
Je cherche le compartiment numéro huit.	Ich suche das Abteil Nummer acht.	le	un,la,du	cherche	le compartiment
Je reproche la complaisance à ce vendeur.	Ich werfe diesem Verkäufer übertriebene Gefälligkeit vor.	la	une,le,des	reproche	la complaisance
Je mérite la considération amplement.	Ich verdiene reichlich Wertschätzung.	la	une,le,des	mérite	la considération
Je supervise la construction du chantier.	Ich überwache den Bau der Baustelle.	la	une,le,des	supervise	la construction
Je commémore le débarquement chaque année.	Ich gedenke jedes Jahr der Landung.	le	un,la,du	commémore	le débarquement
Je célèbre l'indépendance le quatorze juillet.	Ich feiere am vierzehnten Juli die Unabhängigkeit.	l'	le,la,un	célèbre	l'indépendance
J'admire l'intelligence de cet enfant.	Ich bewundere die Intelligenz dieses Kindes.	l'	le,la,un	admire	l'intelligence
Je prépare l'intervention avec le chirurgien.	Ich bereite mit dem Chirurgen den Eingriff vor.	l'	le,la,un	prépare	l'intervention
Je monte la jument tous les matins.	Ich reite jeden Morgen die Stute.	la	une,le,des	monte	la jument
J'assume la nudité sans complexe.	Ich akzeptiere ohne Scham die Nacktheit.	la	une,le,des	assume	la nudité
Je prépare la potion selon la recette.	Ich braue nach dem Rezept den Trank.	la	une,le,des	prépare	la potion
Je dépose la protestation auprès du tribunal.	Ich reiche beim Gericht Einspruch ein.	la	une,le,des	dépose	la protestation
J'enlève la saleté avec un chiffon.	Ich entferne mit einem Lappen den Schmutz.	la	une,le,des	enlève	la saleté
Je recherche la tranquillité en montagne.	Ich suche in den Bergen Ruhe.	la	une,le,des	recherche	la tranquillité
Je reproche la vanité à cet acteur.	Ich werfe diesem Schauspieler Eitelkeit vor.	la	une,le,des	reproche	la vanité
Je supervise l'établissement du nouveau bâtiment.	Ich überwache die Errichtung des neuen Gebäudes.	l'	le,la,un	supervise	l'établissement
Je cherche l'allumette dans le tiroir.	Ich suche das Streichholz in der Schublade.	l'	le,la,un	cherche	l'allumette
Je franchis le barrage sans papiers.	Ich passiere die Absperrung ohne Papiere.	le	un,la,du	franchis	le barrage
Je répare la bicyclette ce week-end.	Ich repariere an diesem Wochenende das Fahrrad.	la	une,le,des	répare	la bicyclette
Je peins la bordure en blanc.	Ich streiche den Rand weiß.	la	une,le,des	peins	la bordure
Je range la cassette dans le tiroir.	Ich verstaue die Kassette in der Schublade.	la	une,le,des	range	la cassette
Je pousse la charrette jusqu'au marché.	Ich schiebe den Wagen bis zum Markt.	la	une,le,des	pousse	la charrette
Je cherche la chaussette sous le lit.	Ich suche die Socke unter dem Bett.	la	une,le,des	cherche	la chaussette
Je répare la clôture du jardin.	Ich repariere den Zaun des Gartens.	la	une,le,des	répare	la clôture
J'achète le corsage en soie.	Ich kaufe die Korsage aus Seide.	le	un,la,du	achète	le corsage
J'observe la créature avec curiosité.	Ich beobachte neugierig das Geschöpf.	la	une,le,des	observe	la créature
Je remercie l'entourage pour son soutien.	Ich danke dem Umfeld für seine Unterstützung.	l'	le,la,un	remercie	l'entourage
J'accompagne la fillette à l'école.	Ich begleite das Mädchen zur Schule.	la	une,le,des	accompagne	la fillette
Je répare le grillage du poulailler.	Ich repariere das Drahtnetz des Hühnerstalls.	le	un,la,du	répare	le grillage
Je rends l'hommage à son travail.	Ich würdige seine Arbeit.	l'	le,la,un	rends	l'hommage
J'adapte le langage à mon public.	Ich passe die Ausdrucksweise meinem Publikum an.	le	un,la,du	adapte	le langage
Je protège la mineure en priorité.	Ich schütze die Minderjährige vorrangig.	la	une,le,des	protège	la mineure
Je peins la miniature avec un pinceau fin.	Ich male die Miniatur mit einem feinen Pinsel.	la	une,le,des	peins	la miniature
Je range la musette après le spectacle.	Ich verstaue nach der Vorstellung den Dudelsack.	la	une,le,des	range	la musette
J'évoque le naufrage avec émotion.	Ich erwähne bewegt den Schiffbruch.	le	un,la,du	évoque	le naufrage
J'organise l'ouverture du magasin.	Ich organisiere die Eröffnung des Geschäfts.	l'	le,la,un	organise	l'ouverture
J'admire l'ouvrage de cet artisan.	Ich bewundere das Werk dieses Handwerkers.	l'	le,la,un	admire	l'ouvrage
J'annonce la rupture calmement.	Ich verkünde ruhig die Trennung.	la	une,le,des	annonce	la rupture
J'observe le sillage du bateau.	Ich beobachte den Kielwasserstreifen des Bootes.	le	un,la,du	observe	le sillage
J'étudie le squelette en cours de biologie.	Ich untersuche im Biologieunterricht das Skelett.	le	un,la,du	étudie	le squelette
Je joue la trompette depuis dix ans.	Ich spiele seit zehn Jahren Trompete.	la	une,le,des	joue	la trompette
Je règle l'éclairage avant le spectacle.	Ich stelle vor der Vorstellung die Beleuchtung ein.	l'	le,la,un	règle	l'éclairage
Je remercie l'équipage pour le vol.	Ich danke der Besatzung für den Flug.	l'	le,la,un	remercie	l'équipage
Je pardonne l'injure avec difficulté.	Ich verzeihe nur schwer die Beleidigung.	l'	le,la,un	pardonne	l'injure
J'enlève la miette sous la table.	Ich entferne den Krümel unter dem Tisch.	la	une,le,des	enlève	la miette
J'aperçois le mirage dans le désert.	Ich erblicke in der Wüste die Fata Morgana.	le	un,la,du	aperçois	le mirage
Je range la mitraillette dans le coffre.	Ich verstaue die Maschinenpistole im Kasten.	la	une,le,des	range	la mitraillette
Je sors l'ordure chaque mardi.	Ich stelle jeden Dienstag den Abfall raus.	l'	le,la,un	sors	l'ordure
J'admire le chanteur depuis l'enfance.	Ich bewundere seit der Kindheit den Sänger.	le	un,la,du	admire	le chanteur
J'admire la chanteuse pour sa voix.	Ich bewundere die Sängerin für ihre Stimme.	la	une,le,des	admire	la chanteuse
J'accompagne le chasseur dans la forêt.	Ich begleite den Jäger in den Wald.	le	un,la,du	accompagne	le chasseur
J'accompagne la chasseuse en montagne.	Ich begleite die Jägerin in die Berge.	la	une,le,des	accompagne	la chasseuse
Je remercie la conductrice pour sa prudence.	Ich danke der Fahrerin für ihre Vorsicht.	la	une,le,des	remercie	la conductrice
J'admire la danseuse pour sa grâce.	Ich bewundere die Tänzerin für ihre Anmut.	la	une,le,des	admire	la danseuse
Je remercie l'instituteur pour sa patience.	Ich danke dem Lehrer für seine Geduld.	l'	le,la,un	remercie	l'instituteur
Je remercie l'institutrice pour son aide.	Ich danke der Lehrerin für ihre Hilfe.	l'	le,la,un	remercie	l'institutrice
Je félicite la joueuse après le match.	Ich beglückwünsche die Spielerin nach dem Spiel.	la	une,le,des	félicite	la joueuse
J'écoute la procureuse avec attention.	Ich höre der Anklägerin aufmerksam zu.	la	une,le,des	écoute	la procureuse
J'accompagne la visiteuse dans le musée.	Ich begleite die Besucherin durch das Museum.	la	une,le,des	accompagne	la visiteuse
Je salue le facteur chaque matin.	Ich grüße jeden Morgen den Postboten.	le	un,la,du	salue	le facteur
Je remercie le coiffeur pour cette coupe.	Ich danke dem Friseur für diesen Schnitt.	le	un,la,du	remercie	le coiffeur
J'atteins le refuge avant la nuit.	Ich erreiche vor Einbruch der Nacht den Zufluchtsort.	le	un,la,du	atteins	le refuge
J'admire le relief depuis le sommet.	Ich bewundere vom Gipfel aus das Relief.	le	un,la,du	admire	le relief
Je déclenche l'alarme par erreur.	Ich löse aus Versehen den Alarm aus.	l'	le,la,un	déclenche	l'alarme
Je commande la brigade sur le terrain.	Ich befehlige die Brigade auf dem Gelände.	la	une,le,des	commande	la brigade
J'essaie la combinaison avant de plonger.	Ich probiere vor dem Tauchen den Anzug an.	la	une,le,des	essaie	la combinaison
Je range le flacon dans l'armoire.	Ich stelle den Flakon in den Schrank.	le	un,la,du	range	le flacon
J'apprécie le privilège de ce poste.	Ich schätze das Privileg dieser Stelle.	le	un,la,du	apprécie	le privilège
Je raconte le cauchemar à ma mère.	Ich erzähle meiner Mutter den Albtraum.	le	un,la,du	raconte	le cauchemar
Je condamne le désordre fermement.	Ich verurteile entschieden die Randale.	le	un,la,du	condamne	le désordre
J'assure le maintien du bâtiment.	Ich sorge für die Instandhaltung des Gebäudes.	le	un,la,du	assure	le maintien
Je raconte la plaisanterie avec plaisir.	Ich erzähle mit Vergnügen den Scherz.	la	une,le,des	raconte	la plaisanterie
Je peins la paroi en gris clair.	Ich streiche die Wand hellgrau.	la	une,le,des	peins	la paroi
Je défais le pli avec soin.	Ich löse vorsichtig die Falte.	le	un,la,du	défais	le pli
Je constate le recul avec regret.	Ich stelle bedauernd den Rückfall fest.	le	un,la,du	constate	le recul
Je dessine le contour au crayon.	Ich zeichne mit Bleistift die Kontur.	le	un,la,du	dessine	le contour
Je mesure l'épaisseur du mur.	Ich messe die Dicke der Mauer.	l'	le,la,un	mesure	l'épaisseur
J'accorde le répit à mon équipe.	Ich gewähre meinem Team eine Atempause.	le	un,la,du	accorde	le répit
Je ressens la secousse sous mes pieds.	Ich spüre unter meinen Füßen den Ruck.	la	une,le,des	ressens	la secousse
J'atteins la lisière avant la nuit.	Ich erreiche vor Einbruch der Nacht den Waldrand.	la	une,le,des	atteins	la lisière
Je répare la coque du bateau.	Ich repariere den Rumpf des Bootes.	la	une,le,des	répare	la coque
J'achète l'étoffe pour la robe.	Ich kaufe den Stoff für das Kleid.	l'	le,la,un	achète	l'étoffe
Je contacte le banquier pour un prêt.	Ich kontaktiere den Bankier wegen eines Kredits.	le	un,la,du	contacte	le banquier
Je contacte la banquière pour un conseil.	Ich kontaktiere die Bankierin für einen Rat.	la	une,le,des	contacte	la banquière
Je salue le brigadier au poste.	Ich grüße den Brigadier an der Wache.	le	un,la,du	salue	le brigadier
J'admire le cavalier sur son cheval.	Ich bewundere den Reiter auf seinem Pferd.	le	un,la,du	admire	le cavalier
J'admire la cavalière pour son talent.	Ich bewundere die Reiterin für ihr Talent.	la	une,le,des	admire	la cavalière
Je remercie la couturière pour la robe.	Ich danke der Näherin für das Kleid.	la	une,le,des	remercie	la couturière
J'admire le danseur pour son énergie.	Ich bewundere den Tänzer für seine Energie.	le	un,la,du	admire	le danseur
Je salue le fermier tous les matins.	Ich grüße jeden Morgen den Bauern.	le	un,la,du	salue	le fermier
Je remercie le gardien pour sa vigilance.	Ich danke dem Wächter für seine Wachsamkeit.	le	un,la,du	remercie	le gardien
Je remercie la gardienne pour son accueil.	Ich danke der Hüterin für ihren Empfang.	la	une,le,des	remercie	la gardienne
J'admire la comédienne depuis toujours.	Ich bewundere die Schauspielerin schon immer.	la	une,le,des	admire	la comédienne
Je contacte le tailleur pour un costume.	Ich kontaktiere den Schneider wegen eines Anzugs.	le	un,la,du	contacte	le tailleur
Je remercie l'épicier pour son conseil.	Ich danke dem Lebensmittelhändler für seinen Rat.	l'	le,la,un	remercie	l'épicier
Je salue l'altesse respectueusement.	Ich grüße respektvoll die Hoheit.	l'	le,la,un	salue	l'altesse
Je photographie la forteresse sous tous les angles.	Ich fotografiere die Festung aus allen Winkeln.	la	une,le,des	photographie	la forteresse
J'évite l'ivresse en soirée.	Ich vermeide beim Feiern die Trunkenheit.	l'	le,la,un	évite	l'ivresse
Je combats la paresse avec ce planning.	Ich bekämpfe mit diesem Plan die Faulheit.	la	une,le,des	combats	la paresse
J'exprime la reconnaissance sincèrement.	Ich äußere aufrichtig meine Anerkennung.	la	une,le,des	exprime	la reconnaissance
Je quitte la clinique après trois jours.	Ich verlasse nach drei Tagen die Klinik.	la	une,le,des	quitte	la clinique
Je rejoins l'académie à dix-huit ans.	Ich trete mit achtzehn der Akademie bei.	l'	le,la,un	rejoins	l'académie
J'abrège l'agonie avec compassion.	Ich verkürze mitfühlend die Agonie.	l'	le,la,un	abrège	l'agonie
J'étudie l'artillerie en cours d'histoire.	Ich untersuche im Geschichtsunterricht die Artillerie.	l'	le,la,un	étudie	l'artillerie
J'ordonne l'autopsie immédiatement.	Ich ordne sofort die Autopsie an.	l'	le,la,un	ordonne	l'autopsie
Je critique la bourgeoisie ouvertement.	Ich kritisiere offen die Bourgeoisie.	la	une,le,des	critique	la bourgeoisie
Je commande la cavalerie sur le champ de bataille.	Ich befehlige auf dem Schlachtfeld die Kavallerie.	la	une,le,des	commande	la cavalerie
Je dépasse la centaine sans problème.	Ich überschreite problemlos die Hundertzahl.	la	une,le,des	dépasse	la centaine
Je quitte le labo à dix-neuf heures.	Ich verlasse um neunzehn Uhr das Labor.	le	un,la,du	quitte	le labo
Je gare l'auto devant la maison.	Ich parke das Auto vor dem Haus.	l'	le,la,un	gare	l'auto
J'attends l'ascenseur deux minutes.	Ich warte zwei Minuten auf den Aufzug.	l'	le,la,un	attends	l'ascenseur
Je signe le bail pour trois ans.	Ich unterschreibe den Mietvertrag für drei Jahre.	le	un,la,du	signe	le bail
Je traverse le bassin à la nage.	Ich durchquere schwimmend das Becken.	le	un,la,du	traverse	le bassin
Je remplis le bidon d'essence.	Ich fülle den Kanister mit Benzin.	le	un,la,du	remplis	le bidon
Je rejoins le bistrot après le travail.	Ich treffe mich nach der Arbeit im Bistro.	le	un,la,du	rejoins	le bistrot
Je range le bijou dans le coffre.	Ich verstaue das Juwel im Tresor.	le	un,la,du	range	le bijou
Je traverse le canal en bateau.	Ich überquere mit dem Boot den Kanal.	le	un,la,du	traverse	le canal
Je traverse le corridor en silence.	Ich durchquere schweigend den Korridor.	le	un,la,du	traverse	le corridor
J'accroche la couronne sur la porte.	Ich hänge den Kranz an die Tür.	la	une,le,des	accroche	la couronne
Je verse le dépôt avant la signature.	Ich zahle vor der Unterschrift die Anzahlung.	le	un,la,du	verse	le dépôt
Je ramasse le débris avec précaution.	Ich hebe vorsichtig die Trümmer auf.	le	un,la,du	ramasse	le débris
Je photographie la locomotive sur le quai.	Ich fotografiere auf dem Bahnsteig die Lokomotive.	la	une,le,des	photographie	la locomotive
Je remplis la marmite d'eau bouillante.	Ich fülle den Kochtopf mit kochendem Wasser.	la	une,le,des	remplis	la marmite
Je tonds la pelouse chaque semaine.	Ich mähe jede Woche den Rasen.	la	une,le,des	tonds	la pelouse
Je règle la pendule deux fois par an.	Ich stelle zweimal im Jahr die Uhr um.	la	une,le,des	règle	la pendule
Je répare la pompe du vélo.	Ich repariere die Pumpe des Fahrrads.	la	une,le,des	répare	la pompe
Je loue le studio pour un an.	Ich miete für ein Jahr das Studio.	le	un,la,du	loue	le studio
Je remercie le chirurgien pour son opération.	Ich danke dem Chirurgen für seine Operation.	le	un,la,du	remercie	le chirurgien
Je remercie la chirurgienne pour sa précision.	Ich danke der Chirurgin für ihre Präzision.	la	une,le,des	remercie	la chirurgienne
J'élis le délégué avec confiance.	Ich wähle voller Vertrauen den Delegierten.	le	un,la,du	élis	le délégué
Je soutiens la déléguée durant l'élection.	Ich unterstütze während der Wahl die Delegierte.	la	une,le,des	soutiens	la déléguée
Je démasque l'espion enfin.	Ich entlarve endlich den Spion.	l'	le,la,un	démasque	l'espion
Je surveille l'espionne discrètement.	Ich beobachte unauffällig die Spionin.	l'	le,la,un	surveille	l'espionne
Je quitte la garnison au printemps.	Ich verlasse im Frühling die Garnison.	la	une,le,des	quitte	la garnison
Je remercie le policier pour son aide.	Ich danke dem Polizisten für seine Hilfe.	le	un,la,du	remercie	le policier
Je remercie la policière pour son intervention.	Ich danke der Polizistin für ihr Eingreifen.	la	une,le,des	remercie	la policière
Je photographie le satellite depuis la Terre.	Ich fotografiere den Satelliten von der Erde aus.	le	un,la,du	photographie	le satellite
J'apprécie l'atmosphère de cette soirée.	Ich genieße die Atmosphäre dieses Abends.	l'	le,la,un	apprécie	l'atmosphère
J'évite la catastrophe de justesse.	Ich verhindere die Katastrophe gerade noch.	la	une,le,des	évite	la catastrophe
Je vérifie la liaison avant l'appel.	Ich prüfe vor dem Anruf die Verbindung.	la	une,le,des	vérifie	la liaison
J'admire la vigueur de cet athlète.	Ich bewundere die Stärke dieses Athleten.	la	une,le,des	admire	la vigueur
Je cache l'amertume derrière un sourire.	Ich verberge hinter einem Lächeln die Bitterkeit.	l'	le,la,un	cache	l'amertume
Je précise l'aspect du problème.	Ich präzisiere den Aspekt des Problems.	l'	le,la,un	précise	l'aspect
Je satisfais le caprice une fois par an.	Ich erfülle einmal im Jahr die Laune.	le	un,la,du	satisfais	le caprice
J'apprécie le confort de cet hôtel.	Ich schätze den Komfort dieses Hotels.	le	un,la,du	apprécie	le confort
J'évite le désastre de justesse.	Ich verhindere gerade noch die Katastrophe.	le	un,la,du	évite	le désastre
J'aperçois l'étincelle dans le noir.	Ich erblicke im Dunkeln den Funken.	l'	le,la,un	aperçois	l'étincelle
Je suis l'instinct sans hésiter.	Ich folge ohne zu zögern dem Instinkt.	l'	le,la,un	suis	l'instinct
J'apprécie l'ironie de cette situation.	Ich schätze die Ironie dieser Situation.	l'	le,la,un	apprécie	l'ironie
Je mesure la largeur de la table.	Ich messe die Breite des Tisches.	la	une,le,des	mesure	la largeur
Je reproche la lenteur au service.	Ich werfe dem Service die Langsamkeit vor.	la	une,le,des	reproche	la lenteur
Je condamne l'usure fermement.	Ich verurteile entschieden den Wucher.	l'	le,la,un	condamne	l'usure
J'admire la merveille en silence.	Ich bewundere schweigend das Wunder.	la	une,le,des	admire	la merveille
Je mesure la profondeur du lac.	Ich messe die Tiefe des Sees.	la	une,le,des	mesure	la profondeur
J'abandonne la poursuite après une heure.	Ich gebe die Verfolgung nach einer Stunde auf.	la	une,le,des	abandonne	la poursuite
Je renforce l'unité du groupe.	Ich stärke die Einheit der Gruppe.	l'	le,la,un	renforce	l'unité
J'invente le prétexte rapidement.	Ich erfinde schnell einen Vorwand.	le	un,la,du	invente	le prétexte
J'explique le symbole à mes élèves.	Ich erkläre meinen Schülern das Symbol.	le	un,la,du	explique	le symbole
Je réussis la tentative du premier coup.	Ich schaffe den Versuch beim ersten Mal.	la	une,le,des	réussis	la tentative
Je gare l'automobile devant le magasin.	Ich parke das Auto vor dem Geschäft.	l'	le,la,un	gare	l'automobile
Je polis le bronze avec soin.	Ich poliere sorgfältig die Bronze.	le	un,la,du	polis	le bronze
Je mesure la longueur du tissu.	Ich messe die Länge des Stoffs.	la	une,le,des	mesure	la longueur
Je remercie le barbier pour la coupe.	Ich danke dem Barbier für den Schnitt.	le	un,la,du	remercie	le barbier
Je rencontre le gouverneur lors de la visite.	Ich treffe den Gouverneur bei dem Besuch.	le	un,la,du	rencontre	le gouverneur
J'admire le guerrier pour son courage.	Ich bewundere den Krieger für seinen Mut.	le	un,la,du	admire	le guerrier
Je remercie l'interlocuteur pour sa patience.	Ich danke dem Gesprächspartner für seine Geduld.	l'	le,la,un	remercie	l'interlocuteur
Je remercie l'interlocutrice pour son écoute.	Ich danke der Gesprächspartnerin für ihr Zuhören.	l'	le,la,un	remercie	l'interlocutrice
Je salue le jardinier chaque matin.	Ich grüße jeden Morgen den Gärtner.	le	un,la,du	salue	le jardinier
J'admire le magicien pendant le spectacle.	Ich bewundere während der Vorstellung den Zauberer.	le	un,la,du	admire	le magicien
Je comprends l'adolescent sans difficulté.	Ich verstehe problemlos den Jugendlichen.	l'	le,la,un	comprends	l'adolescent
Je remercie l'assistante pour son efficacité.	Ich danke der Assistentin für ihre Effizienz.	l'	le,la,un	remercie	l'assistante
Je photographie le berger avec son troupeau.	Ich fotografiere den Schäfer mit seiner Herde.	le	un,la,du	photographie	le berger
Je salue la bergère en passant.	Ich grüße im Vorbeigehen die Schäferin.	la	une,le,des	salue	la bergère
Je remercie la bouchère pour son conseil.	Ich danke der Metzgerin für ihren Rat.	la	une,le,des	remercie	la bouchère
Je salue le boulanger chaque matin.	Ich grüße jeden Morgen den Bäcker.	le	un,la,du	salue	le boulanger
Je remercie la boulangère pour le pain chaud.	Ich danke der Bäckerin für das warme Brot.	la	une,le,des	remercie	la boulangère
Je remercie la commerçante pour son accueil.	Ich danke der Händlerin für ihren Empfang.	la	une,le,des	remercie	la commerçante
Je salue le gendarme au barrage.	Ich grüße den Gendarm an der Kontrolle.	le	un,la,du	salue	le gendarme
Je remercie le pompier pour son intervention.	Ich danke dem Feuerwehrmann für sein Eingreifen.	le	un,la,du	remercie	le pompier
J'étends la bâche sur la voiture.	Ich breite die Plane über das Auto.	la	une,le,des	étends	la bâche
Je range le matériel après le cours.	Ich räume nach dem Unterricht das Material auf.	le	un,la,du	range	le matériel
J'affronte le péril avec courage.	Ich begegne mutig der Gefahr.	le	un,la,du	affronte	le péril
Je reçois la prime en fin d'année.	Ich erhalte am Jahresende die Prämie.	la	une,le,des	reçois	la prime
Je cherche la canne avant de sortir.	Ich suche vor dem Rausgehen den Stock.	la	une,le,des	cherche	la canne
Je négocie la descente avec prudence.	Ich nehme die Abfahrt vorsichtig.	la	une,le,des	négocie	la descente
Je remercie le barman pour le cocktail.	Ich danke dem Barkeeper für den Cocktail.	le	un,la,du	remercie	le barman
J'utilise le centimètre pour mesurer.	Ich benutze den Zentimeter zum Messen.	le	un,la,du	utilise	le centimètre
Je découvre la magie avec émerveillement.	Ich entdecke voller Staunen die Magie.	la	une,le,des	découvre	la magie
Je prêche la vertu sans convaincre.	Ich predige die Tugend, ohne zu überzeugen.	la	une,le,des	prêche	la vertu
J'ajuste le projecteur avant le spectacle.	Ich stelle vor der Vorstellung den Scheinwerfer ein.	le	un,la,du	ajuste	le projecteur
Je remercie le secrétaire pour son organisation.	Ich danke dem Sekretär für seine Organisation.	le	un,la,du	remercie	le secrétaire
Je remercie la secrétaire pour son sérieux.	Ich danke der Sekretärin für ihre Zuverlässigkeit.	la	une,le,des	remercie	la secrétaire
Je consulte le spécialiste pour un avis.	Ich konsultiere den Spezialisten für eine Meinung.	le	un,la,du	consulte	le spécialiste
Je consulte la spécialiste avant la décision.	Ich konsultiere die Spezialistin vor der Entscheidung.	la	une,le,des	consulte	la spécialiste
Je remercie la fonctionnaire pour sa patience.	Ich danke der Beamtin für ihre Geduld.	la	une,le,des	remercie	la fonctionnaire
Je rencontre le maire lors de la cérémonie.	Ich treffe den Bürgermeister bei der Zeremonie.	le	un,la,du	rencontre	le maire
Je félicite la maire pour son discours.	Ich beglückwünsche die Bürgermeisterin zu ihrer Rede.	la	une,le,des	félicite	la maire
Je consulte le notaire pour l'achat.	Ich konsultiere den Notar für den Kauf.	le	un,la,du	consulte	le notaire
Je consulte la notaire pour le contrat.	Ich konsultiere die Notarin für den Vertrag.	la	une,le,des	consulte	la notaire
Je consulte le dentiste deux fois par an.	Ich besuche zweimal im Jahr den Zahnarzt.	le	un,la,du	consulte	le dentiste
Je consulte la dentiste pour une carie.	Ich besuche die Zahnärztin wegen eines Lochs.	la	une,le,des	consulte	la dentiste
Je consulte le psychiatre chaque mois.	Ich besuche jeden Monat den Psychiater.	le	un,la,du	consulte	le psychiatre
Je consulte la psychiatre depuis un an.	Ich besuche seit einem Jahr die Psychiaterin.	la	une,le,des	consulte	la psychiatre
J'aide la touriste avec sa valise.	Ich helfe der Touristin mit ihrem Koffer.	la	une,le,des	aide	la touriste
J'engage le détective pour cette affaire.	Ich engagiere den Detektiv für diesen Fall.	le	un,la,du	engage	le détective
J'engage la détective sans hésiter.	Ich engagiere ohne zu zögern die Detektivin.	la	une,le,des	engage	la détective
Je remercie la collègue pour son aide.	Ich danke der Kollegin für ihre Hilfe.	la	une,le,des	remercie	la collègue
Je remercie la partenaire pour sa confiance.	Ich danke der Partnerin für ihr Vertrauen.	la	une,le,des	remercie	la partenaire
Je contacte la propriétaire pour une réparation.	Ich kontaktiere die Besitzerin wegen einer Reparatur.	la	une,le,des	contacte	la propriétaire
J'informe la locataire du problème.	Ich informiere die Mieterin über das Problem.	la	une,le,des	informe	la locataire
Je consulte l'adulte avant de décider.	Ich frage vor der Entscheidung den Erwachsenen.	l'	le,la,un	consulte	l'adulte
Je respecte l'adversaire malgré tout.	Ich respektiere trotz allem den Gegner.	l'	le,la,un	respecte	l'adversaire
Je remercie le concierge pour sa gentillesse.	Ich danke dem Concierge für seine Freundlichkeit.	le	un,la,du	remercie	le concierge
Je cite le philosophe dans mon devoir.	Ich zitiere den Philosophen in meiner Hausarbeit.	le	un,la,du	cite	le philosophe
J'admire la philosophe pour ses idées.	Ich bewundere die Philosophin für ihre Ideen.	la	une,le,des	admire	la philosophe
Je consulte l'ingénieur pour ce projet.	Ich konsultiere den Ingenieur für dieses Projekt.	l'	le,la,un	consulte	l'ingénieur
J'admire le comédien pour son talent.	Ich bewundere den Schauspieler für sein Talent.	le	un,la,du	admire	le comédien
Je cite le romancier dans mon exposé.	Ich zitiere den Romanautor in meinem Referat.	le	un,la,du	cite	le romancier
Je respecte l'amateur malgré son niveau.	Ich respektiere trotz seines Niveaus den Amateur.	l'	le,la,un	respecte	l'amateur
Je remercie la coiffeuse pour cette coupe.	Ich danke der Friseurin für diesen Schnitt.	la	une,le,des	remercie	la coiffeuse
Je félicite la pêcheuse pour sa prise.	Ich beglückwünsche die Fischerin zu ihrem Fang.	la	une,le,des	félicite	la pêcheuse
Je remercie l'épicière pour son conseil.	Ich danke der Lebensmittelhändlerin für ihren Rat.	l'	le,la,un	remercie	l'épicière
J'accompagne l'écolière jusqu'à la classe.	Ich begleite die Schülerin bis zum Klassenzimmer.	l'	le,la,un	accompagne	l'écolière
J'accompagne l'écolier jusqu'à la porte.	Ich begleite den Schüler bis zur Tür.	l'	le,la,un	accompagne	l'écolier
Je salue le pêcheur sur le quai.	Ich grüße den Fischer auf dem Kai.	le	un,la,du	salue	le pêcheur
Je cite le critique dans mon article.	Ich zitiere den Kritiker in meinem Artikel.	le	un,la,du	cite	le critique
J'interviewe le communiste sur ses idées.	Ich interviewe den Kommunisten zu seinen Ideen.	le	un,la,du	interviewe	le communiste
J'interviewe la communiste avant l'élection.	Ich interviewe die Kommunistin vor der Wahl.	la	une,le,des	interviewe	la communiste
J'admire la magicienne pendant le tour.	Ich bewundere während des Tricks die Zauberin.	la	une,le,des	admire	la magicienne
J'écoute le disciple avec attention.	Ich höre dem Anhänger aufmerksam zu.	le	un,la,du	écoute	le disciple
J'écoute la disciple sans l'interrompre.	Ich höre der Anhängerin zu, ohne sie zu unterbrechen.	la	une,le,des	écoute	la disciple
Je remercie le conducteur pour sa prudence.	Ich danke dem Fahrer für seine Vorsicht.	le	un,la,du	remercie	le conducteur
J'admire la combattante pour son courage.	Ich bewundere die Kämpferin für ihren Mut.	la	une,le,des	admire	la combattante
Je consulte la conseillère avant de décider.	Ich konsultiere die Beraterin vor der Entscheidung.	la	une,le,des	consulte	la conseillère
J'aide l'étudiante avec ses devoirs.	Ich helfe der Studentin bei ihren Hausaufgaben.	l'	le,la,un	aide	l'étudiante
Je salue le pèlerin sur le chemin.	Ich grüße den Pilger auf dem Weg.	le	un,la,du	salue	le pèlerin
Je cherche le feutre dans la trousse.	Ich suche den Filzstift im Etui.	le	un,la,du	cherche	le feutre
Je remercie le mineur pour son travail.	Ich danke dem Bergmann für seine Arbeit.	le	un,la,du	remercie	le mineur
J'enlève le plâtre après six semaines.	Ich entferne nach sechs Wochen den Gips.	le	un,la,du	enlève	le plâtre
Je cache l'hésitation du mieux possible.	Ich verberge, so gut es geht, das Zögern.	l'	le,la,un	cache	l'hésitation
Je sers l'humanité avec dévouement.	Ich diene der Menschlichkeit mit Hingabe.	l'	le,la,un	sers	l'humanité
Je subis l'humiliation en silence.	Ich erleide schweigend die Demütigung.	l'	le,la,un	subis	l'humiliation
J'admire l'humilité de ce champion.	Ich bewundere die Bescheidenheit dieses Champions.	l'	le,la,un	admire	l'humilité
Je vide le cendrier chaque soir.	Ich leere jeden Abend den Aschenbecher.	le	un,la,du	vide	le cendrier
Je coupe la ficelle avec des ciseaux.	Ich schneide die Schnur mit einer Schere.	la	une,le,des	coupe	la ficelle
Je corrige la copie avant demain.	Ich korrigiere die Abschrift vor morgen.	la	une,le,des	corrige	la copie
Je range le tabouret sous la table.	Ich schiebe den Hocker unter den Tisch.	le	un,la,du	range	le tabouret
Je tiens la rampe en montant.	Ich halte mich beim Hochgehen an der Rampe fest.	la	une,le,des	tiens	la rampe
Je répare la marquise avant l'hiver.	Ich repariere vor dem Winter das Vordach.	la	une,le,des	répare	la marquise
Je remercie la concierge pour son accueil.	Ich danke der Concierge für ihren Empfang.	la	une,le,des	remercie	la concierge
Je nettoie le lustre une fois par an.	Ich putze einmal im Jahr den Kronleuchter.	le	un,la,du	nettoie	le lustre
Je cherche le marteau dans la boîte à outils.	Ich suche den Hammer im Werkzeugkasten.	le	un,la,du	cherche	le marteau
Je monte l'échelle avec précaution.	Ich steige vorsichtig die Leiter hinauf.	l'	le,la,un	monte	l'échelle
Je balaie le perron chaque samedi.	Ich fege jeden Samstag die Haustreppe.	le	un,la,du	balaie	le perron
Je répands le gravier sur le chemin.	Ich streue den Kies auf den Weg.	le	un,la,du	répands	le gravier
Je construis le cube avec les enfants.	Ich baue mit den Kindern den Würfel zusammen.	le	un,la,du	construis	le cube
Je range le rasoir dans la trousse.	Ich verstaue den Rasierer im Etui.	le	un,la,du	range	le rasoir
J'enfonce le clou avec précaution.	Ich schlage vorsichtig den Nagel ein.	le	un,la,du	enfonce	le clou
Je nettoie la cage chaque semaine.	Ich reinige jede Woche den Käfig.	la	une,le,des	nettoie	la cage
J'obtiens l'aveu après une heure.	Ich erhalte nach einer Stunde das Geständnis.	l'	le,la,un	obtiens	l'aveu
Je convaincs le jury avec assurance.	Ich überzeuge selbstsicher die Jury.	le	un,la,du	convaincs	le jury
J'utilise le bloc pour mes notes.	Ich benutze den Block für meine Notizen.	le	un,la,du	utilise	le bloc
J'encaisse le choc sans broncher.	Ich stecke den Schock ohne zu zucken weg.	le	un,la,du	encaisse	le choc
Je protège le foie en évitant l'alcool.	Ich schone die Leber, indem ich Alkohol meide.	le	un,la,du	protège	le foie
J'accepte l'exil avec résignation.	Ich akzeptiere resigniert das Exil.	l'	le,la,un	accepte	l'exil
Je ramasse le foin avant la pluie.	Ich sammle vor dem Regen das Heu.	le	un,la,du	ramasse	le foin
J'aiguise la lame avant de couper.	Ich schärfe vor dem Schneiden die Klinge.	la	une,le,des	aiguise	la lame
Je pratique le golf le dimanche.	Ich spiele sonntags Golf.	le	un,la,du	pratique	le golf
Je cueille la baie en forêt.	Ich pflücke im Wald die Beere.	la	une,le,des	cueille	la baie
Je cultive le haricot dans mon jardin.	Ich baue in meinem Garten Bohnen an.	le	un,la,du	cultive	le haricot
Je coupe le lard en petits morceaux.	Ich schneide den Speck in kleine Stücke.	le	un,la,du	coupe	le lard
Je rejoins le clan sans hésiter.	Ich schließe mich ohne zu zögern dem Clan an.	le	un,la,du	rejoins	le clan
Je photographie le cerf au petit matin.	Ich fotografiere im Morgengrauen den Hirsch.	le	un,la,du	photographie	le cerf
J'évite le serpent sur le sentier.	Ich weiche auf dem Pfad der Schlange aus.	le	un,la,du	évite	le serpent
Je neutralise le poison à temps.	Ich neutralisiere rechtzeitig das Gift.	le	un,la,du	neutralise	le poison
Je règle la pédale avant de partir.	Ich stelle vor der Fahrt das Pedal ein.	la	une,le,des	règle	la pédale
Je vérifie le frein avant de rouler.	Ich prüfe vor der Fahrt die Bremse.	le	un,la,du	vérifie	le frein
J'achète le maillot pour la piscine.	Ich kaufe die Badehose für das Schwimmbad.	le	un,la,du	achète	le maillot
Je secoue le coussin avant de s'asseoir.	Ich schüttele das Kissen vor dem Hinsetzen auf.	le	un,la,du	secoue	le coussin
Je cherche le briquet dans ma poche.	Ich suche das Feuerzeug in meiner Tasche.	le	un,la,du	cherche	le briquet
Je cuisine le porc le dimanche.	Ich koche sonntags Schweinefleisch.	le	un,la,du	cuisine	le porc
Je construis la cabane dans le jardin.	Ich baue im Garten die Hütte.	la	une,le,des	construis	la cabane
Je remplis la malle avant le voyage.	Ich packe vor der Reise den Koffer.	la	une,le,des	remplis	la malle
J'allume la bougie pour le dîner.	Ich zünde für das Abendessen die Kerze an.	la	une,le,des	allume	la bougie
J'utilise la torche dans la cave.	Ich benutze im Keller die Fackel.	la	une,le,des	utilise	la torche
Je range le globe sur l'étagère.	Ich stelle den Globus ins Regal.	le	un,la,du	range	le globe
Je cherche le rouleau pour la pâte.	Ich suche das Nudelholz für den Teig.	le	un,la,du	cherche	le rouleau
Je traverse le taillis prudemment.	Ich durchquere vorsichtig das Gehölz.	le	un,la,du	traverse	le taillis
Je longe la digue à vélo.	Ich fahre mit dem Rad am Deich entlang.	la	une,le,des	longe	la digue
Je traverse le porche en courant.	Ich laufe durch den Torbogen.	le	un,la,du	traverse	le porche
Je range le chevet avant de dormir.	Ich räume vor dem Schlafen den Nachttisch auf.	le	un,la,du	range	le chevet
Je remplis la gamelle de croquettes.	Ich fülle den Napf mit Trockenfutter.	la	une,le,des	remplis	la gamelle
J'insère le jeton dans la machine.	Ich stecke den Jeton in den Automaten.	le	un,la,du	insère	le jeton
Je visite l'écurie avant la course.	Ich besichtige vor dem Rennen den Pferdestall.	l'	le,la,un	visite	l'écurie
Je prépare la farce pour la dinde.	Ich bereite die Füllung für die Pute vor.	la	une,le,des	prépare	la farce
Je photographie l'olivier au coucher du soleil.	Ich fotografiere bei Sonnenuntergang den Olivenbaum.	l'	le,la,un	photographie	l'olivier
J'allume la lanterne au crépuscule.	Ich zünde in der Dämmerung die Laterne an.	la	une,le,des	allume	la lanterne
J'utilise le sifflet pendant le match.	Ich benutze während des Spiels die Pfeife.	le	un,la,du	utilise	le sifflet
J'ajuste la selle avant de partir.	Ich stelle vor der Fahrt den Sattel ein.	la	une,le,des	ajuste	la selle
Je répare le barreau de l'échelle.	Ich repariere die Sprosse der Leiter.	le	un,la,du	répare	le barreau
Je répare la balustrade du balcon.	Ich repariere die Balustrade des Balkons.	la	une,le,des	répare	la balustrade
Je cuisine l'agneau pour Pâques.	Ich koche zu Ostern Lamm.	l'	le,la,un	cuisine	l'agneau
Je polis l'acier avec soin.	Ich poliere sorgfältig den Stahl.	l'	le,la,un	polis	l'acier
Je dis l'adieu avec émotion.	Ich sage bewegt Lebewohl.	l'	le,la,un	dis	l'adieu
Je comprends l'adolescente sans difficulté.	Ich verstehe problemlos die Jugendliche.	l'	le,la,un	comprends	l'adolescente
Je cherche l'aiguille dans la trousse à couture.	Ich suche die Nadel im Nähkästchen.	l'	le,la,un	cherche	l'aiguille
J'observe l'aurore depuis la colline.	Ich beobachte vom Hügel aus die Morgenröte.	l'	le,la,un	observe	l'aurore
J'offre l'anneau pour son mariage.	Ich schenke ihr zur Hochzeit den Ring.	l'	le,la,un	offre	l'anneau
Je règle l'antenne sur le toit.	Ich stelle auf dem Dach die Antenne ein.	l'	le,la,un	règle	l'antenne
J'utilise le bâton pour marcher.	Ich benutze den Stock zum Gehen.	le	un,la,du	utilise	le bâton
Je porte la blouse au laboratoire.	Ich trage im Labor den Kittel.	la	une,le,des	porte	la blouse
Je ramasse la coquille sur la plage.	Ich sammle am Strand die Muschelschale.	la	une,le,des	ramasse	la coquille
Je quitte la caserne à sept heures.	Ich verlasse um sieben Uhr die Kaserne.	la	une,le,des	quitte	la caserne
Je visite le cimetière en novembre.	Ich besuche im November den Friedhof.	le	un,la,du	visite	le cimetière
J'ajoute la bûche dans la cheminée.	Ich lege das Holzscheit in den Kamin.	la	une,le,des	ajoute	la bûche
Je déclenche l'alerte par erreur.	Ich löse aus Versehen den Alarm aus.	l'	le,la,un	déclenche	l'alerte
Je consulte l'index du livre.	Ich schaue im Index des Buches nach.	l'	le,la,un	consulte	l'index
Je salue l'abbé à la sortie de l'église.	Ich grüße den Abbé am Kirchenausgang.	l'	le,la,un	salue	l'abbé
Je salue l'abbesse respectueusement.	Ich grüße respektvoll die Äbtissin.	l'	le,la,un	salue	l'abbesse
Je vérifie l'alibi avec soin.	Ich überprüfe sorgfältig das Alibi.	l'	le,la,un	vérifie	l'alibi
Je porte le béret en hiver.	Ich trage im Winter das Barett.	le	un,la,du	porte	le béret
Je mets le chandail avant de sortir.	Ich ziehe vor dem Rausgehen den Pullover an.	le	un,la,du	mets	le chandail
Je choisis la cravate avec soin.	Ich wähle sorgfältig die Krawatte.	la	une,le,des	choisis	la cravate
Je prépare le petit-déjeuner chaque matin.	Ich bereite jeden Morgen das Frühstück vor.	le	un,la,du	prépare	le petit-déjeuner
J'écoute le disque en boucle.	Ich höre die Platte in Dauerschleife.	le	un,la,du	écoute	le disque
J'ajuste le phare avant de conduire.	Ich stelle vor der Fahrt den Scheinwerfer ein.	le	un,la,du	ajuste	le phare
Je commande le soda sans glaçons.	Ich bestelle die Brause ohne Eis.	le	un,la,du	commande	le soda
J'offre le bouquet avec joie.	Ich schenke mit Freude den Blumenstrauß.	le	un,la,du	offre	le bouquet
J'entends la sirène au loin.	Ich höre in der Ferne die Sirene.	la	une,le,des	entends	la sirène
J'atteins le cap avant midi.	Ich erreiche vor Mittag das Kap.	le	un,la,du	atteins	le cap
Je traverse la steppe en jeep.	Ich durchquere mit dem Jeep die Steppe.	la	une,le,des	traverse	la steppe
Je longe la berge à vélo.	Ich fahre mit dem Rad am Ufer entlang.	la	une,le,des	longe	la berge
Je traverse le maquis avec un guide.	Ich durchquere mit einem Führer die Macchie.	le	un,la,du	traverse	le maquis
Je traverse la lande à cheval.	Ich durchquere zu Pferd das Heideland.	la	une,le,des	traverse	la lande
J'évite le ravin grâce au sentier.	Ich meide dank des Pfads die Schlucht.	le	un,la,du	évite	le ravin
Je photographie le gouffre avec prudence.	Ich fotografiere vorsichtig den Abgrund.	le	un,la,du	photographie	le gouffre
Je jette le métal dans ce conteneur.	Ich entsorge das Metall in diesem Container.	le	un,la,du	jette	le métal
Je polis le cuivre avec un chiffon.	Ich poliere mit einem Tuch das Kupfer.	le	un,la,du	polis	le cuivre
J'utilise le zinc pour le toit.	Ich verwende das Zink für das Dach.	le	un,la,du	utilise	le zinc
J'achète le tabac au bureau de tabac.	Ich kaufe im Tabakladen Tabak.	le	un,la,du	achète	le tabac
J'utilise le charbon pour le barbecue.	Ich benutze die Kohle für den Grill.	le	un,la,du	utilise	le charbon
Je recherche le pétrole en mer du Nord.	Ich suche in der Nordsee Erdöl.	le	un,la,du	recherche	le pétrole
Je coupe le gaz avant les travaux.	Ich schalte vor den Arbeiten das Gas ab.	le	un,la,du	coupe	le gaz
Je cuisine le crabe avec du beurre.	Ich koche die Krabbe mit Butter.	le	un,la,du	cuisine	le crabe
Je change la pile de la télécommande.	Ich wechsle die Batterie der Fernbedienung.	la	une,le,des	change	la pile
J'examine le rein avec des analyses.	Ich untersuche mit Analysen die Niere.	le	un,la,du	examine	le rein
Je protège l'estomac avant le repas épicé.	Ich schone vor dem scharfen Essen den Magen.	l'	le,la,un	protège	l'estomac
Je touche le nerf par accident.	Ich berühre aus Versehen den Nerv.	le	un,la,du	touche	le nerf
Je réduis la graisse dans cette recette.	Ich reduziere in diesem Rezept das Fett.	la	une,le,des	réduis	la graisse
J'avale la salive avant de parler.	Ich schlucke vor dem Sprechen den Speichel.	la	une,le,des	avale	la salive
Je montre la veine au médecin.	Ich zeige dem Arzt die Vene.	la	une,le,des	montre	la veine
Je masse la tempe en cas de migraine.	Ich massiere bei Migräne die Schläfe.	la	une,le,des	masse	la tempe
Je touche la narine par erreur.	Ich berühre aus Versehen das Nasenloch.	la	une,le,des	touche	la narine
Je lève le pouce en signe d'accord.	Ich hebe zum Zeichen der Zustimmung den Daumen.	le	un,la,du	lève	le pouce
J'explore la caverne avec une lampe.	Ich erkunde mit einer Lampe die Höhle.	la	une,le,des	explore	la caverne
Je protège le torse avec un gilet.	Ich schütze mit einer Weste den Oberkörper.	le	un,la,du	protège	le torse
Je traverse la jungle avec un guide.	Ich durchquere mit einem Führer den Dschungel.	la	une,le,des	traverse	la jungle
Je nourris le lapin chaque matin.	Ich füttere jeden Morgen das Kaninchen.	le	un,la,du	nourris	le lapin
J'observe le loup de loin.	Ich beobachte aus der Ferne den Wolf.	le	un,la,du	observe	le loup
Je photographie l'ours en toute sécurité.	Ich fotografiere sicher den Bären.	l'	le,la,un	photographie	l'ours
Je chasse le pigeon du balcon.	Ich vertreibe die Taube vom Balkon.	le	un,la,du	chasse	le pigeon
J'observe la baleine depuis le bateau.	Ich beobachte vom Boot aus den Wal.	la	une,le,des	observe	la baleine
J'observe le dauphin depuis la plage.	Ich beobachte vom Strand aus den Delfin.	le	un,la,du	observe	le dauphin
J'évite le requin en toute prudence.	Ich meide vorsichtshalber den Hai.	le	un,la,du	évite	le requin
Je nourris le canard au bord de l'étang.	Ich füttere am Teichrand die Ente.	le	un,la,du	nourris	le canard
J'entends le coq au lever du jour.	Ich höre bei Tagesanbruch den Hahn.	le	un,la,du	entends	le coq
Je nourris la poule chaque matin.	Ich füttere jeden Morgen das Huhn.	la	une,le,des	nourris	la poule
Je nourris la chèvre avec du foin.	Ich füttere die Ziege mit Heu.	la	une,le,des	nourris	la chèvre
J'élève le veau depuis sa naissance.	Ich ziehe das Kalb seit seiner Geburt groß.	le	un,la,du	élève	le veau
J'évite le taureau avec prudence.	Ich meide vorsichtig den Stier.	le	un,la,du	évite	le taureau
Je nourris l'âne chaque soir.	Ich füttere jeden Abend den Esel.	l'	le,la,un	nourris	l'âne
J'attends la mousson avec impatience.	Ich erwarte ungeduldig den Monsun.	la	une,le,des	attends	la mousson
Je photographie l'aigle en plein vol.	Ich fotografiere den Adler im Flug.	l'	le,la,un	photographie	l'aigle
J'observe le tigre derrière la vitre.	Ich beobachte hinter der Scheibe den Tiger.	le	un,la,du	observe	le tigre
J'observe le lion avec prudence.	Ich beobachte vorsichtig den Löwen.	le	un,la,du	observe	le lion
Je monte le chameau dans le désert.	Ich reite in der Wüste auf dem Kamel.	le	un,la,du	monte	le chameau
Je photographie l'élan au petit matin.	Ich fotografiere im Morgengrauen den Elch.	l'	le,la,un	photographie	l'élan
Je décore le sapin pour Noël.	Ich schmücke zu Weihnachten die Tanne.	le	un,la,du	décore	le sapin
Je plante le pin dans le jardin.	Ich pflanze im Garten die Kiefer.	le	un,la,du	plante	le pin
J'admire le chêne depuis des siècles.	Ich bewundere seit Jahrhunderten die Eiche.	le	un,la,du	admire	le chêne
J'admire le tilleul sur la place.	Ich bewundere die Linde auf dem Platz.	le	un,la,du	admire	le tilleul
Je photographie le palmier sur la plage.	Ich fotografiere am Strand die Palme.	le	un,la,du	photographie	le palmier
Je taille la vigne chaque hiver.	Ich beschneide jeden Winter die Weinrebe.	la	une,le,des	taille	la vigne
Je chasse l'araignée de la chambre.	Ich vertreibe die Spinne aus dem Zimmer.	l'	le,la,un	chasse	l'araignée
Je combats la puce sur le chien.	Ich bekämpfe den Floh auf dem Hund.	la	une,le,des	combats	la puce
Je traverse l'océan en bateau.	Ich überquere mit dem Boot den Ozean.	l'	le,la,un	traverse	l'océan
J'achète le chocolat pour le dessert.	Ich kaufe Schokolade für den Nachtisch.	le	un,la,du	achète	le chocolat
Je coupe la grenade en deux.	Ich schneide den Granatapfel in zwei Hälften.	la	une,le,des	coupe	la grenade
J'admire le hêtre en automne.	Ich bewundere im Herbst die Buche.	le	un,la,du	admire	le hêtre
Je photographie le platane sur la place.	Ich fotografiere die Platane auf dem Platz.	le	un,la,du	photographie	le platane
J'observe l'onde sur l'eau.	Ich beobachte auf dem Wasser die Welle.	l'	le,la,un	observe	l'onde
Je joue le triangle dans l'orchestre.	Ich spiele im Orchester den Triangel.	le	un,la,du	joue	le triangle
Je joue le tambour avec énergie.	Ich spiele energisch die Trommel.	le	un,la,du	joue	le tambour
J'évite le bouc avec prudence.	Ich meide vorsichtig den Ziegenbock.	le	un,la,du	évite	le bouc
J'observe le singe dans les arbres.	Ich beobachte den Affen in den Bäumen.	le	un,la,du	observe	le singe
Je cuisine le gibier le week-end.	Ich koche am Wochenende Wildfleisch.	le	un,la,du	cuisine	le gibier
Je commande le steak bien cuit.	Ich bestelle das Steak gut durchgebraten.	le	un,la,du	commande	le steak
J'achète le comté au marché.	Ich kaufe auf dem Markt Comté-Käse.	le	un,la,du	achète	le comté
Je commande le pâté en entrée.	Ich bestelle als Vorspeise Pastete.	le	un,la,du	commande	le pâté
Je consulte le procureur pour ce dossier.	Ich konsultiere den Staatsanwalt für diese Akte.	le	un,la,du	consulte	le procureur
Je range la griffe dans la remise.	Ich verstaue die Gartenkralle im Schuppen.	la	une,le,des	range	la griffe
Je tourne la manivelle avec force.	Ich drehe kräftig die Kurbel.	la	une,le,des	tourne	la manivelle
J'essuie la bulle du casque.	Ich wische das Windschild des Helms ab.	la	une,le,des	essuie	la bulle
J'enfile la cape avant la pluie.	Ich ziehe vor dem Regen den Umhang an.	la	une,le,des	enfile	la cape
Je range la culotte dans le tiroir.	Ich lege den Slip in die Schublade.	la	une,le,des	range	la culotte
J'enfile la perle sur le fil.	Ich fädle die Perle auf den Faden.	la	une,le,des	enfile	la perle
Je suis l'intuition sans hésiter.	Ich folge ohne zu zögern meiner Intuition.	l'	le,la,un	suis	l'intuition
Je confirme le transfert par mail.	Ich bestätige per E-Mail die Überweisung.	le	un,la,du	confirme	le transfert
J'observe la métamorphose avec fascination.	Ich beobachte fasziniert die Metamorphose.	la	une,le,des	observe	la métamorphose
Je range le billard après la partie.	Ich räume nach der Partie das Billard auf.	le	un,la,du	range	le billard
J'apprends le crochet avec ma grand-mère.	Ich lerne bei meiner Großmutter Häkeln.	le	un,la,du	apprends	le crochet
Je réserve le bungalow pour l'été.	Ich buche für den Sommer den Bungalow.	le	un,la,du	réserve	le bungalow
J'organise le congrès chaque année.	Ich organisiere jedes Jahr den Kongress.	le	un,la,du	organise	le congrès
Je dénonce la propagande ouvertement.	Ich prangere offen die Propaganda an.	la	une,le,des	dénonce	la propagande
Je développe l'industrie dans cette région.	Ich baue in dieser Region die Industrie aus.	l'	le,la,un	développe	l'industrie
Je réinvestis le profit immédiatement.	Ich reinvestiere sofort den Profit.	le	un,la,du	réinvestis	le profit
Je termine la négociation avec succès.	Ich beende erfolgreich die Verhandlung.	la	une,le,des	termine	la négociation
Je paye l'impôt avant la date limite.	Ich zahle vor der Frist die Steuer.	l'	le,la,un	paye	l'impôt
Je pratique la gymnastique deux fois par semaine.	Ich betreibe zweimal die Woche Gymnastik.	la	une,le,des	pratique	la gymnastique
Je traverse la poutre avec équilibre.	Ich überquere balanciert den Schwebebalken.	la	une,le,des	traverse	la poutre
J'utilise les anneaux pour cet exercice.	Ich benutze für diese Übung die Turnringe.	les	des,un,de	utilise	les anneaux
Je range le sabre après l'entraînement.	Ich verstaue nach dem Training den Säbel.	le	un,la,du	range	le sabre
Je range l'épée dans son fourreau.	Ich stecke den Degen in seine Scheide.	l'	le,la,un	range	l'épée
Je cherche la rame sous le siège.	Ich suche das Ruder unter dem Sitz.	la	une,le,des	cherche	la rame
J'ajuste la bride avant de monter.	Ich stelle vor dem Aufsitzen das Zaumzeug ein.	la	une,le,des	ajuste	la bride
Je tends l'arc avec force.	Ich spanne kräftig den Bogen.	l'	le,la,un	tends	l'arc
Je ramasse la flèche sur le sol.	Ich hebe vom Boden den Pfeil auf.	la	une,le,des	ramasse	la flèche
Je grimpe la roche sans corde.	Ich erklettere ohne Seil den Fels.	la	une,le,des	grimpe	la roche
J'admire le cristal sous la lumière.	Ich bewundere im Licht den Kristall.	le	un,la,du	admire	le cristal
Je polis le granit avec soin.	Ich poliere sorgfältig den Granit.	le	un,la,du	polis	le granit
Je nettoie le marbre chaque semaine.	Ich reinige jede Woche den Marmor.	le	un,la,du	nettoie	le marbre
Je ramasse le galet sur la plage.	Ich sammle am Strand den Kieselstein.	le	un,la,du	ramasse	le galet
Je nettoie le carrelage chaque semaine.	Ich reinige jede Woche die Fliesen.	le	un,la,du	nettoie	le carrelage
J'admire la tapisserie au musée.	Ich bewundere im Museum die Tapisserie.	la	une,le,des	admire	la tapisserie
Je verse le béton pour la terrasse.	Ich gieße für die Terrasse den Beton.	le	un,la,du	verse	le béton
Je pose la dalle avec précaution.	Ich lege vorsichtig die Platte.	la	une,le,des	pose	la dalle
Je signe l'armistice en novembre.	Ich unterzeichne im November den Waffenstillstand.	l'	le,la,un	signe	l'armistice
J'étudie la conquête en cours d'histoire.	Ich untersuche im Geschichtsunterricht die Eroberung.	la	une,le,des	étudie	la conquête
Je condamne l'invasion fermement.	Ich verurteile entschieden die Invasion.	l'	le,la,un	condamne	l'invasion
Je photographie la ruine sous tous les angles.	Ich fotografiere die Ruine aus allen Winkeln.	la	une,le,des	photographie	la ruine
Je visite le tombeau avec respect.	Ich besuche respektvoll das Grabmal.	le	un,la,du	visite	le tombeau
Je traverse le royaume en une semaine.	Ich durchquere in einer Woche das Königreich.	le	un,la,du	traverse	le royaume
J'admire le trône au musée.	Ich bewundere im Museum den Thron.	le	un,la,du	admire	le trône
Je respecte la trêve sans exception.	Ich halte ausnahmslos die Waffenruhe ein.	la	une,le,des	respecte	la trêve
Je longe le rempart à pied.	Ich gehe zu Fuß entlang der Stadtmauer.	le	un,la,du	longe	le rempart
Je creuse la tranchée avec effort.	Ich grabe mit Mühe den Schützengraben.	la	une,le,des	creuse	la tranchée
J'étudie l'arabe depuis un an.	Ich lerne seit einem Jahr Arabisch.	l'	le,la,un	étudie	l'arabe
Je corrige l'intonation avec le professeur.	Ich korrigiere mit dem Lehrer die Intonation.	l'	le,la,un	corrige	l'intonation
Je porte le top avec un jean.	Ich trage das Top mit einer Jeans.	le	un,la,du	porte	le top
J'informe l'état-major de la situation.	Ich informiere den Generalstab über die Lage.	l'	le,la,un	informe	l'état-major
Je commande l'infanterie sur le terrain.	Ich befehlige die Infanterie auf dem Gelände.	l'	le,la,un	commande	l'infanterie
Je rejoins le bataillon à dix-huit ans.	Ich trete mit achtzehn dem Bataillon bei.	le	un,la,du	rejoins	le bataillon
Je définis l'axe du graphique.	Ich definiere die Achse des Diagramms.	l'	le,la,un	définis	l'axe
Je range la porcelaine avec précaution.	Ich verstaue vorsichtig das Porzellan.	la	une,le,des	range	la porcelaine
J'évite le tourbillon en kayak.	Ich weiche im Kajak dem Strudel aus.	le	un,la,du	évite	le tourbillon
Je sculpte le buste en trois mois.	Ich meißle die Büste in drei Monaten.	le	un,la,du	sculpte	le buste
Je respecte le rite sans exception.	Ich halte mich ausnahmslos an den Ritus.	le	un,la,du	respecte	le rite
Je rejoins le cortège sur la place.	Ich schließe mich auf dem Platz dem Festzug an.	le	un,la,du	rejoins	le cortège
Je salue la dauphine respectueusement.	Ich grüße respektvoll die Dauphine.	la	une,le,des	salue	la dauphine
J'organise le ravitaillement pour l'expédition.	Ich organisiere für die Expedition die Versorgung.	le	un,la,du	organise	le ravitaillement
J'appelle l'hélicoptère en urgence.	Ich rufe dringend den Hubschrauber.	l'	le,la,un	appelle	l'hélicoptère
Je remercie l'hôte pour son accueil.	Ich danke dem Gastgeber für seinen Empfang.	l'	le,la,un	remercie	l'hôte
J'observe le chevalier au bord de l'étang.	Ich beobachte am Teichrand den Wasserläufer.	le	un,la,du	observe	le chevalier
J'ouvre la lucarne pour aérer.	Ich öffne das Dachfenster zum Lüften.	la	une,le,des	ouvre	la lucarne
Je visite la métropole en trois jours.	Ich besichtige die Metropole in drei Tagen.	la	une,le,des	visite	la métropole
Je présente le beau-frère à mes amis.	Ich stelle meinen Freunden den Schwager vor.	le	un,la,du	présente	le beau-frère
Je présente la belle-sœur à mes collègues.	Ich stelle meinen Kollegen die Schwägerin vor.	la	une,le,des	présente	la belle-sœur
Je présente le petit-fils avec fierté.	Ich stelle stolz den Enkel vor.	le	un,la,du	présente	le petit-fils
Je compte la dizaine sans erreur.	Ich zähle fehlerfrei die Zehnergruppe.	la	une,le,des	compte	la dizaine
Je dépasse le millier facilement.	Ich überschreite leicht den Tausender.	le	un,la,du	dépasse	le millier
J'attends la demi-heure sans bouger.	Ich warte reglos die halbe Stunde ab.	la	une,le,des	attends	la demi-heure
Je choisis la teinte avec soin.	Ich wähle sorgfältig den Farbton.	la	une,le,des	choisis	la teinte
Je dessine le carré au tableau.	Ich zeichne das Quadrat an die Tafel.	le	un,la,du	dessine	le carré
Je dessine le rectangle avec la règle.	Ich zeichne mit dem Lineal das Rechteck.	le	un,la,du	dessine	le rectangle
Je caresse le museau du chien.	Ich streichle die Schnauze des Hundes.	le	un,la,du	caresse	le museau
J'admire la corne du cerf.	Ich bewundere das Geweih des Hirsches.	la	une,le,des	admire	la corne
J'évite la décharge en triant mes déchets.	Ich vermeide die Mülldeponie, indem ich meinen Müll trenne.	la	une,le,des	évite	la décharge
Je range les ciseaux dans le tiroir.	Ich lege die Schere in die Schublade.	les	des,un,de	range	les ciseaux
J'ajuste le contraste de la photo.	Ich stelle den Kontrast des Fotos ein.	le	un,la,du	ajuste	le contraste
J'examine le sabot du cheval.	Ich untersuche den Huf des Pferdes.	le	un,la,du	examine	le sabot
Je ramasse l'écaille sur la plage.	Ich sammle am Strand die Schuppe.	l'	le,la,un	ramasse	l'écaille
Je remercie le prof pour son aide.	Ich danke dem Lehrer für seine Hilfe.	le	un,la,du	remercie	le prof
Je remercie la prof pour sa patience.	Ich danke der Lehrerin für ihre Geduld.	la	une,le,des	remercie	la prof
Je termine le bouquin en un week-end.	Ich beende den Schmöker an einem Wochenende.	le	un,la,du	termine	le bouquin
J'affronte la galère avec humour.	Ich begegne der Mühsal mit Humor.	la	une,le,des	affronte	la galère
Je raconte le délire à mes amis.	Ich erzähle meinen Freunden die abgedrehte Sache.	le	un,la,du	raconte	le délire
J'explique l'irruption du chien dans la salle.	Ich erkläre das plötzliche Eindringen des Hundes in den Raum.	l'	le,la,un	explique	l'irruption
Je cache le dessein avec soin.	Ich verberge sorgfältig die Absicht.	le	un,la,du	cache	le dessein
Je signale l'incident immédiatement.	Ich melde sofort den Zwischenfall.	l'	le,la,un	signale	l'incident
Je cache le désarroi devant mes collègues.	Ich verberge vor meinen Kollegen die Bestürzung.	le	un,la,du	cache	le désarroi
J'admire la lucidité de cette analyse.	Ich bewundere die Klarheit dieser Analyse.	la	une,le,des	admire	la lucidité
Je corrige le biais dans le calcul.	Ich korrigiere im Berechnung die Verzerrung.	le	un,la,du	corrige	le biais
Je cache le dépit derrière un sourire.	Ich verberge hinter einem Lächeln den Verdruss.	le	un,la,du	cache	le dépit
J'admire la ferveur de ce croyant.	Ich bewundere die Inbrunst dieses Gläubigen.	la	une,le,des	admire	la ferveur
Je cache le tourment du mieux possible.	Ich verberge, so gut es geht, das innere Leiden.	le	un,la,du	cache	le tourment
Je ressens l'abandon après cette rupture.	Ich empfinde nach dieser Trennung das Gefühl des Verlassenseins.	l'	le,la,un	ressens	l'abandon
J'admire l'ardeur de cette équipe.	Ich bewundere den Eifer dieses Teams.	l'	le,la,un	admire	l'ardeur
Je modère le zèle un peu.	Ich zügle ein wenig meinen Eifer.	le	un,la,du	modère	le zèle
J'ignore le mépris avec dignité.	Ich ignoriere würdevoll die Verachtung.	le	un,la,du	ignore	le mépris
J'abats la cloison pour agrandir la pièce.	Ich reiße die Trennwand ab, um den Raum zu vergrößern.	la	une,le,des	abats	la cloison
Je présente la nana à mes parents.	Ich stelle meinen Eltern die Freundin vor.	la	une,le,des	présente	la nana
Je présente le poteau à ma sœur.	Ich stelle meiner Schwester den Kumpel vor.	le	un,la,du	présente	le poteau
J'économise le pognon chaque mois.	Ich spare jeden Monat die Kohle.	le	un,la,du	économise	le pognon
Je gagne le blé honnêtement.	Ich verdiene ehrlich das Geld.	le	un,la,du	gagne	le blé
Je cherche le job depuis un mois.	Ich suche seit einem Monat einen Job.	le	un,la,du	cherche	le job
Je cache la trouille devant mes amis.	Ich verberge vor meinen Freunden den Schiss.	la	une,le,des	cache	la trouille
Je répare la bagnole ce week-end.	Ich repariere an diesem Wochenende die Karre.	la	une,le,des	répare	la bagnole
Je rénove la baraque petit à petit.	Ich renoviere nach und nach die Bude.	la	une,le,des	rénove	la baraque
Je range la piaule avant les vacances.	Ich räume vor den Ferien die Bude auf.	la	une,le,des	range	la piaule
Je jette la clope par terre.	Ich werfe die Kippe auf den Boden.	la	une,le,des	jette	la clope
J'essaie la fringue avant d'acheter.	Ich probiere vor dem Kauf das Kleidungsstück an.	la	une,le,des	essaie	la fringue
Je cherche le machin partout.	Ich suche überall das Dingens.	le	un,la,du	cherche	le machin
J'évite l'imbécile autant que possible.	Ich meide, so gut es geht, den Dummkopf.	l'	le,la,un	évite	l'imbécile
J'ignore l'abruti complètement.	Ich ignoriere völlig den Trottel.	l'	le,la,un	ignore	l'abruti
J'ignore l'abrutie sans un mot.	Ich ignoriere wortlos die Trottelin.	l'	le,la,un	ignore	l'abrutie
J'évite le crétin au bureau.	Ich meide im Büro den Vollidioten.	le	un,la,du	évite	le crétin
J'évite la crétine autant que possible.	Ich meide, so gut es geht, die Vollidiotin.	la	une,le,des	évite	la crétine
Je répands le fumier sur le champ.	Ich verteile den Mist auf dem Feld.	le	un,la,du	répands	le fumier
Je cache le dédain sous un sourire.	Ich verberge unter einem Lächeln die Geringschätzung.	le	un,la,du	cache	le dédain
Je nettoie la saloperie avant les invités.	Ich putze vor den Gästen die Schweinerei weg.	la	une,le,des	nettoie	la saloperie
J'enlève la crasse avec une brosse.	Ich entferne mit einer Bürste den Dreck.	la	une,le,des	enlève	la crasse
Je condamne le viol fermement.	Ich verurteile entschieden die Vergewaltigung.	le	un,la,du	condamne	le viol
J'achète la capote en pharmacie.	Ich kaufe in der Apotheke ein Kondom.	la	une,le,des	achète	la capote
Je prends la pilule chaque matin.	Ich nehme jeden Morgen die Pille.	la	une,le,des	prends	la pilule
Je choisis le prénom avec mon partenaire.	Ich wähle mit meinem Partner den Vornamen.	le	un,la,du	choisis	le prénom
J'admire la pureté de cette eau.	Ich bewundere die Reinheit dieses Wassers.	la	une,le,des	admire	la pureté
Je respire l'oxygène à pleins poumons.	Ich atme tief den Sauerstoff ein.	l'	le,la,un	respire	l'oxygène
Je répare le néon dans la cuisine.	Ich repariere in der Küche die Neonröhre.	le	un,la,du	répare	le néon
Je jette le plomb correctement.	Ich entsorge das Blei fachgerecht.	le	un,la,du	jette	le plomb
Je cherche le tube dans le laboratoire.	Ich suche das Röhrchen im Labor.	le	un,la,du	cherche	le tube
Je salue le pensionnaire chaleureusement.	Ich empfange den Internatsschüler herzlich.	le	un,la,du	salue	le pensionnaire
J'assure la permanence le mardi.	Ich übernehme dienstags die Aufsicht.	la	une,le,des	assure	la permanence
Je gagne le lot à la tombola.	Ich gewinne bei der Tombola das Los.	le	un,la,du	gagne	le lot
J'affronte la houle avec calme.	Ich begegne ruhig der Dünung.	la	une,le,des	affronte	la houle
Je salue le marin sur le quai.	Ich grüße den Seemann auf dem Kai.	le	un,la,du	salue	le marin
Je photographie l'éléphant au zoo.	Ich fotografiere im Zoo den Elefanten.	l'	le,la,un	photographie	l'éléphant
Je nourris la lapine chaque matin.	Ich füttere jeden Morgen die Häsin.	la	une,le,des	nourris	la lapine
Je trouve la cachette enfin.	Ich finde endlich das Versteck.	la	une,le,des	trouve	la cachette
Je cuisine le bœuf le dimanche.	Ich koche sonntags Rindfleisch.	le	un,la,du	cuisine	le bœuf
Je traverse le pré avec le chien.	Ich durchquere mit dem Hund die Weide.	le	un,la,du	traverse	le pré
Je gravis le mont en trois heures.	Ich besteige den Berg in drei Stunden.	le	un,la,du	gravis	le mont
J'atteins la crête avant midi.	Ich erreiche vor Mittag den Bergkamm.	la	une,le,des	atteins	la crête
J'admire le gaillard pour sa force.	Ich bewundere den Kerl für seine Kraft.	le	un,la,du	admire	le gaillard
Je loue la villa pour l'été.	Ich miete für den Sommer die Villa.	la	une,le,des	loue	la villa
Je répare la tuile avant l'orage.	Ich repariere vor dem Gewitter den Dachziegel.	la	une,le,des	répare	la tuile
Je signale les selles au médecin.	Ich melde dem Arzt den Stuhlgang.	les	des,un,de	signale	les selles
Je quitte la morgue en silence.	Ich verlasse schweigend das Leichenhaus.	la	une,le,des	quitte	la morgue
Je combats le cancer avec courage.	Ich bekämpfe mutig den Krebs.	le	un,la,du	combats	le cancer
Je cite la Bible dans son discours.	Ich zitiere in seiner Rede die Bibel.	la	une,le,des	cite	la Bible
Je rencontre le pape lors de sa visite.	Ich treffe den Papst bei seinem Besuch.	le	un,la,du	rencontre	le pape
Je visite le temple avec respect.	Ich besuche respektvoll den Tempel.	le	un,la,du	visite	le temple
Je photographie le clocher sous tous les angles.	Ich fotografiere den Kirchturm aus allen Winkeln.	le	un,la,du	photographie	le clocher
Je visite la chapelle en silence.	Ich besuche schweigend die Kapelle.	la	une,le,des	visite	la chapelle
Je prépare la communion avec le prêtre.	Ich bereite mit dem Priester die Kommunion vor.	la	une,le,des	prépare	la communion
J'entends la confession chaque samedi.	Ich höre jeden Samstag die Beichte.	la	une,le,des	entends	la confession
J'étudie la religion avec intérêt.	Ich untersuche interessiert die Religion.	la	une,le,des	étudie	la religion
Je salue le moine au monastère.	Ich grüße den Mönch im Kloster.	le	un,la,du	salue	le moine
J'allume le cierge en entrant.	Ich zünde beim Reingehen die Kerze an.	le	un,la,du	allume	le cierge
J'organise le rencard pour vendredi.	Ich vereinbare das Date für Freitag.	le	un,la,du	organise	le rencard
Je respecte la quarantaine sans exception.	Ich halte die Quarantäne ausnahmslos ein.	la	une,le,des	respecte	la quarantaine
Je dénonce le délit à la police.	Ich melde der Polizei das Vergehen.	le	un,la,du	dénonce	le délit
J'interroge le criminel pendant des heures.	Ich verhöre den Verbrecher stundenlang.	le	un,la,du	interroge	le criminel
J'interroge la criminelle avec méthode.	Ich verhöre die Verbrecherin methodisch.	la	une,le,des	interroge	la criminelle
Je condamne l'homicide fermement.	Ich verurteile entschieden das Tötungsdelikt.	l'	le,la,un	condamne	l'homicide
Je dénonce le dealer à la police.	Ich melde der Polizei den Dealer.	le	un,la,du	dénonce	le dealer
J'aide la prostituée avec cette association.	Ich helfe der Prostituierten mit diesem Verein.	la	une,le,des	aide	la prostituée
J'aide le prostitué avec cette association.	Ich helfe dem Prostituierten mit diesem Verein.	le	un,la,du	aide	le prostitué
J'interroge le suspect toute la nuit.	Ich verhöre den Verdächtigen die ganze Nacht.	le	un,la,du	interroge	le suspect
Je compare le prix des deux magasins.	Ich vergleiche den Preis der beiden Geschäfte.	le	un,la,du	comparer	comparer
J'expose le problème clairement.	Ich lege das Problem klar dar.	le	un,la,du	exposer	exposer
Je calcule la distance avec précision.	Ich berechne genau die Entfernung.	la	une,le,des	calculer	calculer
J'imprime le document en deux exemplaires.	Ich drucke das Dokument in zwei Exemplaren.	le	un,la,du	imprimer	imprimer
Je souligne le mot important.	Ich unterstreiche das wichtige Wort.	le	un,la,du	souligner	souligner
Je mélange le sucre et la farine.	Ich vermische den Zucker und das Mehl.	le	un,la,du	mélanger	mélanger
Je poste la photo sur mon compte.	Ich poste das Foto auf meinem Konto.	la	une,le,des	poster	poster
J'annule la réunion par téléphone.	Ich sage telefonisch die Besprechung ab.	la	une,le,des	annuler	annuler
J'analyse le résultat en détail.	Ich analysiere das Ergebnis im Detail.	le	un,la,du	analyser	analyser
J'améliore le texte avant l'envoi.	Ich verbessere den Text vor dem Versand.	le	un,la,du	améliorer	améliorer
J'emballe la valise avec soin.	Ich packe sorgfältig den Koffer.	la	une,le,des	emballer	emballer
Je signale la panne au technicien.	Ich melde dem Techniker den Defekt.	la	une,le,des	signaler	signaler
J'exagère la difficulté du problème.	Ich übertreibe die Schwierigkeit des Problems.	la	une,le,des	exagérer	exagérer
Je branche le câble sur la prise.	Ich stecke das Kabel in die Steckdose.	le	un,la,du	brancher	brancher
Je classe le dossier par ordre alphabétique.	Ich sortiere die Akte alphabetisch.	le	un,la,du	classer	classer
J'identifie le problème rapidement.	Ich identifiziere schnell das Problem.	le	un,la,du	identifier	identifier
Je consomme le produit avant la date.	Ich verzehre das Produkt vor dem Datum.	le	un,la,du	consommer	consommer
J'enregistre le numéro dans mon téléphone.	Ich speichere die Nummer in meinem Handy.	le	un,la,du	enregistrer	enregistrer
Je distribue le matériel à chaque élève.	Ich verteile das Material an jeden Schüler.	le	un,la,du	distribuer	distribuer
Je complète le formulaire avant midi.	Ich fülle das Formular vor Mittag aus.	le	un,la,du	compléter	compléter
Je formule la question avec précision.	Ich formuliere die Frage genau.	la	une,le,des	formuler	formuler
Je récite le poème par cœur.	Ich trage das Gedicht auswendig vor.	le	un,la,du	réciter	réciter
Je sèche le linge au soleil.	Ich trockne die Wäsche in der Sonne.	le	un,la,du	sécher	sécher
Je cueille la fleur avec précaution.	Ich pflücke vorsichtig die Blume.	la	une,le,des	cueillir	cueillir
Je justifie le retard avec un mot.	Ich entschuldige die Verspätung mit einem Brief.	le	un,la,du	justifier	justifier
Je développe le projet avec mon équipe.	Ich entwickle mit meinem Team das Projekt.	le	un,la,du	développer	développer
Je favorise le dialogue entre les élèves.	Ich fördere den Dialog zwischen den Schülern.	le	un,la,du	favoriser	favoriser
Je gère le budget avec prudence.	Ich verwalte vorsichtig das Budget.	le	un,la,du	gérer	gérer
Je mentionne le problème brièvement.	Ich erwähne kurz das Problem.	le	un,la,du	mentionner	mentionner
Je transmets le message immédiatement.	Ich übermittle sofort die Nachricht.	le	un,la,du	transmettre	transmettre
Je contacte le propriétaire par mail.	Ich kontaktiere per Mail den Eigentümer.	le	un,la,du	contacter	contacter
Je détermine le prix avec le vendeur.	Ich bestimme mit dem Verkäufer den Preis.	le	un,la,du	déterminer	déterminer
J'illustre le texte avec des dessins.	Ich veranschauliche den Text mit Zeichnungen.	le	un,la,du	illustrer	illustrer
J'interprète le rôle avec talent.	Ich spiele die Rolle mit Talent.	le	un,la,du	interpréter	interpréter
J'associe le mot à une image.	Ich verbinde das Wort mit einem Bild.	le	un,la,du	associer	associer
Je critique le projet ouvertement.	Ich kritisiere offen das Projekt.	le	un,la,du	critiquer	critiquer
Je négocie le prix sans hésiter.	Ich verhandle ohne zu zögern den Preis.	le	un,la,du	négocier	négocier
Je démontre le théorème au tableau.	Ich beweise an der Tafel den Satz.	le	un,la,du	démontrer	démontrer
Je rédige le rapport en une heure.	Ich verfasse den Bericht in einer Stunde.	le	un,la,du	rédiger	rédiger
J'adapte le programme au niveau.	Ich passe das Programm dem Niveau an.	le	un,la,du	adapter	adapter
J'ajuste le siège avant de partir.	Ich stelle vor der Fahrt den Sitz ein.	le	un,la,du	ajuster	ajuster
J'attribue le prix au meilleur candidat.	Ich vergebe den Preis an den besten Kandidaten.	le	un,la,du	attribuer	attribuer
Je cerne le problème avec précision.	Ich grenze genau das Problem ein.	le	un,la,du	cerner	cerner
Je consulte le dictionnaire avant de traduire.	Ich schaue vor dem Übersetzen im Wörterbuch nach.	le	un,la,du	consulter	consulter
Je diminue le volume le soir.	Ich verringere abends die Lautstärke.	le	un,la,du	diminuer	diminuer
Je maîtrise le sujet parfaitement.	Ich beherrsche das Thema perfekt.	le	un,la,du	maîtriser	maîtriser
J'ordonne le silence immédiatement.	Ich ordne sofort Stille an.	le	un,la,du	ordonner	ordonner
J'affiche le résultat au tableau.	Ich zeige das Ergebnis an der Tafel an.	le	un,la,du	afficher	afficher
Je définis le mot avec précision.	Ich definiere das Wort genau.	le	un,la,du	définir	définir
J'élargis le champ de recherche.	Ich erweitere das Suchfeld.	le	un,la,du	élargir	élargir
Je garantis le résultat sous conditions.	Ich garantiere unter Bedingungen das Ergebnis.	le	un,la,du	garantir	garantir
J'oriente le débat vers ce sujet.	Ich lenke die Debatte auf dieses Thema.	le	un,la,du	orienter	orienter
Je reflète le sentiment du groupe.	Ich spiegele die Stimmung der Gruppe wider.	le	un,la,du	refléter	refléter
J'accentue le problème sans le vouloir.	Ich verstärke ungewollt das Problem.	le	un,la,du	accentuer	accentuer
J'adopte le chat du refuge.	Ich nehme die Katze aus dem Tierheim auf.	le	un,la,du	adopter	adopter
J'agrandis le salon avec ces travaux.	Ich vergrößere mit diesen Arbeiten das Wohnzimmer.	le	un,la,du	agrandir	agrandir
J'alerte la population immédiatement.	Ich warne sofort die Bevölkerung.	la	une,le,des	alerter	alerter
J'anime le débat avec talent.	Ich moderiere mit Talent die Debatte.	le	un,la,du	animer	animer
J'assume le risque sans hésiter.	Ich übernehme ohne zu zögern das Risiko.	le	un,la,du	assumer	assumer
Je cite le texte avec précision.	Ich zitiere genau den Text.	le	un,la,du	citer	citer
Je déclenche l'alarme immédiatement.	Ich löse sofort den Alarm aus.	l'	le,la,un	déclencher	déclencher
Je cultive le jardin avec passion.	Ich pflege mit Leidenschaft den Garten.	le	un,la,du	cultiver	cultiver
Je filme le spectacle avec mon téléphone.	Ich filme die Vorstellung mit meinem Handy.	le	un,la,du	filmer	filmer
Je récolte le blé en été.	Ich ernte im Sommer den Weizen.	le	un,la,du	récolter	récolter
Je berce le bébé doucement.	Ich wiege sanft das Baby.	le	un,la,du	bercer	bercer
Je soulage le patient rapidement.	Ich lindere schnell den Schmerz des Patienten.	le	un,la,du	soulager	soulager
Je honore le contrat sans faute.	Ich erfülle den Vertrag ohne Fehler.	le	un,la,du	honorer	honorer
Je méprise le danger sans raison.	Ich verachte grundlos die Gefahr.	le	un,la,du	mépriser	mépriser
J'enfile la veste rapidement.	Ich ziehe schnell die Jacke an.	la	une,le,des	enfiler	enfiler
Je repasse la chemise avant de sortir.	Ich bügele vor dem Rausgehen das Hemd.	la	une,le,des	repasser	repasser
Je contourne le problème habilement.	Ich umgehe geschickt das Problem.	le	un,la,du	contourner	contourner
J'expédie le colis ce matin.	Ich verschicke heute Morgen das Paket.	le	un,la,du	expédier	expédier
Je rembourse le prêt chaque mois.	Ich zahle jeden Monat das Darlehen zurück.	le	un,la,du	rembourser	rembourser
J'encaisse le chèque à la banque.	Ich löse den Scheck bei der Bank ein.	le	un,la,du	encaisser	encaisser
Je condamne le coupable sévèrement.	Ich verurteile streng den Schuldigen.	le	un,la,du	condamner	condamner
Je brouille la ligne par erreur.	Ich störe aus Versehen die Leitung.	la	une,le,des	brouiller	brouiller
Je sculpte le bois avec passion.	Ich schnitze mit Leidenschaft das Holz.	le	un,la,du	sculpter	sculpter
Je couds le bouton sur la veste.	Ich nähe den Knopf an die Jacke.	le	un,la,du	coudre	coudre
J'explore le quartier à pied.	Ich erkunde zu Fuß das Viertel.	le	un,la,du	explorer	explorer
Je pêche le poisson avec patience.	Ich angle geduldig den Fisch.	le	un,la,du	pêcher	pêcher
Je gare la voiture devant la maison.	Ich parke das Auto vor dem Haus.	la	une,le,des	garer	garer
Je transfère le fichier sur mon ordinateur.	Ich übertrage die Datei auf meinen Computer.	le	un,la,du	transférer	transférer
Je brosse le chien chaque semaine.	Ich bürste jede Woche den Hund.	le	un,la,du	brosser	brosser
Je masse le dos de mon frère.	Ich massiere den Rücken meines Bruders.	le	un,la,du	masser	masser
Je retarde le départ d'une heure.	Ich verschiebe die Abfahrt um eine Stunde.	le	un,la,du	retarder	retarder
J'active le wifi sur mon téléphone.	Ich aktiviere auf meinem Handy das WLAN.	le	un,la,du	activer	activer
Je communique le résultat à l'équipe.	Ich teile dem Team das Ergebnis mit.	le	un,la,du	communiquer	communiquer
J'élis le délégué de la classe.	Ich wähle den Klassensprecher.	le	un,la,du	élire	élire
Je gronde le chien sans crier.	Ich schimpfe mit dem Hund, ohne zu schreien.	le	un,la,du	gronder	gronder
Je réconcilie le frère et la sœur.	Ich versöhne den Bruder und die Schwester.	le	un,la,du	réconcilier	réconcilier
Je prolonge le séjour d'une semaine.	Ich verlängere den Aufenthalt um eine Woche.	le	un,la,du	prolonger	prolonger
Je noue la corde solidement.	Ich binde das Seil fest.	la	une,le,des	nouer	nouer
Je cale la réunion à quinze heures.	Ich lege die Besprechung auf fünfzehn Uhr fest.	la	une,le,des	caler	caler
J'emprunte le livre à la bibliothèque.	Ich leihe das Buch aus der Bibliothek aus.	le	un,la,du	emprunter	emprunter
Je fête l'anniversaire en famille.	Ich feiere in der Familie den Geburtstag.	l'	le,la,un	fêter	fêter
J'illumine la salle de bougies.	Ich beleuchte den Saal mit Kerzen.	la	une,le,des	illuminer	illuminer
Je punis l'élève pour son retard.	Ich bestrafe den Schüler für seine Verspätung.	l'	le,la,un	punir	punir
Je dénonce le coupable à la police.	Ich zeige den Schuldigen bei der Polizei an.	le	un,la,du	dénoncer	dénoncer
Je rectifie l'erreur immédiatement.	Ich korrigiere sofort den Fehler.	l'	le,la,un	rectifier	rectifier
J'envie le voisin pour sa maison.	Ich beneide den Nachbarn um sein Haus.	le	un,la,du	envier	envier
Je distrais l'enfant avec un jeu.	Ich lenke das Kind mit einem Spiel ab.	l'	le,la,un	distraire	distraire
J'embauche le candidat sans hésiter.	Ich stelle ohne zu zögern den Kandidaten ein.	le	un,la,du	embaucher	embaucher
Je piège le renard avec un appât.	Ich fange den Fuchs mit einem Köder.	le	un,la,du	piéger	piéger
J'arbore le sourire malgré tout.	Ich zeige trotz allem ein Lächeln.	le	un,la,du	arborer	arborer
J'accumule la poussière au fil des ans.	Ich sammle im Laufe der Jahre Staub an.	la	une,le,des	accumuler	accumuler
J'articule la syllabe lentement.	Ich spreche die Silbe langsam deutlich aus.	la	une,le,des	articuler	articuler
Je débite le compte automatiquement.	Ich belaste automatisch das Konto.	le	un,la,du	débiter	débiter
Je déprime le patient sans le vouloir.	Ich mache ungewollt den Patienten deprimiert.	le	un,la,du	déprimer	déprimer
Je garnis le gâteau de fruits.	Ich garniere den Kuchen mit Früchten.	le	un,la,du	garnir	garnir
Je grave le prénom sur la bague.	Ich graviere den Vornamen auf den Ring.	le	un,la,du	graver	graver
Je groupe le matériel par catégorie.	Ich gruppiere das Material nach Kategorie.	le	un,la,du	grouper	grouper
J'informe le client du retard.	Ich informiere den Kunden über die Verspätung.	le	un,la,du	informer	informer
J'inspecte le moteur avant de partir.	Ich prüfe vor der Abfahrt den Motor.	le	un,la,du	inspecter	inspecter
Je liquide le stock avant Noël.	Ich räume vor Weihnachten das Lager.	le	un,la,du	liquider	liquider
Je massacre le gâteau en le coupant.	Ich verhaue beim Schneiden den Kuchen.	le	un,la,du	massacrer	massacrer
Je plaide le dossier avec conviction.	Ich vertrete überzeugt die Akte.	le	un,la,du	plaider	plaider
Je ruine le week-end avec cette pluie.	Ich verderbe mit diesem Regen das Wochenende.	le	un,la,du	ruiner	ruiner
J'évacue le bâtiment calmement.	Ich evakuiere ruhig das Gebäude.	le	un,la,du	évacuer	évacuer
J'adoucis le ton immédiatement.	Ich mildere sofort den Ton.	le	un,la,du	adoucir	adoucir
J'alourdis le sac sans le vouloir.	Ich mache ungewollt die Tasche schwerer.	le	un,la,du	alourdir	alourdir
J'aplatis le papier avec le rouleau.	Ich glätte mit dem Nudelholz das Papier.	le	un,la,du	aplatir	aplatir
J'aspire le sol chaque semaine.	Ich sauge jede Woche den Boden.	le	un,la,du	aspirer	aspirer
Je balaie le couloir après le dîner.	Ich fege nach dem Abendessen den Flur.	le	un,la,du	balayer	balayer
Je baptise le bateau avec champagne.	Ich taufe das Boot mit Champagner.	le	un,la,du	baptiser	baptiser
Je barre la route pour les travaux.	Ich sperre wegen der Bauarbeiten die Straße.	la	une,le,des	barrer	barrer
Je bouche le trou avec du ciment.	Ich stopfe das Loch mit Zement.	le	un,la,du	boucher	boucher
Je capture l'insecte avec un filet.	Ich fange das Insekt mit einem Netz.	l'	le,la,un	capturer	capturer
Je charrie le sable jusqu'au chantier.	Ich schleppe den Sand bis zur Baustelle.	le	un,la,du	charrier	charrier
Je chope le rhume chaque hiver.	Ich erwische mir jeden Winter eine Erkältung.	le	un,la,du	choper	choper
Je complique le problème sans le vouloir.	Ich mache ungewollt das Problem komplizierter.	le	un,la,du	compliquer	compliquer
Je découpe le poulet en morceaux.	Ich zerlege das Hähnchen in Stücke.	le	un,la,du	découper	découper
Je dédaigne l'offre sans raison.	Ich verschmähe grundlos das Angebot.	l'	le,la,un	dédaigner	dédaigner
Je défais le nœud avec patience.	Ich löse geduldig den Knoten.	le	un,la,du	défaire	défaire
Je délivre le prisonnier enfin.	Ich befreie endlich den Gefangenen.	le	un,la,du	délivrer	délivrer
Je dépense le salaire en une semaine.	Ich gebe das Gehalt in einer Woche aus.	le	un,la,du	dépenser	dépenser
Je détiens le record depuis 2020.	Ich halte seit 2020 den Rekord.	le	un,la,du	détenir	détenir
Je dévoile la vérité enfin.	Ich enthülle endlich die Wahrheit.	la	une,le,des	dévoiler	dévoiler
J'effectue le paiement en ligne.	Ich führe die Zahlung online aus.	le	un,la,du	effectuer	effectuer
J'effraie l'enfant par erreur.	Ich erschrecke aus Versehen das Kind.	l'	le,la,un	effrayer	effrayer
J'embête le voisin sans le vouloir.	Ich nerve ungewollt den Nachbarn.	le	un,la,du	embêter	embêter
J'empoigne le couteau fermement.	Ich packe das Messer fest.	le	un,la,du	empoigner	empoigner
J'enflamme le bois avec une allumette.	Ich zünde das Holz mit einem Streichholz an.	le	un,la,du	enflammer	enflammer
J'enfouis le trésor dans le sable.	Ich vergrabe den Schatz im Sand.	le	un,la,du	enfouir	enfouir
J'enjambe le ruisseau facilement.	Ich überspringe leicht den Bach.	le	un,la,du	enjamber	enjamber
J'enseigne le français avec passion.	Ich unterrichte mit Leidenschaft Französisch.	le	un,la,du	enseigner	enseigner
J'entame le gâteau en premier.	Ich schneide zuerst den Kuchen an.	le	un,la,du	entamer	entamer
J'entasse le linge dans l'armoire.	Ich stapele die Wäsche im Schrank.	le	un,la,du	entasser	entasser
J'exhibe le trophée avec fierté.	Ich zeige stolz die Trophäe.	le	un,la,du	exhiber	exhiber
Je farcis le poulet avec des herbes.	Ich fülle das Hähnchen mit Kräutern.	le	un,la,du	farcir	farcir
Je fauche le champ avant la pluie.	Ich mähe vor dem Regen das Feld.	le	un,la,du	faucher	faucher
Je fends le bois pour l'hiver.	Ich spalte für den Winter das Holz.	le	un,la,du	fendre	fendre
Je gaspille la nourriture sans le vouloir.	Ich verschwende ungewollt Lebensmittel.	la	une,le,des	gaspiller	gaspiller
Je gifle la porte avec colère.	Ich schlage wütend gegen die Tür.	la	une,le,des	gifler	gifler
Je grille la tartine le matin.	Ich röste morgens die Scheibe Brot.	la	une,le,des	griller	griller
Je humilie le candidat sans le vouloir.	Ich demütige ungewollt den Kandidaten.	le	un,la,du	humilier	humilier
Je heurte le mur en reculant.	Ich stoße beim Zurücksetzen gegen die Wand.	le	un,la,du	heurter	heurter
J'implore le juge en larmes.	Ich flehe den Richter unter Tränen an.	le	un,la,du	implorer	implorer
J'incite l'élève à participer.	Ich ermuntere den Schüler zur Teilnahme.	l'	le,la,un	inciter	inciter
J'inscris le nom sur la liste.	Ich trage den Namen in die Liste ein.	le	un,la,du	inscrire	inscrire
J'invoque le règlement intérieur.	Ich berufe mich auf die Hausordnung.	le	un,la,du	invoquer	invoquer
J'irrite le professeur sans le vouloir.	Ich reize ungewollt den Lehrer.	le	un,la,du	irriter	irriter
Je limite le temps d'écran.	Ich begrenze die Bildschirmzeit.	le	un,la,du	limiter	limiter
Je maquille la joue avec soin.	Ich schminke sorgfältig die Wange.	la	une,le,des	maquiller	maquiller
Je mouille la serviette avant de laver.	Ich befeuchte vor dem Waschen das Handtuch.	la	une,le,des	mouiller	mouiller
Je paralyse le trafic en centre-ville.	Ich lähme in der Innenstadt den Verkehr.	le	un,la,du	paralyser	paralyser
Je perçois le loyer chaque mois.	Ich kassiere jeden Monat die Miete.	le	un,la,du	percevoir	percevoir
Je perturbe le cours sans le vouloir.	Ich störe ungewollt den Unterricht.	le	un,la,du	perturber	perturber
Je pratique le sport chaque semaine.	Ich betreibe jede Woche Sport.	le	un,la,du	pratiquer	pratiquer
Je prescris le médicament avec précaution.	Ich verschreibe vorsichtig das Medikament.	le	un,la,du	prescrire	prescrire
Je procure le matériel nécessaire.	Ich besorge das nötige Material.	le	un,la,du	procurer	procurer
Je qualifie le candidat pour la finale.	Ich qualifiziere den Kandidaten für das Finale.	le	un,la,du	qualifier	qualifier
Je rachète le matériel d'occasion.	Ich kaufe gebraucht das Material zurück.	le	un,la,du	racheter	racheter
Je relie le câble à l'ordinateur.	Ich verbinde das Kabel mit dem Computer.	le	un,la,du	relier	relier
Je relis le texte avant de l'envoyer.	Ich lese vor dem Versand den Text noch einmal.	le	un,la,du	relire	relire
Je remporte le trophée avec fierté.	Ich gewinne stolz die Trophäe.	le	un,la,du	remporter	remporter
Je renforce le mur avant l'hiver.	Ich verstärke vor dem Winter die Mauer.	le	un,la,du	renforcer	renforcer
Je reproche le retard à mon collègue.	Ich werfe meinem Kollegen die Verspätung vor.	le	un,la,du	reprocher	reprocher
Je rince le verre à l'eau claire.	Ich spüle das Glas mit klarem Wasser aus.	le	un,la,du	rincer	rincer
Je ronge le os avec plaisir.	Ich nage genüsslich am Knochen.	le	un,la,du	ronger	ronger
Je répands la nouvelle rapidement.	Ich verbreite schnell die Neuigkeit.	la	une,le,des	répandre	répandre
Je résous le problème avec logique.	Ich löse logisch das Problem.	le	un,la,du	résoudre	résoudre
Je guéris après trois jours de repos.	Ich werde nach drei Tagen Ruhe wieder gesund.	après	à,dans,sur	guérir	guérir
J'échoue à l'examen final.	Ich falle bei der Abschlussprüfung durch.	à	dans,sur,avec	échouer	échouer
Je participe à la compétition.	Ich nehme am Wettbewerb teil.	à	dans,sur,avec	participer	participer
Je proteste contre cette décision.	Ich protestiere gegen diese Entscheidung.	contre	à,dans,sur	protester	protester
J'atterris à l'heure prévue.	Ich lande zur vorgesehenen Zeit.	à	dans,sur,avec	atterrir	atterrir
Je décolle avec trente minutes de retard.	Ich starte mit dreißig Minuten Verspätung.	avec	à,dans,sur	décoller	décoller
Je redouble à cause de mes notes.	Ich wiederhole die Klasse wegen meiner Noten.	à	dans,sur,avec	redoubler	redoubler
Je progresse grâce à cet entraîneur.	Ich mache dank dieses Trainers Fortschritte.	grâce	à,dans,sur	progresser	progresser
Je réagis avec calme.	Ich reagiere ruhig.	avec	à,dans,sur	réagir	réagir
J'accrois avec cette méthode.	Ich steigere mit dieser Methode.	avec	à,dans,sur	accroître	accroître
Je circule dans ce quartier chaque jour.	Ich fahre jeden Tag durch dieses Viertel.	dans	à,sur,avec	circuler	circuler
J'évolue avec le temps.	Ich entwickle mich mit der Zeit.	avec	à,dans,sur	évoluer	évoluer
Je bavarde avec mes voisins.	Ich plaudere mit meinen Nachbarn.	avec	à,dans,sur	bavarder	bavarder
Je chuchote à l'oreille de mon ami.	Ich flüstere meinem Freund ins Ohr.	à	dans,sur,avec	chuchoter	chuchoter
Je coopère avec les autorités.	Ich arbeite mit den Behörden zusammen.	avec	à,dans,sur	coopérer	coopérer
Je manifeste le désaccord clairement.	Ich äußere klar den Widerspruch.	le	un,la,du	manifester	manifester
Je hérite la maison de mes grands-parents.	Ich erbe das Haus meiner Großeltern.	la	une,le,des	hériter	hériter
Je déçois l'équipe par ma performance.	Ich enttäusche mit meiner Leistung das Team.	l'	le,la,un	décevoir	décevoir
J'investis l'argent avec prudence.	Ich investiere das Geld vorsichtig.	l'	le,la,un	investir	investir
Je reconstitue la scène du crime.	Ich rekonstruiere den Tatort.	la	une,le,des	reconstituer	reconstituer
J'imprègne le tissu de parfum.	Ich tränke den Stoff mit Parfum.	le	un,la,du	imprégner	imprégner
J'abuse la confiance de son ami.	Ich missbrauche das Vertrauen seines Freundes.	la	une,le,des	abuser	abuser
J'agrippe la branche fermement.	Ich klammere mich fest an den Ast.	la	une,le,des	agripper	agripper
J'anéantis l'espoir du groupe.	Ich zerstöre die Hoffnung der Gruppe.	l'	le,la,un	anéantir	anéantir
J'apprête le poisson pour le dîner.	Ich richte den Fisch für das Abendessen her.	le	un,la,du	apprêter	apprêter
J'assaille l'ennemi par surprise.	Ich überfalle überraschend den Feind.	l'	le,la,un	assaillir	assaillir
J'assomme le cambrioleur avec une lampe.	Ich betäube den Einbrecher mit einer Lampe.	le	un,la,du	assommer	assommer
Je borde le chemin de fleurs.	Ich säume den Weg mit Blumen.	le	un,la,du	border	border
Je boucle la ceinture avant de partir.	Ich schnalle vor der Abfahrt den Gurt an.	la	une,le,des	boucler	boucler
Je bourre le sac de vêtements.	Ich stopfe die Tasche mit Kleidung voll.	le	un,la,du	bourrer	bourrer
Je brandis le drapeau avec fierté.	Ich schwenke stolz die Flagge.	le	un,la,du	brandir	brandir
Je chausse la botte avant de sortir.	Ich ziehe vor dem Rausgehen den Stiefel an.	la	une,le,des	chausser	chausser
Je coiffe le chapeau avant de partir.	Ich setze vor dem Weggehen den Hut auf.	le	un,la,du	coiffer	coiffer
Je consens le mariage avec joie.	Ich stimme freudig der Ehe zu.	le	un,la,du	consentir	consentir
Je couve l'œuf avec patience.	Ich brüte geduldig das Ei aus.	l'	le,la,un	couver	couver
Je desserre le nœud avec précaution.	Ich löse vorsichtig den Knoten.	le	un,la,du	desserrer	desserrer
Je dessèche la peau au soleil.	Ich trockne in der Sonne die Haut aus.	la	une,le,des	dessécher	dessécher
Je destine le cadeau à ma mère.	Ich bestimme das Geschenk für meine Mutter.	le	un,la,du	destiner	destiner
Je dispense le conseil avec générosité.	Ich gebe großzügig den Rat.	le	un,la,du	dispenser	dispenser
Je divise le gâteau en huit parts.	Ich teile den Kuchen in acht Stücke.	le	un,la,du	diviser	diviser
Je décharge le camion rapidement.	Ich entlade schnell den Lastwagen.	le	un,la,du	décharger	décharger
Je décèle la faille immédiatement.	Ich entdecke sofort die Schwachstelle.	la	une,le,des	déceler	déceler
Je débouche la bouteille avec soin.	Ich entkorke vorsichtig die Flasche.	la	une,le,des	déboucher	déboucher
Je démolis le mur avec un marteau.	Ich reiße mit einem Hammer die Mauer ab.	le	un,la,du	démolir	démolir
Je déplais à mon patron souvent.	Ich missfalle oft meinem Chef.	à	de,sur,avec	déplaire	déplaire
Je déverse le sable dans le camion.	Ich schütte den Sand in den Lastwagen.	le	un,la,du	déverser	déverser
J'engourdis la main par le froid.	Ich mache durch die Kälte die Hand taub.	la	une,le,des	engourdir	engourdir
J'escalade le mur sans corde.	Ich erklettere ohne Seil die Mauer.	le	un,la,du	escalader	escalader
Je feins l'ignorance par prudence.	Ich täusche vorsichtshalber Unwissenheit vor.	l'	le,la,un	feindre	feindre
Je forge le fer avec passion.	Ich schmiede mit Leidenschaft das Eisen.	le	un,la,du	forger	forger
Je fouette la crème avec énergie.	Ich schlage energisch die Sahne.	la	une,le,des	fouetter	fouetter
Je fourre le livre dans mon sac.	Ich stecke das Buch in meine Tasche.	le	un,la,du	fourrer	fourrer
Je fusille l'espion sans procès.	Ich erschieße ohne Prozess den Spion.	l'	le,la,un	fusiller	fusiller
Je grise le public avec son discours.	Ich berausche mit seiner Rede das Publikum.	le	un,la,du	griser	griser
Je hante le château depuis des siècles.	Ich spuke seit Jahrhunderten im Schloss.	le	un,la,du	hanter	hanter
Je hérisse le chat sans le vouloir.	Ich sträube ungewollt das Fell der Katze.	le	un,la,du	hérisser	hérisser
Je lèche la cuillère avec gourmandise.	Ich lecke genüsslich den Löffel ab.	la	une,le,des	lécher	lécher
Je maudis le jour de sa naissance.	Ich verfluche den Tag seiner Geburt.	le	un,la,du	maudire	maudire
Je mâche le chewing-gum en classe.	Ich kaue im Unterricht Kaugummi.	le	un,la,du	mâcher	mâcher
Je palpe la peau avec précaution.	Ich taste vorsichtig die Haut ab.	la	une,le,des	palper	palper
Je plaque le joueur au sol.	Ich tackele den Spieler zu Boden.	le	un,la,du	plaquer	plaquer
Je prodigue le conseil sans compter.	Ich verschwende großzügig Rat.	le	un,la,du	prodiguer	prodiguer
Je précède le cortège de loin.	Ich gehe dem Festzug weit voraus.	le	un,la,du	précéder	précéder
Je puise l'eau au puits.	Ich schöpfe das Wasser aus dem Brunnen.	l'	le,la,un	puiser	puiser
Je raidis le dos sous la douleur.	Ich verspanne den Rücken vor Schmerz.	le	un,la,du	raidir	raidir
Je raisonne l'enfant avec patience.	Ich rede geduldig dem Kind Vernunft zu.	l'	le,la,un	raisonner	raisonner
Je rase la barbe chaque matin.	Ich rasiere jeden Morgen den Bart.	la	une,le,des	raser	raser
Je redoute l'examen depuis un mois.	Ich fürchte seit einem Monat die Prüfung.	l'	le,la,un	redouter	redouter
Je vieillis avec sagesse.	Ich altere mit Weisheit.	avec	à,dans,sur	vieillir	vieillir
Je boite depuis cet accident.	Ich hinke seit diesem Unfall.	depuis	à,dans,sur	boiter	boiter
Je grossis pendant les vacances.	Ich nehme in den Ferien zu.	pendant	à,dans,sur	grossir	grossir
J'accouche à l'hôpital du quartier.	Ich gebäre im Krankenhaus des Viertels.	à	dans,sur,avec	accoucher	accoucher
Je balbutie de peur.	Ich stottere vor Angst.	de	à,dans,sur	balbutier	balbutier
Je gèle dans cette salle.	Ich friere in diesem Raum.	dans	à,sur,avec	geler	geler
Je campe près de la rivière.	Ich campe in der Nähe des Flusses.	près	à,dans,sur	camper	camper
Je tricote pour mes petits-enfants.	Ich stricke für meine Enkelkinder.	pour	à,dans,sur	tricoter	tricoter
J'accélère avant le virage.	Ich beschleunige vor der Kurve.	avant	à,dans,sur	accélérer	accélérer
J'emménage dans un nouvel appartement.	Ich ziehe in eine neue Wohnung ein.	dans	à,sur,avec	emménager	emménager
Je déménage avec l'aide de mes amis.	Ich ziehe mit Hilfe meiner Freunde um.	avec	à,dans,sur	déménager	déménager
Je frissonne de froid.	Ich fröstele vor Kälte.	de	à,dans,sur	frissonner	frissonner
Je ralentis avant le carrefour.	Ich werde vor der Kreuzung langsamer.	avant	à,dans,sur	ralentir	ralentir
Je démarre sans problème.	Ich fahre problemlos los.	sans	à,dans,sur	démarrer	démarrer
J'embarque sur le bateau.	Ich gehe an Bord des Schiffes.	sur	à,dans,avec	embarquer	embarquer
Je rafraîchis avec un ventilateur.	Ich kühle mit einem Ventilator ab.	avec	à,dans,sur	rafraîchir	rafraîchir
Je fonds au soleil.	Ich schmelze in der Sonne.	au	à,dans,sur	fondre	fondre
Je date de l'année dernière.	Ich stamme aus dem letzten Jahr.	de	à,dans,sur	dater	dater
Je défile devant le public.	Ich laufe vor dem Publikum vorbei.	devant	à,dans,sur	défiler	défiler
Je piétine sur place depuis une heure.	Ich trete seit einer Stunde auf der Stelle.	sur	à,dans,avec	piétiner	piétiner
Je diffère selon les régions.	Ich unterscheide mich je nach Region.	selon	à,dans,sur	différer	différer
Je délire de fièvre.	Ich phantasiere vor Fieber.	de	à,dans,sur	délirer	délirer
Je galope à travers champs.	Ich galoppiere über die Felder.	à	dans,sur,avec	galoper	galoper
J'intrigue contre ses adversaires.	Ich intrigiere gegen meine Gegner.	contre	à,dans,sur	intriguer	intriguer
Je plisse des yeux au soleil.	Ich kneife bei Sonne die Augen zusammen.	des	à,dans,sur	plisser	plisser
Je révolte contre cette injustice.	Ich rebelliere gegen diese Ungerechtigkeit.	contre	à,dans,sur	révolter	révolter
Je vibre dans ma poche.	Es vibriert in meiner Tasche.	dans	à,sur,avec	vibrer	vibrer
J'accroupis près du feu.	Ich hocke mich in Feuernähe.	près	à,dans,sur	accroupir	accroupir
J'affale sur le canapé.	Ich lasse mich auf das Sofa sinken.	sur	à,dans,avec	affaler	affaler
Je bâille de fatigue.	Ich gähne vor Müdigkeit.	de	à,dans,sur	bâiller	bâiller
Je bous à gros bouillons.	Es kocht in großen Blasen.	à	dans,sur,avec	bouillir	bouillir
Je braille sans raison.	Ich schreie grundlos herum.	sans	à,dans,sur	brailler	brailler
Je bronche sans un mot.	Ich mucke nicht mit einem Wort auf.	sans	à,dans,sur	broncher	broncher
Je chiale pour rien.	Ich flenne wegen nichts.	pour	à,dans,sur	chialer	chialer
Je craque sous la pression.	Ich gebe unter dem Druck nach.	sous	à,dans,sur	craquer	craquer
Je déborde d' affection.	Ich bin überschäumend vor Zuneigung.	d'	à,dans,sur	déborder	déborder
J'effondre sous le poids.	Ich breche unter dem Gewicht zusammen.	sous	à,dans,sur	effondrer	effondrer
J'engueule sans raison.	Ich schreie grundlos jemanden an.	sans	à,dans,sur	engueuler	engueuler
Je feins de dormir.	Ich täusche vor zu schlafen.	de	à,dans,sur	feindre	feindre
Je fiance avec sa voisine.	Ich verlobe mich mit seiner Nachbarin.	avec	à,dans,sur	fiancer	fiancer
Je fonce vers la sortie.	Ich stürze zum Ausgang.	vers	à,dans,sur	foncer	foncer
Je fraie avec des gens douteux.	Ich verkehre mit zweifelhaften Leuten.	avec	à,dans,sur	frayer	frayer
Je grince des dents.	Ich knirsche mit den Zähnen.	des	à,dans,sur	grincer	grincer
Je grommelle entre ses dents.	Ich murre zwischen den Zähnen.	entre	à,dans,sur	grommeler	grommeler
Je halète après l'effort.	Ich keuche nach der Anstrengung.	après	à,dans,sur	haleter	haleter
Je jaillis du sol soudainement.	Ich schieße plötzlich aus dem Boden.	du	à,dans,sur	jaillir	jaillir
Je marre pour un rien.	Ich amüsiere mich über nichts.	pour	à,dans,sur	marrer	marrer
Je méfie de cet inconnu.	Ich misstraue diesem Fremden.	de	à,dans,sur	méfier	méfier
J'ondule avec le vent.	Ich wiege mich mit dem Wind.	avec	à,dans,sur	onduler	onduler
Je peine sur ce devoir.	Ich mühe mich mit dieser Hausaufgabe ab.	sur	à,dans,avec	peiner	peiner
J'entrave la circulation sans le vouloir.	Ich behindere ungewollt den Verkehr.	la	une,le,des	entraver	entraver
J'abîme la veste en tombant.	Ich beschädige beim Fallen die Jacke.	la	une,le,des	abîmer	abîmer
Je durcis le ton brusquement.	Ich verschärfe abrupt den Ton.	le	un,la,du	durcir	durcir
Je défie l'adversaire en duel.	Ich fordere den Gegner zum Duell heraus.	l'	le,la,un	défier	défier
Je mine la confiance du groupe.	Ich untergrabe das Vertrauen der Gruppe.	la	une,le,des	miner	miner
Je relâche l'animal dans la nature.	Ich lasse das Tier in der Natur frei.	l'	le,la,un	relâcher	relâcher
Je repense le projet entièrement.	Ich überdenke das Projekt völlig.	le	un,la,du	repenser	repenser
Je réjouis le public avec cette nouvelle.	Ich erfreue mit dieser Neuigkeit das Publikum.	le	un,la,du	réjouir	réjouir
Je résigne le poste sans regret.	Ich gebe ohne Bedauern die Stelle auf.	le	un,la,du	résigner	résigner
Je savoure le moment en silence.	Ich genieße schweigend den Moment.	le	un,la,du	savourer	savourer
Je situe le village sur la carte.	Ich verorte das Dorf auf der Karte.	le	un,la,du	situer	situer
Je stoppe le moteur immédiatement.	Ich stoppe sofort den Motor.	le	un,la,du	stopper	stopper
Je submerge le champ en une nuit.	Ich überflute in einer Nacht das Feld.	le	un,la,du	submerger	submerger
Je suggère la solution avec tact.	Ich schlage taktvoll die Lösung vor.	la	une,le,des	suggérer	suggérer
Je surmonte la difficulté avec courage.	Ich überwinde mutig die Schwierigkeit.	la	une,le,des	surmonter	surmonter
Je séduis le public avec son charme.	Ich verführe mit seinem Charme das Publikum.	le	un,la,du	séduire	séduire
Je taille la gomme en forme de cœur.	Ich schneide den Radiergummi herzförmig zurecht.	la	une,le,des	tailler	tailler
Je tapisse le mur avec soin.	Ich tapeziere sorgfältig die Wand.	le	un,la,du	tapisser	tapisser
Je teinte le verre en bleu.	Ich färbe das Glas blau.	le	un,la,du	teinter	teinter
Je tords le fil de fer.	Ich verdrehe den Draht.	le	un,la,du	tordre	tordre
Je torture l'esprit avec ce dilemme.	Ich quäle mit diesem Dilemma den Geist.	l'	le,la,un	torturer	torturer
Je tranche le pain en tranches fines.	Ich schneide das Brot in dünne Scheiben.	le	un,la,du	trancher	trancher
Je traque le suspect sans relâche.	Ich verfolge unermüdlich den Verdächtigen.	le	un,la,du	traquer	traquer
Je trempe le biscuit dans le lait.	Ich tauche den Keks in die Milch.	le	un,la,du	tremper	tremper
Je trouble la paix par erreur.	Ich störe versehentlich den Frieden.	la	une,le,des	troubler	troubler
Je tutoie le professeur par erreur.	Ich dutze aus Versehen den Lehrer.	le	un,la,du	tutoyer	tutoyer
Je vaincs la peur avec détermination.	Ich überwinde entschlossen die Angst.	la	une,le,des	vaincre	vaincre
Je vante le produit sans exagérer.	Ich preise das Produkt an, ohne zu übertreiben.	le	un,la,du	vanter	vanter
Je viole la règle sans le savoir.	Ich verletze unwissentlich die Regel.	la	une,le,des	violer	violer
J'éclipse le soleil un instant.	Ich verdecke kurz die Sonne.	le	un,la,du	éclipser	éclipser
J'édifie le temple en dix ans.	Ich errichte in zehn Jahren den Tempel.	le	un,la,du	édifier	édifier
J'égare le touriste par erreur.	Ich führe aus Versehen den Touristen in die Irre.	le	un,la,du	égarer	égarer
J'élimine l'adversaire au premier tour.	Ich schalte in der ersten Runde den Gegner aus.	l'	le,la,un	éliminer	éliminer
J'épargne l'argent chaque mois.	Ich spare jeden Monat das Geld.	l'	le,la,un	épargner	épargner
J'étrangle la voix dans sa gorge.	Ich ersticke die Stimme in seiner Kehle.	la	une,le,des	étrangler	étrangler
J'apprivoise l'oiseau avec patience.	Ich zähme geduldig den Vogel.	l'	le,la,un	apprivoiser	apprivoiser
J'arme le soldat avant la bataille.	Ich bewaffne vor der Schlacht den Soldaten.	le	un,la,du	armer	armer
Je chevauche le cheval sans selle.	Ich reite ohne Sattel auf dem Pferd.	le	un,la,du	chevaucher	chevaucher
Je cire la chaussure avant la fête.	Ich poliere vor der Feier den Schuh.	la	une,le,des	cirer	cirer
Je concentre l'attention sur ce détail.	Ich konzentriere die Aufmerksamkeit auf dieses Detail.	l'	le,la,un	concentrer	concentrer
Je discerne la vérité sous le mensonge.	Ich erkenne die Wahrheit unter der Lüge.	la	une,le,des	discerner	discerner
Je dore le cadre avec soin.	Ich vergolde sorgfältig den Rahmen.	le	un,la,du	dorer	dorer
Je déchiffre le message avec effort.	Ich entziffere mühsam die Nachricht.	le	un,la,du	déchiffrer	déchiffrer
Je décourage l'équipe sans le vouloir.	Ich entmutige ungewollt das Team.	l'	le,la,un	décourager	décourager
Je dépouille la correspondance avec attention.	Ich sichte sorgfältig die Post.	la	une,le,des	dépouiller	dépouiller
Je déshabille la poupée avant le bain.	Ich ziehe die Puppe vor dem Bad aus.	la	une,le,des	déshabiller	déshabiller
J'empoisonne le rat avec cette substance.	Ich vergifte mit dieser Substanz die Ratte.	le	un,la,du	empoisonner	empoisonner
J'emprisonne le coupable à vie.	Ich sperre den Schuldigen lebenslang ein.	le	un,la,du	emprisonner	emprisonner
Je gâte le petit-fils un peu trop.	Ich verwöhne den Enkel etwas zu sehr.	le	un,la,du	gâter	gâter
J'introduis le sujet avec précaution.	Ich führe vorsichtig das Thema ein.	le	un,la,du	introduire	introduire
Je multiplie le risque sans le vouloir.	Ich vervielfache ungewollt das Risiko.	le	un,la,du	multiplier	multiplier
Je munis l'élève de tout le matériel.	Ich statte den Schüler mit dem gesamten Material aus.	l'	le,la,un	munir	munir
Je néglige le détail par fatigue.	Ich vernachlässige aus Müdigkeit das Detail.	le	un,la,du	négliger	négliger
Je pressens le danger à l'avance.	Ich ahne im Voraus die Gefahr.	le	un,la,du	pressentir	pressentir
Je préoccupe le voisinage depuis un mois.	Ich beunruhige seit einem Monat die Nachbarschaft.	le	un,la,du	préoccuper	préoccuper
Je questionne le témoin avec méthode.	Ich befrage methodisch den Zeugen.	le	un,la,du	questionner	questionner
Je recueille la déposition avec soin.	Ich sammle sorgfältig die Aussage.	la	une,le,des	recueillir	recueillir
Je salis la chemise en jouant.	Ich mache beim Spielen das Hemd schmutzig.	la	une,le,des	salir	salir
Je souille l'eau sans le vouloir.	Ich verschmutze ungewollt das Wasser.	l'	le,la,un	souiller	souiller
Je suce le bonbon lentement.	Ich lutsche langsam das Bonbon.	le	un,la,du	sucer	sucer
Je tourmente l'esprit sans cesse.	Ich quäle unaufhörlich den Geist.	l'	le,la,un	tourmenter	tourmenter
Je tâte le terrain avant de proposer.	Ich taste den Boden ab, bevor ich vorschlage.	le	un,la,du	tâter	tâter
J'éparpille la feuille par le vent.	Ich verstreue durch den Wind das Blatt.	la	une,le,des	éparpiller	éparpiller
Je raye le mot avec un stylo.	Ich streiche mit einem Stift das Wort durch.	le	un,la,du	rayer	rayer
J'aggrave le problème sans le vouloir.	Ich verschlimmere ungewollt das Problem.	le	un,la,du	aggraver	aggraver
Je bouleverse la routine en dernière minute.	Ich werfe in letzter Minute die Routine um.	la	une,le,des	bouleverser	bouleverser
J'impressionne le jury avec assurance.	Ich beeindrucke selbstsicher die Jury.	le	un,la,du	impressionner	impressionner
Je mate l'écran toute la soirée.	Ich starre den ganzen Abend auf den Bildschirm.	l'	le,la,un	mater	mater
Je loupe le bus de justesse.	Ich verpasse den Bus nur knapp.	le	un,la,du	louper	louper
Je contrarie le plan sans le vouloir.	Ich durchkreuze ungewollt den Plan.	le	un,la,du	contrarier	contrarier
Je crispe le visage sous la douleur.	Ich verkrampfe vor Schmerz das Gesicht.	le	un,la,du	crisper	crisper
Je bouffe le sandwich en marchant.	Ich futtere im Gehen das Sandwich.	le	un,la,du	bouffer	bouffer
Je choque le public par cette remarque.	Ich schockiere mit dieser Bemerkung das Publikum.	le	un,la,du	choquer	choquer
Je compromets le projet par imprudence.	Ich gefährde durch Unvorsichtigkeit das Projekt.	le	un,la,du	compromettre	compromettre
Je chéris le souvenir de ce voyage.	Ich hege liebevoll die Erinnerung an diese Reise.	le	un,la,du	chérir	chérir
Je nie le fait avec assurance.	Ich bestreite selbstsicher die Tatsache.	le	un,la,du	nier	nier
Je bave sur son jouet préféré.	Ich sabbere auf sein Lieblingsspielzeug.	sur	dans,avec,à	baver	baver
Je mise le salaire sur ce projet.	Ich setze das Gehalt auf dieses Projekt.	le	un,la,du	miser	miser
Je cloue la planche au mur.	Ich nagele das Brett an die Wand.	la	une,le,des	clouer	clouer
Je voile la vérité par pudeur.	Ich verschleiere aus Scham die Wahrheit.	la	une,le,des	voiler	voiler
Je flaire le piège à distance.	Ich wittere aus der Ferne die Falle.	le	un,la,du	flairer	flairer
Je pilote l'avion avec assurance.	Ich steuere selbstsicher das Flugzeug.	l'	le,la,un	piloter	piloter
Je largue le petit ami sans explication.	Ich verlasse ohne Erklärung den Freund.	le	un,la,du	larguer	larguer
Je martèle la porte avec force.	Ich hämmere kräftig gegen die Tür.	la	une,le,des	marteler	marteler
Je renifle l'odeur avec curiosité.	Ich schnüffle neugierig an dem Geruch.	l'	le,la,un	renifler	renifler
Je tabasse le sac de boxe.	Ich verprügele den Boxsack.	le	un,la,du	tabasser	tabasser
J'ébranle la confiance du groupe.	Ich erschüttere das Vertrauen der Gruppe.	la	une,le,des	ébranler	ébranler
Je conquiers le sommet avant midi.	Ich erobere vor Mittag den Gipfel.	le	un,la,du	conquérir	conquérir
Je marmonne le mot entre ses dents.	Ich murmle das Wort zwischen den Zähnen.	le	un,la,du	marmonner	marmonner
Je réplique le argument calmement.	Ich entgegne ruhig das Argument.	le	un,la,du	répliquer	répliquer
J'encombre le couloir sans le vouloir.	Ich versperre ungewollt den Flur.	le	un,la,du	encombrer	encombrer
Je bousille la voiture par maladresse.	Ich ramponiere aus Ungeschick das Auto.	la	une,le,des	bousiller	bousiller
Je manœuvre le camion avec précision.	Ich manövriere präzise den Lastwagen.	le	un,la,du	manœuvrer	manœuvrer
J'intimide le témoin sans le vouloir.	Ich schüchtere ungewollt den Zeugen ein.	le	un,la,du	intimider	intimider
J'effleure la main par accident.	Ich berühre aus Versehen die Hand.	la	une,le,des	effleurer	effleurer
Je bredouille l'excuse avec gêne.	Ich stammele verlegen die Entschuldigung.	l'	le,la,un	bredouiller	bredouiller
J'agenouille l'enfant devant l'autel.	Ich lasse das Kind vor dem Altar niederknien.	l'	le,la,un	agenouiller	agenouiller
Je raccompagne le visiteur jusqu'à la porte.	Ich begleite den Besucher bis zur Tür.	le	un,la,du	raccompagner	raccompagner
Je pourvois le poste sans tarder.	Ich besetze unverzüglich die Stelle.	le	un,la,du	pourvoir	pourvoir
Je dissipe le malentendu immédiatement.	Ich kläre sofort das Missverständnis.	le	un,la,du	dissiper	dissiper
Je noie le chagrin dans le travail.	Ich ertränke den Kummer in der Arbeit.	le	un,la,du	noyer	noyer
Je pare le coup avec le bouclier.	Ich wehre den Schlag mit dem Schild ab.	le	un,la,du	parer	parer
Je pige l'astuce tout de suite.	Ich kapiere sofort den Trick.	l'	le,la,un	piger	piger
Je pipe le dé avant la partie.	Ich manipuliere vor der Partie den Würfel.	le	un,la,du	piper	piper
Je sollicite l'avis de mon collègue.	Ich bitte meinen Kollegen um seine Meinung.	l'	le,la,un	solliciter	solliciter
J'immobilise le bras avec une attelle.	Ich fixiere mit einer Schiene den Arm.	le	un,la,du	immobiliser	immobiliser
Je ressuscite le débat sans le vouloir.	Ich lasse ungewollt die Debatte wiederaufleben.	le	un,la,du	ressusciter	ressusciter
J'enrichis le vocabulaire chaque jour.	Ich erweitere jeden Tag den Wortschatz.	le	un,la,du	enrichir	enrichir
Je braque le projecteur sur la scène.	Ich richte den Scheinwerfer auf die Bühne.	le	un,la,du	braquer	braquer
Je grignote le biscuit en cachette.	Ich knabbere heimlich den Keks.	le	un,la,du	grignoter	grignoter
J'empare l'objet sans permission.	Ich reiße mir ohne Erlaubnis den Gegenstand.	l'	le,la,un	emparer	emparer
Je meus le levier avec force.	Ich bewege kräftig den Hebel.	le	un,la,du	mouvoir	mouvoir
Je procède l'examen avec méthode.	Ich führe methodisch die Prüfung durch.	l'	le,la,un	procéder	procéder
Je hâte le départ par prudence.	Ich beschleunige vorsichtshalber die Abreise.	le	un,la,du	hâter	hâter
J'accède à la demande sans difficulté.	Ich gebe dem Wunsch ohne Schwierigkeiten nach.	à	dans,sur,avec	accéder	accéder
J'aventure dans la forêt sombre.	Ich wage mich in den dunklen Wald.	dans	à,sur,avec	aventurer	aventurer
Je bascule dans le vide soudainement.	Ich kippe plötzlich ins Leere.	dans	à,sur,avec	basculer	basculer
Je dérive vers la côte lentement.	Ich treibe langsam zur Küste.	vers	à,dans,sur	dériver	dériver
J'enchaîne avec un autre exercice.	Ich mache direkt mit einer anderen Übung weiter.	avec	à,dans,sur	enchaîner	enchaîner
Je plane au-dessus de la vallée.	Ich schwebe über dem Tal.	au-dessus	à,dans,sur	planer	planer
Je pourris dans ce placard humide.	Es verfault in diesem feuchten Schrank.	dans	à,sur,avec	pourrir	pourrir
Je rampe sous la clôture.	Ich krieche unter dem Zaun hindurch.	sous	à,dans,sur	ramper	ramper
Je rayonne de bonheur ce jour-là.	Ich strahle an diesem Tag vor Glück.	de	à,dans,sur	rayonner	rayonner
Je rebondis sur le trampoline.	Ich hüpfe auf dem Trampolin.	sur	à,dans,avec	rebondir	rebondir
Je ronfle pendant toute la nuit.	Ich schnarche die ganze Nacht.	pendant	à,dans,sur	ronfler	ronfler
Je ronronne sur mes genoux.	Es schnurrt auf meinem Schoß.	sur	à,dans,avec	ronronner	ronronner
Je rouille sous la pluie.	Es rostet im Regen.	sous	à,dans,sur	rouiller	rouiller
Je répugne à cette idée profondément.	Mich widert diese Idee zutiefst an.	à	dans,sur,avec	répugner	répugner
Je sanglote sur son épaule.	Ich schluchze an seiner Schulter.	sur	à,dans,avec	sangloter	sangloter
Je siffle pour appeler le chien.	Ich pfeife, um den Hund zu rufen.	pour	à,dans,sur	siffler	siffler
Je somnole devant la télévision.	Ich döse vor dem Fernseher.	devant	à,dans,sur	somnoler	somnoler
Je suffoque sous la chaleur.	Ich ersticke fast unter der Hitze.	sous	à,dans,sur	suffoquer	suffoquer
Je titube jusqu'à sa chambre.	Ich torkele bis zu seinem Zimmer.	jusqu'à	à,dans,sur	tituber	tituber
Je trinque avec mes amis.	Ich stoße mit meinen Freunden an.	avec	à,dans,sur	trinquer	trinquer
Je trotte dans le pré.	Ich trabe auf der Weide.	dans	à,sur,avec	trotter	trotter
Je vacille sous le vent.	Ich schwanke im Wind.	sous	à,dans,sur	vaciller	vaciller
Je veille sur le bébé toute la nuit.	Ich wache die ganze Nacht über das Baby.	sur	à,dans,avec	veiller	veiller
J'écoule avec cette promotion.	Ich verkaufe mit dieser Aktion den Bestand ab.	avec	à,dans,sur	écouler	écouler
J'émeus aux larmes le public.	Ich rühre das Publikum zu Tränen.	aux	à,dans,sur	émouvoir	émouvoir
J'accommode d' une situation difficile.	Ich arrangiere mich mit einer schwierigen Lage.	d'	à,dans,sur	accommoder	accommoder
J'acquiesce d' un signe de tête.	Ich stimme mit einem Kopfnicken zu.	d'	à,dans,sur	acquiescer	acquiescer
J'erre dans les rues désertes.	Ich irre durch die leeren Straßen.	dans	à,sur,avec	errer	errer
J'interviens dans le débat rapidement.	Ich greife schnell in die Debatte ein.	dans	à,sur,avec	intervenir	intervenir
Je luis dans l'obscurité.	Es leuchtet in der Dunkelheit.	dans	à,sur,avec	luire	luire
Je pâlis sous l'effet de la peur.	Ich erblasse vor Angst.	sous	à,dans,sur	pâlir	pâlir
Je péris dans cet accident tragique.	Ich komme bei diesem tragischen Unfall um.	dans	à,sur,avec	périr	périr
Je pète de santé cette année.	Ich strotze dieses Jahr vor Gesundheit.	de	à,dans,sur	péter	péter
Je rôde autour de la maison.	Ich streiche ums Haus.	autour	à,dans,sur	rôder	rôder
Je transpire à grosses gouttes.	Ich schwitze in dicken Tropfen.	à	dans,sur,avec	transpirer	transpirer
Je tressaille au moindre bruit.	Ich erschaudere beim kleinsten Geräusch.	au	à,dans,sur	tressaillir	tressaillir
Je vomis à cause du mal de mer.	Ich erbreche wegen der Seekrankheit.	à	dans,sur,avec	vomir	vomir
J'économise pour les vacances.	Ich spare für die Ferien.	pour	à,dans,sur	économiser	économiser
Je râle contre le retard du train.	Ich meckere über die Zugverspätung.	contre	à,dans,sur	râler	râler
Je flippe avant l'examen.	Ich flippe vor der Prüfung aus.	avant	à,dans,sur	flipper	flipper
Je déconne avec mes copains.	Ich mache mit meinen Kumpels Quatsch.	avec	à,dans,sur	déconner	déconner
Je drague sans succès.	Ich baggere erfolglos an.	sans	à,dans,sur	draguer	draguer
Je foire dès le début.	Es geht gleich von Anfang an schief.	dès	à,dans,sur	foirer	foirer
Je pue des pieds après le sport.	Ich stinke nach dem Sport aus den Füßen.	des	à,dans,sur	puer	puer
Je sue sous cette chaleur.	Ich schwitze bei dieser Hitze.	sous	à,dans,sur	suer	suer
Je gis au fond du lac.	Ich liege auf dem Grund des Sees.	au	à,dans,sur	gésir	gésir
Je tarde à répondre exprès.	Ich lasse mit der Antwort absichtlich auf mich warten.	à	dans,sur,avec	tarder	tarder
Je ricane dans son coin.	Ich kichere in meiner Ecke.	dans	à,sur,avec	ricaner	ricaner
Je panique devant cette situation.	Ich gerate vor dieser Situation in Panik.	devant	à,dans,sur	paniquer	paniquer
Je grouille de fourmis.	Es wimmelt von Ameisen.	de	à,dans,sur	grouiller	grouiller
J'étincelle sous le soleil.	Es funkelt in der Sonne.	sous	à,dans,sur	étinceler	étinceler
Je grelotte sous la couverture.	Ich zittere unter der Decke.	sous	à,dans,sur	grelotter	grelotter
Je trébuche sur la marche.	Ich stolpere über die Stufe.	sur	à,dans,avec	trébucher	trébucher
Je ruisselle sur les vitres.	Es rinnt an den Fensterscheiben herunter.	sur	à,dans,avec	ruisseler	ruisseler
Je tournoie dans le vent.	Es wirbelt im Wind herum.	dans	à,sur,avec	tournoyer	tournoyer
Je scintille dans le ciel nocturne.	Es funkelt am nächtlichen Himmel.	dans	à,sur,avec	scintiller	scintiller
Je reparais après des mois d'absence.	Ich tauche nach Monaten der Abwesenheit wieder auf.	après	à,dans,sur	reparaître	reparaître
Je dégringole dans les escaliers.	Ich purzele die Treppe hinunter.	dans	à,sur,avec	dégringoler	dégringoler
Je redescends par le même chemin.	Ich komme über denselben Weg wieder herunter.	par	à,dans,sur	redescendre	redescendre
Je m'adapte à cette nouvelle vie.	Ich passe mich diesem neuen Leben an.	à	dans,sur,avec	s'adapter	s'adapter
Je m'envole vers le sud en hiver.	Ich fliege im Winter Richtung Süden.	vers	à,dans,sur	s'envoler	s'envoler
Je m'écoule lentement cette après-midi.	Ich vergehe langsam an diesem Nachmittag.	lentement	à,dans,sur	s'écouler	s'écouler
Je m'évade par la pensée.	Ich flüchte in Gedanken.	par	à,dans,sur	s'évader	s'évader
Je m'affronte à mes peurs.	Ich stelle mich meinen Ängsten.	à	dans,sur,avec	s'affronter	s'affronter
Je m'assoupis devant le film.	Ich nicke vor dem Film ein.	devant	à,dans,sur	s'assoupir	s'assoupir
Je m'autorise une petite pause.	Ich erlaube mir eine kleine Pause.	une	à,dans,sur	s'autoriser	s'autoriser
Je m'exaspère contre ce bruit constant.	Ich rege mich über diesen ständigen Lärm auf.	contre	à,dans,sur	s'exaspérer	s'exaspérer
Je m'humilie devant toute la classe.	Ich demütige mich vor der ganzen Klasse.	devant	à,dans,sur	s'humilier	s'humilier
Je m'implique dans ce projet à fond.	Ich engagiere mich voll in diesem Projekt.	dans	à,sur,avec	s'impliquer	s'impliquer
Je m'écroule de fatigue sur le canapé.	Ich breche vor Erschöpfung auf dem Sofa zusammen.	de	à,dans,sur	s'écrouler	s'écrouler
Je m'expose au danger sans le savoir.	Ich setze mich unwissentlich der Gefahr aus.	au	à,dans,sur	s'exposer	s'exposer
Je m'empare du ballon rapidement.	Ich bemächtige mich schnell des Balls.	du	à,dans,sur	s'emparer	s'emparer
Je m'abaisse à ce niveau, jamais.	Ich erniedrige mich niemals auf dieses Niveau.	à	dans,sur,avec	s'abaisser	s'abaisser
Je m'accroupis devant la porte.	Ich gehe vor der Tür in die Hocke.	devant	à,dans,sur	s'accroupir	s'accroupir
Je m'affranchis de ces vieilles règles.	Ich befreie mich von diesen alten Regeln.	de	à,dans,sur	s'affranchir	s'affranchir
Je me recroqueville sous la couverture.	Ich rolle mich unter der Decke zusammen.	sous	à,dans,sur	recroqueviller	recroqueviller
Je m'assoupis pendant le trajet.	Ich schlafe während der Fahrt ein.	pendant	à,dans,sur	assoupir	assoupir
Je quitte la boulangerie avec du pain frais.	Ich verlasse die Bäckerei mit frischem Brot.	la	une,le,des	quitte	la boulangerie
J'utilise l'internet pour mes recherches.	Ich nutze für meine Recherchen das Internet.	l'	le,la,un	utilise	l'internet
Je soigne le rhume avec du thé chaud.	Ich behandle die Erkältung mit heißem Tee.	le	un,la,du	soigne	le rhume
Je corrige la publication avant l'envoi.	Ich korrigiere die Veröffentlichung vor dem Versand.	la	une,le,des	corrige	la publication
Je vérifie la connexion avant de commencer.	Ich prüfe vor dem Start die Verbindung.	la	une,le,des	vérifie	la connexion
Je prends le tram tous les matins.	Ich nehme jeden Morgen die Straßenbahn.	le	un,la,du	prends	le tram
Je cherche le chargeur dans mon sac.	Ich suche das Ladegerät in meiner Tasche.	le	un,la,du	cherche	le chargeur
Je range l'aspirateur après le ménage.	Ich verstaue nach dem Putzen den Staubsauger.	l'	le,la,un	range	l'aspirateur
Je termine la correction avant midi.	Ich beende vor Mittag die Korrektur.	la	une,le,des	termine	la correction
Je cherche le guichet numéro trois.	Ich suche den Schalter Nummer drei.	le	un,la,du	cherche	le guichet
Je consulte l'horaire avant de partir.	Ich sehe vor der Abfahrt im Fahrplan nach.	l'	le,la,un	consulte	l'horaire
J'étends la lessive sur le balcon.	Ich hänge die Wäsche auf dem Balkon auf.	la	une,le,des	étends	la lessive
Je range la trousse dans le sac.	Ich verstaue das Mäppchen in der Tasche.	la	une,le,des	range	la trousse
Je corrige le brouillon avant de recopier.	Ich korrigiere den Entwurf, bevor ich ihn abschreibe.	le	un,la,du	corrige	le brouillon
J'attends la navette devant l'hôtel.	Ich warte vor dem Hotel auf den Shuttle.	la	une,le,des	attends	la navette
J'annule la consultation par téléphone.	Ich sage telefonisch die Sprechstunde ab.	la	une,le,des	annule	la consultation
J'attends la guérison avec patience.	Ich erwarte geduldig die Heilung.	la	une,le,des	attends	la guérison
Je réduis la consommation d'énergie.	Ich reduziere den Energieverbrauch.	la	une,le,des	réduis	la consommation
Je recycle l'emballage correctement.	Ich entsorge die Verpackung fachgerecht.	l'	le,la,un	recycle	l'emballage
J'explique le désaccord calmement.	Ich erkläre ruhig die Meinungsverschiedenheit.	le	un,la,du	explique	le désaccord
J'organise le planning pour la semaine.	Ich organisiere den Zeitplan für die Woche.	le	un,la,du	organise	le planning
Je confirme la participation par mail.	Ich bestätige per Mail die Teilnahme.	la	une,le,des	confirme	la participation
Je cherche le distributeur de billets.	Ich suche den Geldautomaten.	le	un,la,du	cherche	le distributeur
Je range le manuel dans mon sac.	Ich verstaue das Lehrbuch in meiner Tasche.	le	un,la,du	range	le manuel
Je prépare l'interrogation depuis hier.	Ich bereite seit gestern die Prüfung vor.	l'	le,la,un	prépare	l'interrogation
J'entends le brouhaha dans le couloir.	Ich höre im Flur das Stimmengewirr.	le	un,la,du	entends	le brouhaha
Je partage la portion avec mon frère.	Ich teile die Portion mit meinem Bruder.	la	une,le,des	partage	la portion
Je laisse le pourboire sur la table.	Ich lasse das Trinkgeld auf dem Tisch.	le	un,la,du	laisse	le pourboire
Je demande la réduction à la caisse.	Ich frage an der Kasse nach dem Rabatt.	la	une,le,des	demande	la réduction
Je consulte la météo avant de sortir.	Ich sehe vor dem Rausgehen im Wetterbericht nach.	la	une,le,des	consulte	la météo
J'organise la randonnée pour le week-end.	Ich organisiere die Wanderung für das Wochenende.	la	une,le,des	organise	la randonnée
Je remercie la surveillante pour son aide.	Ich danke der Aufsicht für ihre Hilfe.	la	une,le,des	remercie	la surveillante
Je signe le bulletin avant de rendre.	Ich unterschreibe das Zeugnis, bevor ich es zurückgebe.	le	un,la,du	signe	le bulletin
J'étudie la chimie avec plaisir.	Ich lerne mit Freude Chemie.	la	une,le,des	étudie	la chimie
J'étudie la biologie depuis deux ans.	Ich lerne seit zwei Jahren Biologie.	la	une,le,des	étudie	la biologie
Je termine le trimestre en juin.	Ich beende im Juni das Trimester.	le	un,la,du	termine	le trimestre
J'ajuste le chauffage avant de sortir.	Ich stelle vor dem Rausgehen die Heizung ein.	le	un,la,du	ajuste	le chauffage
Je répare le radiateur ce week-end.	Ich repariere an diesem Wochenende den Heizkörper.	le	un,la,du	répare	le radiateur
J'atteins le terminus en dix minutes.	Ich erreiche in zehn Minuten die Endstation.	le	un,la,du	atteins	le terminus
Je prends le comprimé avec de l'eau.	Ich nehme die Tablette mit Wasser.	le	un,la,du	prends	le comprimé
Je verse le sirop dans la cuillère.	Ich gebe den Sirup in den Löffel.	le	un,la,du	verse	le sirop
J'apprécie la franchise de mon ami.	Ich schätze die Offenheit meines Freundes.	la	une,le,des	apprécie	la franchise
J'admire la sincérité de sa réponse.	Ich bewundere die Aufrichtigkeit seiner Antwort.	la	une,le,des	admire	la sincérité
Je prêche la tolérance sans relâche.	Ich predige unermüdlich Toleranz.	la	une,le,des	prêche	la tolérance
Je quitte l'infirmerie après une heure.	Ich verlasse nach einer Stunde das Krankenzimmer.	l'	le,la,un	quitte	l'infirmerie
Je propose la réconciliation avec joie.	Ich schlage freudig die Versöhnung vor.	la	une,le,des	propose	la réconciliation
Je cache la nervosité du mieux possible.	Ich verberge, so gut es geht, die Nervosität.	la	une,le,des	cache	la nervosité
Je change la housse chaque mois.	Ich wechsle jeden Monat den Bezug.	la	une,le,des	change	la housse
Je range la serpillière après le nettoyage.	Ich verstaue nach dem Putzen den Bodenwischer.	la	une,le,des	range	la serpillière
Je mange le yaourt au petit déjeuner.	Ich esse zum Frühstück Joghurt.	le	un,la,du	mange	le yaourt
Je coupe le concombre en rondelles.	Ich schneide die Gurke in Scheiben.	le	un,la,du	coupe	le concombre
Je présente la demi-sœur à mes amis.	Ich stelle meinen Freunden die Halbschwester vor.	la	une,le,des	présente	la demi-sœur
Je mélange le thon avec de la mayonnaise.	Ich mische den Thunfisch mit Mayonnaise.	le	un,la,du	mélange	le thon
Je prépare le saumon au four.	Ich bereite den Lachs im Ofen zu.	le	un,la,du	prépare	le saumon
Je prépare l'omelette avec du fromage.	Ich mache das Omelett mit Käse.	l'	le,la,un	prépare	l'omelette
Je cueille la framboise dans le jardin.	Ich pflücke im Garten die Himbeere.	la	une,le,des	cueille	la framboise
Je coupe la pastèque en tranches.	Ich schneide die Wassermelone in Scheiben.	la	une,le,des	coupe	la pastèque
Je prévois l'escale à Lisbonne.	Ich plane den Zwischenstopp in Lissabon.	l'	le,la,un	prévois	l'escale
Je cherche le thermomètre dans l'armoire.	Ich suche das Thermometer im Schrank.	le	un,la,du	cherche	le thermomètre
J'observe l'abeille sur la fleur.	Ich beobachte die Biene auf der Blume.	l'	le,la,un	observe	l'abeille
Je nettoie la cafetière chaque matin.	Ich reinige jeden Morgen die Kaffeemaschine.	la	une,le,des	nettoie	la cafetière
Je secoue le paillasson avant d'entrer.	Ich schüttele vor dem Reingehen die Fußmatte aus.	le	un,la,du	secoue	le paillasson
Je remplis la gourde avant de partir.	Ich fülle vor der Abfahrt die Trinkflasche.	la	une,le,des	remplis	la gourde
Je confirme la réservation par téléphone.	Ich bestätige telefonisch die Reservierung.	la	une,le,des	confirme	la réservation
Je change le bandage chaque jour.	Ich wechsle jeden Tag den Verband.	le	un,la,du	change	le bandage
Je corrige l'orthographe avant l'envoi.	Ich korrigiere vor dem Versand die Rechtschreibung.	l'	le,la,un	corrige	l'orthographe
Je signale l'allergie au médecin.	Ich melde dem Arzt die Allergie.	l'	le,la,un	signale	l'allergie
Je cherche la définition dans le dictionnaire.	Ich suche im Wörterbuch die Definition.	la	une,le,des	cherche	la définition
J'explique l'inconvénient calmement.	Ich erkläre ruhig den Nachteil.	l'	le,la,un	explique	l'inconvénient
J'explique le fonctionnement du système.	Ich erkläre die Funktionsweise des Systems.	le	un,la,du	explique	le fonctionnement
Je suis la recommandation de mon médecin.	Ich befolge die Empfehlung meines Arztes.	la	une,le,des	suis	la recommandation
Je suis l'actualité chaque jour.	Ich verfolge jeden Tag die Aktuelles.	l'	le,la,un	suis	l'actualité
Je termine la vérification avant midi.	Ich beende vor Mittag die Überprüfung.	la	une,le,des	termine	la vérification
Je représente la minorité avec fierté.	Ich vertrete stolz die Minderheit.	la	une,le,des	représente	la minorité
J'améliore la gestion du projet.	Ich verbessere die Verwaltung des Projekts.	la	une,le,des	améliore	la gestion
Je confirme le paiement par mail.	Ich bestätige per Mail die Zahlung.	le	un,la,du	confirme	le paiement
Je vérifie le tarif avant de réserver.	Ich prüfe vor der Buchung den Tarif.	le	un,la,du	vérifie	le tarif
Je termine la réparation en une heure.	Ich beende in einer Stunde die Reparatur.	la	une,le,des	termine	la réparation
Je lis la rubrique chaque dimanche.	Ich lese jeden Sonntag die Rubrik.	la	une,le,des	lis	la rubrique
Je termine le stage en juillet.	Ich beende im Juli das Praktikum.	le	un,la,du	termine	le stage
Je retrouve la motivation après cette pause.	Ich finde nach dieser Pause die Motivation wieder.	la	une,le,des	retrouve	la motivation
Je prêche la solidarité sans relâche.	Ich predige unermüdlich Solidarität.	la	une,le,des	prêche	la solidarité
Je constate la progression avec joie.	Ich stelle mit Freude den Fortschritt fest.	la	une,le,des	constate	la progression
J'améliore la performance chaque semaine.	Ich verbessere jede Woche die Leistung.	la	une,le,des	améliore	la performance
J'apprécie la contribution de chacun.	Ich schätze den Beitrag jedes Einzelnen.	la	une,le,des	apprécie	la contribution
Je présente la statistique au conseil.	Ich präsentiere dem Rat die Statistik.	la	une,le,des	présente	la statistique
Je constate la variation immédiatement.	Ich stelle sofort die Veränderung fest.	la	une,le,des	constate	la variation
J'améliore l'efficacité du système.	Ich verbessere die Wirksamkeit des Systems.	l'	le,la,un	améliore	l'efficacité
Je cherche la citation de cet auteur.	Ich suche das Zitat dieses Autors.	la	une,le,des	cherche	la citation
Je demande la justification au responsable.	Ich verlange vom Verantwortlichen eine Begründung.	la	une,le,des	demande	la justification
Je renforce la cohésion du groupe.	Ich stärke den Zusammenhalt der Gruppe.	la	une,le,des	renforce	la cohésion
Je termine l'adaptation en trois mois.	Ich beende in drei Monaten die Anpassung.	l'	le,la,un	termine	l'adaptation
J'assure la continuité du service.	Ich sichere die Kontinuität des Dienstes.	la	une,le,des	assure	la continuité
J'explique l'enjeu clairement.	Ich erkläre klar die Herausforderung.	l'	le,la,un	explique	l'enjeu
Je combats la dépendance avec courage.	Ich bekämpfe mutig die Abhängigkeit.	la	une,le,des	combats	la dépendance
Je fête Noël en famille chaque année.	Ich feiere jedes Jahr Weihnachten in der Familie.	Noël	Pâques,l'été,l'automne	fête	Noël
J'étudie les mathématiques chaque soir.	Ich lerne jeden Abend Mathematik.	mathématiques	sciences,lettres,langues	étudie	les mathématiques
Je mange les céréales avec du lait froid.	Ich esse das Müsli mit kalter Milch.	céréales	fruits,biscuits,tartines	mange	les céréales
Je photographie l'arc-en-ciel après la pluie.	Ich fotografiere nach dem Regen den Regenbogen.	l'	le,la,un	photographie	l'arc-en-ciel
Je renforce la structure du bâtiment.	Ich verstärke die Struktur des Gebäudes.	la	une,le,des	renforce	la structure
J'apprécie la régularité de ses visites.	Ich schätze die Regelmäßigkeit seiner Besuche.	la	une,le,des	apprécie	la régularité
Je propose l'interprétation du texte.	Ich schlage eine Deutung des Textes vor.	l'	le,la,un	propose	l'interprétation
Je choisis l'orientation avec soin.	Ich wähle sorgfältig die Orientierung.	l'	le,la,un	choisis	l'orientation
Je remercie le support pour son aide.	Ich danke der Unterstützung.	le	un,la,du	remercie	le support
Je révise la séquence avant le tournage.	Ich überarbeite vor dem Dreh die Sequenz.	la	une,le,des	révise	la séquence
Je renforce la vigilance la nuit.	Ich verstärke nachts die Wachsamkeit.	la	une,le,des	renforce	la vigilance
J'apprécie la variété de ce menu.	Ich schätze die Vielfalt dieses Menüs.	la	une,le,des	apprécie	la variété
Je vérifie la consistance de la pâte.	Ich prüfe die Konsistenz des Teigs.	la	une,le,des	vérifie	la consistance
Je vérifie la transmission du signal.	Ich prüfe die Übertragung des Signals.	la	une,le,des	vérifie	la transmission
Je calcule la densité de ce matériau.	Ich berechne die Dichte dieses Materials.	la	une,le,des	calcule	la densité
Je sous-estime l'ampleur du problème.	Ich unterschätze das Ausmaß des Problems.	l'	le,la,un	sous-estime	l'ampleur
Je dessine le schéma au tableau.	Ich zeichne das Schema an die Tafel.	le	un,la,du	dessine	le schéma
J'explique la parenté à mes amis.	Ich erkläre meinen Freunden die Verwandtschaft.	la	une,le,des	explique	la parenté
Je défends l'égalité sans relâche.	Ich verteidige unermüdlich die Gleichheit.	l'	le,la,un	défends	l'égalité
J'observe la rosée le matin.	Ich beobachte morgens den Tau.	la	une,le,des	observe	la rosée
Je gratte le givre du pare-brise.	Ich kratze den Reif von der Windschutzscheibe.	le	un,la,du	gratte	le givre
J'organise le festival chaque été.	Ich organisiere jeden Sommer das Festival.	le	un,la,du	organise	le festival
Je regarde le documentaire avec intérêt.	Ich schaue mir interessiert die Dokumentation an.	le	un,la,du	regarde	le documentaire
Je coud la doublure de la veste.	Ich nähe das Futter der Jacke.	la	une,le,des	coud	la doublure
J'organise le pique-nique au parc.	Ich organisiere im Park das Picknick.	le	un,la,du	organise	le pique-nique
Je préfère la fiction à la réalité.	Ich mag die Fiktion lieber als die Realität.	la	une,le,des	préfère	la fiction
Je montre le tempérament dès son jeune âge.	Ich zeige schon in jungen Jahren mein Temperament.	le	un,la,du	montre	le tempérament
J'atteins la maturité avec l'âge.	Ich erreiche mit dem Alter die Reife.	la	une,le,des	atteins	la maturité
Je propose la coopération entre les écoles.	Ich schlage die Zusammenarbeit zwischen den Schulen vor.	la	une,le,des	propose	la coopération
J'observe la faune avec passion.	Ich beobachte mit Leidenschaft die Tierwelt.	la	une,le,des	observe	la faune
Je cherche la tanière du renard.	Ich suche den Unterschlupf des Fuchses.	la	une,le,des	cherche	la tanière
Je remercie la marraine pour son cadeau.	Ich danke der Patin für ihr Geschenk.	la	une,le,des	remercie	la marraine
J'annonce la grossesse à la famille.	Ich verkünde der Familie die Schwangerschaft.	la	une,le,des	annonce	la grossesse
Je prépare l'adoption avec joie.	Ich bereite freudig die Adoption vor.	l'	le,la,un	prépare	l'adoption
Je prépare l'accouchement avec la sage-femme.	Ich bereite mit der Hebamme die Geburt vor.	l'	le,la,un	prépare	l'accouchement
Je berce le nourrisson doucement.	Ich wiege sanft den Säugling.	le	un,la,du	berce	le nourrisson
Je remercie la nounou chaque soir.	Ich danke jeden Abend dem Kindermädchen.	la	une,le,des	remercie	la nounou
Je visite la crèche avant l'inscription.	Ich besichtige vor der Anmeldung die Krippe.	la	une,le,des	visite	la crèche
Je quitte la maternité après trois jours.	Ich verlasse nach drei Tagen die Entbindungsstation.	la	une,le,des	quitte	la maternité
Je respecte l'hygiène scrupuleusement.	Ich halte die Hygiene gewissenhaft ein.	l'	le,la,un	respecte	l'hygiène
Je reçois le vaccin sans douleur.	Ich bekomme schmerzlos den Impfstoff.	le	un,la,du	reçois	le vaccin
Je remporte le championnat avec l'équipe.	Ich gewinne mit dem Team die Meisterschaft.	le	un,la,du	remporte	le championnat
J'achète la sandale pour l'été.	Ich kaufe für den Sommer die Sandale.	la	une,le,des	achète	la sandale
Je cherche la pantoufle sous le lit.	Ich suche unter dem Bett den Hausschuh.	la	une,le,des	cherche	la pantoufle
Je trouve le réconfort auprès de ma famille.	Ich finde bei meiner Familie Trost.	le	un,la,du	trouve	le réconfort
J'apprécie la bienveillance de mon entourage.	Ich schätze das Wohlwollen meines Umfelds.	la	une,le,des	apprécie	la bienveillance
Je corrige la posture devant le miroir.	Ich korrigiere vor dem Spiegel die Haltung.	la	une,le,des	corrige	la posture
Je reconnais la mimique immédiatement.	Ich erkenne sofort die Mimik.	la	une,le,des	reconnais	la mimique
J'exprime la gratitude sincèrement.	Ich äußere aufrichtig meine Dankbarkeit.	la	une,le,des	exprime	la gratitude
Je lis la biographie en une semaine.	Ich lese die Biografie in einer Woche.	la	une,le,des	lis	la biographie
J'admire la vivacité de cet enfant.	Ich bewundere die Lebhaftigkeit dieses Kindes.	la	une,le,des	admire	la vivacité
Je repasse le chemisier avant de sortir.	Ich bügele vor dem Rausgehen die Bluse.	le	un,la,du	repasse	le chemisier
Je porte le short en été.	Ich trage im Sommer die kurze Hose.	le	un,la,du	porte	le short
Je range le sous-vêtement dans le tiroir.	Ich lege die Unterwäsche in die Schublade.	le	un,la,du	range	le sous-vêtement
Je remarque la fossette en souriant.	Ich bemerke beim Lächeln das Grübchen.	la	une,le,des	remarque	la fossette
J'apprécie la loyauté de mon ami.	Ich schätze die Loyalität meines Freundes.	la	une,le,des	apprécie	la loyauté
J'attends le surlendemain avec impatience.	Ich erwarte ungeduldig den übernächsten Tag.	le	un,la,du	attends	le surlendemain
Je respecte l'échéance sans exception.	Ich halte den Termin ausnahmslos ein.	l'	le,la,un	respecte	l'échéance
J'organise le camping chaque été.	Ich organisiere jeden Sommer das Campen.	le	un,la,du	organise	le camping
J'atteins la station-service à temps.	Ich erreiche rechtzeitig die Tankstelle.	la	une,le,des	atteins	la station-service
J'entends le klaxon au loin.	Ich höre in der Ferne die Hupe.	le	un,la,du	entends	le klaxon
Je confirme la location par mail.	Ich bestätige per Mail die Miete.	la	une,le,des	confirme	la location
J'organise le déménagement avec mes amis.	Ich organisiere mit meinen Freunden den Umzug.	le	un,la,du	organise	le déménagement
Je contacte la préfecture pour un dossier.	Ich kontaktiere die Präfektur wegen einer Akte.	la	une,le,des	contacte	la préfecture
Je contacte le rédacteur pour cet article.	Ich kontaktiere den Redakteur wegen dieses Artikels.	le	un,la,du	contacte	le rédacteur
Je remercie la rédactrice pour son travail.	Ich danke der Redakteurin für ihre Arbeit.	la	une,le,des	remercie	la rédactrice
Je réalise le sondage auprès des élèves.	Ich führe unter den Schülern eine Umfrage durch.	le	un,la,du	réalise	le sondage
Je prépare l'interview avec soin.	Ich bereite sorgfältig das Interview vor.	l'	le,la,un	prépare	l'interview
J'achète l'hebdomadaire chaque vendredi.	Ich kaufe jeden Freitag die Wochenzeitung.	l'	le,la,un	achète	l'hebdomadaire
J'annonce l'ouragan pour demain.	Ich kündige für morgen den Orkan an.	l'	le,la,un	annonce	l'ouragan
J'observe le volcan avec prudence.	Ich beobachte vorsichtig den Vulkan.	le	un,la,du	observe	le volcan
Je photographie le glacier depuis le sommet.	Ich fotografiere vom Gipfel aus den Gletscher.	le	un,la,du	photographie	le glacier
Je paye l'amende avant la date limite.	Ich zahle vor der Frist das Bußgeld.	l'	le,la,un	paye	l'amende
J'affronte la bourrasque avec courage.	Ich begegne mutig der Windböe.	la	une,le,des	affronte	la bourrasque
Je présente le gendre à ses amis.	Ich stelle seinen Freunden den Schwiegersohn vor.	le	un,la,du	présente	le gendre
J'adopte l'orphelin avec amour.	Ich adoptiere liebevoll die Waise.	l'	le,la,un	adopte	l'orphelin
J'admire la sculpture au musée.	Ich bewundere im Museum die Skulptur.	la	une,le,des	admire	la sculpture
Je termine le montage avant la diffusion.	Ich beende vor der Ausstrahlung den Schnitt.	le	un,la,du	termine	le montage
Je quitte la librairie avec trois livres.	Ich verlasse die Buchhandlung mit drei Büchern.	la	une,le,des	quitte	la librairie
Je dessine la caricature avec humour.	Ich zeichne humorvoll die Karikatur.	la	une,le,des	dessine	la caricature
Je choisis l'illustration avec soin.	Ich wähle sorgfältig die Illustration.	l'	le,la,un	choisis	l'illustration
J'admire la fresque sur le mur.	Ich bewundere das Wandbild an der Mauer.	la	une,le,des	admire	la fresque
Je confirme le diagnostic après l'examen.	Ich bestätige nach der Untersuchung die Diagnose.	le	un,la,du	confirme	le diagnostic
Je combats l'insomnie avec une tisane.	Ich bekämpfe mit einem Tee die Schlaflosigkeit.	l'	le,la,un	combats	l'insomnie
Je présente le bilan au conseil.	Ich präsentiere dem Rat die Bilanz.	le	un,la,du	présente	le bilan
J'étudie l'immigration en cours d'histoire.	Ich untersuche im Geschichtsunterricht die Einwanderung.	l'	le,la,un	étudie	l'immigration
Je cherche le chausson sous le canapé.	Ich suche unter dem Sofa den Hausschuh.	le	un,la,du	cherche	le chausson
Je porte la broche pour la fête.	Ich trage die Brosche für die Feier.	la	une,le,des	porte	la broche
J'apprécie l'honnêteté chez cet ami.	Ich schätze die Ehrlichkeit bei diesem Freund.	l'	le,la,un	apprécie	l'honnêteté
Je garde l'optimisme malgré tout.	Ich behalte trotz allem den Optimismus.	l'	le,la,un	garde	l'optimisme
Je pardonne la maladresse facilement.	Ich verzeihe leicht die Ungeschicklichkeit.	la	une,le,des	pardonne	la maladresse
Je combats le découragement avec courage.	Ich bekämpfe mutig die Entmutigung.	le	un,la,du	combats	le découragement
J'organise le tournoi chaque printemps.	Ich organisiere jeden Frühling das Turnier.	le	un,la,du	organise	le tournoi
J'admire le collectionneur pour sa passion.	Ich bewundere den Sammler für seine Leidenschaft.	le	un,la,du	admire	le collectionneur
J'admire la collectionneuse pour sa rigueur.	Ich bewundere die Sammlerin für ihre Genauigkeit.	la	une,le,des	admire	la collectionneuse
Je monte le campement au bord du lac.	Ich errichte am Seeufer das Lager.	le	un,la,du	monte	le campement
Je ramasse la brindille pour le feu.	Ich sammle für das Feuer den Zweig.	la	une,le,des	ramasse	la brindille
Je photographie la fougère dans la forêt.	Ich fotografiere im Wald den Farn.	la	une,le,des	photographie	la fougère
Je chasse la taupe du jardin.	Ich vertreibe den Maulwurf aus dem Garten.	la	une,le,des	chasse	la taupe
J'observe le corbeau sur la branche.	Ich beobachte den Raben auf dem Ast.	le	un,la,du	observe	le corbeau
Je cherche le cintre dans l'armoire.	Ich suche den Kleiderbügel im Schrank.	le	un,la,du	cherche	le cintre
Je change le sommier avec le matelas.	Ich wechsle mit der Matratze den Lattenrost.	le	un,la,du	change	le sommier
J'adopte l'orpheline avec amour.	Ich adoptiere liebevoll die Waise.	l'	le,la,un	adopte	l'orpheline
Je remplis le bocal de confiture.	Ich fülle das Einmachglas mit Marmelade.	le	un,la,du	remplis	le bocal
J'ajuste le rétroviseur avant de partir.	Ich stelle vor der Abfahrt den Rückspiegel ein.	le	un,la,du	ajuste	le rétroviseur
Je nettoie le pare-brise chaque semaine.	Ich putze jede Woche die Windschutzscheibe.	le	un,la,du	nettoie	le pare-brise
Je répare la carrosserie après l'accident.	Ich repariere nach dem Unfall die Karosserie.	la	une,le,des	répare	la carrosserie
J'ajuste le haut-parleur avant le concert.	Ich stelle vor dem Konzert den Lautsprecher ein.	le	un,la,du	ajuste	le haut-parleur
Je cherche l'écouteur dans mon sac.	Ich suche den Kopfhörer in meiner Tasche.	l'	le,la,un	cherche	l'écouteur
Je grille l'amande au four.	Ich röste die Mandel im Ofen.	l'	le,la,un	grille	l'amande
J'ajoute le vinaigre à la salade.	Ich gebe dem Salat Essig hinzu.	le	un,la,du	ajoute	le vinaigre
Je réserve le créneau à l'avance.	Ich reserviere im Voraus das Zeitfenster.	le	un,la,du	réserve	le créneau
Je prêche la fraternité sans relâche.	Ich predige unermüdlich Brüderlichkeit.	la	une,le,des	prêche	la fraternité
J'organise la mobilisation du personnel.	Ich organisiere die Mobilisierung des Personals.	la	une,le,des	organise	la mobilisation
Je rejoins le rassemblement sur la place.	Ich schließe mich auf dem Platz der Versammlung an.	le	un,la,du	rejoins	le rassemblement
Je boutonne la manchette avant de sortir.	Ich knöpfe vor dem Rausgehen den Ärmelaufschlag zu.	la	une,le,des	boutonne	la manchette
J'ignore la moquerie avec dignité.	Ich ignoriere würdevoll die Hänselei.	la	une,le,des	ignore	la moquerie
J'attrape le flocon sur ma langue.	Ich fange die Schneeflocke mit meiner Zunge.	le	un,la,du	attrape	le flocon
Je récolte la sève au printemps.	Ich sammle im Frühling den Pflanzensaft.	la	une,le,des	récolte	la sève
Je chasse le moustique de la chambre.	Ich vertreibe die Mücke aus dem Zimmer.	le	un,la,du	chasse	le moustique
J'observe la chauve-souris au crépuscule.	Ich beobachte in der Dämmerung die Fledermaus.	la	une,le,des	observe	la chauve-souris
J'affronte le déluge sous un parapluie.	Ich trotze unter einem Regenschirm dem Wolkenbruch.	le	un,la,du	affronte	le déluge
J'observe la chenille sur la feuille.	Ich beobachte die Raupe auf dem Blatt.	la	une,le,des	observe	la chenille
Je répare la reliure du vieux livre.	Ich repariere den Einband des alten Buches.	la	une,le,des	répare	la reliure
Je chante le couplet avec émotion.	Ich singe bewegt die Strophe.	le	un,la,du	chante	le couplet
J'applaudis le clown avec les enfants.	Ich beklatsche mit den Kindern den Clown.	le	un,la,du	applaudis	le clown
J'admire l'aquarelle au musée.	Ich bewundere im Museum das Aquarell.	l'	le,la,un	admire	l'aquarelle
Je termine le croquis en dix minutes.	Ich beende in zehn Minuten die Skizze.	le	un,la,du	termine	le croquis
Je cache l'agacement du mieux possible.	Ich verberge, so gut es geht, den Ärger.	l'	le,la,un	cache	l'agacement
Je ressens la perplexité devant ce mystère.	Ich empfinde vor diesem Rätsel Ratlosigkeit.	la	une,le,des	ressens	la perplexité
Je ressens l'émerveillement devant ce paysage.	Ich empfinde vor dieser Landschaft Staunen.	l'	le,la,un	ressens	l'émerveillement
Je combats la rancœur avec sagesse.	Ich bekämpfe weise die Verbitterung.	la	une,le,des	combats	la rancœur
Je combats le trac avant le spectacle.	Ich bekämpfe vor der Vorstellung das Lampenfieber.	le	un,la,du	combats	le trac
Je ressens l'euphorie après la victoire.	Ich empfinde nach dem Sieg Euphorie.	l'	le,la,un	ressens	l'euphorie
Je cache la rayure avec un autocollant.	Ich verdecke mit einem Aufkleber den Kratzer.	la	une,le,des	cache	la rayure
Je répare la maille du pull.	Ich repariere die Masche des Pullovers.	la	une,le,des	répare	la maille
Je range la pochette dans mon sac.	Ich verstaue die kleine Tasche in meiner Tasche.	la	une,le,des	range	la pochette
Je choisis l'accessoire avec soin.	Ich wähle sorgfältig das Accessoire.	l'	le,la,un	choisis	l'accessoire
J'admire la broderie sur la nappe.	Ich bewundere die Stickerei auf der Tischdecke.	la	une,le,des	admire	la broderie
Je sens la connivence entre eux.	Ich spüre zwischen ihnen die Vertrautheit.	la	une,le,des	sens	la connivence
J'apprécie la courtoisie de cet employé.	Ich schätze die Zuvorkommenheit dieses Angestellten.	la	une,le,des	apprécie	la courtoisie
Je présente la cadette à mes amis.	Ich stelle meinen Freunden die Jüngere vor.	la	une,le,des	présente	la cadette
Je redoute le gel au printemps.	Ich fürchte im Frühling den Frost.	le	un,la,du	redoute	le gel
Je supporte la grisaille difficilement.	Ich ertrage nur schwer das trübe Wetter.	la	une,le,des	supporte	la grisaille
J'écoute la fanfare sur la place.	Ich höre auf dem Platz der Blaskapelle zu.	la	une,le,des	écoute	la fanfare
J'étudie la constitution en cours d'histoire.	Ich untersuche im Geschichtsunterricht die Verfassung.	la	une,le,des	étudie	la constitution
Je conteste le décret devant le tribunal.	Ich fechte vor Gericht das Dekret an.	le	un,la,du	conteste	le décret
Je soutiens la fondation financièrement.	Ich unterstütze finanziell die Stiftung.	la	une,le,des	soutiens	la fondation
Je conteste la condamnation fermement.	Ich fechte entschieden die Verurteilung an.	la	une,le,des	conteste	la condamnation
J'admire la diplomatie de cet ambassadeur.	Ich bewundere die Diplomatie dieses Botschafters.	la	une,le,des	admire	la diplomatie
Je planifie l'investissement avec soin.	Ich plane sorgfältig die Investition.	l'	le,la,un	planifie	l'investissement
Je constate la croissance avec satisfaction.	Ich stelle zufrieden das Wachstum fest.	la	une,le,des	constate	la croissance
Je contacte le fournisseur pour un devis.	Ich kontaktiere den Lieferanten für ein Angebot.	le	un,la,du	contacte	le fournisseur
Je vérifie le stock chaque lundi.	Ich prüfe jeden Montag den Vorrat.	le	un,la,du	vérifie	le stock
Je visite l'entrepôt avec le responsable.	Ich besichtige mit dem Verantwortlichen das Lager.	l'	le,la,un	visite	l'entrepôt
Je contacte l'employeur par mail.	Ich kontaktiere per Mail den Arbeitgeber.	l'	le,la,un	contacte	l'employeur
J'informe le consommateur du changement.	Ich informiere den Konsumenten über die Änderung.	le	un,la,du	informe	le consommateur
Je cherche le tampon dans le tiroir.	Ich suche den Stempel in der Schublade.	le	un,la,du	cherche	le tampon
Je respecte la hiérarchie sans exception.	Ich respektiere ausnahmslos die Hierarchie.	la	une,le,des	respecte	la hiérarchie
Je prends l'avertissement au sérieux.	Ich nehme die Warnung ernst.	l'	le,la,un	prends	l'avertissement
J'atteins le terminal juste à temps.	Ich erreiche gerade rechtzeitig das Terminal.	le	un,la,du	atteins	le terminal
Je sème la semence au printemps.	Ich säe im Frühling den Samen.	la	une,le,des	sème	la semence
Je ramasse le pétale sur le sol.	Ich hebe vom Boden das Blütenblatt auf.	le	un,la,du	ramasse	le pétale
Je soigne la fracture avec un plâtre.	Ich behandle den Bruch mit einem Gips.	la	une,le,des	soigne	la fracture
Je combats l'épidémie avec vaccination.	Ich bekämpfe mit Impfung die Epidemie.	l'	le,la,un	combats	l'épidémie
Je combats le microbe avec ce médicament.	Ich bekämpfe mit diesem Medikament das Mikrobe.	le	un,la,du	combats	le microbe
Je prépare la projection pour la réunion.	Ich bereite für die Besprechung die Projektion vor.	la	une,le,des	prépare	la projection
J'explique l'interruption au public.	Ich erkläre dem Publikum die Unterbrechung.	l'	le,la,un	explique	l'interruption
Je traverse la douane sans problème.	Ich passiere problemlos den Zoll.	la	une,le,des	traverse	la douane
Je visite le parlement avec ma classe.	Ich besuche mit meiner Klasse das Parlament.	le	un,la,du	visite	le parlement
Je gère la comptabilité avec rigueur.	Ich führe genau die Buchhaltung.	la	une,le,des	gère	la comptabilité
Je demande la compensation à l'assurance.	Ich fordere von der Versicherung eine Entschädigung.	la	une,le,des	demande	la compensation
Je constate la transformation avec surprise.	Ich stelle überrascht die Veränderung fest.	la	une,le,des	constate	la transformation
Je contacte le huissier pour ce dossier.	Ich kontaktiere den Gerichtsvollzieher wegen dieser Akte.	le	un,la,du	contacte	le huissier
J'attends la greffe depuis un an.	Ich warte seit einem Jahr auf die Transplantation.	la	une,le,des	attends	la greffe
J'étudie la psychanalyse avec intérêt.	Ich untersuche interessiert die Psychoanalyse.	la	une,le,des	étudie	la psychanalyse
J'admire la reproduction au musée.	Ich bewundere im Museum die Reproduktion.	la	une,le,des	admire	la reproduction
J'annonce le ralliement au parti.	Ich verkünde den Anschluss an die Partei.	le	un,la,du	annonce	le ralliement
Je traverse le croisement avec prudence.	Ich überquere vorsichtig die Kreuzung.	le	un,la,du	traverse	le croisement
Je répare le lampadaire du quartier.	Ich repariere die Straßenlaterne des Viertels.	le	un,la,du	répare	le lampadaire
Je prends le tramway tous les matins.	Ich nehme jeden Morgen die Straßenbahn.	le	un,la,du	prends	le tramway
J'attends l'autocar devant la gare.	Ich warte vor dem Bahnhof auf den Reisebus.	l'	le,la,un	attends	l'autocar
Je consulte la boussole avant de partir.	Ich schaue vor dem Losgehen auf den Kompass.	la	une,le,des	consulte	la boussole
J'attends le décollage avec impatience.	Ich erwarte ungeduldig den Abflug.	le	un,la,du	attends	le décollage
J'organise l'excursion pour la classe.	Ich organisiere für die Klasse den Ausflug.	l'	le,la,un	organise	l'excursion
Je photographie le paquebot depuis le port.	Ich fotografiere vom Hafen aus den Passagierdampfer.	le	un,la,du	photographie	le paquebot
Je développe le tourisme dans cette région.	Ich baue in dieser Region den Tourismus aus.	le	un,la,du	développe	le tourisme
Je calcule la trajectoire avec précision.	Ich berechne genau die Flugbahn.	la	une,le,des	calcule	la trajectoire
Je remplis le cabas de légumes.	Ich fülle die Einkaufstasche mit Gemüse.	le	un,la,du	remplis	le cabas
Je traverse la halle en courant.	Ich laufe durch die Markthalle.	la	une,le,des	traverse	la halle
Je quitte la lingerie avec un sac.	Ich verlasse das Wäschegeschäft mit einer Tüte.	la	une,le,des	quitte	la lingerie
Je quitte l'épicerie avec du pain.	Ich verlasse das Lebensmittelgeschäft mit Brot.	l'	le,la,un	quitte	l'épicerie
Je range le caleçon dans le tiroir.	Ich lege die Unterhose in die Schublade.	le	un,la,du	range	le caleçon
J'applique le cirage sur la chaussure.	Ich trage die Schuhcreme auf den Schuh auf.	le	un,la,du	applique	le cirage
Je prépare le déguisement pour la fête.	Ich bereite für die Feier die Verkleidung vor.	le	un,la,du	prépare	le déguisement
Je porte le jupon sous la robe.	Ich trage den Unterrock unter dem Kleid.	le	un,la,du	porte	le jupon
Je mets le pardessus avant de sortir.	Ich ziehe vor dem Rausgehen den Übermantel an.	le	un,la,du	mets	le pardessus
Je porte la toque en cuisine.	Ich trage in der Küche die Mütze.	la	une,le,des	porte	la toque
Je reçois l'encouragement avec joie.	Ich empfange freudig die Ermutigung.	l'	le,la,un	reçois	l'encouragement
J'attends la confirmation par mail.	Ich erwarte per Mail die Bestätigung.	la	une,le,des	attends	la confirmation
Je conteste l'affirmation sans hésiter.	Ich bestreite ohne zu zögern die Behauptung.	l'	le,la,un	conteste	l'affirmation
J'exprime le mécontentement calmement.	Ich äußere ruhig die Unzufriedenheit.	le	un,la,du	exprime	le mécontentement
J'affronte la bise sur le pont.	Ich trotze auf der Brücke dem Nordwind.	la	une,le,des	affronte	la bise
J'ouvre le parasol sur la plage.	Ich öffne am Strand den Sonnenschirm.	le	un,la,du	ouvre	le parasol
Je mesure la précipitation chaque jour.	Ich messe jeden Tag den Niederschlag.	la	une,le,des	mesure	la précipitation
Je quitte le gymnase après l'entraînement.	Ich verlasse nach dem Training das Fitnessstudio.	le	un,la,du	quitte	le gymnase
Je demande la licence avant de commencer.	Ich beantrage vor dem Start die Erlaubnis.	la	une,le,des	demande	la licence
Je termine le module avant l'examen.	Ich beende vor der Prüfung das Modul.	le	un,la,du	termine	le module
J'achète le sofa pour le salon.	Ich kaufe für das Wohnzimmer das Sofa.	le	un,la,du	achète	le sofa
J'allume la veilleuse chaque soir.	Ich schalte jeden Abend das Nachtlicht ein.	la	une,le,des	allume	la veilleuse
Je remplis la bassine d'eau chaude.	Ich fülle den Bottich mit heißem Wasser.	la	une,le,des	remplis	la bassine
Je remplis la carafe d'eau fraîche.	Ich fülle die Karaffe mit frischem Wasser.	la	une,le,des	remplis	la carafe
Je termine le nettoyage avant midi.	Ich beende vor Mittag die Reinigung.	le	un,la,du	termine	le nettoyage
Je vérifie le réservoir avant de partir.	Ich prüfe vor der Abfahrt den Tank.	le	un,la,du	vérifie	le réservoir
Je range l'ustensile après la cuisine.	Ich räume nach dem Kochen das Utensil weg.	l'	le,la,un	range	l'ustensile
Je choisis l'aliment avec soin.	Ich wähle sorgfältig das Nahrungsmittel.	l'	le,la,un	choisis	l'aliment
Je prépare le bouillon chaque hiver.	Ich koche jeden Winter Brühe.	le	un,la,du	prépare	le bouillon
Je cultive la céréale dans ce champ.	Ich baue in diesem Feld Getreide an.	la	une,le,des	cultive	la céréale
J'ajoute l'épice avec parcimonie.	Ich gebe sparsam das Gewürz hinzu.	l'	le,la,un	ajoute	l'épice
Je savoure la gourmandise lentement.	Ich genieße langsam die Delikatesse.	la	une,le,des	savoure	la gourmandise
Je commande la limonade bien fraîche.	Ich bestelle eine schön kalte Limonade.	la	une,le,des	commande	la limonade
Je choisis le melon avec soin au marché.	Ich wähle auf dem Markt sorgfältig die Melone.	le	un,la,du	choisis	le melon
Je cultive la menthe sur le balcon.	Ich baue auf dem Balkon Minze an.	la	une,le,des	cultive	la menthe
J'ajoute la moutarde au sandwich.	Ich gebe dem Sandwich Senf hinzu.	la	une,le,des	ajoute	la moutarde
Je prépare le potage chaque hiver.	Ich koche jeden Winter Suppe.	le	un,la,du	prépare	le potage
Je mange l'yaourt avec du miel.	Ich esse den Joghurt mit Honig.	l'	le,la,un	mange	l'yaourt
Je consulte le catalogue avant d'acheter.	Ich sehe vor dem Kauf im Katalog nach.	le	un,la,du	consulte	le catalogue
Je vérifie le débit du robinet.	Ich prüfe den Durchfluss des Wasserhahns.	le	un,la,du	vérifie	le débit
Je choisis la devise pour son blason.	Ich wähle das Motto für sein Wappen.	la	une,le,des	choisis	la devise
J'organise la distribution des colis.	Ich organisiere die Verteilung der Pakete.	la	une,le,des	organise	la distribution
Je vérifie le pourcentage avec précision.	Ich überprüfe genau den Prozentsatz.	le	un,la,du	vérifie	le pourcentage
Je confirme la transaction par mail.	Ich bestätige per Mail den Vergleich.	la	une,le,des	confirme	la transaction
Je traverse l'esplanade en vélo.	Ich fahre mit dem Rad über die Esplanade.	l'	le,la,un	traverse	l'esplanade
Je réserve la croisière pour l'été.	Ich buche für den Sommer die Kreuzfahrt.	la	une,le,des	réserve	la croisière
Je masse l'articulation après le sport.	Ich massiere nach dem Sport das Gelenk.	l'	le,la,un	masse	l'articulation
Je masse la crampe en étirant.	Ich massiere den Krampf beim Dehnen.	la	une,le,des	masse	la crampe
Je soigne la gencive avec ce dentifrice.	Ich pflege mit dieser Zahnpasta das Zahnfleisch.	la	une,le,des	soigne	la gencive
Je combats la grippe avec du repos.	Ich bekämpfe mit Ruhe die Grippe.	la	une,le,des	combats	la grippe
Je reçois l'injection sans douleur.	Ich bekomme schmerzlos die Injektion.	l'	le,la,un	reçois	l'injection
J'atteins la crique en kayak.	Ich erreiche mit dem Kajak die Bucht.	la	une,le,des	atteins	la crique
Je traverse la lagune en bateau.	Ich überquere mit dem Boot die Lagune.	la	une,le,des	traverse	la lagune
Je traverse le marécage avec prudence.	Ich durchquere vorsichtig den Sumpf.	le	un,la,du	traverse	le marécage
J'entends l'aboiement au loin.	Ich höre in der Ferne das Bellen.	l'	le,la,un	entends	l'aboiement
Je constate l'absurdité avec ironie.	Ich stelle ironisch die Absurdität fest.	l'	le,la,un	constate	l'absurdité
Je confirme l'acceptation par écrit.	Ich bestätige schriftlich die Annahme.	l'	le,la,un	confirme	l'acceptation
Je confirme l'adhésion au club.	Ich bestätige die Mitgliedschaft im Club.	l'	le,la,un	confirme	l'adhésion
Je ressens l'adoration pour ce chanteur.	Ich empfinde für diesen Sänger Verehrung.	l'	le,la,un	ressens	l'adoration
Je conteste l'affectation sans succès.	Ich fechte erfolglos die Zuweisung an.	l'	le,la,un	conteste	l'affectation
Je ressens l'affinité immédiatement.	Ich verspüre sofort eine Affinität.	l'	le,la,un	ressens	l'affinité
Je constate l'agressivité chez cet élève.	Ich stelle bei diesem Schüler Aggressivität fest.	l'	le,la,un	constate	l'agressivité
J'apprécie l'agrément de ce logement.	Ich schätze die Annehmlichkeit dieser Wohnung.	l'	le,la,un	apprécie	l'agrément
Je prépare l'allocution pour la cérémonie.	Ich bereite für die Zeremonie die Ansprache vor.	l'	le,la,un	prépare	l'allocution
J'apprécie l'amabilité du personnel.	Ich schätze die Freundlichkeit des Personals.	l'	le,la,un	apprécie	l'amabilité
Je cache l'amusement du mieux possible.	Ich verberge, so gut es geht, das Amüsement.	l'	le,la,un	cache	l'amusement
J'étudie l'antiquité avec passion.	Ich untersuche mit Leidenschaft das Altertum.	l'	le,la,un	étudie	l'antiquité
Je trouve l'apaisement après cette dispute.	Ich finde nach diesem Streit Beruhigung.	l'	le,la,un	trouve	l'apaisement
Je réduis l'armement progressivement.	Ich reduziere nach und nach die Bewaffnung.	l'	le,la,un	réduis	l'armement
Je prépare l'ascension depuis un mois.	Ich bereite seit einem Monat den Aufstieg vor.	l'	le,la,un	prépare	l'ascension
J'exprime l'aspiration clairement.	Ich äußere klar meine Bestrebung.	l'	le,la,un	exprime	l'aspiration
Je ressens l'attraction immédiatement.	Ich verspüre sofort die Anziehung.	l'	le,la,un	ressens	l'attraction
Je critique l'austérité ouvertement.	Ich kritisiere offen die Sparpolitik.	l'	le,la,un	critique	l'austérité
Je reproche l'aveuglement à mon ami.	Ich werfe meinem Freund die Blindheit vor.	l'	le,la,un	reproche	l'aveuglement
Je condamne l'avidité fermement.	Ich verurteile entschieden die Gier.	l'	le,la,un	condamne	l'avidité
J'évite la banalité dans mon discours.	Ich vermeide in meiner Rede die Banalität.	la	une,le,des	évite	la banalité
Je cache le bâillement poliment.	Ich verberge höflich das Gähnen.	le	un,la,du	cache	le bâillement
Je supporte la captivité difficilement.	Ich ertrage nur schwer die Gefangenschaft.	la	une,le,des	supporte	la captivité
Je vérifie le chargement avant le départ.	Ich prüfe vor der Abfahrt die Ladung.	le	un,la,du	vérifie	le chargement
J'accepte le châtiment sans protester.	Ich akzeptiere widerspruchslos die Bestrafung.	le	un,la,du	accepte	le châtiment
Je vérifie la contenance du réservoir.	Ich prüfe das Fassungsvermögen des Tanks.	la	une,le,des	vérifie	la contenance
Je dénonce la corruption ouvertement.	Ich prangere offen die Korruption an.	la	une,le,des	dénonce	la corruption
Je respecte la croyance de chacun.	Ich respektiere den Glauben jedes Einzelnen.	la	une,le,des	respecte	la croyance
J'entends le crépitement du feu.	Ich höre das Knistern des Feuers.	le	un,la,du	entends	le crépitement
Je recherche la célébrité toute sa vie.	Ich suche mein ganzes Leben lang Berühmtheit.	la	une,le,des	recherche	la célébrité
Je crée la diversion pour distraire l'ennemi.	Ich erzeuge eine Ablenkung, um den Feind zu täuschen.	la	une,le,des	crée	la diversion
Je vénère la divinité avec dévotion.	Ich verehre hingebungsvoll die Gottheit.	la	une,le,des	vénère	la divinité
Je conteste la domination ouvertement.	Ich stelle offen die Herrschaft infrage.	la	une,le,des	conteste	la domination
Je constate la décadence avec tristesse.	Ich stelle traurig den Verfall fest.	la	une,le,des	constate	la décadence
Je ressens le déchirement en partant.	Ich empfinde beim Weggehen Zerrissenheit.	le	un,la,du	ressens	le déchirement
Je constate la déchéance avec regret.	Ich stelle bedauernd den Verfall fest.	la	une,le,des	constate	la déchéance
Je signale la défaillance au technicien.	Ich melde dem Techniker die Störung.	la	une,le,des	signale	la défaillance
Je montre la déférence envers son maître.	Ich zeige seinem Meister gegenüber Ehrerbietung.	la	une,le,des	montre	la déférence
Je ressens la délivrance enfin.	Ich empfinde endlich Befreiung.	la	une,le,des	ressens	la délivrance
J'annonce la démission avec regret.	Ich verkünde bedauernd die Kündigung.	la	une,le,des	annonce	la démission
J'explique le déroulement des opérations.	Ich erkläre den Ablauf der Vorgänge.	le	un,la,du	explique	le déroulement
Je cache la désolation du mieux possible.	Ich verberge, so gut es geht, den Gram.	la	une,le,des	cache	la désolation
Je conteste la détention devant le juge.	Ich fechte vor dem Richter die Haft an.	la	une,le,des	conteste	la détention
J'admire le dévouement de cette infirmière.	Ich bewundere die Hingabe dieser Krankenschwester.	le	un,la,du	admire	le dévouement
Je signale l'enlèvement immédiatement.	Ich melde sofort die Entführung.	l'	le,la,un	signale	l'enlèvement
Je reproche l'entêtement à mon frère.	Ich werfe meinem Bruder die Sturheit vor.	l'	le,la,un	reproche	l'entêtement
Je ferme la braguette avant de sortir.	Ich schließe vor dem Rausgehen den Hosenlatz.	la	une,le,des	ferme	la braguette
Je termine le lavage en une heure.	Ich beende in einer Stunde das Waschen.	le	un,la,du	termine	le lavage
Je constate l'aberration avec surprise.	Ich stelle überrascht die Abweichung fest.	l'	le,la,un	constate	l'aberration
Je condamne l'abomination fermement.	Ich verurteile entschieden den Gräuel.	l'	le,la,un	condamne	l'abomination
Je reçois l'acclamation avec joie.	Ich empfange freudig den Jubel.	l'	le,la,un	reçois	l'acclamation
Je corrige l'alignement du texte.	Ich korrigiere die Ausrichtung des Textes.	l'	le,la,un	corrige	l'alignement
Je contacte l'amirauté par courrier.	Ich kontaktiere die Admiralität per Post.	l'	le,la,un	contacte	l'amirauté
Je cache l'effusion devant les autres.	Ich verberge vor den anderen die Gefühlsäußerung.	l'	le,la,un	cache	l'effusion
J'évite l'emmerdement autant que possible.	Ich vermeide, so gut es geht, die Klemme.	l'	le,la,un	évite	l'emmerdement
Je termine l'errance enfin.	Ich beende endlich die Wanderung.	l'	le,la,un	termine	l'errance
Je termine l'exploration avant la nuit.	Ich beende vor Einbruch der Nacht die Erforschung.	l'	le,la,un	termine	l'exploration
Je supervise la fabrication du produit.	Ich überwache die Herstellung des Produkts.	la	une,le,des	supervise	la fabrication
J'apprécie la familiarité entre collègues.	Ich schätze die Vertrautheit unter Kollegen.	la	une,le,des	apprécie	la familiarité
Je ressens la fascination pour ce sujet.	Ich empfinde für dieses Thema Faszination.	la	une,le,des	ressens	la fascination
J'accepte la fatalité avec résignation.	Ich akzeptiere resigniert das Verhängnis.	la	une,le,des	accepte	la fatalité
J'achète la faïence au marché.	Ich kaufe auf dem Markt Fayence-Geschirr.	la	une,le,des	achète	la faïence
Je réduis le frottement avec de l'huile.	Ich reduziere mit Öl die Reibung.	le	un,la,du	réduis	le frottement
J'assume la féminité pleinement.	Ich stehe voll zu meiner Weiblichkeit.	la	une,le,des	assume	la féminité
Je condamne la grossièreté fermement.	Ich verurteile entschieden die Grobheit.	la	une,le,des	condamne	la grossièreté
Je propose le groupement des équipes.	Ich schlage die Eingruppierung der Teams vor.	le	un,la,du	propose	le groupement
J'apprécie l'hospitalité de cette famille.	Ich schätze die Gastfreundschaft dieser Familie.	l'	le,la,un	apprécie	l'hospitalité
Je reconnais l'imitation immédiatement.	Ich erkenne sofort die Nachahmung.	l'	le,la,un	reconnais	l'imitation
Je recherche l'immortalité dans ses œuvres.	Ich suche in seinen Werken die Unsterblichkeit.	l'	le,la,un	recherche	l'immortalité
Je représente l'incarnation du mal.	Ich stelle den Inbegriff des Bösen dar.	l'	le,la,un	représente	l'incarnation
J'exprime l'incrédulité sans le vouloir.	Ich äußere ungewollt Unglauben.	l'	le,la,un	exprime	l'incrédulité
Je surmonte l'infirmité avec courage.	Ich überwinde mutig das Gebrechen.	l'	le,la,un	surmonte	l'infirmité
Je prépare l'initiation avec soin.	Ich bereite sorgfältig die Einführung vor.	l'	le,la,un	prépare	l'initiation
Je conteste l'injonction devant le tribunal.	Ich fechte vor Gericht die Anweisung an.	l'	le,la,un	conteste	l'injonction
Je reproche l'insolence à cet élève.	Ich werfe diesem Schüler Frechheit vor.	l'	le,la,un	reproche	l'insolence
J'envie l'insouciance parfois.	Ich beneide manchmal die Unbekümmertheit.	l'	le,la,un	envie	l'insouciance
Je prépare l'inspection avec soin.	Ich bereite sorgfältig die Besichtigung vor.	l'	le,la,un	prépare	l'inspection
Je signale l'intrusion immédiatement.	Ich melde sofort das Eindringen.	l'	le,la,un	signale	l'intrusion
Je soigne l'irritation avec cette crème.	Ich behandle mit dieser Creme den Hautausschlag.	l'	le,la,un	soigne	l'irritation
Je combats l'isolement en sortant.	Ich bekämpfe die Einsamkeit, indem ich ausgehe.	l'	le,la,un	combats	l'isolement
J'entends la lamentation au loin.	Ich höre in der Ferne die Klage.	la	une,le,des	entends	la lamentation
Je prépare le lancement depuis des mois.	Ich bereite seit Monaten den Start vor.	le	un,la,du	prépare	le lancement
Je surmonte la malchance avec courage.	Ich überwinde mutig das Pech.	la	une,le,des	surmonte	la malchance
Je critique la mentalité ouvertement.	Ich kritisiere offen die Mentalität.	la	une,le,des	critique	la mentalité
J'accepte la mutation sans hésiter.	Ich akzeptiere ohne zu zögern die Versetzung.	la	une,le,des	accepte	la mutation
Je reproche la médiocrité à ce projet.	Ich werfe diesem Projekt Mittelmäßigkeit vor.	la	une,le,des	reproche	la médiocrité
J'obtiens la nationalité après cinq ans.	Ich erhalte nach fünf Jahren die Staatsangehörigkeit.	la	une,le,des	obtiens	la nationalité
J'étudie la navigation avec passion.	Ich studiere mit Leidenschaft die Navigation.	la	une,le,des	étudie	la navigation
J'admire la nonchalance de cet artiste.	Ich bewundere die Lässigkeit dieses Künstlers.	la	une,le,des	admire	la nonchalance
Je découvre la nouveauté avec plaisir.	Ich entdecke mit Vergnügen die Neuheit.	la	une,le,des	découvre	la nouveauté
Je reproche la négligence à mon collègue.	Ich werfe meinem Kollegen die Nachlässigkeit vor.	la	une,le,des	reproche	la négligence
Je note l'occurrence dans mon rapport.	Ich notiere in meinem Bericht das Auftreten.	l'	le,la,un	note	l'occurrence
J'observe l'ondulation sur l'eau.	Ich beobachte auf dem Wasser das Kräuseln.	l'	le,la,un	observe	l'ondulation
Je ressens l'oppression dans la poitrine.	Ich verspüre in der Brust einen Druck.	l'	le,la,un	ressens	l'oppression
J'admire l'originalité de ce projet.	Ich bewundere die Eigentümlichkeit dieses Projekts.	l'	le,la,un	admire	l'originalité
J'ajoute l'ornement au sapin.	Ich füge dem Weihnachtsbaum den Schmuck hinzu.	l'	le,la,un	ajoute	l'ornement
Je range la partition dans son étui.	Ich lege die Partitur in ihr Etui.	la	une,le,des	range	la partition
Je dénonce la persécution ouvertement.	Ich prangere offen die Verfolgung an.	la	une,le,des	dénonce	la persécution
Je visite la plantation avec le guide.	Ich besichtige mit dem Führer die Plantage.	la	une,le,des	visite	la plantation
J'accepte la privation avec sagesse.	Ich akzeptiere weise die Entbehrung.	la	une,le,des	accepte	la privation
Je constate la profusion avec surprise.	Ich stelle überrascht die Fülle fest.	la	une,le,des	constate	la profusion
Je souhaite la prospérité à toute la famille.	Ich wünsche der ganzen Familie Wohlstand.	la	une,le,des	souhaite	la prospérité
J'assume la présidence avec sérieux.	Ich übe ernsthaft die Präsidentschaft aus.	la	une,le,des	assume	la présidence
Je confirme la prévision du météorologue.	Ich bestätige die Vorhersage des Meteorologen.	la	une,le,des	confirme	la prévision
Je contrôle la pulsion avec effort.	Ich kontrolliere mühsam den Trieb.	la	une,le,des	contrôle	la pulsion
J'accepte la pénitence avec humilité.	Ich akzeptiere demütig die Buße.	la	une,le,des	accepte	la pénitence
J'admire le raffinement de cette pièce.	Ich bewundere die Raffinesse dieses Zimmers.	le	un,la,du	admire	le raffinement
Je mesure le rayonnement avec cet appareil.	Ich messe mit diesem Gerät die Strahlung.	le	un,la,du	mesure	le rayonnement
J'accepte le renoncement avec sagesse.	Ich akzeptiere weise die Entsagung.	le	un,la,du	accepte	le renoncement
J'accepte la restriction sans protester.	Ich akzeptiere widerspruchslos die Einschränkung.	la	une,le,des	accepte	la restriction
Je salue le retraité chaque matin.	Ich grüße jeden Morgen den Rentner.	le	un,la,du	salue	le retraité
Je condamne la répression fermement.	Ich verurteile entschieden die Unterdrückung.	la	une,le,des	condamne	la répression
Je ressens la répulsion immédiatement.	Ich verspüre sofort Abscheu.	la	une,le,des	ressens	la répulsion
Je fais la révérence devant la reine.	Ich mache vor der Königin eine Verbeugung.	la	une,le,des	fais	la révérence
Je reçois le sacrement avec émotion.	Ich empfange bewegt das Sakrament.	le	un,la,du	reçois	le sacrement
Je respecte la sainteté du lieu.	Ich respektiere die Heiligkeit des Ortes.	la	une,le,des	respecte	la sainteté
J'adresse la salutation poliment.	Ich richte höflich einen Gruß.	la	une,le,des	adresse	la salutation
Je conteste la sanction devant le tribunal.	Ich fechte vor Gericht die Sanktion an.	la	une,le,des	conteste	la sanction
J'assume la sensualité pleinement.	Ich stehe voll zu meiner Sinnlichkeit.	la	une,le,des	assume	la sensualité
Je note la sentence dans mon carnet.	Ich notiere in meinem Heft den Denkspruch.	la	une,le,des	note	la sentence
J'aborde la sexualité avec ses élèves.	Ich thematisiere mit seinen Schülern die Sexualität.	la	une,le,des	aborde	la sexualité
Je respecte la solennité de ce moment.	Ich respektiere die Feierlichkeit dieses Moments.	la	une,le,des	respecte	la solennité
Je vérifie la solidité de la structure.	Ich prüfe die Festigkeit der Struktur.	la	une,le,des	vérifie	la solidité
J'apprécie la sonorité de cette langue.	Ich schätze den Klang dieser Sprache.	la	une,le,des	apprécie	la sonorité
Je propose la suggestion au groupe.	Ich schlage der Gruppe die Anregung vor.	la	une,le,des	propose	la suggestion
Je paye le supplément sans discuter.	Ich zahle ohne zu diskutieren den Zuschlag.	le	un,la,du	paye	le supplément
Je confirme la supposition par la suite.	Ich bestätige später die Vermutung.	la	une,le,des	confirme	la supposition
Je conteste la suspension devant le conseil.	Ich fechte vor dem Rat die Suspendierung an.	la	une,le,des	conteste	la suspension
J'exerce la séduction sans le vouloir.	Ich übe ungewollt Verführung aus.	la	une,le,des	exerce	la séduction
Je vérifie la traction du véhicule.	Ich prüfe den Antrieb des Fahrzeugs.	la	une,le,des	vérifie	la traction
Je prépare la transition avec soin.	Ich bereite sorgfältig den Übergang vor.	la	une,le,des	prépare	la transition
J'explique l'utilisation de cet appareil.	Ich erkläre die Benutzung dieses Geräts.	l'	le,la,un	explique	l'utilisation
J'affiche la virilité sans complexe.	Ich zeige ohne Hemmungen meine Männlichkeit.	la	une,le,des	affiche	la virilité
J'admire la vitalité de cet enfant.	Ich bewundere die Lebenskraft dieses Kindes.	la	une,le,des	admire	la vitalité
Je traverse la végétation avec un guide.	Ich durchquere mit einem Führer die Vegetation.	la	une,le,des	traverse	la végétation
Je surveille l'écoulement de l'eau.	Ich überwache den Abfluss des Wassers.	l'	le,la,un	surveille	l'écoulement
J'évite l'écroulement de justesse.	Ich verhindere gerade noch den Zusammenbruch.	l'	le,la,un	évite	l'écroulement
J'admire l'éloquence de ce discours.	Ich bewundere die Eloquenz dieser Rede.	l'	le,la,un	admire	l'éloquence
Je remarque l'étrangeté immédiatement.	Ich bemerke sofort die Eigenartigkeit.	l'	le,la,un	remarque	l'étrangeté
J'organise l'évacuation calmement.	Ich organisiere ruhig die Räumung.	l'	le,la,un	organise	l'évacuation
Je provoque l'évocation des souvenirs.	Ich löse die Erinnerung an Erlebnisse aus.	l'	le,la,un	provoque	l'évocation
J'organise l'évènement avec soin.	Ich organisiere sorgfältig das Ereignis.	l'	le,la,un	organise	l'évènement
J'attends l'aboutissement avec impatience.	Ich erwarte ungeduldig das Ergebnis.	l'	le,la,un	attends	l'aboutissement
Je conteste la radiation devant la commission.	Ich fechte vor der Kommission die Streichung an.	la	une,le,des	conteste	la radiation
J'évoque la virginité avec pudeur.	Ich erwähne schamhaft die Jungfräulichkeit.	la	une,le,des	évoque	la virginité
J'admire l'érection du monument.	Ich bewundere die Errichtung des Denkmals.	l'	le,la,un	admire	l'érection
J'améliore l'alimentation chaque jour.	Ich verbessere jeden Tag die Ernährung.	l'	le,la,un	améliore	l'alimentation
J'entends le chuchotement derrière moi.	Ich höre hinter mir das Geflüster.	le	un,la,du	entends	le chuchotement
Je signale la complication au médecin.	Ich melde dem Arzt die Komplikation.	la	une,le,des	signale	la complication
Je demande le consentement avant d'agir.	Ich bitte vor dem Handeln um Zustimmung.	le	un,la,du	demande	le consentement
Je dénonce la conspiration publiquement.	Ich prangere öffentlich die Verschwörung an.	la	une,le,des	dénonce	la conspiration
Je note la constatation dans mon rapport.	Ich notiere in meinem Bericht die Feststellung.	la	une,le,des	note	la constatation
J'observe la constellation au télescope.	Ich beobachte mit dem Teleskop das Sternbild.	la	une,le,des	observe	la constellation
J'apprécie la contemplation en silence.	Ich genieße schweigend die Kontemplation.	la	une,le,des	apprécie	la contemplation
J'admire la détermination de ce sportif.	Ich bewundere die Entschlossenheit dieses Sportlers.	la	une,le,des	admire	la détermination
J'évite l'effondrement de justesse.	Ich verhindere gerade noch den Zusammenbruch.	l'	le,la,un	évite	l'effondrement
Je remarque l'empressement avec plaisir.	Ich bemerke erfreut die Bereitwilligkeit.	l'	le,la,un	remarque	l'empressement
Je dénonce l'exploitation ouvertement.	Ich prangere offen die Ausbeutung an.	l'	le,la,un	dénonce	l'exploitation
J'annonce la fusion des deux entreprises.	Ich verkünde die Fusion der beiden Unternehmen.	la	une,le,des	annonce	la fusion
Je décris l'hallucination au médecin.	Ich beschreibe dem Arzt die Halluzination.	l'	le,la,un	décris	l'hallucination
J'aborde l'homosexualité sans tabou.	Ich thematisiere ohne Tabu die Homosexualität.	l'	le,la,un	aborde	l'homosexualité
J'explique l'impossibilité calmement.	Ich erkläre ruhig die Unmöglichkeit.	l'	le,la,un	explique	l'impossibilité
Je respecte l'interdiction sans exception.	Ich halte ausnahmslos das Verbot ein.	l'	le,la,un	respecte	l'interdiction
Je soigne la lésion avec attention.	Ich behandle aufmerksam die Verletzung.	la	une,le,des	soigne	la lésion
J'explique la modification à l'équipe.	Ich erkläre dem Team die Änderung.	la	une,le,des	explique	la modification
J'explique la particularité de ce plat.	Ich erkläre die Besonderheit dieses Gerichts.	la	une,le,des	explique	la particularité
J'ajoute le piment avec précaution.	Ich gebe vorsichtig den Chili hinzu.	le	un,la,du	ajoute	le piment
Je ressens le pressentiment avant l'accident.	Ich verspüre vor dem Unfall eine Vorahnung.	le	un,la,du	ressens	le pressentiment
Je combats la prostitution avec cette loi.	Ich bekämpfe mit diesem Gesetz die Prostitution.	la	une,le,des	combats	la prostitution
J'adresse le remerciement à mon équipe.	Ich richte meinem Team einen Dank.	le	un,la,du	adresse	le remerciement
J'organise le remplacement en urgence.	Ich organisiere kurzfristig den Ersatz.	le	un,la,du	organise	le remplacement
Je finance la restauration du monument.	Ich finanziere die Restaurierung des Denkmals.	la	une,le,des	finance	la restauration
Je cache la stupéfaction du mieux possible.	Ich verberge, so gut es geht, die Verblüffung.	la	une,le,des	cache	la stupéfaction
J'explique la superstition à mes élèves.	Ich erkläre meinen Schülern den Aberglauben.	la	une,le,des	explique	la superstition
Je ressens l'éblouissement un instant.	Ich verspüre kurz eine Blendung.	l'	le,la,un	ressens	l'éblouissement
J'observe l'alouette au-dessus du champ.	Ich beobachte über dem Feld die Lerche.	l'	le,la,un	observe	l'alouette
Je termine l'assemblage en une heure.	Ich beende in einer Stunde die Montage.	l'	le,la,un	termine	l'assemblage
Je vérifie l'attelage avant de partir.	Ich prüfe vor der Abfahrt die Anhängerkupplung.	l'	le,la,un	vérifie	l'attelage
J'interromps le bavardage poliment.	Ich unterbreche höflich das Geplauder.	le	un,la,du	interromps	le bavardage
Je range la baïonnette dans son fourreau.	Ich stecke das Bajonett in seine Scheide.	la	une,le,des	range	la baïonnette
Je prépare la boulette avec de la viande.	Ich mache aus Fleisch das Kügelchen.	la	une,le,des	prépare	la boulette
Je ramasse le branchage après la tempête.	Ich sammle nach dem Sturm das Astwerk.	le	un,la,du	ramasse	le branchage
Je dénonce le braquage à la police.	Ich melde der Polizei den Raubüberfall.	le	un,la,du	dénonce	le braquage
Je dénonce le cambriolage immédiatement.	Ich melde sofort den Einbruch.	le	un,la,du	dénonce	le cambriolage
Je range la canette au frigo.	Ich stelle die Getränkedose in den Kühlschrank.	la	une,le,des	range	la canette
J'évite le carnage de justesse.	Ich verhindere gerade noch das Gemetzel.	le	un,la,du	évite	le carnage
J'admire la carrure de cet athlète.	Ich bewundere die Statur dieses Athleten.	la	une,le,des	admire	la carrure
Je dénonce le chantage à la police.	Ich zeige der Polizei die Erpressung an.	le	un,la,du	dénonce	le chantage
Je réserve la couchette pour le train de nuit.	Ich buche für den Nachtzug die Koje.	la	une,le,des	réserve	la couchette
Je cuisine la crevette avec de l'ail.	Ich koche die Garnele mit Knoblauch.	la	une,le,des	cuisine	la crevette
Je décore la devanture pour Noël.	Ich dekoriere für Weihnachten die Auslage.	la	une,le,des	décore	la devanture
Je combats la dictature avec courage.	Ich bekämpfe mutig die Diktatur.	la	une,le,des	combats	la dictature
Je reconstitue le dinosaure au musée.	Ich rekonstruiere im Museum den Dinosaurier.	le	un,la,du	reconstitue	le dinosaure
Je répète l'enchainement avant le spectacle.	Ich übe vor der Vorstellung die Choreografie.	l'	le,la,un	répète	l'enchainement
Je graisse l'engrenage chaque année.	Ich schmiere jedes Jahr das Getriebe.	l'	le,la,un	graisse	l'engrenage
Je mesure l'envergure de l'oiseau.	Ich messe die Flügelspannweite des Vogels.	l'	le,la,un	mesure	l'envergure
Je condamne l'esclavage fermement.	Ich verurteile entschieden die Sklaverei.	l'	le,la,un	condamne	l'esclavage
Je répare la fissure avant l'hiver.	Ich repariere vor dem Winter den Riss.	la	une,le,des	répare	la fissure
J'essuie la gouttelette sur la vitre.	Ich wische das Tröpfchen von der Scheibe.	la	une,le,des	essuie	la gouttelette
Je presse la gâchette avec précaution.	Ich drücke vorsichtig den Abzug.	la	une,le,des	presse	la gâchette
Je range le lainage avant l'été.	Ich verstaue vor dem Sommer die Wollsachen.	le	un,la,du	range	le lainage
Je loue la maisonnette pour l'été.	Ich miete für den Sommer das Häuschen.	la	une,le,des	loue	la maisonnette
Je range la mallette sous le bureau.	Ich stelle den Aktenkoffer unter den Schreibtisch.	la	une,le,des	range	la mallette
Je termine la maquette en un mois.	Ich beende in einem Monat das Modell.	la	une,le,des	termine	la maquette
J'anime la marionnette avec talent.	Ich führe geschickt die Marionette.	la	une,le,des	anime	la marionnette
Je reçois le massage chaque mois.	Ich bekomme jeden Monat eine Massage.	le	un,la,du	reçois	le massage
Je désinfecte la morsure immédiatement.	Ich desinfiziere sofort den Biss.	la	une,le,des	désinfecte	la morsure
Je chante l'opérette avec plaisir.	Ich singe mit Vergnügen die Operette.	l'	le,la,un	chante	l'opérette
J'enlève la pourriture du fruit.	Ich entferne die Fäule von der Frucht.	la	une,le,des	enlève	la pourriture
Je salue la prieure respectueusement.	Ich grüße respektvoll die Priorin.	la	une,le,des	salue	la prieure
Je traverse le pâturage avec le troupeau.	Ich durchquere mit der Herde die Weide.	le	un,la,du	traverse	le pâturage
J'organise le pèlerinage chaque année.	Ich organisiere jedes Jahr die Pilgerreise.	le	un,la,du	organise	le pèlerinage
Je quitte le réfectoire après le déjeuner.	Ich verlasse nach dem Mittagessen den Speisesaal.	le	un,la,du	quitte	le réfectoire
Je consulte le répertoire avant d'appeler.	Ich sehe vor dem Anruf im Verzeichnis nach.	le	un,la,du	consulte	le répertoire
Je dénonce le sabotage immédiatement.	Ich zeige sofort die Sabotage an.	le	un,la,du	dénonce	le sabotage
Je porte la salopette pour bricoler.	Ich trage beim Heimwerken den Overall.	la	une,le,des	porte	la salopette
J'organise le sauvetage sans tarder.	Ich organisiere unverzüglich die Rettung.	le	un,la,du	organise	le sauvetage
J'admire la stature de ce joueur.	Ich bewundere die Statur dieses Spielers.	la	une,le,des	admire	la stature
J'accroche la tenture au mur.	Ich hänge den Wandbehang an die Mauer.	la	une,le,des	accroche	la tenture
Je corrige la tournure de la phrase.	Ich korrigiere die Wendung des Satzes.	la	une,le,des	corrige	la tournure
Je monte l'échafaudage avant les travaux.	Ich baue vor den Arbeiten das Gerüst auf.	l'	le,la,un	monte	l'échafaudage
Je désinfecte l'égratignure immédiatement.	Ich desinfiziere sofort die Schramme.	l'	le,la,un	désinfecte	l'égratignure
Je nettoie l'armure avant l'exposition.	Ich reinige vor der Ausstellung die Rüstung.	l'	le,la,un	nettoie	l'armure
Je réussis l'atterrissage sans problème.	Ich schaffe problemlos die Landung.	l'	le,la,un	réussis	l'atterrissage
Je quitte le conservatoire avec mon diplôme.	Ich verlasse mit meinem Diplom das Konservatorium.	le	un,la,du	quitte	le conservatoire
J'admire l'ivoire au musée.	Ich bewundere im Museum das Elfenbein.	l'	le,la,un	admire	l'ivoire
Je répare la motocyclette ce week-end.	Ich repariere an diesem Wochenende das Motorrad.	la	une,le,des	répare	la motocyclette
Je choisis la palette avec soin.	Ich wähle sorgfältig die Farbpalette.	la	une,le,des	choisis	la palette
Je porte la parure pour la fête.	Ich trage für die Feier den Schmuck.	la	une,le,des	porte	la parure
Je brosse le pelage chaque semaine.	Ich bürste jede Woche das Fell.	le	un,la,du	brosse	le pelage
Je ramasse la ramure après la tempête.	Ich sammle nach dem Sturm das Astwerk.	la	une,le,des	ramasse	la ramure
J'enlève la sciure de l'atelier.	Ich entferne das Sägemehl aus der Werkstatt.	la	une,le,des	enlève	la sciure
Je dénonce le tapage au voisin.	Ich melde dem Nachbarn den Lärm.	le	un,la,du	dénonce	le tapage
Je vérifie le tirage du journal.	Ich prüfe die Auflage der Zeitung.	le	un,la,du	vérifie	le tirage
Je remercie l'acheteur pour sa confiance.	Ich danke dem Käufer für sein Vertrauen.	l'	le,la,un	remercie	l'acheteur
Je remercie l'admirateur pour son message.	Ich danke dem Bewunderer für seine Nachricht.	l'	le,la,un	remercie	l'admirateur
Je remercie l'auditeur pour sa question.	Ich danke dem Zuhörer für seine Frage.	l'	le,la,un	remercie	l'auditeur
J'admire l'aviateur depuis l'enfance.	Ich bewundere seit der Kindheit den Piloten.	l'	le,la,un	admire	l'aviateur
J'admire l'aviatrice pour son courage.	Ich bewundere die Pilotin für ihren Mut.	l'	le,la,un	admire	l'aviatrice
Je remercie la fondatrice pour son initiative.	Ich danke der Gründerin für ihre Initiative.	la	une,le,des	remercie	la fondatrice
Je remercie l'oratrice pour son discours.	Ich danke der Rednerin für ihre Rede.	l'	le,la,un	remercie	l'oratrice
Je traite la mauviette de lâche.	Ich beschimpfe den Schwächling als Feigling.	la	une,le,des	traite	la mauviette
J'admire la sculptrice pour son talent.	Ich bewundere die Bildhauerin für ihr Talent.	la	une,le,des	admire	la sculptrice
Je remercie la tutrice pour son aide.	Ich danke der Nachhilfelehrerin für ihre Hilfe.	la	une,le,des	remercie	la tutrice
Je remercie l'acheteuse pour sa confiance.	Ich danke der Einkäuferin für ihr Vertrauen.	l'	le,la,un	remercie	l'acheteuse
Je reconnais le buveur immédiatement.	Ich erkenne sofort den Trinker.	le	un,la,du	reconnais	le buveur
J'observe la buveuse avec discrétion.	Ich beobachte diskret die Trinkerin.	la	une,le,des	observe	la buveuse
J'interviewe le chercheur pour ce projet.	Ich interviewe den Forscher für dieses Projekt.	le	un,la,du	interviewe	le chercheur
Je cite la chercheuse dans mon article.	Ich zitiere die Forscherin in meinem Artikel.	la	une,le,des	cite	la chercheuse
J'admire le compositeur depuis toujours.	Ich bewundere seit jeher den Komponisten.	le	un,la,du	admire	le compositeur
Je cite la compositrice dans mon exposé.	Ich zitiere die Komponistin in meinem Referat.	la	une,le,des	cite	la compositrice
Je félicite la coureuse après la course.	Ich beglückwünsche die Läuferin nach dem Rennen.	la	une,le,des	félicite	la coureuse
Je contacte la distributrice pour ce produit.	Ich kontaktiere die Vertreiberin wegen dieses Produkts.	la	une,le,des	contacte	la distributrice
Je salue l'impératrice respectueusement.	Ich grüße respektvoll die Kaiserin.	l'	le,la,un	salue	l'impératrice
J'admire la pacificatrice pour son courage.	Ich bewundere die Friedensstifterin für ihren Mut.	la	une,le,des	admire	la pacificatrice
Je remercie la sauveuse du fond du cœur.	Ich danke der Retterin von ganzem Herzen.	la	une,le,des	remercie	la sauveuse
Je contacte la traductrice pour ce texte.	Ich kontaktiere die Übersetzerin wegen dieses Textes.	la	une,le,des	contacte	la traductrice
Je condamne le violeur sévèrement.	Ich verurteile streng den Vergewaltiger.	le	un,la,du	condamne	le violeur
Je salue la brocanteuse au marché.	Ich grüße auf dem Markt die Trödelhändlerin.	la	une,le,des	salue	la brocanteuse
Je présente la contrôleuse mon billet.	Ich zeige der Kontrolleurin mein Ticket.	la	une,le,des	présente	la contrôleuse
J'admire l'entrepreneuse pour son ambition.	Ich bewundere die Unternehmerin für ihren Ehrgeiz.	l'	le,la,un	admire	l'entrepreneuse
Je note la coordonnée sur la carte.	Ich notiere die Koordinate auf der Karte.	la	une,le,des	note	la coordonnée
Je mesure l'altitude avec précision.	Ich messe genau die Höhe.	l'	le,la,un	mesure	l'altitude
Je dessine la spirale au tableau.	Ich zeichne an die Tafel die Spirale.	la	une,le,des	dessine	la spirale
Je partage l'astuce avec mes amis.	Ich teile mit meinen Freunden den Kniff.	l'	le,la,un	partage	l'astuce
Je porte le fardeau avec courage.	Ich trage mutig die Last.	le	un,la,du	porte	le fardeau
Je constate le déclin avec tristesse.	Ich stelle traurig den Rückgang fest.	le	un,la,du	constate	le déclin
Je fais la sphère tourner lentement.	Ich lasse die Kugel langsam rotieren.	la	une,le,des	fais	la sphère
Je constate le bouleversement avec surprise.	Ich stelle überrascht die Umwälzung fest.	le	un,la,du	constate	le bouleversement
Je répare la brèche du mur.	Ich repariere die Bresche der Mauer.	la	une,le,des	répare	la brèche
Je combats l'inertie avec énergie.	Ich bekämpfe energisch die Trägheit.	l'	le,la,un	combats	l'inertie
Je ressens le déclic soudainement.	Ich verspüre plötzlich das Klick-Erlebnis.	le	un,la,du	ressens	le déclic
J'admire l'aventurier depuis l'enfance.	Ich bewundere seit der Kindheit den Abenteurer.	l'	le,la,un	admire	l'aventurier
Je remercie le caissier pour sa patience.	Ich danke dem Kassierer für seine Geduld.	le	un,la,du	remercie	le caissier
Je remercie la caissière pour sa gentillesse.	Ich danke der Kassiererin für ihre Freundlichkeit.	la	une,le,des	remercie	la caissière
Je contacte le charcutier pour la commande.	Ich kontaktiere den Fleischer wegen der Bestellung.	le	un,la,du	contacte	le charcutier
J'admire le créateur de cette marque.	Ich bewundere den Schöpfer dieser Marke.	le	un,la,du	admire	le créateur
Je remercie le défenseur pour son match.	Ich danke dem Verteidiger für sein Spiel.	le	un,la,du	remercie	le défenseur
Je remercie l'entraineur après la victoire.	Ich danke dem Trainer nach dem Sieg.	l'	le,la,un	remercie	l'entraineur
J'admire l'aventurière pour son courage.	Ich bewundere die Abenteurerin für ihren Mut.	l'	le,la,un	admire	l'aventurière
Je remercie la charcutière pour son conseil.	Ich danke der Fleischerin für ihren Rat.	la	une,le,des	remercie	la charcutière
Je consulte le connaisseur avant d'acheter.	Ich frage vor dem Kauf den Kenner.	le	un,la,du	consulte	le connaisseur
J'admire le dessinateur pour son style.	Ich bewundere den Zeichner für seinen Stil.	le	un,la,du	admire	le dessinateur
Je contacte l'entrepreneur pour ce projet.	Ich kontaktiere den Unternehmer für dieses Projekt.	l'	le,la,un	contacte	l'entrepreneur
Je consulte le pharmacien pour ce médicament.	Ich frage den Apotheker nach diesem Medikament.	le	un,la,du	consulte	le pharmacien
Je célèbre l'accomplissement avec fierté.	Ich feiere stolz die Errungenschaft.	l'	le,la,un	célèbre	l'accomplissement
J'étudie le communisme en cours d'histoire.	Ich untersuche im Geschichtsunterricht den Kommunismus.	le	un,la,du	étudie	le communisme
J'entends l'applaudissement avec joie.	Ich höre freudig den Applaus.	l'	le,la,un	entends	l'applaudissement
Je reproche la condescendance à mon collègue.	Ich werfe meinem Kollegen die Herablassung vor.	la	une,le,des	reproche	la condescendance
J'étudie le christianisme avec intérêt.	Ich untersuche interessiert das Christentum.	le	un,la,du	étudie	le christianisme
Je finance la reconstruction du quartier.	Ich finanziere den Wiederaufbau des Viertels.	la	une,le,des	finance	la reconstruction
J'admire la souplesse de cette danseuse.	Ich bewundere die Geschmeidigkeit dieser Tänzerin.	la	une,le,des	admire	la souplesse
Je consulte l'agenda chaque matin.	Ich sehe jeden Morgen in den Terminkalender.	l'	le,la,un	consulte	l'agenda
J'envoie la requête au service concerné.	Ich schicke die Anfrage an die zuständige Stelle.	la	une,le,des	envoie	la requête
Je condamne l'anarchie fermement.	Ich verurteile entschieden die Anarchie.	l'	le,la,un	condamne	l'anarchie
J'étudie l'anatomie en cours de biologie.	Ich untersuche im Biologieunterricht die Anatomie.	l'	le,la,un	étudie	l'anatomie
Je dénonce la calomnie publiquement.	Ich prangere öffentlich die Verleumdung an.	la	une,le,des	dénonce	la calomnie
Je quitte la charcuterie avec du jambon.	Ich verlasse die Wursthandlung mit Schinken.	la	une,le,des	quitte	la charcuterie
J'admire la coquetterie de cette robe.	Ich bewundere die Koketterie dieses Kleides.	la	une,le,des	admire	la coquetterie
Je reproche le cynisme à mon ami.	Ich werfe meinem Freund den Zynismus vor.	le	un,la,du	reproche	le cynisme
Je consulte l'annuaire pour ce numéro.	Ich sehe für diese Nummer im Verzeichnis nach.	l'	le,la,un	consulte	l'annuaire
Je traverse le campus en vélo.	Ich fahre mit dem Rad über den Campus.	le	un,la,du	traverse	le campus
J'étudie la géométrie avec plaisir.	Ich lerne mit Freude Geometrie.	la	une,le,des	étudie	la géométrie
Je quitte l'institut avec mon diplôme.	Ich verlasse mit meinem Diplom das Institut.	l'	le,la,un	quitte	l'institut
J'étudie la psychologie depuis trois ans.	Ich studiere seit drei Jahren Psychologie.	la	une,le,des	étudie	la psychologie
Je vérifie le carburant avant de partir.	Ich prüfe vor der Abfahrt den Treibstoff.	le	un,la,du	vérifie	le carburant
Je répare la charpente du toit.	Ich repariere das Gebälk des Dachs.	la	une,le,des	répare	la charpente
Je nettoie le cylindre du moteur.	Ich reinige den Zylinder des Motors.	le	un,la,du	nettoie	le cylindre
Je vérifie le parachute avant le saut.	Ich prüfe vor dem Sprung den Fallschirm.	le	un,la,du	vérifie	le parachute
Je pagaie la pirogue sur le fleuve.	Ich paddele mit der Piroge auf dem Fluss.	la	une,le,des	pagaie	la pirogue
Je contacte l'administratrice pour ce compte.	Ich kontaktiere die Administratorin wegen dieses Kontos.	l'	le,la,un	contacte	l'administratrice
Je contacte l'administrateur pour un accès.	Ich kontaktiere den Administrator wegen eines Zugangs.	l'	le,la,un	contacte	l'administrateur
J'identifie l'agresseur grâce à la caméra.	Ich identifiziere dank der Kamera den Angreifer.	l'	le,la,un	identifie	l'agresseur
Je renverse le dictateur après des années.	Ich stürze nach Jahren den Diktator.	le	un,la,du	renverse	le dictateur
Je respecte l'éthique sans exception.	Ich halte ausnahmslos die Ethik ein.	l'	le,la,un	respecte	l'éthique
Je consulte le mécanicien pour ce bruit.	Ich frage den Mechaniker wegen dieses Geräuschs.	le	un,la,du	consulte	le mécanicien
Je consulte la mécanicienne pour ce problème.	Ich frage die Mechanikerin wegen dieses Problems.	la	une,le,des	consulte	la mécanicienne
J'informe l'observateur du résultat.	Ich informiere den Beobachter über das Ergebnis.	l'	le,la,un	informe	l'observateur
J'admire la pionnière pour son courage.	Ich bewundere die Pionierin für ihren Mut.	la	une,le,des	admire	la pionnière
J'admire le sculpteur pour son talent.	Ich bewundere den Bildhauer für sein Talent.	le	un,la,du	admire	le sculpteur
J'évite l'avalanche de justesse.	Ich entkomme gerade noch der Lawine.	l'	le,la,un	évite	l'avalanche
Je combats la famine avec cette aide.	Ich bekämpfe mit dieser Hilfe die Hungersnot.	la	une,le,des	combats	la famine
J'étudie la fibre au microscope.	Ich untersuche unter dem Mikroskop die Faser.	la	une,le,des	étudie	la fibre
Je surmonte le traumatisme avec le temps.	Ich überwinde mit der Zeit das Trauma.	le	un,la,du	surmonte	le traumatisme
Je reconnais le bienfait sans hésiter.	Ich erkenne ohne zu zögern die Wohltat an.	le	un,la,du	reconnais	le bienfait
Je critique la doctrine ouvertement.	Ich kritisiere offen die Doktrin.	la	une,le,des	critique	la doctrine
Je reproche l'égoïsme à mon frère.	Ich werfe meinem Bruder Selbstsucht vor.	l'	le,la,un	reproche	l'égoïsme
J'identifie l'emprunt dans ce texte.	Ich identifiziere in diesem Text das Lehnwort.	l'	le,la,un	identifie	l'emprunt
Je recherche la quiétude à la campagne.	Ich suche auf dem Land Ruhe.	la	une,le,des	recherche	la quiétude
J'explique la tactique à l'équipe.	Ich erkläre dem Team die Taktik.	la	une,le,des	explique	la tactique
Je vérifie le compteur chaque mois.	Ich prüfe jeden Monat den Zähler.	le	un,la,du	vérifie	le compteur
J'installe la niche dans le jardin.	Ich stelle im Garten die Hundehütte auf.	la	une,le,des	installe	la niche
Je contacte le menuisier pour l'armoire.	Ich kontaktiere den Schreiner wegen des Schranks.	le	un,la,du	contacte	le menuisier
Je remercie le moniteur pour ses conseils.	Ich danke dem Betreuer für seine Ratschläge.	le	un,la,du	remercie	le moniteur
J'encourage le nageur depuis les gradins.	Ich feuere von der Tribüne aus den Schwimmer an.	le	un,la,du	encourage	le nageur
Je présente le douanier mon passeport.	Ich zeige dem Zollbeamten meinen Reisepass.	le	un,la,du	présente	le douanier
J'encourage le coureur pendant la course.	Ich feuere während des Rennens den Läufer an.	le	un,la,du	encourage	le coureur
Je cherche la télécommande sous le canapé.	Ich suche unter dem Sofa die Fernbedienung.	la	une,le,des	cherche	la télécommande
Je remercie l'entraîneuse après l'entraînement.	Ich danke der Trainerin nach dem Training.	l'	le,la,un	remercie	l'entraîneuse
Je remercie l'entraîneur après la victoire.	Ich danke dem Trainer nach dem Sieg.	l'	le,la,un	remercie	l'entraîneur
Je termine le tome en une semaine.	Ich beende den Band in einer Woche.	le	un,la,du	termine	le tome
Je gare la roulotte près du lac.	Ich parke den Wohnwagen am See.	la	une,le,des	gare	la roulotte
Je salue le bûcheron dans la forêt.	Ich grüße den Holzfäller im Wald.	le	un,la,du	salue	le bûcheron
Je développe l'aptitude chaque jour.	Ich entwickle jeden Tag die Begabung.	l'	le,la,un	développe	l'aptitude
J'accroche la bannière au balcon.	Ich hänge das Banner an den Balkon.	la	une,le,des	accroche	la bannière
Je range le canif dans ma poche.	Ich verstaue das Taschenmesser in meiner Tasche.	le	un,la,du	range	le canif
J'allume le chandelier pour le dîner.	Ich zünde für das Abendessen den Leuchter an.	le	un,la,du	allume	le chandelier
Je remercie l'hôtesse pour son accueil.	Ich danke der Gastgeberin für ihren Empfang.	l'	le,la,un	remercie	l'hôtesse
Je contacte le maçon pour ce mur.	Ich kontaktiere den Maurer wegen dieser Mauer.	le	un,la,du	contacte	le maçon
Je contacte la maçonne pour ce chantier.	Ich kontaktiere die Maurerin wegen dieser Baustelle.	la	une,le,des	contacte	la maçonne
Je consulte la pharmacienne pour ce médicament.	Ich frage die Apothekerin nach diesem Medikament.	la	une,le,des	consulte	la pharmacienne
Je contacte le plombier en urgence.	Ich kontaktiere dringend den Klempner.	le	un,la,du	contacte	le plombier
Je salue la routière sur l'autoroute.	Ich grüße auf der Autobahn die Fernfahrerin.	la	une,le,des	salue	la routière
J'écoute l'orateur avec attention.	Ich höre dem Redner aufmerksam zu.	l'	le,la,un	écoute	l'orateur
Je critique le politicien ouvertement.	Ich kritisiere offen den Politiker.	le	un,la,du	critique	le politicien
J'admire le pionnier de ce domaine.	Ich bewundere den Pionier dieses Fachgebiets.	le	un,la,du	admire	le pionnier
Je salue le grenadier au défilé.	Ich grüße bei der Parade den Grenadier.	le	un,la,du	salue	le grenadier
Je contacte l'architecte pour ce projet.	Ich kontaktiere den Architekten für dieses Projekt.	l'	le,la,un	contacte	l'architecte
Je consulte le comptable avant l'échéance.	Ich frage vor der Frist den Buchhalter.	le	un,la,du	consulte	le comptable
Je consulte la comptable pour ce dossier.	Ich frage die Buchhalterin wegen dieser Akte.	la	une,le,des	consulte	la comptable
J'admire le pianiste pour son talent.	Ich bewundere den Pianisten für sein Talent.	le	un,la,du	admire	le pianiste
J'admire la pianiste pour sa technique.	Ich bewundere die Pianistin für ihre Technik.	la	une,le,des	admire	la pianiste
Je consulte le psychologue chaque semaine.	Ich besuche jede Woche den Psychologen.	le	un,la,du	consulte	le psychologue
Je consulte la psychologue depuis un an.	Ich besuche seit einem Jahr die Psychologin.	la	une,le,des	consulte	la psychologue
Je rencontre le diplomate lors de la réception.	Ich treffe den Diplomaten beim Empfang.	le	un,la,du	rencontre	le diplomate
Je rencontre la diplomate lors du sommet.	Ich treffe die Diplomatin beim Gipfeltreffen.	la	une,le,des	rencontre	la diplomate
Je critique l'arbitre sans le vouloir.	Ich kritisiere ungewollt den Schiedsrichter.	l'	le,la,un	critique	l'arbitre
J'encourage le cycliste pendant la course.	Ich feuere während des Rennens den Radfahrer an.	le	un,la,du	encourage	le cycliste
J'encourage la cycliste sur la montée.	Ich feuere am Anstieg die Radfahrerin an.	la	une,le,des	encourage	la cycliste
J'admire l'astronaute depuis l'enfance.	Ich bewundere seit der Kindheit den Astronauten.	l'	le,la,un	admire	l'astronaute
Je salue le compatriote à l'étranger.	Ich grüße im Ausland den Landsmann.	le	un,la,du	salue	le compatriote
Je salue la compatriote avec joie.	Ich grüße freudig die Landsfrau.	la	une,le,des	salue	la compatriote
Je remercie le libraire pour son conseil.	Ich danke dem Buchhändler für seinen Rat.	le	un,la,du	remercie	le libraire
Je remercie la libraire pour sa recommandation.	Ich danke der Buchhändlerin für ihre Empfehlung.	la	une,le,des	remercie	la libraire
J'admire l'athlète pour sa performance.	Ich bewundere den Athleten für seine Leistung.	l'	le,la,un	admire	l'athlète
J'admire l'acrobate pendant le spectacle.	Ich bewundere während der Vorstellung den Akrobaten.	l'	le,la,un	admire	l'acrobate
J'interviewe l'archéologue après la fouille.	Ich interviewe den Archäologen nach der Grabung.	l'	le,la,un	interviewe	l'archéologue
Je consulte l'antiquaire pour ce meuble.	Ich frage den Antiquar wegen dieses Möbelstücks.	l'	le,la,un	consulte	l'antiquaire
Je contacte le manager pour ce contrat.	Ich kontaktiere den Manager wegen dieses Vertrags.	le	un,la,du	contacte	le manager
Je contacte la manager pour ce projet.	Ich kontaktiere die Managerin wegen dieses Projekts.	la	une,le,des	contacte	la manager
Je remercie le fleuriste pour ce bouquet.	Ich danke dem Floristen für diesen Blumenstrauß.	le	un,la,du	remercie	le fleuriste
Je remercie la fleuriste pour son conseil.	Ich danke der Floristin für ihren Rat.	la	une,le,des	remercie	la fleuriste
J'admire le guitariste pour son talent.	Ich bewundere den Gitarristen für sein Talent.	le	un,la,du	admire	le guitariste
J'admire la guitariste pendant le concert.	Ich bewundere die Gitarristin während des Konzerts.	la	une,le,des	admire	la guitariste
Je présente le colocataire à mes parents.	Ich stelle meinen Eltern den Mitbewohner vor.	le	un,la,du	présente	le colocataire
Je présente la colocataire à mes amis.	Ich stelle meinen Freunden die Mitbewohnerin vor.	la	une,le,des	présente	la colocataire
Je consulte le conservateur du musée.	Ich frage den Kurator des Museums.	le	un,la,du	consulte	le conservateur
Je remercie la gouvernante pour son dévouement.	Ich danke der Gouvernante für ihre Hingabe.	la	une,le,des	remercie	la gouvernante
Je contacte le technicien pour cette panne.	Ich kontaktiere den Techniker wegen dieser Störung.	le	un,la,du	contacte	le technicien
J'informe la consommatrice du changement.	Ich informiere die Konsumentin über die Änderung.	la	une,le,des	informe	la consommatrice
Je remercie la pâtissière pour ce gâteau.	Ich danke der Konditorin für diesen Kuchen.	la	une,le,des	remercie	la pâtissière
Je remercie le pâtissier pour cette tarte.	Ich danke dem Konditor für diese Tarte.	le	un,la,du	remercie	le pâtissier
Je contacte le géomètre pour ce terrain.	Ich kontaktiere den Feldmesser wegen dieses Grundstücks.	le	un,la,du	contacte	le géomètre
Je contacte la géomètre pour ces limites.	Ich kontaktiere die Feldmesserin wegen dieser Grenzen.	la	une,le,des	contacte	la géomètre
J'appelle la technicienne pour ce problème.	Ich rufe die Technikerin wegen dieses Problems.	la	une,le,des	appelle	la technicienne
Je contacte le traducteur pour ce document.	Ich kontaktiere den Übersetzer wegen dieses Dokuments.	le	un,la,du	contacte	le traducteur
Je remercie la monitrice pour ses conseils.	Ich danke der Kursleiterin für ihre Ratschläge.	la	une,le,des	remercie	la monitrice
J'admire la dessinatrice pour son style.	Ich bewundere die Zeichnerin für ihren Stil.	la	une,le,des	admire	la dessinatrice
J'interviewe l'anarchiste sur ses idées.	Ich interviewe den Anarchisten zu seinen Ideen.	l'	le,la,un	interviewe	l'anarchiste
Je cite le gaulliste dans mon exposé.	Ich zitiere den Gaullisten in meinem Referat.	le	un,la,du	cite	le gaulliste
J'interviewe la gaulliste avant l'élection.	Ich interviewe die Gaullistin vor der Wahl.	la	une,le,des	interviewe	la gaulliste
Je consulte le légiste pour ce dossier.	Ich konsultiere den Juristen für diese Akte.	le	un,la,du	consulte	le légiste
Je consulte la légiste pour ce contrat.	Ich konsultiere die Juristin für diesen Vertrag.	la	une,le,des	consulte	la légiste
Je présente l'adjoint au conseil.	Ich stelle dem Rat den Adjunkten vor.	l'	le,la,un	présente	l'adjoint
Je présente l'adjointe à l'équipe.	Ich stelle dem Team die Adjunktin vor.	l'	le,la,un	présente	l'adjointe
Je remercie la figurante pour sa patience.	Ich danke der Statistin für ihre Geduld.	la	une,le,des	remercie	la figurante
Je salue l'artilleur au défilé.	Ich grüße bei der Parade den Artilleristen.	l'	le,la,un	salue	l'artilleur
Je salue le fantassin respectueusement.	Ich grüße respektvoll den Infanteristen.	le	un,la,du	salue	le fantassin
Je présente le contrôleur mon billet.	Ich zeige dem Kontrolleur mein Ticket.	le	un,la,du	présente	le contrôleur
J'écoute le conteur avec plaisir.	Ich höre dem Erzähler gerne zu.	le	un,la,du	écoute	le conteur
Je remercie la gérante pour son aide.	Ich danke der Verwalterin für ihre Hilfe.	la	une,le,des	remercie	la gérante
J'évite le motard sur la route.	Ich weiche auf der Straße dem Motorradfahrer aus.	le	un,la,du	évite	le motard
Je salue la motarde au feu rouge.	Ich grüße bei Rot die Motorradfahrerin.	la	une,le,des	salue	la motarde
J'admire la résistante pour son courage.	Ich bewundere die Widerstandskämpferin für ihren Mut.	la	une,le,des	admire	la résistante
Je contacte le régisseur pour ce théâtre.	Ich kontaktiere den Verwalter dieses Theaters.	le	un,la,du	contacte	le régisseur
J'admire le maquisard pour son courage.	Ich bewundere den Widerstandskämpfer für seinen Mut.	le	un,la,du	admire	le maquisard
Je remercie le pompiste pour son aide.	Ich danke dem Tankwart für seine Hilfe.	le	un,la,du	remercie	le pompiste
Je remercie la pompiste pour sa gentillesse.	Ich danke der Tankwartin für ihre Freundlichkeit.	la	une,le,des	remercie	la pompiste
Je distribue le prospectus dans la rue.	Ich verteile den Prospekt auf der Straße.	le	un,la,du	distribue	le prospectus
Je range la béquille dans le coin.	Ich stelle die Krücke in die Ecke.	la	une,le,des	range	la béquille
Je constate l'abondance avec joie.	Ich stelle freudig die Fülle fest.	l'	le,la,un	constate	l'abondance
Je quitte l'habitation à sept heures.	Ich verlasse um sieben Uhr den Wohnraum.	l'	le,la,un	quitte	l'habitation
J'enfonce la punaise dans le mur.	Ich stecke die Reißzwecke in die Wand.	la	une,le,des	enfonce	la punaise
Je cherche le portemanteau dans l'entrée.	Ich suche den Garderobenständer im Flur.	le	un,la,du	cherche	le portemanteau
Je remplis le broc d'eau fraîche.	Ich fülle den Krug mit frischem Wasser.	le	un,la,du	remplis	le broc
Je range la cartouche dans le tiroir.	Ich verstaue die Patrone in der Schublade.	la	une,le,des	range	la cartouche
J'efface l'ardoise avant le cours.	Ich wische vor dem Unterricht die Schiefertafel ab.	l'	le,la,un	efface	l'ardoise
Je remplis le gobelet de jus.	Ich fülle den Becher mit Saft.	le	un,la,du	remplis	le gobelet
J'ouvre le sachet avec précaution.	Ich öffne vorsichtig das Tütchen.	le	un,la,du	ouvre	le sachet
Je cherche l'élastique dans le tiroir.	Ich suche das Gummiband in der Schublade.	l'	le,la,un	cherche	l'élastique
Je ferme le loquet avant de partir.	Ich schließe vor der Abfahrt den Riegel.	le	un,la,du	ferme	le loquet
Je répare l'auvent avant l'orage.	Ich repariere vor dem Gewitter die Überdachung.	l'	le,la,un	répare	l'auvent
Je traverse le parvis en courant.	Ich laufe über den Vorplatz.	le	un,la,du	traverse	le parvis
Je répare la palissade du jardin.	Ich repariere den Zaun des Gartens.	la	une,le,des	répare	la palissade
Je baisse le store avant de dormir.	Ich lasse vor dem Schlafen das Rollo herunter.	le	un,la,du	baisse	le store
Je ferme la persienne avant l'orage.	Ich schließe vor dem Gewitter den Fensterladen.	la	une,le,des	ferme	la persienne
Je nettoie le batteur après usage.	Ich reinige den Handmixer nach Gebrauch.	le	un,la,du	nettoie	le batteur
Je cherche le porte-monnaie dans mon sac.	Ich suche das Portemonnaie in meiner Tasche.	le	un,la,du	cherche	le porte-monnaie
J'utilise l'escabeau pour atteindre l'étagère.	Ich benutze die Trittleiter, um das Regal zu erreichen.	l'	le,la,un	utilise	l'escabeau
Je remplis la brouette de terre.	Ich fülle die Schubkarre mit Erde.	la	une,le,des	remplis	la brouette
J'utilise la pioche pour creuser.	Ich benutze die Hacke zum Graben.	la	une,le,des	utilise	la pioche
Je tonds le gazon chaque samedi.	Ich mähe jeden Samstag den Rasen.	le	un,la,du	tonds	le gazon
J'accroche la guirlande au sapin.	Ich hänge die Girlande an den Weihnachtsbaum.	la	une,le,des	accroche	la guirlande
Je range le coffret dans l'armoire.	Ich verstaue die Schatulle im Schrank.	le	un,la,du	range	le coffret
J'utilise l'entonnoir pour l'huile.	Ich benutze den Trichter für das Öl.	l'	le,la,un	utilise	l'entonnoir
Je beurre le moule avant de verser la pâte.	Ich fette die Backform, bevor ich den Teig gieße.	le	un,la,du	beurre	le moule
Je cuisine la moule avec du vin blanc.	Ich koche die Muschel mit Weißwein.	la	une,le,des	cuisine	la moule
J'arrose le parterre chaque soir.	Ich gieße jeden Abend das Blumenbeet.	le	un,la,du	arrose	le parterre
Je clique l'icône sur mon écran.	Ich klicke auf das Icon auf meinem Bildschirm.	l'	le,la,un	clique	l'icône
Je termine la cure après trois semaines.	Ich beende nach drei Wochen die Kur.	la	une,le,des	termine	la cure
Je pratique la boxe deux fois par semaine.	Ich betreibe zweimal die Woche Boxen.	la	une,le,des	pratique	la boxe
J'écoute le jazz le dimanche soir.	Ich höre sonntagabends Jazz.	le	un,la,du	écoute	le jazz
Je dénonce l'abus ouvertement.	Ich prangere offen den Missbrauch an.	l'	le,la,un	dénonce	l'abus
Je remplis la cuve d'eau.	Ich fülle den Tank mit Wasser.	la	une,le,des	remplis	la cuve
J'admire le dôme depuis la place.	Ich bewundere vom Platz aus die Kuppel.	le	un,la,du	admire	le dôme
Je réserve le gîte pour le week-end.	Ich buche für das Wochenende die Unterkunft.	le	un,la,du	réserve	le gîte
J'organise la boum pour ses treize ans.	Ich organisiere die Party zu seinem dreizehnten Geburtstag.	la	une,le,des	organise	la boum
Je sécrète la bile en cas de stress.	Ich sondere bei Stress Galle ab.	la	une,le,des	sécrète	la bile
Je photographie l'iris en gros plan.	Ich fotografiere in Großaufnahme die Iris.	l'	le,la,un	photographie	l'iris
Je change l'euro avant le voyage.	Ich wechsle vor der Reise den Euro.	l'	le,la,un	change	l'euro
J'atteins la cime avant midi.	Ich erreiche vor Mittag den Gipfel.	la	une,le,des	atteins	la cime
Je coupe le jonc au bord de l'étang.	Ich schneide am Teichrand die Binse.	le	un,la,du	coupe	le jonc
Je vérifie la cargaison avant le départ.	Ich prüfe vor der Abfahrt die Fracht.	la	une,le,des	vérifie	la cargaison
Je nettoie la lentille avec ce liquide.	Ich reinige mit dieser Flüssigkeit die Linse.	la	une,le,des	nettoie	la lentille
Je traverse le golfe en bateau.	Ich überquere mit dem Boot den Golf.	le	un,la,du	traverse	le golfe
J'admire la coupole depuis la rue.	Ich bewundere von der Straße aus die Kuppel.	la	une,le,des	admire	la coupole
J'applique le fard légèrement.	Ich trage leicht die Schminke auf.	le	un,la,du	applique	le fard
J'ajuste le guidon avant de rouler.	Ich stelle vor der Fahrt den Lenker ein.	le	un,la,du	ajuste	le guidon
Je range la soucoupe avec la tasse.	Ich verstaue die Untertasse mit der Tasse.	la	une,le,des	range	la soucoupe
Je remplis le chaudron de soupe.	Ich fülle den Kessel mit Suppe.	le	un,la,du	remplis	le chaudron
J'ajoute le glaçon dans le verre.	Ich gebe den Eiswürfel ins Glas.	le	un,la,du	ajoute	le glaçon
Je pousse le landau dans le parc.	Ich schiebe den Kinderwagen im Park.	le	un,la,du	pousse	le landau
Je décore le patio pour l'été.	Ich dekoriere für den Sommer den Innenhof.	le	un,la,du	décore	le patio
J'arrose le plant chaque matin.	Ich gieße jeden Morgen den Setzling.	le	un,la,du	arrose	le plant
Je remplis le cageot de pommes.	Ich fülle die Obstkiste mit Äpfeln.	le	un,la,du	remplis	le cageot
Je remplis la cruche d'eau fraîche.	Ich fülle den Krug mit frischem Wasser.	la	une,le,des	remplis	la cruche
J'applique le vernis avec soin.	Ich trage sorgfältig den Lack auf.	le	un,la,du	applique	le vernis
Je coupe la broussaille avant l'été.	Ich schneide vor dem Sommer das Gestrüpp.	la	une,le,des	coupe	la broussaille
Je traverse le bosquet en silence.	Ich durchquere schweigend das Wäldchen.	le	un,la,du	traverse	le bosquet
Je secoue l'édredon chaque matin.	Ich schüttele jeden Morgen die Daunendecke auf.	l'	le,la,un	secoue	l'édredon
Je sors la cocotte du four.	Ich hole den Schmortopf aus dem Ofen.	la	une,le,des	sors	la cocotte
Je monte le chevalet dans l'atelier.	Ich stelle im Atelier die Staffelei auf.	le	un,la,du	monte	le chevalet
J'observe la péniche sur le canal.	Ich beobachte auf dem Kanal den Lastkahn.	la	une,le,des	observe	la péniche
Je cuisine la betterave au four.	Ich gare im Ofen die Rote Bete.	la	une,le,des	cuisine	la betterave
Je prépare la purée avec du beurre.	Ich mache mit Butter das Püree.	la	une,le,des	prépare	la purée
Je prépare le ragoût le dimanche.	Ich koche sonntags Ragout.	le	un,la,du	prépare	le ragoût
J'utilise le marchepied pour atteindre l'étagère.	Ich benutze den Tritthocker, um das Regal zu erreichen.	le	un,la,du	utilise	le marchepied
Je vérifie le détecteur de fumée.	Ich prüfe den Rauchmelder.	le	un,la,du	vérifie	le détecteur
Je cueille la prune dans le jardin.	Ich pflücke im Garten die Pflaume.	la	une,le,des	cueille	la prune
Je grignote la cacahuète devant le film.	Ich knabbere vor dem Film Erdnüsse.	la	une,le,des	grignote	la cacahuète
J'allume le barbecue pour ce soir.	Ich zünde für heute Abend den Grill an.	le	un,la,du	allume	le barbecue
Je traverse le préau en courant.	Ich laufe über den Pausenhof.	le	un,la,du	traverse	le préau
Je remplis l'encrier avant d'écrire.	Ich fülle vor dem Schreiben das Tintenfass.	l'	le,la,un	remplis	l'encrier
J'attache la remorque au camion.	Ich hänge den Anhänger an den Lastwagen.	la	une,le,des	attache	la remorque
Je serre l'étau fermement.	Ich schraube den Schraubstock fest zu.	l'	le,la,un	serre	l'étau
Je monte le paravent dans la chambre.	Ich stelle den Paravent im Zimmer auf.	le	un,la,du	monte	le paravent
Je trouve le kiosque au coin de la rue.	Ich finde den Kiosk an der Straßenecke.	le	un,la,du	trouve	le kiosque
Je quitte la brasserie après le dîner.	Ich verlasse nach dem Abendessen die Brasserie.	la	une,le,des	quitte	la brasserie
J'arrose le géranium chaque jour.	Ich gieße jeden Tag die Geranie.	le	un,la,du	arrose	le géranium
Je mange le cookie avec du lait.	Ich esse den Keks mit Milch.	le	un,la,du	mange	le cookie
J'ajoute le cornichon au sandwich.	Ich füge dem Sandwich die Gewürzgurke hinzu.	le	un,la,du	ajoute	le cornichon
Je range la peluche sur le lit.	Ich lege das Kuscheltier aufs Bett.	la	une,le,des	range	la peluche
Je gonfle la bouée avant de nager.	Ich blase vor dem Schwimmen den Schwimmring auf.	la	une,le,des	gonfle	la bouée
Je plante le pommier dans le jardin.	Ich pflanze im Garten den Apfelbaum.	le	un,la,du	plante	le pommier
Je cultive le laurier sur le balcon.	Ich ziehe auf dem Balkon den Lorbeerbaum.	le	un,la,du	cultive	le laurier
Je cuisine l'asperge à la vapeur.	Ich gare den Spargel im Dampf.	l'	le,la,un	cuisine	l'asperge
J'ajoute l'ail à la sauce.	Ich gebe der Soße Knoblauch hinzu.	l'	le,la,un	ajoute	l'ail
Je cueille la figue à l'automne.	Ich pflücke im Herbst die Feige.	la	une,le,des	cueille	la figue
Je change l'abat-jour du salon.	Ich wechsle den Lampenschirm des Wohnzimmers.	l'	le,la,un	change	l'abat-jour
J'achète la bottine pour l'hiver.	Ich kaufe für den Winter die Stiefelette.	la	une,le,des	achète	la bottine
Je photographie l'acacia en fleur.	Ich fotografiere die blühende Akazie.	l'	le,la,un	photographie	l'acacia
Je joue l'accordéon depuis dix ans.	Ich spiele seit zehn Jahren Akkordeon.	l'	le,la,un	joue	l'accordéon
Je dilue l'acide avec de l'eau.	Ich verdünne die Säure mit Wasser.	l'	le,la,un	dilue	l'acide
Je règle l'accoudoir du fauteuil.	Ich stelle die Armlehne des Sessels ein.	l'	le,la,un	règle	l'accoudoir
Je visite l'abattoir avec la classe.	Ich besichtige mit der Klasse den Schlachthof.	l'	le,la,un	visite	l'abattoir
Je récite l'alphabet sans erreur.	Ich sage fehlerfrei das Alphabet auf.	l'	le,la,un	récite	l'alphabet
Je jette l'ancre avant la tempête.	Ich werfe vor dem Sturm den Anker.	l'	le,la,un	jette	l'ancre
Je protège l'aisselle avec ce déodorant.	Ich schütze mit diesem Deo die Achsel.	l'	le,la,un	protège	l'aisselle
Je cherche l'antidote en urgence.	Ich suche dringend das Gegengift.	l'	le,la,un	cherche	l'antidote
J'examine l'artère avec précaution.	Ich untersuche vorsichtig die Arterie.	l'	le,la,un	examine	l'artère
Je chauffe l'asphalte au soleil.	Der Asphalt erhitzt sich in der Sonne.	l'	le,la,un	chauffe	l'asphalte
Je nettoie le caniveau chaque printemps.	Ich reinige jeden Frühling den Rinnstein.	le	un,la,du	nettoie	le caniveau
Je prépare l'apéritif pour les invités.	Ich bereite für die Gäste den Aperitif vor.	l'	le,la,un	prépare	l'apéritif
Je prépare l'appât avant de pêcher.	Ich mache vor dem Angeln den Köder fertig.	l'	le,la,un	prépare	l'appât
Je porte l'ambre en collier.	Ich trage den Bernstein als Halskette.	l'	le,la,un	porte	l'ambre
Je décore l'alcôve avec soin.	Ich dekoriere sorgfältig den Alkoven.	l'	le,la,un	décore	l'alcôve
Je recycle l'aluminium correctement.	Ich entsorge das Aluminium fachgerecht.	l'	le,la,un	recycle	l'aluminium
Je regarde le feuilleton chaque semaine.	Ich schaue mir jede Woche das Feuilleton an.	le	un,la,du	regarde	le feuilleton
Je polis l'acajou avec soin.	Ich poliere sorgfältig das Mahagoni.	l'	le,la,un	polis	l'acajou
J'achète la brioche le dimanche.	Ich kaufe sonntags eine Brioche.	la	une,le,des	achète	la brioche
Je commande la frite avec de la mayonnaise.	Ich bestelle Pommes frites mit Mayonnaise.	la	une,le,des	commande	la frite
Je prépare la crêpe pour le goûter.	Ich mache Crêpes zum Nachmittagssnack.	la	une,le,des	prépare	la crêpe
Je quitte la boucherie avec de la viande.	Ich verlasse die Fleischerei mit Fleisch.	la	une,le,des	quitte	la boucherie
Je prends la vitamine chaque matin.	Ich nehme jeden Morgen Vitamin.	la	une,le,des	prends	la vitamine
J'invente le slogan pour la campagne.	Ich erfinde den Slogan für die Kampagne.	le	un,la,du	invente	le slogan
J'écoute le répondeur en rentrant.	Ich höre beim Nachhausekommen den Anrufbeantworter ab.	le	un,la,du	écoute	le répondeur
Je prends l'antibiotique trois fois par jour.	Ich nehme dreimal täglich das Antibiotikum.	l'	le,la,un	prends	l'antibiotique
Je cherche l'étui pour mes lunettes.	Ich suche das Etui für meine Brille.	l'	le,la,un	cherche	l'étui
Je quitte la cafétéria après le déjeuner.	Ich verlasse nach dem Mittagessen die Cafeteria.	la	une,le,des	quitte	la cafétéria
Je prépare le casse-croûte pour la randonnée.	Ich bereite den Imbiss für die Wanderung vor.	le	un,la,du	prépare	le casse-croûte
Je prépare la tisane avant de dormir.	Ich mache vor dem Schlafen einen Kräutertee.	la	une,le,des	prépare	la tisane
J'ajoute le ketchup sur les frites.	Ich gebe Ketchup auf die Pommes.	le	un,la,du	ajoute	le ketchup
Je photographie le delta en avion.	Ich fotografiere das Delta aus dem Flugzeug.	le	un,la,du	photographie	le delta
J'atteins l'oasis après trois jours.	Ich erreiche nach drei Tagen die Oase.	l'	le,la,un	atteins	l'oasis
Je traverse le sous-bois avec prudence.	Ich durchquere vorsichtig das Unterholz.	le	un,la,du	traverse	le sous-bois
J'évite la tornade de justesse.	Ich entkomme gerade noch dem Tornado.	la	une,le,des	évite	la tornade
J'ouvre le capot pour vérifier le moteur.	Ich öffne die Motorhaube, um den Motor zu prüfen.	le	un,la,du	ouvre	le capot
Je gare le fourgon devant l'entrepôt.	Ich parke den Lieferwagen vor dem Lager.	le	un,la,du	gare	le fourgon
Je cultive le lin dans ce champ.	Ich baue in diesem Feld Flachs an.	le	un,la,du	cultive	le lin
Je nettoie la suie de la cheminée.	Ich reinige den Ruß des Kamins.	la	une,le,des	nettoie	la suie
Je sens le goudron sur la route neuve.	Ich rieche den Teer auf der neuen Straße.	le	un,la,du	sens	le goudron
Je grille la sardine au barbecue.	Ich grille am Barbecue die Sardine.	la	une,le,des	grille	la sardine
J'ouvre l'huître avec précaution.	Ich öffne vorsichtig die Auster.	l'	le,la,un	ouvre	l'huître
Je chasse la guêpe de la cuisine.	Ich vertreibe die Wespe aus der Küche.	la	une,le,des	chasse	la guêpe
J'observe l'escargot sur la feuille.	Ich beobachte auf dem Blatt die Schnecke.	l'	le,la,un	observe	l'escargot
Je chasse la limace du jardin.	Ich vertreibe die Nacktschnecke aus dem Garten.	la	une,le,des	chasse	la limace
Je protège l'intestin avec cette alimentation.	Ich schütze mit dieser Ernährung den Darm.	l'	le,la,un	protège	l'intestin
J'observe la galaxie au télescope.	Ich beobachte mit dem Teleskop die Galaxie.	la	une,le,des	observe	la galaxie
J'observe la météorite dans le ciel.	Ich beobachte am Himmel den Meteoriten.	la	une,le,des	observe	la météorite
Je photographie le cratère depuis le sommet.	Ich fotografiere vom Gipfel aus den Krater.	le	un,la,du	photographie	le cratère
Je montre le nombril avec fierté.	Ich zeige stolz den Bauchnabel.	le	un,la,du	montre	le nombril
J'observe le hibou la nuit.	Ich beobachte nachts die Eule.	le	un,la,du	observe	le hibou
Je nourris le moineau chaque matin.	Ich füttere jeden Morgen den Spatz.	le	un,la,du	nourris	le moineau
Je nourris la tortue avec de la salade.	Ich füttere die Schildkröte mit Salat.	la	une,le,des	nourris	la tortue
Je photographie le phoque sur le rocher.	Ich fotografiere den Seehund auf dem Felsen.	le	un,la,du	photographie	le phoque
Je nourris l'oie chaque soir.	Ich füttere jeden Abend die Gans.	l'	le,la,un	nourris	l'oie
Je photographie le cygne sur le lac.	Ich fotografiere den Schwan auf dem See.	le	un,la,du	photographie	le cygne
Je photographie le paon dans le parc.	Ich fotografiere im Park den Pfau.	le	un,la,du	photographie	le paon
J'évite le sanglier dans la forêt.	Ich meide im Wald das Wildschwein.	le	un,la,du	évite	le sanglier
J'observe le chevreuil au petit matin.	Ich beobachte im Morgengrauen das Reh.	le	un,la,du	observe	le chevreuil
Je nourris le perroquet chaque jour.	Ich füttere jeden Tag den Papagei.	le	un,la,du	nourris	le perroquet
Je libère la colombe lors de la cérémonie.	Ich lasse bei der Zeremonie die Taube frei.	la	une,le,des	libère	la colombe
J'observe le merle sur la branche.	Ich beobachte auf dem Ast die Amsel.	le	un,la,du	observe	le merle
J'entends la cigale en été.	Ich höre im Sommer die Zikade.	la	une,le,des	entends	la cigale
J'entends le grillon le soir.	Ich höre abends die Grille.	le	un,la,du	entends	le grillon
Je pêche la truite dans la rivière.	Ich angle die Forelle im Fluss.	la	une,le,des	pêche	la truite
Je cuisine le homard avec du beurre.	Ich koche den Hummer mit Butter.	le	un,la,du	cuisine	le homard
J'évite la vipère sur le sentier.	Ich meide auf dem Pfad die Viper.	la	une,le,des	évite	la vipère
Je pêche l'écrevisse dans le ruisseau.	Ich angle den Flusskrebs im Bach.	l'	le,la,un	pêche	l'écrevisse
Je cuisine la langouste pour l'occasion.	Ich koche zu diesem Anlass Languste.	la	une,le,des	cuisine	la langouste
J'observe le bourdon sur la fleur.	Ich beobachte auf der Blume die Hummel.	le	un,la,du	observe	le bourdon
J'observe le blaireau au crépuscule.	Ich beobachte in der Dämmerung den Dachs.	le	un,la,du	observe	le blaireau
Je photographie le zèbre en safari.	Ich fotografiere auf Safari das Zebra.	le	un,la,du	photographie	le zèbre
J'observe le gorille avec respect.	Ich beobachte respektvoll den Gorilla.	le	un,la,du	observe	le gorille
J'évite le crocodile avec prudence.	Ich meide vorsichtig das Krokodil.	le	un,la,du	évite	le crocodile
J'observe le vautour au-dessus du désert.	Ich beobachte über der Wüste den Geier.	le	un,la,du	observe	le vautour
J'observe le faucon en plein vol.	Ich beobachte den Falken im Flug.	le	un,la,du	observe	le faucon
Je chasse la pie du jardin.	Ich vertreibe die Elster aus dem Garten.	la	une,le,des	chasse	la pie
Je cuisine la morue au four.	Ich gare den Kabeljau im Ofen.	la	une,le,des	cuisine	la morue
Je cuisine le maquereau au barbecue.	Ich koche am Barbecue die Makrele.	le	un,la,du	cuisine	le maquereau
Je prépare le hareng avec des oignons.	Ich bereite den Hering mit Zwiebeln zu.	le	un,la,du	prépare	le hareng
Je pêche l'anguille la nuit.	Ich angle den Aal nachts.	l'	le,la,un	pêche	l'anguille
J'observe la panthère avec prudence.	Ich beobachte vorsichtig den Panther.	la	une,le,des	observe	la panthère
Je plante le bouleau dans le jardin.	Ich pflanze im Garten die Birke.	le	un,la,du	plante	le bouleau
Je coupe le rosier chaque printemps.	Ich schneide jeden Frühling den Rosenstrauch.	le	un,la,du	coupe	le rosier
Je cherche le trèfle à quatre feuilles.	Ich suche das vierblättrige Kleeblatt.	le	un,la,du	cherche	le trèfle
Je coupe le lierre du mur.	Ich schneide den Efeu von der Mauer.	le	un,la,du	coupe	le lierre
Je chasse le cafard de la cuisine.	Ich vertreibe die Kakerlake aus der Küche.	le	un,la,du	chasse	le cafard
J'observe le hanneton sur la vitre.	Ich beobachte auf der Scheibe den Maikäfer.	le	un,la,du	observe	le hanneton
Je nourris le cobaye chaque matin.	Ich füttere jeden Morgen das Meerschweinchen.	le	un,la,du	nourris	le cobaye
J'étudie l'atome en cours de chimie.	Ich untersuche im Chemieunterricht das Atom.	l'	le,la,un	étudie	l'atome
Je range la fiole dans le laboratoire.	Ich verstaue den Kolben im Labor.	la	une,le,des	range	la fiole
Je coupe le lilas pour le bouquet.	Ich schneide den Flieder für den Blumenstrauß.	le	un,la,du	coupe	le lilas
Je plante le jasmin près du balcon.	Ich pflanze den Jasmin neben dem Balkon.	le	un,la,du	plante	le jasmin
Je photographie la bruyère sur la lande.	Ich fotografiere auf dem Heideland das Heidekraut.	la	une,le,des	photographie	la bruyère
J'admire le saule au bord du lac.	Ich bewundere am Seeufer die Weide.	le	un,la,du	admire	le saule
Je plante le peuplier le long du chemin.	Ich pflanze entlang des Wegs die Pappel.	le	un,la,du	plante	le peuplier
Je coupe le buis chaque année.	Ich schneide jedes Jahr den Buchsbaum.	le	un,la,du	coupe	le buis
Je retire le noyau de la cerise.	Ich entferne den Kern der Kirsche.	le	un,la,du	retire	le noyau
Je joue l'orgue le dimanche.	Ich spiele sonntags Orgel.	l'	le,la,un	joue	l'orgue
Je joue la harpe depuis dix ans.	Ich spiele seit zehn Jahren Harfe.	la	une,le,des	joue	la harpe
Je range le pupitre après le concert.	Ich verstaue nach dem Konzert den Notenständer.	le	un,la,du	range	le pupitre
Je prépare le voilier pour la course.	Ich mache für das Rennen das Segelboot startklar.	le	un,la,du	prépare	le voilier
Je nettoie le hublot avant le vol.	Ich putze vor dem Flug das Bullauge.	le	un,la,du	nettoie	le hublot
J'évite le cobra avec prudence.	Ich meide vorsichtig die Kobra.	le	un,la,du	évite	le cobra
J'entends le coyote la nuit.	Ich höre nachts den Kojoten.	le	un,la,du	entends	le coyote
J'observe le buffle de loin.	Ich beobachte aus der Ferne den Büffel.	le	un,la,du	observe	le buffle
Je chasse le faisan en automne.	Ich jage im Herbst den Fasan.	le	un,la,du	chasse	le faisan
Je prépare la dinde pour Noël.	Ich bereite zu Weihnachten die Pute vor.	la	une,le,des	prépare	la dinde
Je cuisine la caille au four.	Ich gare die Wachtel im Ofen.	la	une,le,des	cuisine	la caille
Je nourris la brebis chaque matin.	Ich füttere jeden Morgen das Mutterschaf.	la	une,le,des	nourris	la brebis
Je cueille l'oseille au printemps.	Ich pflücke im Frühling Sauerampfer.	l'	le,la,un	cueille	l'oseille
Je râpe le gruyère sur les pâtes.	Ich reibe Gruyère über die Nudeln.	le	un,la,du	râpe	le gruyère
Je coupe le saucisson en tranches.	Ich schneide die Salamiwurst in Scheiben.	le	un,la,du	coupe	le saucisson
Je cuisine le boudin avec des pommes.	Ich koche die Blutwurst mit Äpfeln.	le	un,la,du	cuisine	le boudin
Je râpe la truffe sur les pâtes.	Ich reibe den Trüffel über die Nudeln.	la	une,le,des	râpe	la truffe
Je pêche le mulet dans le port.	Ich angle die Meeräsche im Hafen.	le	un,la,du	pêche	le mulet
Je visite les alentours du château à pied.	Ich erkunde zu Fuß die Umgebung des Schlosses.	alentours	environs,abords,quartiers	visite	l'alentours
Je partage la friandise avec ma sœur.	Ich teile die Süßigkeit mit meiner Schwester.	la	une,le,des	partage	la friandise
Je calcule l'orbite du satellite.	Ich berechne die Umlaufbahn des Satelliten.	l'	le,la,un	calcule	l'orbite
Je nourris la mésange chaque hiver.	Ich füttere jeden Winter die Meise.	la	une,le,des	nourris	la mésange
Je taille l'if chaque printemps.	Ich schneide jeden Frühling die Eibe.	l'	le,la,un	taille	l'if
J'admire le genêt en fleur.	Ich bewundere den blühenden Ginster.	le	un,la,du	admire	le genêt
Je goûte l'andouille avec curiosité.	Ich probiere neugierig die Andouille.	l'	le,la,un	goûte	l'andouille
Je consulte le magistrat pour cette affaire.	Ich konsultiere den Richter für diesen Fall.	le	un,la,du	consulte	le magistrat
Je consulte la magistrate pour ce dossier.	Ich konsultiere die Richterin für diese Akte.	la	une,le,des	consulte	la magistrate
Je salue le matelot sur le pont.	Ich grüße den Matrosen auf dem Deck.	le	un,la,du	salue	le matelot
Je consulte l'horloger pour cette montre.	Ich frage den Uhrmacher wegen dieser Uhr.	l'	le,la,un	consulte	l'horloger
Je contacte le traiteur pour la fête.	Ich kontaktiere den Caterer für die Feier.	le	un,la,du	contacte	le traiteur
J'interviewe l'historien pour ce documentaire.	Ich interviewe den Historiker für diese Dokumentation.	l'	le,la,un	interviewe	l'historien
Je cite l'historienne dans mon exposé.	Ich zitiere die Historikerin in meinem Referat.	l'	le,la,un	cite	l'historienne
J'informe l'enquêteur des faits.	Ich informiere den Ermittler über die Tatsachen.	l'	le,la,un	informe	l'enquêteur
Je contacte l'opérateur pour ce forfait.	Ich kontaktiere den Anbieter wegen dieses Tarifs.	l'	le,la,un	contacte	l'opérateur
Je remercie l'opératrice pour son aide.	Ich danke der Vermittlerin für ihre Hilfe.	l'	le,la,un	remercie	l'opératrice
Je contacte le proviseur pour ce problème.	Ich kontaktiere den Schulleiter wegen dieses Problems.	le	un,la,du	contacte	le proviseur
Je remercie le coursier pour la livraison.	Ich danke dem Kurier für die Lieferung.	le	un,la,du	remercie	le coursier
Je remercie la coursière pour sa rapidité.	Ich danke der Kurierin für ihre Schnelligkeit.	la	une,le,des	remercie	la coursière
Je remercie le livreur pour le colis.	Ich danke dem Lieferfahrer für das Paket.	le	un,la,du	remercie	le livreur
Je remercie la livreuse pour sa gentillesse.	Ich danke der Lieferfahrerin für ihre Freundlichkeit.	la	une,le,des	remercie	la livreuse
Je nettoie la verrière chaque printemps.	Ich reinige jeden Frühling die Glasüberdachung.	la	une,le,des	nettoie	la verrière
Je range la serpe dans la remise.	Ich verstaue die Hippe im Schuppen.	la	une,le,des	range	la serpe
Je range la fourche dans le jardin.	Ich verstaue die Forke im Garten.	la	une,le,des	range	la fourche
Je vérifie le générateur avant la coupure.	Ich prüfe vor dem Stromausfall den Generator.	le	un,la,du	vérifie	le générateur
Je graisse le pignon du vélo.	Ich schmiere das Ritzel des Fahrrads.	le	un,la,du	graisse	le pignon
Je cherche la palme dans le sac.	Ich suche die Schwimmflosse in der Tasche.	la	une,le,des	cherche	la palme
Je mets le pull-over avant de sortir.	Ich ziehe vor dem Rausgehen den Pullover an.	le	un,la,du	mets	le pull-over
Je porte le smoking pour la cérémonie.	Ich trage den Smoking für die Zeremonie.	le	un,la,du	porte	le smoking
J'achète le soutien-gorge en soldes.	Ich kaufe den BH im Ausverkauf.	le	un,la,du	achète	le soutien-gorge
Je porte l'escarpin pour la soirée.	Ich trage für den Abend den Pumps.	l'	le,la,un	porte	l'escarpin
J'achète la mule pour l'été.	Ich kaufe für den Sommer die Pantolette.	la	une,le,des	achète	la mule
Je porte l'espadrille en été.	Ich trage im Sommer die Espadrille.	l'	le,la,un	porte	l'espadrille
J'admire l'émeraude dans la vitrine.	Ich bewundere im Schaufenster den Smaragd.	l'	le,la,un	admire	l'émeraude
J'admire la nacre sur ce coquillage.	Ich bewundere das Perlmutt auf dieser Muschel.	la	une,le,des	admire	la nacre
Je nettoie le cadran de la montre.	Ich reinige das Zifferblatt der Uhr.	le	un,la,du	nettoie	le cadran
Je change l'avatar chaque mois.	Ich ändere jeden Monat den Avatar.	l'	le,la,un	change	l'avatar
Je confirme l'identification par carte.	Ich bestätige per Ausweis die Identifikation.	l'	le,la,un	confirme	l'identification
Je recherche le bien-être avant tout.	Ich suche vor allem das Wohlbefinden.	le	un,la,du	recherche	le bien-être
J'identifie le gène responsable.	Ich identifiziere das verantwortliche Gen.	le	un,la,du	identifie	le gène
J'explique la pesanteur à mes élèves.	Ich erkläre meinen Schülern die Schwerkraft.	la	une,le,des	explique	la pesanteur
J'observe la particule au microscope.	Ich beobachte unter dem Mikroskop das Teilchen.	la	une,le,des	observe	la particule
Je réduis la dispersion du groupe.	Ich reduziere die Streuung der Gruppe.	la	une,le,des	réduis	la dispersion
Je mesure la résonance avec cet appareil.	Ich messe mit diesem Gerät die Resonanz.	la	une,le,des	mesure	la résonance
J'ajuste le laser avec précision.	Ich stelle genau den Laser ein.	le	un,la,du	ajuste	le laser
Je propose le divertissement à mes invités.	Ich biete meinen Gästen Unterhaltung an.	le	un,la,du	propose	le divertissement
Je joue le loto chaque vendredi.	Ich spiele jeden Freitag Lotto.	le	un,la,du	joue	le loto
J'organise le bingo pour les anciens.	Ich organisiere für die Senioren Bingo.	le	un,la,du	organise	le bingo
J'apprends la poterie avec passion.	Ich lerne mit Leidenschaft Töpferei.	la	une,le,des	apprends	la poterie
J'admire la mosaïque au musée.	Ich bewundere im Museum die Mosaikarbeit.	la	une,le,des	admire	la mosaïque
J'attends l'embarquement avec impatience.	Ich erwarte ungeduldig das Boarding.	l'	le,la,un	attends	l'embarquement
J'étudie la monarchie en cours d'histoire.	Ich untersuche im Geschichtsunterricht die Monarchie.	la	une,le,des	étudie	la monarchie
J'affronte la concurrence avec courage.	Ich begegne mutig der Konkurrenz.	la	une,le,des	affronte	la concurrence
Je paye la taxe avant la date limite.	Ich zahle vor der Frist die Abgabe.	la	une,le,des	paye	la taxe
Je vérifie le prélèvement sur mon compte.	Ich prüfe auf meinem Konto den Abzug.	le	un,la,du	vérifie	le prélèvement
Je termine l'inventaire avant midi.	Ich beende vor Mittag das Inventar.	l'	le,la,un	termine	l'inventaire
Je réussis le plongeon sans éclabousser.	Ich schaffe den Sprung ohne zu spritzen.	le	un,la,du	réussis	le plongeon
J'ajuste l'étrier avant de monter.	Ich stelle vor dem Aufsitzen den Steigbügel ein.	l'	le,la,un	ajuste	l'étrier
Je ramasse le silex sur le chemin.	Ich hebe auf dem Weg den Feuerstein auf.	le	un,la,du	ramasse	le silex
J'utilise le grès pour la façade.	Ich verwende für die Fassade Sandstein.	le	un,la,du	utilise	le grès
J'étudie la faille avec le géologue.	Ich untersuche mit dem Geologen die Verwerfung.	la	une,le,des	étudie	la faille
J'exploite le filon depuis des années.	Ich baue seit Jahren den Erzgang ab.	le	un,la,du	exploite	le filon
Je vérifie la jointure avant de coller.	Ich prüfe vor dem Kleben die Verbindung.	la	une,le,des	vérifie	la jointure
Je vérifie le calibre avec cet outil.	Ich prüfe mit diesem Werkzeug die Lehre.	le	un,la,du	vérifie	le calibre
Je vérifie l'aplomb du mur.	Ich prüfe die Senkrechte der Mauer.	l'	le,la,un	vérifie	l'aplomb
Je mélange le mortier avec de l'eau.	Ich mische den Mörtel mit Wasser.	le	un,la,du	mélange	le mortier
J'applique la résine sur le bois.	Ich trage das Harz auf das Holz auf.	la	une,le,des	applique	la résine
Je peins le chambranle en blanc.	Ich streiche das Türfutter weiß.	le	un,la,du	peins	le chambranle
Je vernis la boiserie avec soin.	Ich lackiere sorgfältig die Holzverkleidung.	la	une,le,des	vernis	la boiserie
J'utilise l'enclume pour forger.	Ich benutze den Amboss zum Schmieden.	l'	le,la,un	utilise	l'enclume
J'étudie la seigneurie en cours d'histoire.	Ich untersuche im Geschichtsunterricht die Grundherrschaft.	la	une,le,des	étudie	la seigneurie
J'annonce la capitulation à la radio.	Ich verkünde im Radio die Kapitulation.	la	une,le,des	annonce	la capitulation
J'étudie la croisade en cours d'histoire.	Ich untersuche im Geschichtsunterricht den Kreuzzug.	la	une,le,des	étudie	la croisade
Je condamne la rébellion fermement.	Ich verurteile entschieden die Rebellion.	la	une,le,des	condamne	la rébellion
Je visite la citadelle avec un guide.	Ich besichtige mit einem Führer die Zitadelle.	la	une,le,des	visite	la citadelle
Je consulte l'archive pour ce projet.	Ich sehe für dieses Projekt im Archiv nach.	l'	le,la,un	consulte	l'archive
Je lis la chronique chaque dimanche.	Ich lese jeden Sonntag die Chronik.	la	une,le,des	lis	la chronique
J'ouvre le parchemin avec précaution.	Ich öffne vorsichtig das Pergament.	le	un,la,du	ouvre	le parchemin
J'appose le sceau sur le document.	Ich bringe auf dem Dokument das Siegel an.	le	un,la,du	appose	le sceau
Je photographie le vestige avec soin.	Ich fotografiere sorgfältig den Überrest.	le	un,la,du	photographie	le vestige
Je conserve la relique précieusement.	Ich bewahre sorgfältig die Reliquie auf.	la	une,le,des	conserve	la relique
Je visite le monastère en silence.	Ich besuche schweigend das Kloster.	le	un,la,du	visite	le monastère
Je traverse le cloître en silence.	Ich durchquere schweigend den Kreuzgang.	le	un,la,du	traverse	le cloître
Je condamne l'hérésie fermement.	Ich verurteile entschieden die Häresie.	l'	le,la,un	condamne	l'hérésie
J'étudie l'inquisition en cours d'histoire.	Ich untersuche im Geschichtsunterricht die Inquisition.	l'	le,la,un	étudie	l'inquisition
J'évoque l'exode avec émotion.	Ich erwähne bewegt den Exodus.	l'	le,la,un	évoque	l'exode
Je présente le vassal au seigneur.	Ich stelle dem Lehnsherrn den Vasallen vor.	le	un,la,du	présente	le vassal
J'admire la statuette sur l'étagère.	Ich bewundere die Statuette auf dem Regal.	la	une,le,des	admire	la statuette
J'étudie le portugais depuis un an.	Ich lerne seit einem Jahr Portugiesisch.	le	un,la,du	étudie	le portugais
Je reconnais le patois immédiatement.	Ich erkenne sofort die Mundart.	le	un,la,du	reconnais	le patois
Je cite le proverbe dans mon devoir.	Ich zitiere das Sprichwort in meiner Hausarbeit.	le	un,la,du	cite	le proverbe
J'ajoute la virgule avant la conjonction.	Ich füge vor der Konjunktion ein Komma hinzu.	la	une,le,des	ajoute	la virgule
J'explique la métaphore du poème.	Ich erkläre die Metapher des Gedichts.	la	une,le,des	explique	la métaphore
Je ferme la parenthèse correctement.	Ich schließe korrekt die Klammer.	la	une,le,des	ferme	la parenthèse
J'évite le jargon avec les débutants.	Ich vermeide bei Anfängern Fachjargon.	le	un,la,du	évite	le jargon
J'étudie l'argot avec curiosité.	Ich untersuche neugierig das Argot.	l'	le,la,un	étudie	l'argot
J'évite l'embuscade de justesse.	Ich entkomme gerade noch dem Hinterhalt.	l'	le,la,un	évite	l'embuscade
Je visite l'arsenal avec le guide.	Ich besichtige mit dem Führer das Arsenal.	l'	le,la,un	visite	l'arsenal
Je commande l'escadron sur le terrain.	Ich befehlige die Staffel auf dem Gelände.	l'	le,la,un	commande	l'escadron
Je programme l'automate pour l'exposition.	Ich programmiere den Automat für die Ausstellung.	l'	le,la,un	programme	l'automate
Je range les palmes après la plongée.	Ich verstaue nach dem Tauchen die Flossen.	palmes	masques,tubas,combinaisons	range	la palmes
Je corrige le script avant le tournage.	Ich korrigiere vor dem Dreh das Drehbuch.	le	un,la,du	corrige	le script
Je consulte la script pour ce détail.	Ich frage die Script-Supervisorin wegen dieses Details.	la	une,le,des	consulte	la script
Je répète l'enchaînement avant de parler.	Ich übe vor dem Sprechen die Lautverbindung.	l'	le,la,un	répète	l'enchaînement
J'actionne le levier avec force.	Ich betätige kräftig den Hebel.	le	un,la,du	actionne	le levier
Je ferme la vanne avant les travaux.	Ich schließe vor den Arbeiten das Ventil.	la	une,le,des	ferme	la vanne
Je vérifie le châssis après l'accident.	Ich prüfe nach dem Unfall das Chassis.	le	un,la,du	vérifie	le châssis
Je trie le rebut avant de recycler.	Ich sortiere vor dem Recyceln den Ausschuss.	le	un,la,du	trie	le rebut
Je remplis la citerne avant l'été.	Ich fülle vor dem Sommer die Zisterne.	la	une,le,des	remplis	la citerne
Je quitte le palace avec regret.	Ich verlasse bedauernd das Luxushotel.	le	un,la,du	quitte	le palace
J'admire l'yacht depuis le port.	Ich bewundere vom Hafen aus die Yacht.	l'	le,la,un	admire	l'yacht
Je commande le caviar pour l'occasion.	Ich bestelle zu diesem Anlass Kaviar.	le	un,la,du	commande	le caviar
J'admire le vitrail dans la cathédrale.	Ich bewundere in der Kathedrale das Glasfensterbild.	le	un,la,du	admire	le vitrail
Je prépare le carnaval depuis un mois.	Ich bereite seit einem Monat den Karneval vor.	le	un,la,du	prépare	le carnaval
J'anime le guignol avec talent.	Ich führe geschickt die Handpuppe.	le	un,la,du	anime	le guignol
Je publie le scoop en exclusivité.	Ich veröffentliche exklusiv die Exklusivmeldung.	le	un,la,du	publie	le scoop
J'évite le marronnier dans mes articles.	Ich vermeide in meinen Artikeln das Dauerthema.	le	un,la,du	évite	le marronnier
Je distribue la plaquette aux visiteurs.	Ich verteile die Broschüre an die Besucher.	la	une,le,des	distribue	la plaquette
Je prépare le brancard pour le blessé.	Ich richte für den Verletzten die Trage her.	le	un,la,du	prépare	le brancard
Je franchis la barricade avec prudence.	Ich überwinde vorsichtig die Barrikade.	la	une,le,des	franchis	la barricade
Je salue le campeur sur le terrain.	Ich grüße auf dem Platz den Camper.	le	un,la,du	salue	le campeur
Je salue la campeuse le matin.	Ich grüße morgens die Camperin.	la	une,le,des	salue	la campeuse
Je salue le sous-officier au poste.	Ich grüße den Unteroffizier an der Wache.	le	un,la,du	salue	le sous-officier
Je présente le sénéchal au roi.	Ich stelle dem König den Seneschall vor.	le	un,la,du	présente	le sénéchal
Je présente la vassale au seigneur.	Ich stelle dem Lehnsherrn die Vasallin vor.	la	une,le,des	présente	la vassale
J'observe le courtisan avec méfiance.	Ich beobachte misstrauisch den Hofmann.	le	un,la,du	observe	le courtisan
J'observe la courtisane avec curiosité.	Ich beobachte neugierig die Hofdame.	la	une,le,des	observe	la courtisane
J'évoque la guillotine avec effroi.	Ich erwähne entsetzt die Guillotine.	la	une,le,des	évoque	la guillotine
Je contacte le préfet pour ce dossier.	Ich kontaktiere den Präfekten wegen dieser Akte.	le	un,la,du	contacte	le préfet
Je salue le notable respectueusement.	Ich grüße respektvoll den Notablen.	le	un,la,du	salue	le notable
Je salue la notable avec déférence.	Ich grüße die Notable mit Ehrerbietung.	la	une,le,des	salue	la notable
J'évoque le déporté avec émotion.	Ich erwähne bewegt den Deportierten.	le	un,la,du	évoque	le déporté
J'évoque la déportée avec respect.	Ich erwähne respektvoll die Deportierte.	la	une,le,des	évoque	la déportée
Je combats la milice avec courage.	Ich bekämpfe mutig die Miliz.	la	une,le,des	combats	la milice
J'évite le milicien avec prudence.	Ich meide vorsichtig den Milizionär.	le	un,la,du	évite	le milicien
Je quitte la clandestinité enfin.	Ich verlasse endlich den Untergrund.	la	une,le,des	quitte	la clandestinité
Je consulte l'intendant pour ce budget.	Ich konsultiere den Intendanten für dieses Budget.	l'	le,la,un	consulte	l'intendant
Je consulte l'intendante pour cette dépense.	Ich konsultiere die Intendantin für diese Ausgabe.	l'	le,la,un	consulte	l'intendante
J'évite l'emphase dans mon discours.	Ich vermeide in meiner Rede den Nachdruck.	l'	le,la,un	évite	l'emphase
J'étudie le socialisme en cours d'histoire.	Ich untersuche im Geschichtsunterricht den Sozialismus.	le	un,la,du	étudie	le socialisme
Je quitte l'aérodrome en petit avion.	Ich verlasse den Flugplatz mit einem Kleinflugzeug.	l'	le,la,un	quitte	l'aérodrome
J'ouvre la trappe avec précaution.	Ich öffne vorsichtig die Falltür.	la	une,le,des	ouvre	la trappe
Je répare l'égout après la fuite.	Ich repariere nach dem Leck die Abwasserleitung.	l'	le,la,un	répare	l'égout
Je présente la petite-fille à mes amis.	Ich stelle meinen Freunden die Enkelin vor.	la	une,le,des	présente	la petite-fille
J'observe la meute de loin.	Ich beobachte aus der Ferne das Rudel.	la	une,le,des	observe	la meute
J'annonce le score au public.	Ich verkünde dem Publikum den Spielstand.	le	un,la,du	annonce	le score
Je protège la carapace de la tortue.	Ich schütze den Panzer der Schildkröte.	la	une,le,des	protège	la carapace
Je nourris le chaton chaque matin.	Ich füttere jeden Morgen das Kätzchen.	le	un,la,du	nourris	le chaton
Je promène le chiot chaque soir.	Ich gehe jeden Abend mit dem Welpen spazieren.	le	un,la,du	promène	le chiot
Je nourris le poussin avec soin.	Ich füttere sorgfältig das Küken.	le	un,la,du	nourris	le poussin
Je nettoie l'aquarium chaque mois.	Ich reinige jeden Monat das Aquarium.	l'	le,la,un	nettoie	l'aquarium
Je quitte le bahut à seize heures.	Ich verlasse um sechzehn Uhr die Schule.	le	un,la,du	quitte	le bahut
J'achète le préservatif en pharmacie.	Ich kaufe in der Apotheke ein Kondom.	le	un,la,du	achète	le préservatif
Je signale l'effraction à la police.	Ich melde der Polizei das gewaltsame Eindringen.	l'	le,la,un	signale	l'effraction
Je propose l'alternative à mon collègue.	Ich schlage meinem Kollegen die Alternative vor.	l'	le,la,un	propose	l'alternative
J'envisage l'éventualité sereinement.	Ich betrachte gelassen die Möglichkeit.	l'	le,la,un	envisage	l'éventualité
J'exprime le scepticisme ouvertement.	Ich äußere offen meine Skepsis.	le	un,la,du	exprime	le scepticisme
Je ressens l'épuisement après cette semaine.	Ich empfinde nach dieser Woche Erschöpfung.	l'	le,la,un	ressens	l'épuisement
Je cache la résignation du mieux possible.	Ich verberge, so gut es geht, die Resignation.	la	une,le,des	cache	la résignation
Je reproche la désinvolture à ce vendeur.	Ich werfe diesem Verkäufer Lässigkeit vor.	la	une,le,des	reproche	la désinvolture
Je ressens l'attendrissement devant ce chaton.	Ich empfinde bei diesem Kätzchen Rührung.	l'	le,la,un	ressens	l'attendrissement
J'exprime le contentement avec un sourire.	Ich äußere lächelnd meine Zufriedenheit.	le	un,la,du	exprime	le contentement
Je cache l'émoi du mieux possible.	Ich verberge, so gut es geht, die Erregung.	l'	le,la,un	cache	l'émoi
Je ressens l'épouvante un instant.	Ich verspüre kurz Entsetzen.	l'	le,la,un	ressens	l'épouvante
Je ressens la jubilation après ce succès.	Ich empfinde nach diesem Erfolg Jubel.	la	une,le,des	ressens	la jubilation
Je cache le ressentiment du mieux possible.	Ich verberge, so gut es geht, den Groll.	le	un,la,du	cache	le ressentiment
J'admire la bonhomie de ce voisin.	Ich bewundere die gutmütige Art dieses Nachbarn.	la	une,le,des	admire	la bonhomie
Je reproche la brusquerie à mon collègue.	Ich werfe meinem Kollegen die Schroffheit vor.	la	une,le,des	reproche	la brusquerie
J'admire la finesse de cette réponse.	Ich bewundere das Feingefühl dieser Antwort.	la	une,le,des	admire	la finesse
Je ressens la froideur dans son regard.	Ich spüre in seinem Blick die Kühle.	la	une,le,des	ressens	la froideur
Je ressens la raideur après le sport.	Ich verspüre nach dem Sport die Steifheit.	la	une,le,des	ressens	la raideur
J'explique le cheminement de sa pensée.	Ich erkläre seinen Gedankengang.	le	un,la,du	explique	le cheminement
Je remarque l'inflexion dans sa voix.	Ich bemerke in seiner Stimme die Nuance.	l'	le,la,un	remarque	l'inflexion
J'admire la fougue de cette jeunesse.	Ich bewundere das Temperament dieser Jugend.	la	une,le,des	admire	la fougue
J'explique le paradoxe avec un exemple.	Ich erkläre mit einem Beispiel das Paradox.	le	un,la,du	explique	le paradoxe
Je monte le rayonnage dans la cave.	Ich baue im Keller das Regalsystem auf.	le	un,la,du	monte	le rayonnage
J'utilise le scanner pour ce document.	Ich benutze für dieses Dokument den Scanner.	le	un,la,du	utilise	le scanner
J'assure l'encadrement des nouveaux élèves.	Ich übernehme die Betreuung der neuen Schüler.	l'	le,la,un	assure	l'encadrement
Je remercie le fondateur pour son idée.	Ich danke dem Gründer für seine Idee.	le	un,la,du	remercie	le fondateur
Je présente la meuf à mes parents.	Ich stelle meinen Eltern das Mädel vor.	la	une,le,des	présente	la meuf
J'évite le pion au collège.	Ich meide am Gymnasium die Aufsichtsperson.	le	un,la,du	évite	le pion
J'économise la thune chaque mois.	Ich spare jeden Monat Geld.	la	une,le,des	économise	la thune
Je cache le magot dans le grenier.	Ich verstecke die Geldreserve auf dem Dachboden.	le	un,la,du	cache	le magot
Je découvre la combine par hasard.	Ich entdecke zufällig den Trick.	la	une,le,des	découvre	la combine
Je range le bazar avant les invités.	Ich räume vor den Gästen das Chaos auf.	le	un,la,du	range	le bazar
Je résous le pépin rapidement.	Ich löse schnell das Problem.	le	un,la,du	résous	le pépin
Je combats la poisse avec humour.	Ich bekämpfe mit Humor das Pech.	la	une,le,des	combats	la poisse
Je commande le pinard avec le repas.	Ich bestelle zum Essen einen Wein.	le	un,la,du	commande	le pinard
Je répare la bécane ce week-end.	Ich repariere an diesem Wochenende das Motorrad.	la	une,le,des	répare	la bécane
Je cherche la godasse sous le lit.	Ich suche den Schuh unter dem Bett.	la	une,le,des	cherche	la godasse
Je mets le froc rapidement.	Ich ziehe schnell die Hose an.	le	un,la,du	mets	le froc
Je range le matos après le concert.	Ich verstaue nach dem Konzert die Ausrüstung.	le	un,la,du	range	le matos
Je rejoins le troquet après le travail.	Ich treffe mich nach der Arbeit in der Kneipe.	le	un,la,du	rejoins	le troquet
Je range le cagibi le samedi.	Ich räume samstags die Abstellkammer auf.	le	un,la,du	range	le cagibi
Je rejoins le cinoche ce soir.	Ich gehe heute Abend ins Kino.	le	un,la,du	rejoins	le cinoche
Je jette la camelote sans hésiter.	Ich werfe ohne zu zögern den Plunder weg.	la	une,le,des	jette	la camelote
Je coiffe la tignasse avant de sortir.	Ich kämme vor dem Rausgehen die Matte.	la	une,le,des	coiffe	la tignasse
J'ignore le baratin poliment.	Ich ignoriere höflich das Geschwätz.	le	un,la,du	ignore	le baratin
Je raconte le trip à mes amis.	Ich erzähle meinen Freunden das Erlebnis.	le	un,la,du	raconte	le trip
Je ressens l'attrait pour ce lieu.	Ich verspüre für diesen Ort Anziehungskraft.	l'	le,la,un	ressens	l'attrait
Je prépare l'apéro pour les invités.	Ich bereite für die Gäste den Aperitif vor.	l'	le,la,un	prépare	l'apéro
Je cherche le tapin depuis un mois.	Ich suche seit einem Monat Arbeit.	le	un,la,du	cherche	le tapin
Je cache l'exaspération du mieux possible.	Ich verberge, so gut es geht, die Genervtheit.	l'	le,la,un	cache	l'exaspération
J'achète le vrac pour éviter le plastique.	Ich kaufe unverpackte Ware, um Plastik zu vermeiden.	le	un,la,du	achète	le vrac
Je quitte le plumard à sept heures.	Ich verlasse um sieben Uhr das Bett.	le	un,la,du	quitte	le plumard
Je rejoins le pieu tôt ce soir.	Ich gehe heute Abend früh ins Bett.	le	un,la,du	rejoins	le pieu
J'applaudis le bouffon avec les enfants.	Ich beklatsche mit den Kindern den Hofnarren.	le	un,la,du	applaudis	le bouffon
Je photographie la bouffonne pendant le spectacle.	Ich fotografiere während der Vorstellung die Spaßmacherin.	la	une,le,des	photographie	la bouffonne
Je traite le corniaud gentiment.	Ich necke liebevoll den Dummkopf.	le	un,la,du	traite	le corniaud
Je gronde le morveux sans méchanceté.	Ich schimpfe ohne Bosheit mit dem Rotzlöffel.	le	un,la,du	gronde	le morveux
Je gronde la morveuse gentiment.	Ich schimpfe sanft mit der Rotzgöre.	la	une,le,des	gronde	la morveuse
J'évite le mufle autant que possible.	Ich meide, so gut es geht, den Grobian.	le	un,la,du	évite	le mufle
Je surveille la canaille de près.	Ich beobachte die Kanaille genau.	la	une,le,des	surveille	la canaille
Je combats la vermine avec ce produit.	Ich bekämpfe mit diesem Mittel das Ungeziefer.	la	une,le,des	combats	la vermine
J'ignore l'emmerdeur autant que possible.	Ich ignoriere, so gut es geht, die Nervensäge.	l'	le,la,un	ignore	l'emmerdeur
J'ignore l'emmerdeuse sans un mot.	Ich ignoriere wortlos die Nervensäge.	l'	le,la,un	ignore	l'emmerdeuse
Je démasque le mouchard enfin.	Ich entlarve endlich den Spitzel.	le	un,la,du	démasque	le mouchard
Je regrette le juron immédiatement.	Ich bereue sofort das Schimpfwort.	le	un,la,du	regrette	le juron
Je condamne le blasphème fermement.	Ich verurteile entschieden die Gotteslästerung.	le	un,la,du	condamne	le blasphème
J'évite la vulgarité dans mes propos.	Ich vermeide in meinen Worten die Vulgarität.	la	une,le,des	évite	la vulgarité
Je cache la hargne du mieux possible.	Ich verberge, so gut es geht, die Gehässigkeit.	la	une,le,des	cache	la hargne
J'évite le sarcasme avec les enfants.	Ich vermeide bei Kindern Sarkasmus.	le	un,la,du	évite	le sarcasme
Je condamne l'outrage fermement.	Ich verurteile entschieden die Beschimpfung.	l'	le,la,un	condamne	l'outrage
Je nettoie la cochonnerie avant les invités.	Ich putze vor den Gästen die Sauerei weg.	la	une,le,des	nettoie	la cochonnerie
J'ignore la foutaise complètement.	Ich ignoriere völlig den Quatsch.	la	une,le,des	ignore	la foutaise
Je range la pagaille avant ce soir.	Ich räume vor heute Abend das Durcheinander auf.	la	une,le,des	range	la pagaille
Je régule l'hormone avec ce traitement.	Ich reguliere mit dieser Behandlung das Hormon.	l'	le,la,un	régule	l'hormone
Je protège le mamelon avec cette crème.	Ich schütze mit dieser Creme die Brustwarze.	le	un,la,du	protège	le mamelon
J'explique le cycle à mes élèves.	Ich erkläre meinen Schülern den Zyklus.	le	un,la,du	explique	le cycle
Je reçois l'implant sans douleur.	Ich bekomme schmerzlos das Implantat.	l'	le,la,un	reçois	l'implant
Je combats le sida avec cette campagne.	Ich bekämpfe mit dieser Kampagne Aids.	le	un,la,du	combats	le sida
J'aborde l'avortement sans tabou.	Ich thematisiere ohne Tabu den Schwangerschaftsabbruch.	l'	le,la,un	aborde	l'avortement
Je prépare le biberon avant la nuit.	Ich mache vor der Nacht die Babyflasche fertig.	le	un,la,du	prépare	le biberon
Je sens le soufre près du volcan.	Ich rieche in der Nähe des Vulkans Schwefel.	le	un,la,du	sens	le soufre
Je polis l'étain avec soin.	Ich poliere sorgfältig das Zinn.	l'	le,la,un	polis	l'étain
J'ouvre la capsule avec précaution.	Ich öffne vorsichtig die Kapsel.	la	une,le,des	ouvre	la capsule
Je vérifie le réacteur avant le vol.	Ich prüfe vor dem Flug den Reaktor.	le	un,la,du	vérifie	le réacteur
Je respecte le protocole sans exception.	Ich halte ausnahmslos das Protokoll ein.	le	un,la,du	respecte	le protocole
J'obtiens la mention avec fierté.	Ich erhalte stolz die Auszeichnung.	la	une,le,des	obtiens	la mention
Je contacte l'intendance pour ce dossier.	Ich kontaktiere die Verwaltung wegen dieser Akte.	l'	le,la,un	contacte	l'intendance
Je termine la terminale en juin.	Ich beende im Juni die Abschlussklasse.	la	une,le,des	termine	la terminale
Je cache l'incompréhension du mieux possible.	Ich verberge, so gut es geht, das Unverständnis.	l'	le,la,un	cache	l'incompréhension
Je vérifie l'immatriculation du véhicule.	Ich prüfe die Zulassung des Fahrzeugs.	l'	le,la,un	vérifie	l'immatriculation
Je remercie l'équipier pour son aide.	Ich danke dem Crewmitglied für seine Hilfe.	l'	le,la,un	remercie	l'équipier
Je photographie la proue du bateau.	Ich fotografiere den Bug des Bootes.	la	une,le,des	photographie	la proue
Je répare la quille avant de naviguer.	Ich repariere vor dem Segeln den Kiel.	la	une,le,des	répare	la quille
Je répare le mât avant de naviguer.	Ich repariere vor dem Segeln den Mast.	le	un,la,du	répare	le mât
Je chante l'unisson avec la chorale.	Ich singe unisono mit dem Chor.	l'	le,la,un	chante	l'unisson
Je mesure la pulsation avant l'effort.	Ich messe vor der Anstrengung den Puls.	la	une,le,des	mesure	la pulsation
J'observe le lièvre dans le champ.	Ich beobachte den Hasen auf dem Feld.	le	un,la,du	observe	le lièvre
Je change la litière chaque semaine.	Ich wechsle jede Woche die Katzenstreu.	la	une,le,des	change	la litière
Je montre le croc en grognant.	Ich zeige knurrend den Fangzahn.	le	un,la,du	montre	le croc
Je nettoie l'étable chaque matin.	Ich reinige jeden Morgen den Kuhstall.	l'	le,la,un	nettoie	l'étable
Je répare l'enclos avant l'hiver.	Ich repariere vor dem Winter das Gehege.	l'	le,la,un	répare	l'enclos
Je répare le tracteur avant la moisson.	Ich repariere vor der Ernte den Traktor.	le	un,la,du	répare	le tracteur
Je traverse la futaie en silence.	Ich durchquere schweigend den Hochwald.	la	une,le,des	traverse	la futaie
Je loue le chalet pour les vacances.	Ich miete für den Urlaub die Berghütte.	le	un,la,du	loue	le chalet
Je plante l'oranger dans le jardin.	Ich pflanze im Garten den Orangenbaum.	l'	le,la,un	plante	l'oranger
J'observe la bestiole avec curiosité.	Ich beobachte neugierig das Tierchen.	la	une,le,des	observe	la bestiole
J'évite le cataclysme de justesse.	Ich verhindere gerade noch die Naturkatastrophe.	le	un,la,du	évite	le cataclysme
Je visite le manoir avec un guide.	Ich besichtige mit einem Führer das Herrenhaus.	le	un,la,du	visite	le manoir
Je regarde le western le dimanche soir.	Ich schaue mir sonntagabends den Western an.	le	un,la,du	regarde	le western
Je soigne la pneumonie avec des antibiotiques.	Ich behandle mit Antibiotika die Lungenentzündung.	la	une,le,des	soigne	la pneumonie
Je prends l'aspirine contre le mal de tête.	Ich nehme Aspirin gegen die Kopfschmerzen.	l'	le,la,un	prends	l'aspirine
Je visite la mosquée avec respect.	Ich besuche respektvoll die Moschee.	la	une,le,des	visite	la mosquée
J'écoute le sermon chaque dimanche.	Ich höre mir jeden Sonntag die Predigt an.	le	un,la,du	écoute	le sermon
Je salue la nonne respectueusement.	Ich grüße respektvoll die Nonne.	la	une,le,des	salue	la nonne
J'évite le porno avec ses enfants.	Ich vermeide es, mit seinen Kindern Pornos zu schauen.	le	un,la,du	évite	le porno
Je combats la cocaïne avec cette loi.	Ich bekämpfe mit diesem Gesetz Kokain.	la	une,le,des	combats	la cocaïne
J'attends le verdict avec anxiété.	Ich erwarte ängstlich das Urteil.	le	un,la,du	attends	le verdict
Je remercie le coach après le match.	Ich danke dem Coach nach dem Spiel.	le	un,la,du	remercie	le coach
Je remercie la coach pour ses conseils.	Ich danke der Coachin für ihre Ratschläge.	la	une,le,des	remercie	la coach
J'organise le séminaire pour l'équipe.	Ich organisiere für das Team das Seminar.	le	un,la,du	organise	le séminaire
J'évite le projectile de justesse.	Ich weiche gerade noch dem Projektil aus.	le	un,la,du	évite	le projectile
Je cherche la rondelle dans la boîte à outils.	Ich suche die Unterlegscheibe im Werkzeugkasten.	la	une,le,des	cherche	la rondelle
Je ferme la porte-fenêtre avant l'orage.	Ich schließe vor dem Gewitter die Fenstertür.	la	une,le,des	ferme	la porte-fenêtre
J'examine le pénis avec attention.	Ich untersuche aufmerksam den Penis.	le	un,la,du	examine	le pénis
J'examine la verge avec attention.	Ich untersuche aufmerksam den Penis.	la	une,le,des	examine	la verge
Je cherche le gland sous le chêne.	Ich suche die Eichel unter der Eiche.	le	un,la,du	cherche	le gland
J'analyse le sperme en laboratoire.	Ich untersuche das Sperma im Labor.	le	un,la,du	analyse	le sperme
J'examine le vagin avec attention.	Ich untersuche aufmerksam die Vagina.	le	un,la,du	examine	le vagin
J'organise la saillie avec soin.	Ich organisiere sorgfältig die Bedeckung.	la	une,le,des	organise	la saillie
Je copie le texte sans erreur.	Ich kopiere fehlerfrei den Text.	le	un,la,du	copier	copier
Je débranche l'appareil avant de partir.	Ich stecke vor der Abfahrt das Gerät aus.	l'	le,la,un	débrancher	débrancher
Je recharge la batterie chaque nuit.	Ich lade jede Nacht den Akku auf.	la	une,le,des	recharger	recharger
Je trie le linge par couleur.	Ich sortiere die Wäsche nach Farbe.	le	un,la,du	trier	trier
Je recopie le texte proprement.	Ich schreibe den Text sauber ab.	le	un,la,du	recopier	recopier
Je désactive la notification immédiatement.	Ich deaktiviere sofort die Benachrichtigung.	la	une,le,des	désactiver	désactiver
Je débloque le compte après vérification.	Ich gebe das Konto nach Prüfung wieder frei.	le	un,la,du	débloquer	débloquer
Je connecte l'imprimante au réseau.	Ich verbinde den Drucker mit dem Netzwerk.	l'	le,la,un	connecter	connecter
J'évalue le projet avec rigueur.	Ich bewerte genau das Projekt.	le	un,la,du	évaluer	évaluer
Je combine le sucre avec la farine.	Ich kombiniere den Zucker mit dem Mehl.	le	un,la,du	combiner	combiner
J'approfondis le sujet chaque semaine.	Ich vertiefe jede Woche das Thema.	le	un,la,du	approfondir	approfondir
J'anticipe le problème avec soin.	Ich sehe sorgfältig das Problem voraus.	le	un,la,du	anticiper	anticiper
Je détecte la panne rapidement.	Ich erkenne schnell den Defekt.	la	une,le,des	détecter	détecter
Je stabilise le malade en urgence.	Ich stabilisiere dringend den Patienten.	le	un,la,du	stabiliser	stabiliser
Je conteste le verdict fermement.	Ich fechte entschieden das Urteil an.	le	un,la,du	contester	contester
Je secours le blessé immédiatement.	Ich helfe sofort dem Verletzten.	le	un,la,du	secourir	secourir
Je dédie le livre à ma mère.	Ich widme meiner Mutter das Buch.	le	un,la,du	dédier	dédier
Je contredis le témoin avec preuve.	Ich widerspreche dem Zeugen mit Beweisen.	le	un,la,du	contredire	contredire
Je boutonne la veste avant de sortir.	Ich knöpfe vor dem Rausgehen die Jacke zu.	la	une,le,des	boutonner	boutonner
Je déboutonne la chemise lentement.	Ich knöpfe langsam das Hemd auf.	la	une,le,des	déboutonner	déboutonner
Je tresse la natte chaque matin.	Ich flechte jeden Morgen den Zopf.	la	une,le,des	tresser	tresser
Je colorie le dessin avec soin.	Ich male die Zeichnung sorgfältig aus.	le	un,la,du	colorier	colorier
J'aère la chambre chaque matin.	Ich lüfte jeden Morgen das Zimmer.	la	une,le,des	aérer	aérer
Je gouverne le pays avec fermeté.	Ich regiere entschlossen das Land.	le	un,la,du	gouverner	gouverner
J'éduque l'enfant avec patience.	Ich erziehe geduldig das Kind.	l'	le,la,un	éduquer	éduquer
Je hospitalise le patient en urgence.	Ich lasse dringend den Patienten einweisen.	le	un,la,du	hospitaliser	hospitaliser
Je héberge le voyageur pour la nuit.	Ich beherberge für die Nacht den Reisenden.	le	un,la,du	héberger	héberger
J'assortis la couleur avec soin.	Ich stimme sorgfältig die Farbe ab.	la	une,le,des	assortir	assortir
Je sélectionne la candidate avec soin.	Ich wähle sorgfältig die Kandidatin aus.	la	une,le,des	sélectionner	sélectionner
Je programme le robot avec plaisir.	Ich programmiere mit Vergnügen den Roboter.	le	un,la,du	programmer	programmer
J'épluche la pomme avec ce couteau.	Ich schäle den Apfel mit diesem Messer.	la	une,le,des	éplucher	éplucher
Je mastique le pain lentement.	Ich kaue langsam das Brot.	le	un,la,du	mastiquer	mastiquer
Je reporte le rendez-vous à demain.	Ich verschiebe den Termin auf morgen.	le	un,la,du	reporter	reporter
Je taquine le petit frère gentiment.	Ich necke liebevoll den kleinen Bruder.	le	un,la,du	taquiner	taquiner
Je réconforte l'enfant avec tendresse.	Ich tröste liebevoll das Kind.	l'	le,la,un	réconforter	réconforter
Je raccourcis le pantalon de trois centimètres.	Ich kürze die Hose um drei Zentimeter.	le	un,la,du	raccourcir	raccourcir
Je finance le projet entièrement.	Ich finanziere vollständig das Projekt.	le	un,la,du	financer	financer
Je répartis le travail équitablement.	Ich verteile gerecht die Arbeit.	le	un,la,du	répartir	répartir
Je digère le repas difficilement.	Ich verdaue das Essen nur schwer.	le	un,la,du	digérer	digérer
Je motive l'équipe avec enthousiasme.	Ich motiviere begeistert das Team.	l'	le,la,un	motiver	motiver
J'assimile la leçon rapidement.	Ich verinnerliche schnell die Lektion.	la	une,le,des	assimiler	assimiler
Je compense le retard avec effort.	Ich gleiche mit Anstrengung die Verspätung aus.	le	un,la,du	compenser	compenser
Je concilie le travail avec la famille.	Ich vereinbare die Arbeit mit der Familie.	le	un,la,du	concilier	concilier
J'assiège la ville pendant des mois.	Ich belagere monatelang die Stadt.	la	une,le,des	assiéger	assiéger
J'alarme le voisinage immédiatement.	Ich alarmiere sofort die Nachbarschaft.	le	un,la,du	alarmer	alarmer
Je conjugue le verbe au présent.	Ich konjugiere das Verb im Präsens.	le	un,la,du	conjuguer	conjuguer
Je déclame le poème avec passion.	Ich trage leidenschaftlich das Gedicht vor.	le	un,la,du	déclamer	déclamer
Je dément la rumeur catégoriquement.	Ich dementiere kategorisch das Gerücht.	la	une,le,des	démentir	démentir
Je déporte le prisonnier sans procès.	Ich deportiere ohne Prozess den Gefangenen.	le	un,la,du	déporter	déporter
J'enduis le mur de peinture.	Ich streiche die Mauer mit Farbe.	le	un,la,du	enduire	enduire
J'escorte le ministre jusqu'à sa voiture.	Ich begleite den Minister bis zu seinem Auto.	le	un,la,du	escorter	escorter
Je graisse le moteur chaque année.	Ich schmiere jedes Jahr den Motor.	le	un,la,du	graisser	graisser
J'injecte le médicament avec précaution.	Ich injiziere vorsichtig das Medikament.	le	un,la,du	injecter	injecter
J'institue le règlement sans délai.	Ich führe unverzüglich die Regelung ein.	le	un,la,du	instituer	instituer
Je modèle l'argile avec patience.	Ich forme geduldig den Ton.	l'	le,la,un	modeler	modeler
Je recouvre la dette avant l'échéance.	Ich treibe vor der Frist die Schuld ein.	la	une,le,des	recouvrer	recouvrer
Je sabote le projet par jalousie.	Ich sabotiere aus Eifersucht das Projekt.	le	un,la,du	saboter	saboter
Je stimule l'appétit avec cette épice.	Ich rege mit diesem Gewürz den Appetit an.	l'	le,la,un	stimuler	stimuler
J'abolis le privilège définitivement.	Ich schaffe endgültig das Privileg ab.	le	un,la,du	abolir	abolir
J'abrège le discours par respect.	Ich kürze aus Respekt die Rede ab.	le	un,la,du	abréger	abréger
J'accoste le quai avec précaution.	Ich lege vorsichtig am Kai an.	le	un,la,du	accoster	accoster
J'alimente le feu avec du bois.	Ich nähre das Feuer mit Holz.	le	un,la,du	alimenter	alimenter
J'amarre le bateau au ponton.	Ich mache das Boot am Steg fest.	le	un,la,du	amarrer	amarrer
J'amasse la fortune avec le temps.	Ich häufe im Laufe der Zeit ein Vermögen an.	la	une,le,des	amasser	amasser
J'arnaque le client sans scrupule.	Ich betrüge skrupellos den Kunden.	le	un,la,du	arnaquer	arnaquer
J'asperge la plante chaque matin.	Ich besprenkle jeden Morgen die Pflanze.	la	une,le,des	asperger	asperger
J'assigne la tâche à mon collègue.	Ich weise meinem Kollegen die Aufgabe zu.	la	une,le,des	assigner	assigner
J'assourdis le bruit avec ce casque.	Ich dämpfe mit diesem Kopfhörer den Lärm.	le	un,la,du	assourdir	assourdir
J'attèle la jument à la charrette.	Ich spanne die Stute vor den Wagen.	la	une,le,des	atteler	atteler
J'attriste la famille profondément.	Ich betrübe zutiefst die Familie.	la	une,le,des	attrister	attrister
J'avive le conflit sans le vouloir.	Ich schüre ungewollt den Konflikt.	le	un,la,du	aviver	aviver
Je barbouille la façade sans permission.	Ich beschmiere ohne Erlaubnis die Fassade.	la	une,le,des	barbouiller	barbouiller
Je blâme le coupable ouvertement.	Ich beschuldige offen den Schuldigen.	le	un,la,du	blâmer	blâmer
Je cabosse la voiture en se garant.	Ich beule beim Einparken das Auto ein.	la	une,le,des	cabosser	cabosser
Je camoufle la jeep avec des branches.	Ich tarne den Jeep mit Ästen.	la	une,le,des	camoufler	camoufler
Je ceins la taille d'une ceinture.	Ich umgürte die Taille mit einem Gürtel.	la	une,le,des	ceindre	ceindre
Je coffre le voleur sans hésiter.	Ich sperre ohne zu zögern den Dieb ein.	le	un,la,du	coffrer	coffrer
Je consume le bois lentement.	Ich verzehre langsam das Holz.	le	un,la,du	consumer	consumer
Je conte l'histoire avec émotion.	Ich erzähle bewegt die Geschichte.	l'	le,la,un	conter	conter
Je convoite le poste depuis longtemps.	Ich begehre schon lange die Stelle.	le	un,la,du	convoiter	convoiter
Je daigne à peine me regarder.	Ich gewähre mir kaum einen Blick.	à	de,sur,avec	daigner	daigner
Je devance le concurrent sur la ligne.	Ich überhole den Konkurrenten auf der Linie.	le	un,la,du	devancer	devancer
Je douche l'enfant après le sport.	Ich dusche das Kind nach dem Sport.	l'	le,la,un	doucher	doucher
Je déballe la boîte avec joie.	Ich packe freudig die Schachtel aus.	la	une,le,des	déballer	déballer
Je décapite la statue par accident.	Ich enthaupte aus Versehen die Statue.	la	une,le,des	décapiter	décapiter
Je déduis le montant de la facture.	Ich ziehe den Betrag von der Rechnung ab.	le	un,la,du	déduire	déduire
Je dégaine le sabre rapidement.	Ich ziehe schnell den Säbel.	le	un,la,du	dégainer	dégainer
Je délègue la tâche à mon assistant.	Ich übertrage meinem Assistenten die Aufgabe.	la	une,le,des	déléguer	déléguer
Je démêle la laine avec patience.	Ich entwirre geduldig die Wolle.	la	une,le,des	démêler	démêler
Je dénude le câble avec précaution.	Ich entisoliere vorsichtig das Kabel.	le	un,la,du	dénuder	dénuder
Je déplore le manque de moyens.	Ich beklage den Mangel an Mitteln.	le	un,la,du	déplorer	déplorer
Je désarme le suspect calmement.	Ich entwaffne ruhig den Verdächtigen.	le	un,la,du	désarmer	désarmer
Je déterre le trésor enfin.	Ich grabe endlich den Schatz aus.	le	un,la,du	déterrer	déterrer
Je dévie le trafic temporairement.	Ich leite vorübergehend den Verkehr um.	le	un,la,du	dévier	dévier
Je dévêts l'enfant avant le bain.	Ich ziehe das Kind vor dem Bad aus.	l'	le,la,un	dévêtir	dévêtir
J'embaume le corps selon la tradition.	Ich balsamiere nach der Tradition den Körper ein.	le	un,la,du	embaumer	embaumer
J'empoche l'argent sans hésiter.	Ich stecke ohne zu zögern das Geld ein.	l'	le,la,un	empocher	empocher
J'influence le résultat sans le vouloir.	Ich beeinflusse ungewollt das Ergebnis.	le	un,la,du	influencer	influencer
Je convie le voisin à la fête.	Ich lade den Nachbarn zur Feier ein.	le	un,la,du	convier	convier
J'abreuve le cheval chaque matin.	Ich tränke jeden Morgen das Pferd.	le	un,la,du	abreuver	abreuver
J'assemble la commode en une heure.	Ich baue in einer Stunde die Kommode zusammen.	la	une,le,des	assembler	assembler
Je bannis le mot de son vocabulaire.	Ich verbanne das Wort aus seinem Wortschatz.	le	un,la,du	bannir	bannir
Je crucifie le condamné selon la coutume.	Ich kreuzige nach dem Brauch den Verurteilten.	le	un,la,du	crucifier	crucifier
J'endure la douleur sans se plaindre.	Ich ertrage klaglos den Schmerz.	la	une,le,des	endurer	endurer
J'ensevelis le corps avec respect.	Ich begrabe respektvoll den Körper.	le	un,la,du	ensevelir	ensevelir
J'esquive le coup de justesse.	Ich weiche gerade noch dem Schlag aus.	le	un,la,du	esquiver	esquiver
J'exauce le vœu avec joie.	Ich erfülle freudig den Wunsch.	le	un,la,du	exaucer	exaucer
J'expulse l'intrus immédiatement.	Ich vertreibe sofort den Eindringling.	l'	le,la,un	expulser	expulser
Je farde le visage légèrement.	Ich schminke leicht das Gesicht.	le	un,la,du	farder	farder
Je fortifie la ville avant l'attaque.	Ich befestige vor dem Angriff die Stadt.	la	une,le,des	fortifier	fortifier
Je foule la grappe avec les pieds.	Ich stampfe mit den Füßen die Traubentraube.	la	une,le,des	fouler	fouler
Je gerbe le blé en été.	Ich binde im Sommer das Getreide zu Garben.	le	un,la,du	gerber	gerber
Je glane l'information sur internet.	Ich sammle im Internet die Information.	l'	le,la,un	glaner	glaner
Je griffe le canapé sans le vouloir.	Ich zerkratze ungewollt das Sofa.	le	un,la,du	griffer	griffer
Je hache l'oignon finement.	Ich hacke fein die Zwiebel.	l'	le,la,un	hacher	hacher
Je happe le ballon au vol.	Ich schnappe den Ball im Flug.	le	un,la,du	happer	happer
Je hasarde l'hypothèse avec prudence.	Ich wage vorsichtig die Hypothese.	l'	le,la,un	hasarder	hasarder
Je humecte le tissu avant de repasser.	Ich befeuchte vor dem Bügeln den Stoff.	le	un,la,du	humecter	humecter
J'inculque la discipline avec patience.	Ich vermittle geduldig die Disziplin.	la	une,le,des	inculquer	inculquer
J'initie le débutant avec patience.	Ich führe geduldig den Anfänger ein.	le	un,la,du	initier	initier
J'injurie le voisin par colère.	Ich beleidige wütend den Nachbarn.	le	un,la,du	injurier	injurier
J'intitule la partie avec soin.	Ich betitele sorgfältig den Teil.	la	une,le,des	intituler	intituler
Je jalonne le parcours avec des drapeaux.	Ich markiere die Strecke mit Fahnen.	le	un,la,du	jalonner	jalonner
Je laboure le champ avant l'hiver.	Ich pflüge vor dem Winter das Feld.	le	un,la,du	labourer	labourer
Je licencie l'employé avec regret.	Ich entlasse bedauernd den Angestellten.	l'	le,la,un	licencier	licencier
Je lorgne le gâteau avec envie.	Ich schiele begehrlich auf den Kuchen.	le	un,la,du	lorgner	lorgner
Je lègue la maison à ses enfants.	Ich vermache seinen Kindern das Haus.	la	une,le,des	léguer	léguer
Je maugrée contre cette décision injuste.	Ich murre über diese ungerechte Entscheidung.	contre	pour,avec,sans	maugréer	maugréer
Je meurtris le fruit en tombant.	Ich quetsche beim Fallen die Frucht.	le	un,la,du	meurtrir	meurtrir
Je mobilise le personnel en urgence.	Ich mobilisiere dringend das Personal.	le	un,la,du	mobiliser	mobiliser
Je mouche l'enfant avant de sortir.	Ich putze dem Kind vor dem Rausgehen die Nase.	l'	le,la,un	moucher	moucher
Je moule la pâte en forme de cœur.	Ich forme den Teig herzförmig.	la	une,le,des	mouler	mouler
Je niche l'oiseau dans le nid.	Der Vogel nistet im Nest.	l'	le,la,un	nicher	nicher
J'oppresse le peuple depuis des années.	Ich unterdrücke seit Jahren das Volk.	le	un,la,du	oppresser	oppresser
J'ourle la jupe avec soin.	Ich säume sorgfältig den Rock.	la	une,le,des	ourler	ourler
Je parsème le gâteau de sucre glace.	Ich bestreue den Kuchen mit Puderzucker.	le	un,la,du	parsemer	parsemer
Je peigne le cheveu avant de sortir.	Ich kämme vor dem Rausgehen die Haare.	le	un,la,du	peigner	peigner
Je ploie le genou devant le roi.	Ich beuge vor dem König das Knie.	le	un,la,du	ployer	ployer
Je pompe l'eau du sous-sol.	Ich pumpe das Wasser aus dem Keller.	l'	le,la,un	pomper	pomper
Je ponds l'œuf chaque matin.	Ich lege jeden Morgen das Ei.	l'	le,la,un	pondre	pondre
Je prédis l'avenir avec assurance.	Ich sage selbstsicher die Zukunft voraus.	l'	le,la,un	prédire	prédire
Je prélève le sang avant l'examen.	Ich nehme vor der Untersuchung Blut ab.	le	un,la,du	prélever	prélever
Je prétexte la fatigue pour partir tôt.	Ich gebe Müdigkeit vor, um früh zu gehen.	la	une,le,des	prétexter	prétexter
Je purge la peine sans se plaindre.	Ich verbüße klaglos die Strafe.	la	une,le,des	purger	purger
Je rabâche le même conseil.	Ich wiederhole ständig denselben Rat.	le	un,la,du	rabâcher	rabâcher
Je rafle la médaille sans effort.	Ich räume mühelos die Medaille ab.	la	une,le,des	rafler	rafler
Je rapièce le pantalon avec ce tissu.	Ich flicke die Hose mit diesem Stoff.	le	un,la,du	rapiécer	rapiécer
Je ratisse le jardin chaque automne.	Ich harke jeden Herbst den Garten.	le	un,la,du	ratisser	ratisser
Je relaie l'information sur les réseaux.	Ich verbreite die Information in den sozialen Netzwerken.	l'	le,la,un	relayer	relayer
Je renferme le secret en lui.	Er birgt das Geheimnis in sich.	le	un,la,du	renfermer	renfermer
Je reprise la chaussette avec du fil.	Ich stopfe die Socke mit Faden.	la	une,le,des	repriser	repriser
Je restitue l'argent sans tarder.	Ich erstatte unverzüglich das Geld.	l'	le,la,un	restituer	restituer
Je rumine la pensée toute la nuit.	Ich wälze die ganze Nacht den Gedanken.	la	une,le,des	ruminer	ruminer
Je saoule la foule de paroles.	Ich berausche die Menge mit Worten.	la	une,le,des	saouler	saouler
Je sonde l'opinion des habitants.	Ich ergründe die Meinung der Einwohner.	l'	le,la,un	sonder	sonder
Je soude le tuyau avec précaution.	Ich schweiße vorsichtig das Rohr.	le	un,la,du	souder	souder
Je subjugue le public avec talent.	Ich fessle mit Talent das Publikum.	le	un,la,du	subjuguer	subjuguer
Je surpasse le record facilement.	Ich übertreffe mühelos den Rekord.	le	un,la,du	surpasser	surpasser
Je tamponne le document avant l'envoi.	Ich stemple vor dem Versand das Dokument.	le	un,la,du	tamponner	tamponner
Je tonds le mouton chaque printemps.	Ich schere jeden Frühling das Schaf.	le	un,la,du	tondre	tondre
Je trais la vache chaque matin.	Ich melke jeden Morgen die Kuh.	la	une,le,des	traire	traire
Je troque le vélo contre une guitare.	Ich tausche das Fahrrad gegen eine Gitarre.	le	un,la,du	troquer	troquer
Je vernis le meuble avant l'été.	Ich lackiere vor dem Sommer das Möbelstück.	le	un,la,du	vernir	vernir
Je visse le cadre au mur.	Ich schraube den Rahmen an die Wand.	le	un,la,du	visser	visser
Je voûte le plafond de la cave.	Ich wölbe die Decke des Kellers.	le	un,la,du	voûter	voûter
J'ébauche le plan sur un papier.	Ich entwerfe auf einem Papier den Plan.	le	un,la,du	ébaucher	ébaucher
J'égorge l'animal selon le rite.	Ich schlachte das Tier nach dem Ritus.	l'	le,la,un	égorger	égorger
J'égoutte la pâte avant de servir.	Ich lasse vor dem Servieren die Nudeln abtropfen.	la	une,le,des	égoutter	égoutter
J'éjecte le disque du lecteur.	Ich werfe die Disc aus dem Player aus.	le	un,la,du	éjecter	éjecter
J'énonce le théorème clairement.	Ich formuliere klar den Satz.	le	un,la,du	énoncer	énoncer
J'énumère l'avantage un par un.	Ich zähle die Vorteile einzeln auf.	l'	le,la,un	énumérer	énumérer
J'épaissis la sauce avec de la farine.	Ich binde die Soße mit Mehl.	la	une,le,des	épaissir	épaissir
J'érige le monument en son honneur.	Ich errichte ihm zu Ehren das Denkmal.	le	un,la,du	ériger	ériger
J'évente la pièce avant les invités.	Ich lüfte vor den Gästen den Raum.	la	une,le,des	éventer	éventer
J'accoutume l'enfant à l'ordre.	Ich gewöhne das Kind an Ordnung.	l'	le,la,un	accoutumer	accoutumer
J'affermis le lien entre les deux pays.	Ich festige das Band zwischen beiden Ländern.	le	un,la,du	affermir	affermir
Je barricade la porte avec un meuble.	Ich verbarrikadiere mit einem Möbelstück die Tür.	la	une,le,des	barricader	barricader
Je consolide le mur avant l'hiver.	Ich verstärke vor dem Winter die Mauer.	le	un,la,du	consolider	consolider
Je dupe l'acheteur sans scrupule.	Ich täusche skrupellos den Käufer.	l'	le,la,un	duper	duper
Je décompose le problème en étapes.	Ich zerlege das Problem in Schritte.	le	un,la,du	décomposer	décomposer
Je déconcerte le public par sa réponse.	Ich verwirre mit seiner Antwort das Publikum.	le	un,la,du	déconcerter	déconcerter
Je dérouille la bicyclette avant l'été.	Ich entroste vor dem Sommer das Fahrrad.	la	une,le,des	dérouiller	dérouiller
Je déshonore la famille sans le vouloir.	Ich entehre ungewollt die Familie.	la	une,le,des	déshonorer	déshonorer
J'effiloche le tissu sans le vouloir.	Ich franse ungewollt den Stoff aus.	le	un,la,du	effilocher	effilocher
J'embrouille la situation sans le vouloir.	Ich bringe ungewollt die Lage durcheinander.	la	une,le,des	embrouiller	embrouiller
J'enfreins la règle sans le savoir.	Ich verstoße unwissentlich gegen die Regel.	la	une,le,des	enfreindre	enfreindre
J'environne le château de douves.	Ich umgebe das Schloss mit Wassergräben.	le	un,la,du	environner	environner
J'excède le délai autorisé.	Ich überschreite die erlaubte Frist.	le	un,la,du	excéder	excéder
J'extermine le nuisible définitivement.	Ich rotte endgültig den Schädling aus.	le	un,la,du	exterminer	exterminer
Je brasse la bière artisanale.	Ich braue handwerkliches Bier.	la	une,le,des	brasser	brasser
Je broute l'herbe tranquillement.	Die Kuh grast ruhig das Gras.	l'	le,la,un	brouter	brouter
Je clame l'innocence haut et fort.	Ich beteuere laut die Unschuld.	l'	le,la,un	clamer	clamer
Je divertis le public avec talent.	Ich unterhalte geschickt das Publikum.	le	un,la,du	divertir	divertir
Je gave l'enfant de bonbons.	Ich stopfe das Kind mit Süßigkeiten voll.	l'	le,la,un	gaver	gaver
Je gaze le nuisible du grenier.	Ich vergase den Schädling auf dem Dachboden.	le	un,la,du	gazer	gazer
Je gobe l'œuf cru.	Ich schlinge das rohe Ei hinunter.	l'	le,la,un	gober	gober
Je hypnotise le patient avec douceur.	Ich hypnotisiere sanft den Patienten.	le	un,la,du	hypnotiser	hypnotiser
Je nécessite la patience et du temps.	Es erfordert Geduld und Zeit.	la	une,le,des	nécessiter	nécessiter
Je pèle la pomme avec ce couteau.	Ich schäle mit diesem Messer den Apfel.	la	une,le,des	peler	peler
Je persécute le minorité sans relâche.	Ich verfolge unermüdlich die Minderheit.	le	un,la,du	persécuter	persécuter
Je pile l'ail avec ce mortier.	Ich zerstoße den Knoblauch mit diesem Mörser.	l'	le,la,un	piler	piler
Je pourchasse le voleur sans relâche.	Ich verfolge unermüdlich den Dieb.	le	un,la,du	pourchasser	pourchasser
Je ranime le blessé avec précaution.	Ich wiederbelebe vorsichtig den Verletzten.	le	un,la,du	ranimer	ranimer
Je ravale la salive nerveusement.	Ich schlucke nervös den Speichel herunter.	la	une,le,des	ravaler	ravaler
Je retranche le montant du total.	Ich ziehe den Betrag von der Summe ab.	le	un,la,du	retrancher	retrancher
Je récompense l'effort avec justice.	Ich belohne gerecht den Einsatz.	l'	le,la,un	récompenser	récompenser
Je sale la soupe avec précaution.	Ich salze vorsichtig die Suppe.	la	une,le,des	saler	saler
Je scandalise le public sans le vouloir.	Ich schockiere ungewollt das Publikum.	le	un,la,du	scandaliser	scandaliser
Je simplifie la procédure pour tous.	Ich vereinfache für alle das Verfahren.	la	une,le,des	simplifier	simplifier
Je soustrais le montant de la facture.	Ich ziehe den Betrag von der Rechnung ab.	le	un,la,du	soustraire	soustraire
Je symbolise la paix dans le monde.	Ich symbolisiere den Frieden auf der Welt.	la	une,le,des	symboliser	symboliser
Je terrorise la population depuis des mois.	Ich terrorisiere seit Monaten die Bevölkerung.	la	une,le,des	terroriser	terroriser
J'éclabousse le passant par accident.	Ich bespritze aus Versehen den Passanten.	le	un,la,du	éclabousser	éclabousser
J'époussette l'étagère chaque semaine.	Ich entstaube jede Woche das Regal.	l'	le,la,un	épousseter	épousseter
J'épouvante l'enfant sans le vouloir.	Ich erschrecke ungewollt das Kind.	l'	le,la,un	épouvanter	épouvanter
Je capte le signal avec cette antenne.	Ich empfange mit dieser Antenne das Signal.	le	un,la,du	capter	capter
Je blague avec mes amis.	Ich mache Witze mit meinen Freunden.	avec	chez,pour,sans	blaguer	blaguer
Je concède la défaite avec élégance.	Ich gebe elegant die Niederlage zu.	la	une,le,des	concéder	concéder
J'objecte le prix trop élevé.	Ich wende den zu hohen Preis ein.	le	un,la,du	objecter	objecter
J'étaye l'argument avec des faits.	Ich untermauere das Argument mit Fakten.	l'	le,la,un	étayer	étayer
Je module la fréquence avec précision.	Ich stelle präzise die Frequenz ein.	la	une,le,des	moduler	moduler
J'angoisse l'élève sans le vouloir.	Ich ängstige ungewollt den Schüler.	l'	le,la,un	angoisser	angoisser
Je beugle de colère.	Ich brülle vor Wut.	de	à,sur,avec	beugler	beugler
Je distille l'alcool avec précaution.	Ich destilliere vorsichtig den Alkohol.	l'	le,la,un	distiller	distiller
Je neutralise le danger immédiatement.	Ich entschärfe sofort die Gefahr.	le	un,la,du	neutraliser	neutraliser
Je mendie l'aumône devant l'église.	Ich bettele vor der Kirche um Almosen.	l'	le,la,un	mendier	mendier
J'essouffle la coureuse rapidement.	Ich bringe schnell die Läuferin außer Atem.	la	une,le,des	essouffler	essouffler
Je fris la pomme de terre dans l'huile.	Ich brate die Kartoffel im Öl.	la	une,le,des	frire	frire
Je râpe le fromage avant de servir.	Ich reibe vor dem Servieren den Käse.	le	un,la,du	râper	râper
Je pille la boutique en pleine nuit.	Ich plündere mitten in der Nacht das Geschäft.	la	une,le,des	piller	piller
J'ancre le bateau au port.	Ich verankere das Boot im Hafen.	le	un,la,du	ancrer	ancrer
Je somme le voleur de se rendre.	Ich fordere den Dieb auf, sich zu ergeben.	le	un,la,du	sommer	sommer
J'exile la reine sans procès.	Ich verbanne ohne Prozess die Königin.	la	une,le,des	exiler	exiler
Je scelle la lettre avec cire.	Ich versiegele mit Wachs den Brief.	la	une,le,des	sceller	sceller
J'allège le sac avant de partir.	Ich erleichtere vor der Abfahrt den Rucksack.	le	un,la,du	alléger	alléger
Je ravive la flamme avec du bois sec.	Ich fache mit trockenem Holz die Flamme neu an.	la	une,le,des	raviver	raviver
Je captive le public dès le début.	Ich fessle das Publikum von Anfang an.	le	un,la,du	captiver	captiver
Je purifie l'eau avant de boire.	Ich reinige vor dem Trinken das Wasser.	l'	le,la,un	purifier	purifier
Je reluque la vitrine avec envie.	Ich mustere begehrlich das Schaufenster.	la	une,le,des	reluquer	reluquer
Je susurre le secret à l'oreille.	Ich flüstere das Geheimnis ins Ohr.	le	un,la,du	susurrer	susurrer
Je relance l'économie avec ce plan.	Ich kurble mit diesem Plan die Wirtschaft an.	l'	le,la,un	relancer	relancer
J'effrite le mur avec le temps.	Die Mauer bröckelt mit der Zeit.	le	un,la,du	effriter	effriter
Je triture le papier nerveusement.	Ich zerknülle nervös das Papier.	le	un,la,du	triturer	triturer
Je dégrafe le collier avec précaution.	Ich hake vorsichtig die Halskette auf.	le	un,la,du	dégrafer	dégrafer
Je remémore le souvenir avec émotion.	Ich rufe bewegt die Erinnerung wieder ins Gedächtnis.	le	un,la,du	remémorer	remémorer
Je délaisse le projet sans regret.	Ich gebe ohne Bedauern das Projekt auf.	le	un,la,du	délaisser	délaisser
J'incendie la grange par accident.	Ich setze aus Versehen die Scheune in Brand.	la	une,le,des	incendier	incendier
J'obscurcis la pièce avant le film.	Ich verdunkle vor dem Film den Raum.	la	une,le,des	obscurcir	obscurcir
Je dévalise la banque sans arme.	Ich plündere ohne Waffe die Bank aus.	la	une,le,des	dévaliser	dévaliser
Je pétrifie le spectateur de terreur.	Ich lasse vor Schreck den Zuschauer erstarren.	le	un,la,du	pétrifier	pétrifier
Je fracasse la vitre par accident.	Ich zerschmettere aus Versehen die Scheibe.	la	une,le,des	fracasser	fracasser
Je propulse le ballon avec force.	Ich schleudere kräftig den Ball.	le	un,la,du	propulser	propulser
Je stupéfie le jury par sa réponse.	Ich verblüffe mit seiner Antwort die Jury.	le	un,la,du	stupéfier	stupéfier
Je trimbale la valise toute la journée.	Ich schleppe den ganzen Tag den Koffer mit mir herum.	la	une,le,des	trimbaler	trimbaler
Je blasphème contre la religion.	Ich lästere gegen die Religion.	contre	pour,avec,sans	blasphémer	blasphémer
Je bafouille l'excuse avec gêne.	Ich stammele verlegen die Entschuldigung.	l'	le,la,un	bafouiller	bafouiller
Je griffonne la note rapidement.	Ich kritzele schnell die Notiz.	la	une,le,des	griffonner	griffonner
Je rassérène l'enfant avec des mots doux.	Ich beruhige das Kind mit sanften Worten.	l'	le,la,un	rasséréner	rasséréner
Je retrousse la manche avant de travailler.	Ich krempele vor der Arbeit den Ärmel hoch.	la	une,le,des	retrousser	retrousser
Je chatouille la petite sœur doucement.	Ich kitzele sanft die kleine Schwester.	la	une,le,des	chatouiller	chatouiller
J'enthousiasme le public dès le début.	Ich begeistere von Anfang an das Publikum.	le	un,la,du	enthousiasmer	enthousiasmer
Je réquisitionne le matériel sans délai.	Ich requiriere unverzüglich das Material.	le	un,la,du	réquisitionner	réquisitionner
Je sous-estime le danger par erreur.	Ich unterschätze irrtümlich die Gefahr.	le	un,la,du	sous-estimer	sous-estimer
J'éternue à cause du pollen.	Ich niese wegen der Pollen.	à	dans,sur,avec	éternuer	éternuer
Je flâne dans les rues de la vieille ville.	Ich bummele durch die Gassen der Altstadt.	dans	à,sur,avec	flâner	flâner
Je bricole dans le garage le week-end.	Ich werkele am Wochenende in der Garage.	dans	à,sur,avec	bricoler	bricoler
Je maigris grâce à ce régime.	Ich nehme dank dieser Diät ab.	grâce	à,dans,sur	maigrir	maigrir
Je bronze sur la plage tout l'été.	Ich bräune den ganzen Sommer am Strand.	sur	à,dans,avec	bronzer	bronzer
Je patine sur le lac gelé.	Ich laufe auf dem zugefrorenen See Schlittschuh.	sur	à,dans,avec	patiner	patiner
Je klaxonne sans raison.	Ich hupe grundlos.	sans	à,dans,sur	klaxonner	klaxonner
Je bourdonne autour de la ruche.	Es summt um den Bienenstock herum.	autour	à,dans,sur	bourdonner	bourdonner
Je terrasse avec cette pelleteuse.	Ich mache mit diesem Bagger Erdarbeiten.	avec	à,dans,sur	terrasser	terrasser
Je carre dans le fauteuil confortablement.	Ich setze mich bequem in den Sessel.	dans	à,sur,avec	carrer	carrer
J'avère sans hésiter les faits.	Ich bestätige ohne zu zögern die Fakten.	sans	à,dans,sur	avérer	avérer
J'opine du chef en silence.	Ich nicke schweigend zustimmend.	du	à,dans,sur	opiner	opiner
J'affleure à la surface de l'eau.	Es tritt an die Wasseroberfläche.	à	dans,sur,avec	affleurer	affleurer
J'alterne entre le travail et le repos.	Ich wechsle zwischen Arbeit und Ruhe ab.	entre	à,dans,sur	alterner	alterner
Je ballotte dans le sac de sport.	Es schwappt in der Sporttasche herum.	dans	à,sur,avec	ballotter	ballotter
Je capitule face à la fatigue.	Ich gebe angesichts der Müdigkeit auf.	face	à,dans,sur	capituler	capituler
Je diplôme après cinq années d'études.	Ich schließe nach fünf Studienjahren ab.	après	à,dans,sur	diplômer	diplômer
Je divague sans raison apparente.	Ich schwafele ohne erkennbaren Grund.	sans	à,dans,sur	divaguer	divaguer
Je paume dans la foule.	Ich verliere mich in der Menge.	dans	à,sur,avec	paumer	paumer
Je voltige au-dessus du champ.	Er schwebt über dem Feld.	au-dessus	à,dans,sur	voltiger	voltiger
J'adhère à cette idée pleinement.	Ich schließe mich dieser Idee voll an.	à	dans,sur,avec	adhérer	adhérer
J'affluent vers le centre-ville.	Sie strömen zum Stadtzentrum.	vers	à,dans,sur	affluer	affluer
Je brame dans la forêt à l'automne.	Er röhrt im Herbst im Wald.	dans	à,sur,avec	bramer	bramer
Je cavale vers la sortie.	Ich renne zum Ausgang.	vers	à,dans,sur	cavaler	cavaler
Je chancelle sous le poids du sac.	Ich wanke unter dem Gewicht der Tasche.	sous	à,dans,sur	chanceler	chanceler
Je chavire sous une vague énorme.	Es kentert unter einer riesigen Welle.	sous	à,dans,sur	chavirer	chavirer
Je clignote dans la nuit.	Es blinkt in der Nacht.	dans	à,sur,avec	clignoter	clignoter
Je déambule dans les couloirs du musée.	Ich schlendere durch die Gänge des Museums.	dans	à,sur,avec	déambuler	déambuler
Je décampe sans un mot.	Ich verschwinde wortlos.	sans	à,dans,sur	décamper	décamper
Je décède à l'âge de quatre-vingt-dix ans.	Er stirbt im Alter von neunzig Jahren.	à	dans,sur,avec	décéder	décéder
Je déraille à cause de la neige.	Er entgleist wegen des Schnees.	à	dans,sur,avec	dérailler	dérailler
Je dérape sur la route verglacée.	Ich rutsche auf der vereisten Straße.	sur	à,dans,avec	déraper	déraper
J'estompe avec le temps.	Es verblasst mit der Zeit.	avec	à,dans,sur	estomper	estomper
Je faiblis sous la pression.	Ich werde unter dem Druck schwächer.	sous	à,dans,sur	faiblir	faiblir
Je flirte avec son voisin de table.	Ich flirte mit seinem Tischnachbarn.	avec	à,dans,sur	flirter	flirter
Je fléchis sous le poids.	Ich beuge mich unter dem Gewicht.	sous	à,dans,sur	fléchir	fléchir
Je frime devant ses amis.	Ich gebe vor seinen Freunden an.	devant	à,dans,sur	frimer	frimer
Je glousse de plaisir.	Ich gluckse vor Vergnügen.	de	à,dans,sur	glousser	glousser
Je louche sur le dessert du voisin.	Ich schiele auf das Dessert des Nachbarn.	sur	à,dans,avec	loucher	loucher
Je magne avant l'heure limite.	Ich beeile mich vor dem Zeitlimit.	avant	à,dans,sur	magner	magner
J'expire par la bouche lentement.	Ich atme langsam durch den Mund aus.	par	à,dans,sur	expirer	expirer
Je moufte sans un mot.	Ich muckse mich nicht mit einem Wort.	sans	à,dans,sur	moufter	moufter
Je méconnais sur ce dossier la vérité.	Ich verkenne bei dieser Akte die Wahrheit.	sur	à,dans,avec	méconnaitre	méconnaitre
Je patauge dans la boue.	Ich wate im Schlamm.	dans	à,sur,avec	patauger	patauger
Je paissent dans le pré.	Sie weiden auf der Wiese.	dans	à,sur,avec	paître	paître
Je picole avec ses amis le samedi.	Ich saufe samstags mit seinen Freunden.	avec	à,dans,sur	picoler	picoler
Je promeus avec conviction ce projet.	Ich fördere überzeugt dieses Projekt.	avec	à,dans,sur	promouvoir	promouvoir
Je rajeunis grâce à ce sérum.	Ich verjünge mich dank dieses Serums.	grâce	à,dans,sur	rajeunir	rajeunir
Je mijote à feu doux.	Es köchelt bei niedriger Hitze.	à	dans,sur,avec	mijoter	mijoter
Je rehausse avec des coussins.	Ich erhöhe mit Kissen.	avec	à,dans,sur	rehausser	rehausser
Je sirote un cocktail sur la terrasse.	Ich nippe auf der Terrasse an einem Cocktail.	un	à,dans,sur	siroter	siroter
Je surfe avec plaisir chaque été.	Ich surfe jeden Sommer mit Vergnügen.	avec	à,dans,sur	surfer	surfer
Je séjourne dans cet hôtel chaque été.	Ich halte mich jeden Sommer in diesem Hotel auf.	dans	à,sur,avec	séjourner	séjourner
Je tangue sous la houle.	Es schaukelt in der Dünung.	sous	à,dans,sur	tanguer	tanguer
J'agglutinent autour du buffet.	Sie drängen sich um das Buffet.	autour	à,dans,sur	agglutiner	agglutiner
Je coïncide avec son anniversaire.	Es fällt mit seinem Geburtstag zusammen.	avec	à,dans,sur	coïncider	coïncider
J'enlise dans le sable mouvant.	Ich sinke im Treibsand ein.	dans	à,sur,avec	enliser	enliser
Je farfouille dans le tiroir.	Ich wühle in der Schublade herum.	dans	à,sur,avec	farfouiller	farfouiller
Je gesticule en expliquant l'histoire.	Ich gestikuliere beim Erzählen der Geschichte.	en	à,dans,sur	gesticuler	gesticuler
Je rugis de colère.	Ich brülle vor Wut.	de	à,dans,sur	rugir	rugir
Je rôtis au soleil sur la plage.	Ich brate in der Sonne am Strand.	au	à,dans,sur	rôtir	rôtir
Je surplombe avec majesté toute la vallée.	Es überragt majestätisch das gesamte Tal.	avec	à,dans,sur	surplomber	surplomber
Je tarit après des mois de sécheresse.	Er versiegt nach Monaten Trockenheit.	après	à,dans,sur	tarir	tarir
Je converse avec mon voisin sur le balcon.	Ich unterhalte mich mit meinem Nachbarn auf dem Balkon.	avec	à,dans,sur	converser	converser
J'abonde dans ce sens.	Ich stimme dem völlig zu.	dans	à,sur,avec	abonder	abonder
Je roupille sur le canapé.	Ich schlafe auf dem Sofa.	sur	à,dans,avec	roupiller	roupiller
Je crame sur la plaque chauffante.	Es verbrennt auf der Herdplatte.	sur	à,dans,avec	cramer	cramer
Je peste contre les embouteillages.	Ich schimpfe über die Staus.	contre	à,dans,sur	pester	pester
Je ronchonne contre tout le monde.	Ich meckere über alle.	contre	à,dans,sur	ronchonner	ronchonner
Je mue au printemps chaque année.	Es häutet sich jedes Jahr im Frühling.	au	à,dans,sur	muer	muer
Je vogue vers l'horizon.	Ich segele Richtung Horizont.	vers	à,dans,sur	voguer	voguer
Je tonne au loin.	Es donnert in der Ferne.	au	à,dans,sur	tonner	tonner
Je vanne sur l'aire chaque automne.	Ich worfle jeden Herbst auf der Tenne.	sur	à,dans,avec	vanner	vanner
Je cille sous la lumière vive.	Ich blinzele im grellen Licht.	sous	à,dans,sur	ciller	ciller
Je pèche par excès de confiance.	Ich versündige mich durch übertriebenes Vertrauen.	par	à,dans,sur	pécher	pécher
Je sourd de la roche.	Es quillt aus dem Fels.	de	à,dans,sur	sourdre	sourdre
Je bégaie sous le stress.	Ich stottere unter Stress.	sous	à,dans,sur	bégayer	bégayer
Je lamente sur son sort.	Ich jammere über sein Schicksal.	sur	à,dans,avec	lamenter	lamenter
J'afflige de tristesse toute la famille.	Ich betrübe die ganze Familie.	de	à,dans,sur	affliger	affliger
Je démerde sans aide extérieure.	Ich komme ohne fremde Hilfe zurecht.	sans	à,dans,sur	démerder	démerder
J'incombe à moi seul.	Es obliegt allein mir.	à	dans,sur,avec	incomber	incomber
Je fourgue au marché noir.	Ich verhökere es auf dem Schwarzmarkt.	au	à,dans,sur	fourguer	fourguer
Je tripote avec son téléphone.	Ich befummele sein Telefon.	avec	à,dans,sur	tripoter	tripoter
J'extasie devant ce paysage.	Ich bin entzückt von dieser Landschaft.	devant	à,dans,sur	extasier	extasier
Je déboule dans la pièce.	Ich stürme ins Zimmer.	dans	à,sur,avec	débouler	débouler
Je trottine derrière sa mère.	Es trippelt hinter seiner Mutter her.	derrière	à,dans,sur	trottiner	trottiner
Je méprends sur ses intentions.	Ich irre mich über seine Absichten.	sur	à,dans,avec	méprendre	méprendre
Je rivalise avec les meilleurs élèves.	Ich wetteifere mit den besten Schülern.	avec	à,dans,sur	rivaliser	rivaliser
Je défaille de chaleur.	Ich falle vor Hitze fast in Ohnmacht.	de	à,dans,sur	défaillir	défaillir
Je dégouline sur le sol.	Es tropft auf den Boden.	sur	à,dans,avec	dégouliner	dégouliner
Je pelotonne sous la couette.	Ich kuschele mich unter die Decke.	sous	à,dans,sur	pelotonner	pelotonner
Je rapplique sans prévenir.	Ich tauche unangekündigt auf.	sans	à,dans,sur	rappliquer	rappliquer
Je bouillonne sur le feu.	Es sprudelt auf dem Herd.	sur	à,dans,avec	bouillonner	bouillonner
Je pleurniche pour un rien.	Ich quengele wegen nichts.	pour	à,dans,sur	pleurnicher	pleurnicher
Je m'avère utile dans cette situation.	Ich erweise mich in dieser Situation als nützlich.	utile	à,dans,sur	s'avérer	s'avérer
Je m'enivre de musique.	Ich berausche mich an Musik.	de	à,dans,sur	s'enivrer	s'enivrer
Je m'abreuve à la source.	Ich trinke aus der Quelle.	à	dans,sur,avec	s'abreuver	s'abreuver
Je m'abstiens de tout commentaire.	Ich enthalte mich jeden Kommentars.	de	à,dans,sur	s'abstenir	s'abstenir
Je m'énonce clairement devant le jury.	Ich formuliere mich klar vor der Jury.	clairement	à,dans,sur	s'énoncer	s'énoncer
Je m'afflige de cette perte.	Ich gräme mich über diesen Verlust.	de	à,dans,sur	s'affliger	s'affliger
Je m'approprie cette idée sans le vouloir.	Ich eigne mir ungewollt diese Idee an.	cette	à,dans,sur	s'approprier	s'approprier
Il neige depuis ce matin sur la montagne.	Es schneit seit heute Morgen auf dem Berg.	neige	pleut,gèle,vente	neiger	neiger
Le projet avorte à cause du manque de fonds.	Das Projekt scheitert wegen Geldmangels.	à	de,sur,avec	avorter	avorter
Je mûris avec l'expérience chaque année.	Ich reife jedes Jahr mit der Erfahrung.	avec	à,dans,sur	mûrir	mûrir
