source_display	target	card_type	level	word_class	gender	flelex_word	freq_total
avoir	haben	words	A1	verb		avoir	19212.14
dans	in	words	A1	preposition		dans	8885.44
elle	sie	words	A1	pronoun	feminine	elle	6038.16
faire	machen	words	A1	verb		faire	5619.66
plus	am -sten	words	A1	adverb		plus	5590.72
mais	aber	words	A1	conjunction		mais	5297.00
tout	alles / ganz	words	A1	pronoun		tout	4065.53
avec	mit	words	A1	preposition		avec	4037.92
Aller	gehen	words	A1	verb		aller	3931.76
dire	sagen	words	A1	verb		dire	3665.34
pouvoir	können	words	A1	verb		pouvoir	3423.85
lui	ihm / er	words	A1	pronoun		lui	3343.49
bien	gut	words	A1	adverb		bien	2682.03
voir	sehen	words	A1	verb		voir	2293.67
autre	andere(r)	words	A1	adjective		autre	2237.40
cela	das / dies	words	A1	pronoun		cela	2094.53
vouloir	wollen	words	A1	verb		vouloir	1940.96
tout	alles / ganz	words	A1	adverb		tout	1881.54
moi	mir / ich	words	A1	pronoun		moi	1867.69
aussi	auch	words	A1	adverb		aussi	1838.20
l' an	Jahr	words	A1	noun	masculine	an	1795.66
l' homme	Mann	words	A1	noun	masculine	homme	1776.87
grand	groß	words	A1	adjective		grand	1751.44
savoir	wissen	words	A1	verb	masculine	savoir	1693.81
comme	so lala	words	A1	conjunction		comme	1620.40
le jour	Tag	words	A1	noun	masculine	jour	1619.83
venir	kommen	words	A1	verb		venir	1546.97
petit	klein	words	A1	adjective		petit	1516.64
prendre	nehmen	words	A1	verb		prendre	1440.60
devoir	müssen	words	A1	verb	masculine	devoir	1433.04
passer	vorbeigehen	words	A1	verb		passer	1363.36
sans	ohne	words	A1	preposition		sans	1347.79
la femme	Frau	words	A1	noun	feminine	femme	1346.62
alors	daraufhin	words	A1	adverb		alors	1338.66
quelque	einige	words	A1	pronoun		quelque	1290.85
quand ?	wann	words	A1	conjunction		quand	1284.78
l' heure	Stunde	words	A1	noun	feminine	heure	1270.74
peu	wenig	words	A1	adverb		peu	1245.57
trouver	finden	words	A1	verb		trouver	1239.41
parler	sprechen	words	A1	verb		parler	1230.16
le temps	Zeit	words	A1	noun	masculine	temps	1202.58
encore	noch	words	A1	adverb		encore	1200.95
falloir	müssen	words	A1	verb		falloir	1196.26
comme	so lala	words	A1	adverb		comme	1186.66
mettre	setzen / stellen	words	A1	verb		mettre	1179.72
non	nicht wahr	words	A1	adverb		non	1155.97
bon	gut	words	A1	adjective		bon	1140.03
le monde	Welt	words	A1	noun	masculine	monde	1132.93
la vie	Leben	words	A1	noun	feminine	vie	1109.07
donner	geben	words	A1	verb		donner	1087.95
aimer	lieben / mögen	words	A1	verb		aimer	1083.57
nouveau	neu	words	A1	adjective		nouveau	1079.54
enfant	Kind	words	A1	noun		enfant	1071.26
toujours	immer	words	A1	adverb		toujours	1070.37
puis	danach	words	A1	adverb		puis	1061.53
chez	bei / zu Hause	words	A1	preposition		chez	1058.68
demander	fragen / bitten	words	A1	verb		demander	1037.21
entre	zwischen	words	A1	preposition		entre	1032.37
beaucoup	viel	words	A1	adverb		beaucoup	1018.76
oui	doch	phrases	A1	interjection		oui	1006.72
arriver	kommen	words	A1	verb		arriver	998.61
penser	denken	words	A1	verb		penser	988.91
la chose	Sache / Ding	words	A1	noun	feminine	chose	984.73
regarder	lugen	words	A1	verb		regarder	975.66
rester	bleiben	words	A1	verb		rester	967.93
la personne	Mensch	words	A1	noun	feminine	personne	934.21
partir	weggehen / abfahren	words	A1	verb		partir	895.18
jeune	jung	words	A1	adjective		jeune	878.32
la maison	Haus	words	A1	noun	feminine	maison	855.34
depuis	von aus	words	A1	preposition		depuis	854.70
moins	wenigste	words	A1	adverb		moins	841.75
devenir	werden	words	A1	verb		devenir	822.34
seul	allein / einzig	words	A1	adjective		seul	821.64
donc	deshalb	words	A1	adverb		donc	785.80
rien	nichts	words	A1	adverb	masculine	rien	780.55
le pays	Land	words	A1	noun	masculine	pays	771.72
vers	gegen / in Richtung	words	A1	preposition	masculine	vers	750.50
entendre	hören	words	A1	verb		entendre	743.44
le Monsieur	Herr	words	A1	noun	masculine	monsieur	732.34
appeler	rufen / anrufen	words	A1	verb		appeler	727.76
le travail	Arbeit	words	A1	noun	masculine	travail	703.91
beau	schön	words	A1	adjective		beau	701.99
attendre	warten	words	A1	verb		attendre	701.46
sortir	hinausgehen	words	A1	verb		sortir	694.10
la ville	Stadt	words	A1	noun	feminine	ville	693.58
l' ami	Freund	words	A1	noun	masculine	ami	674.89
vivre	leben	words	A1	verb		vivre	667.58
pendant	während	words	A1	preposition		pendant	663.78
croire	glauben	words	A1	verb		croire	641.51
jamais	nie	words	A1	adverb		jamais	637.95
avant	vorher	words	A1	preposition		avant	632.90
comprendre	verstehen	words	A1	verb		comprendre	627.85
trop	zu viel	words	A1	adverb		trop	626.73
la fille	Mädchen	words	A1	noun	feminine	fille	625.70
souvent	oft	words	A1	adverb		souvent	621.63
comment ?	wodurch	words	A1	adverb		comment	618.32
quel ?	was für	words	A1	pronoun		quel	614.39
chercher	suchen	words	A1	verb		chercher	603.58
ici	hier	words	A1	adverb		ici	602.14
contre	dagegen	words	A1	preposition		contre	601.61
le Main	Hand	words	A1	noun	masculine	main	595.91
la porte	Tor	words	A1	noun	feminine	porte	595.86
travailler	arbeiten	words	A1	verb		travailler	587.87
laisser	lassen	words	A1	verb		laisser	578.92
devant	im voraus	words	A1	preposition		devant	573.31
la place	Platz	words	A1	noun	feminine	place	572.02
jusque	bis	words	A1	preposition		jusque	567.78
la famille	Sippe	words	A1	noun	feminine	famille	566.91
pourquoi ?	weswegen	words	A1	adverb		pourquoi	561.21
maintenant	jetzt	words	A1	adverb		maintenant	561.06
car	denn	words	A1	conjunction		car	558.77
dernier	letzte(r)	words	A1	adjective		dernier	554.12
gens	Leute	words	A1	noun		gens	551.90
le soir	Abend	words	A1	noun	masculine	soir	548.21
la nuit	Nacht	words	A1	noun	feminine	nuit	538.53
entrer	eingehen	words	A1	verb		entrer	535.33
toi	du	words	A1	pronoun		toi	532.65
la rue	Straße	words	A1	noun	feminine	rue	532.46
l' histoire	Historie	words	A1	noun	feminine	histoire	526.77
le moment	Weile	words	A1	noun	masculine	moment	525.75
commencer	anfangen	words	A1	verb		commencer	509.31
la chambre	Raum	words	A1	noun	feminine	chambre	507.58
sous	unter	words	A1	preposition		sous	498.90
le coup	Schlag	words	A1	noun	masculine	coup	498.90
retrouver	finden	words	A1	verb		retrouver	495.81
certain	bestimmt	words	A1	pronoun		certain	493.18
tard	spät	words	A1	adverb		tard	488.01
le nom	Name	words	A1	noun	masculine	nom	482.21
revenir	zufallen	words	A1	verb		revenir	466.61
chaque	jeder	words	A1	pronoun		chaque	456.61
la voiture	Auto	words	A1	noun	feminine	voiture	456.45
le matin	Morgen	words	A1	noun	masculine	matin	451.29
la question	Frage	words	A1	noun	feminine	question	450.33
permettre	erlauben	words	A1	verb		permettre	436.80
vieux	alt	words	A1	adjective		vieux	433.06
porter	tragen	words	A1	verb		porter	429.77
le lieu	Ort	words	A1	noun	masculine	lieu	429.45
seulement	einfach	words	A1	adverb		seulement	426.66
vrai	echt	words	A1	adjective		VRAI	419.84
l' exemple	Muster	words	A1	noun	masculine	exemple	417.89
rendre	zurückgeben	words	A1	verb		rendre	416.78
suivre	folgen	words	A1	verb		suivre	416.47
expliquer	darlegen	words	A1	verb		expliquer	414.42
tenir	halten	words	A1	verb		tenir	409.71
la Madame	Frau	words	A1	noun	feminine	madame	406.95
lire	lesen	words	A1	verb		lire	405.73
enfin	letzlich	words	A1	adverb		enfin	401.19
nombreux	viel	words	A1	adjective		nombreux	398.72
montrer	zeigen	words	A1	verb		montrer	394.55
ÉAU	Wasser	words	A1	noun		eau	387.10
ni	weder noch	words	A1	conjunction		ni	382.03
ainsi	demnach	words	A1	adverb		ainsi	378.97
plusieurs	mehrere	words	A1	pronoun		plusieurs	376.50
manger	essen	words	A1	verb	masculine	manger	374.28
mieux	besser	words	A1	adverb	masculine	mieux	372.44
continuer	dauern	words	A1	verb		continuer	372.08
la peur	Angst	words	A1	noun	feminine	peur	367.26
l' air	Luft	words	A1	noun	masculine	air	366.20
l' effet	Spin	words	A1	noun	masculine	effet	366.06
la voix	Stimme	words	A1	noun	feminine	voix	359.09
le mot	Wort	words	A1	noun	masculine	mot	357.42
vite	schnell	words	A1	adverb		vite	355.01
jouer	spielen	words	A1	verb		jouer	353.19
surtout	besonders	words	A1	adverb		surtout	352.40
la Terre	Erde	words	A1	noun	feminine	terre	351.96
loin	entfernt	words	A1	adverb		loin	350.95
la langue	Zunge	words	A1	noun	feminine	langue	349.12
sembler	klingen	words	A1	verb		sembler	348.71
rentrer	fahren	words	A1	verb		rentrer	337.21
ah	ach	phrases	A1	interjection		ah	335.56
la salle	Raum	words	A1	noun	feminine	salle	334.21
aider	helfen	words	A1	verb		aider	332.73
mourir	sterben	words	A1	verb		mourir	332.35
fort	laut	words	A1	adjective		fort	330.91
ouvrir	öffnen	words	A1	verb		ouvrir	330.64
longtemps	lange	words	A1	adverb		longtemps	329.33
l' argent	Geld	words	A1	noun	masculine	argent	327.36
perdre	verlieren	words	A1	verb		perdre	326.70
habiter	wohnen	words	A1	verb		habiter	325.31
aucun	kein	words	A1	pronoun		aucun	320.50
la semaine	Woche	words	A1	noun	feminine	semaine	320.45
la fin	Ende	words	A1	noun	feminine	fin	320.12
tomber	fallen	words	A1	verb		tomber	319.24
la raison	Grund	words	A1	noun	feminine	raison	316.19
sentir	fühlen / riechen	words	A1	verb		sentir	313.72
vraiment	wahrlich	words	A1	adverb		vraiment	313.27
gros	gut	words	A1	adjective		gros	312.02
quitter	trennen	words	A1	verb		quitter	311.89
blanc	weiss	words	A1	adjective	masculine	blanc	311.81
oublier	auslassen	words	A1	verb		oublier	308.39
important	wichtig	words	A1	adjective		important	306.79
raconter	erzählen	words	A1	verb		raconter	304.36
plein	voll	words	A1	adjective		plein	304.31
finir	beenden	words	A1	verb		finir	297.87
changer	werden	words	A1	verb		changer	297.41
la recherche	Suche	words	A1	noun	feminine	recherche	294.61
rencontrer	treffen	words	A1	verb		rencontrer	292.99
crier	iahen	words	A1	verb		crier	292.70
le besoin	Not	words	A1	noun	masculine	besoin	290.91
le droit	Jura	words	A1	noun	masculine	droit	288.96
la tour	Turm	words	A1	noun	feminine	tour	288.20
le million	Million	words	A1	noun	masculine	million	286.93
assez	genügend	words	A1	adverb		assez	286.65
l' affaire	Ding	words	A1	noun	feminine	affaire	285.24
quoi	was	words	A1	pronoun		quoi	283.91
ensuite	nachher	words	A1	adverb		ensuite	280.43
proposer	beantragen	words	A1	verb		proposer	279.43
lever	heben	words	A1	verb		lever	278.52
le jeu	Do	words	A1	noun	masculine	jeu	278.39
occuper	besetzen	words	A1	verb		occuper	277.16
mort	Tod	words	A1	noun		mort	275.49
le pied	Fuß	words	A1	noun	masculine	pied	275.40
choisir	wählen / aussuchen	words	A1	verb		choisir	275.19
l' euro	Euro	words	A1	noun	masculine	euro	274.86
monter	gehen	words	A1	verb		monter	274.45
le roi	König	words	A1	noun	masculine	roi	273.34
le livre	Buch	words	A1	noun	masculine	livre	273.13
le fait	Tat	words	A1	noun	masculine	fait	273.02
cas	Fall	words	A1	noun		cas	270.46
le film	Film	words	A1	noun	masculine	film	264.10
mal	schlecht	words	A1	adverb	masculine	mal	262.75
la partie	Teil	words	A1	noun	feminine	partie	261.41
possible	etwaig	words	A1	adjective		possible	258.22
recevoir	kriegen	words	A1	verb		recevoir	257.43
la musique	Musik	words	A1	noun	feminine	musique	256.21
le rien	nichts	words	A1	noun	masculine	rien	254.69
la suite	Folge	words	A1	noun	feminine	suite	252.81
boire	trinken	words	A1	verb		boire	252.77
tourner	drehen	words	A1	verb		tourner	249.29
le milieu	Milieu	words	A1	noun	masculine	milieu	248.83
pourtant	trotzdem	words	A1	adverb		pourtant	248.81
asseoir	setzen	words	A1	verb		asseoir	248.53
heureux	glücklich	words	A1	adjective		heureux	248.05
autour	Habicht	words	A1	adverb	masculine	autour	247.71
exister	geben	words	A1	verb		exister	247.51
apprendre	lernen	words	A1	verb		apprendre	245.95
la minute	Minute	words	A1	noun	feminine	minute	245.91
marcher	gehen / laufen	words	A1	verb		marcher	245.11
le visage	Miene	words	A1	noun	masculine	visage	244.85
presque	beinahe	words	A1	adverb		presque	239.90
poser	bauen	words	A1	verb		poser	239.55
le village	Ort	words	A1	noun	masculine	village	238.72
le voyage	Tour	words	A1	noun	masculine	voyage	238.04
le jeûne	jung	words	A1	noun	masculine	jeune	236.91
plaire	mögen	words	A1	verb		plaire	236.72
la part	Teil	words	A1	noun	feminine	part	235.36
l' Amour	Amur	words	A1	noun	masculine	amour	235.10
le quartier	Kiez	words	A1	noun	masculine	quartier	234.89
envoyer	schicken	words	A1	verb		envoyer	234.29
l' entreprise	Firma	words	A1	noun	feminine	entreprise	234.24
rire	Lachen	words	A1	verb	masculine	rire	233.71
la police	Police	words	A1	noun	feminine	police	233.33
la table	Tafel	words	A1	noun	feminine	table	231.17
eh	na	phrases	A1	interjection		eh	231.07
le bureau	Amt	words	A1	noun	masculine	bureau	229.43
meilleur	besser	words	A1	adjective		meilleur	228.63
chacun	jeder	words	A1	pronoun		chacun	228.52
difficile	schwer	words	A1	adjective		difficile	228.34
le projet	Plan	words	A1	noun	masculine	projet	227.43
parfois	manchmal	words	A1	adverb		parfois	226.56
acheter	kaufen	words	A1	verb		acheter	225.00
le mari	Gatte	words	A1	noun	masculine	mari	224.62
gagner	aneignen	words	A1	verb		gagner	223.67
l' habitude	Usus	words	A1	noun	feminine	habitude	222.15
le cheval	Ross	words	A1	noun	masculine	cheval	221.64
la vacance	Ferien	words	A1	noun	feminine	vacance	221.22
noir	blau	words	A1	adjective		noir	220.53
demain	Morgen	words	A1	adverb		demain	220.07
apporter	bringen	words	A1	verb		apporter	219.63
le train	Zug	words	A1	noun	masculine	train	219.58
rappeler	anrufen	words	A1	verb		rappeler	218.99
selon	zufolge	words	A1	preposition		selon	217.64
dormir	schlafen	words	A1	verb		dormir	217.59
le bruit	Lärm	words	A1	noun	masculine	bruit	217.35
ancien	alt	words	A1	adjective		ancien	217.05
bonjour	grüß Gott	words	A1	noun		bonjour	216.65
le merci	Dank	words	A1	noun	masculine	merci	216.06
servir	dienen	words	A1	verb		servir	214.50
l' envie	Lust	words	A1	noun	feminine	envie	213.30
anglais	Englisch	words	A1	adjective		anglais	213.26
la lettre	Type	words	A1	noun	feminine	lettre	212.41
utiliser	benutzen	words	A1	verb		utiliser	212.35
simple	einfach	words	A1	adjective		simple	212.01
cacher	hehlen	words	A1	verb		cacher	208.99
le prix	Preis	words	A1	noun	masculine	prix	208.24
la couleur	Farbe	words	A1	noun	feminine	couleur	206.24
le groupe	Schar	words	A1	noun	masculine	groupe	205.47
ensemble	zusammen	words	A1	adverb		ensemble	205.26
offrir	bieten	words	A1	verb		offrir	204.45
le lit	Bett	words	A1	noun	masculine	lit	203.35
la face	Kopf	words	A1	noun	feminine	face	201.45
la carte	Menü	words	A1	noun	feminine	carte	201.27
juste	nur	words	A1	adjective		juste	200.33
politique	politisch	words	A1	adjective		politique	200.15
retourner	drehen	words	A1	verb		retourner	199.96
la demande	Geheiß	words	A1	noun	feminine	demande	198.12
jeter	speien	words	A1	verb		jeter	198.07
l' attention	Obacht	words	A1	noun	feminine	attention	196.52
triste	betrübt	words	A1	adjective		triste	194.47
tirer	feuern	words	A1	verb		tirer	194.00
l' information	Angabe	words	A1	noun	feminine	information	193.38
reprendre	rügen	words	A1	verb		reprendre	193.24
la cause	Ding	words	A1	noun	feminine	cause	192.54
la forme	Form	words	A1	noun	feminine	forme	191.90
compter	planen	words	A1	verb		compter	191.86
rouge	Rotkern	words	A1	adjective	masculine	rouge	190.54
le bout	Ende	words	A1	noun	masculine	bout	188.47
courir	laufen	words	A1	verb		courir	188.30
descendre	gehen	words	A1	verb		descendre	185.37
le bras	Arm	words	A1	noun	masculine	bras	184.38
national	national	words	A1	adjective		national	183.07
long	lang	words	A1	adjective		long	182.63
le mariage	Ehe	words	A1	noun	masculine	mariage	182.49
l' origine	Anfang	words	A1	noun	feminine	origine	181.81
la montagne	Berg	words	A1	noun	feminine	montagne	180.49
ajouter	anfügen	words	A1	verb		ajouter	177.39
oh	ach	phrases	A1	interjection		oh	177.31
l' arbre	Baum	words	A1	noun	masculine	arbre	175.73
l' endroit	Ort	words	A1	noun	masculine	endroit	175.05
marier	trauen	words	A1	verb		marier	174.96
soit	entweder	words	A1	conjunction		soit	174.62
le chemin	Weg	words	A1	noun	masculine	chemin	174.57
la route	Weg	words	A1	noun	feminine	route	174.42
battre	hauen	words	A1	verb		battre	174.32
l' association	Bund	words	A1	noun	feminine	association	173.84
le service	Amt	words	A1	noun	masculine	service	173.45
feu	Feuer	words	A1	noun		feu	172.83
le cheveu	Haar	words	A1	noun	masculine	cheveu	172.49
l' ordre	Ordo	words	A1	noun	masculine	ordre	171.97
le Soleil	Sonne	words	A1	noun	masculine	soleil	171.53
le plaisir	Spaß	words	A1	noun	masculine	plaisir	171.38
installer	einführen	words	A1	verb		installer	171.11
organiser	einrichten	words	A1	verb		organiser	170.77
le jardin	Anlage	words	A1	noun	masculine	jardin	170.41
l' animal	Tier	words	A1	noun	masculine	animal	169.69
fermer	schließen	words	A1	verb		fermer	169.63
la photo	Foto	words	A1	noun	feminine	photo	167.46
la peine	Weh	words	A1	noun	feminine	peine	167.05
professeur	Lehrer	words	A1	noun		professeur	166.93
libre	frei	words	A1	adjective		libre	166.19
l' objet	Ding	words	A1	noun	masculine	objet	166.13
riche	reich	words	A1	adjective		riche	165.87
vendre	verkaufen	words	A1	verb		vendre	165.14
propre	rein	words	A1	adjective		propre	163.61
la mode	Art	words	A1	noun	feminine	mode	163.50
pleurer	heulen	words	A1	verb		pleurer	163.48
garder	hüten	words	A1	verb		garder	160.55
sourire	Lachen	words	A1	verb	masculine	sourire	160.13
la situation	Lage	words	A1	noun	feminine	situation	159.36
le client	Kunde	words	A1	noun	masculine	client	159.19
le retour	Rückweg	words	A1	noun	masculine	retour	157.26
la cuisine	Kost	words	A1	noun	feminine	cuisine	156.73
refuser	weigern	words	A1	verb		refuser	155.07
le lendemain	am folgenden Tag	words	A1	noun	masculine	lendemain	154.20
l' Internet	Internet	words	A1	noun	masculine	internet	153.92
le nombre	Zahl	words	A1	noun	masculine	nombre	152.04
content	froh	words	A1	adjective		content	151.91
le moyen	Weg	words	A1	noun	masculine	moyen	151.37
le restaurant	Gaststätte	words	A1	noun	masculine	restaurant	148.66
la chance	Glück	words	A1	noun	feminine	chance	148.17
journaliste	Journalist	words	A1	noun		journaliste	148.16
le produit	Ding	words	A1	noun	masculine	produit	147.90
apercevoir	sehen	words	A1	verb		apercevoir	147.77
l' habitant	Bewohner	words	A1	noun	masculine	habitant	146.22
l' art	Kunst	words	A1	noun	masculine	art	145.83
revoir	wiedersehen	words	A1	verb		revoir	145.69
international	international	words	A1	adjective		international	145.39
la fleur	Kahm	words	A1	noun	feminine	fleur	145.11
l' image	Bild	words	A1	noun	feminine	image	144.80
tant	so lang	words	A1	adverb		tant	144.50
coucher	legen	words	A1	verb		coucher	144.39
bleu	Blau	words	A1	adjective		bleu	143.67
frapper	hauen	words	A1	verb		frapper	143.41
le mer	Mi	words	A1	noun	masculine	mer	143.17
accepter	annehmen	words	A1	verb		accepter	143.00
la classe	Elan	words	A1	noun	feminine	classe	142.98
le tout	alles / ganz	words	A1	noun	masculine	tout	141.81
conduire	fahren	words	A1	verb		conduire	141.64
la reine	Dame	words	A1	noun	feminine	reine	141.32
personne	niemand	words	A1	adverb	masculine	personne	140.93
joli	hübsch	words	A1	adjective	masculine	joli	140.75
adorer	anbeten	words	A1	verb		adorer	139.89
mauvais	böse	words	A1	adjective		mauvais	139.70
le vin	Wein	words	A1	noun	masculine	vin	139.24
le sport	Sport	words	A1	noun	masculine	sport	138.85
inviter	bitten	words	A1	verb		inviter	137.13
accompagner	geleiten	words	A1	verb		accompagner	136.48
hier	gestern	words	A1	adverb		hier	136.21
manquer	fehlen	words	A1	verb		manquer	135.78
sauver	retten	words	A1	verb		sauver	135.64
le choix	Wahl	words	A1	noun	masculine	choix	135.48
le centre	Mitte	words	A1	noun	masculine	centre	135.42
voici	hier ist	words	A1	adverb		voici	135.21
le mur	Wand	words	A1	noun	masculine	mur	134.60
traverser	gehen	words	A1	verb		traverser	134.20
le site	Gegend	words	A1	noun	masculine	site	133.93
le roman	Roman	words	A1	noun	masculine	roman	133.15
le verre	Glas	words	A1	noun	masculine	verre	133.10
froid	kalt	words	A1	adjective		froid	133.08
avancer	vorgehen	words	A1	verb		avancer	132.40
visiter	besuchen	words	A1	verb		visiter	132.39
impossible	unmöglich	words	A1	adjective		impossible	132.22
le Dieu	Gott	words	A1	noun	masculine	dieu	131.37
partager	teilen	words	A1	verb		partager	131.21
le Chien	Hund	words	A1	noun	masculine	chien	130.41
le bord	Bord	words	A1	noun	masculine	bord	130.30
la guerre	Krieg	words	A1	noun	feminine	guerre	130.30
la campagne	Land	words	A1	noun	feminine	campagne	129.93
le bois	Hain	words	A1	noun	masculine	bois	129.27
construire	bauen	words	A1	verb		construire	128.66
souhaiter	mögen	words	A1	verb		souhaiter	128.25
habiller	kleiden	words	A1	verb		habiller	127.97
personnage	Figur	words	A1	noun		personnage	127.35
l' appartement	Wohnung	words	A1	noun	masculine	appartement	126.86
terrible	furchtbar	words	A1	adjective		terrible	125.40
l' ordinateur	Rechner	words	A1	noun	masculine	ordinateur	125.10
mondial	weltweit	words	A1	adjective		mondial	124.84
la course	Lauf	words	A1	noun	feminine	course	124.33
le programme	Programm	words	A1	noun	masculine	programme	124.29
culturel	kulturell	words	A1	adjective		culturel	123.83
le Cri	Cree	words	A1	noun	masculine	cri	123.76
le passage	Maut	words	A1	noun	masculine	passage	123.33
la population	Population	words	A1	noun	feminine	population	123.17
le juillet	Juli	words	A1	noun	masculine	juillet	122.78
magnifique	blank	words	A1	adjective		magnifique	122.64
l' espace	All	words	A1	noun	masculine	espace	122.22
le sac	Sack	words	A1	noun	masculine	sac	122.09
tranquille	fromm	words	A1	adjective		tranquille	121.06
le directeur	Leiter	words	A1	noun	masculine	directeur	120.83
le premier	erste(r)	words	A1	noun	masculine	premier	120.67
toucher	tippen	words	A1	verb	masculine	toucher	120.36
la visite	Besuch	words	A1	noun	feminine	visite	120.02
scientifique	wissenschaftlich	words	A1	adjective		scientifique	119.42
imaginer	erdichten	words	A1	verb		imaginer	119.04
humain	human	words	A1	adjective		humain	117.53
interroger	befragen	words	A1	verb		interroger	117.31
le dimanche	Sonntag	words	A1	noun	masculine	dimanche	117.29
le type	Typ	words	A1	noun	masculine	type	117.00
aide	Hilfe	words	A1	noun		aide	116.56
situer	legen	words	A1	verb		situer	116.56
l' avis	Rat	words	A1	noun	masculine	avis	115.06
la prison	Knat	words	A1	noun	feminine	prison	114.52
combien ?	wie viel	words	A1	adverb		combien	114.08
promener	ausgehen	words	A1	verb		promener	114.04
l' oreille	Ohr	words	A1	noun	feminine	oreille	113.71
essayer	versuchen	words	A1	verb		essayer	113.56
chaud	heiß	words	A1	adjective		chaud	112.93
vert	säuerlich	words	A1	adjective		vert	112.80
produire	tragen	words	A1	verb		produire	112.42
clair	hell	words	A1	adjective		clair	112.34
soudain	schroff	words	A1	adverb		soudain	111.76
souvenir	Andenken	words	A1	verb	masculine	souvenir	111.68
ressembler	ähneln	words	A1	verb		ressembler	111.15
le mal	Weh	words	A1	noun	masculine	mal	110.85
l' ensemble	Menge	words	A1	noun	masculine	ensemble	110.58
le journal	Journal	words	A1	noun	masculine	journal	110.47
le plan	Plan	words	A1	noun	masculine	plan	109.64
bas	tief	words	A1	adjective		bas	109.46
le mai	Mai	words	A1	noun	masculine	mai	109.20
embrasser	küssen	words	A1	verb		embrasser	108.92
la culture	Anbau	words	A1	noun	feminine	culture	108.88
voisin	Nachbar	words	A1	noun		voisin	108.45
cher	geehrt	words	A1	adverb		cher	107.57
particulier	einzeln	words	A1	adjective		particulier	107.46
le magasin	Laden	words	A1	noun	masculine	magasin	107.42
le ciel	Himmel	words	A1	noun	masculine	ciel	107.25
le conseil	Rat	words	A1	noun	masculine	conseil	107.17
responsable	verantwortlich	words	A1	adjective		responsable	106.94
prochain	nahe	words	A1	adjective		prochain	106.80
le repas	Fraß	words	A1	noun	masculine	repas	106.76
chanter	singen	words	A1	verb		chanter	106.03
principal	wichtigste	words	A1	adjective		principal	105.03
facile	leicht	words	A1	adjective		facile	104.59
le bonheur	Glück	words	A1	noun	masculine	bonheur	104.41
annoncer	ansagen	words	A1	verb		annoncer	104.03
gentil	brav	words	A1	adjective		gentil	103.80
la poste	Post	words	A1	noun	feminine	poste	103.28
local	lokal	words	A1	adjective		local	102.95
le couple	Paar	words	A1	noun	masculine	couple	102.87
l' aventure	Abenteuer	words	A1	noun	feminine	aventure	102.49
le domaine	Gut	words	A1	noun	masculine	domaine	101.77
voler	rauben	words	A1	verb		voler	100.88
la maman	Mama	words	A1	noun	feminine	maman	100.45
quand ?	wann	words	A1	adverb		quand	100.24
publier	ansagen	words	A1	verb		publier	99.92
le chat	Kater	words	A1	noun	masculine	chat	99.67
le texte	Text	words	A1	noun	masculine	texte	99.26
tromper	äffen	words	A1	verb		tromper	99.06
le coin	Eck	words	A1	noun	masculine	coin	98.85
l' exposition	Lage	words	A1	noun	feminine	exposition	98.37
le septembre	Scheiding	words	A1	noun	masculine	septembre	98.37
le vent	Wind	words	A1	noun	masculine	vent	97.92
la science	Wissen	words	A1	noun	feminine	science	97.80
promettre	geloben	words	A1	verb		promettre	96.98
la nature	Geist	words	A1	noun	feminine	nature	96.88
la cour	Hof	words	A1	noun	feminine	cour	96.67
vue	Auge	words	A1	noun		vue	96.58
long	lang	words	A1	noun		long	96.16
la marche	Mark	words	A1	noun	feminine	marche	96.04
le Sud	Süden	words	A1	noun	masculine	sud	95.79
le juin	Juni	words	A1	noun	masculine	juin	95.65
amuser	ergötzen	words	A1	verb		amuser	95.21
le janvier	Januar	words	A1	noun	masculine	janvier	95.14
cher	hold	words	A1	adjective		cher	95.07
court	kurz	words	A1	adjective	masculine	court	94.85
l' hiver	Winter	words	A1	noun	masculine	hiver	94.45
droit	loyal	words	A1	adjective		droit	94.32
le Pierre	Peter	words	A1	noun	masculine	pierre	93.80
l' octobre	Oktober	words	A1	noun	masculine	octobre	93.68
la compagnie	Firma	words	A1	noun	feminine	compagnie	93.65
portable	tragbar	words	A1	adjective		portable	93.55
scolaire	schulisch	words	A1	adjective		scolaire	93.24
l' oiseau	Vogel	words	A1	noun	masculine	oiseau	92.72
interdire	verbieten	words	A1	verb		interdire	92.05
le parc	Park	words	A1	noun	masculine	parc	91.84
dangereux	bedrohlich	words	A1	adjective		dangereux	91.28
tellement	dermaßen	words	A1	adverb		tellement	91.22
le souvenir	Andenken	words	A1	noun	masculine	souvenir	91.17
la dame	Dame	words	A1	noun	feminine	dame	90.68
le reste	Rest	words	A1	noun	masculine	reste	90.58
amoureux	amourös	words	A1	adjective		amoureux	90.43
silence	Ruhe	words	A1	noun		silence	89.95
le dos	Rücken	words	A1	noun	masculine	dos	89.62
former	bilden	words	A1	verb		former	89.43
calme	fromm	words	A1	adjective		calme	88.84
emmener	mitnehmen	words	A1	verb		emmener	88.80
gauche	link	words	A1	adjective		gauche	88.74
observer	halten	words	A1	verb		observer	88.27
la fonction	Amt	words	A1	noun	feminine	fonction	87.49
l' ouvrier	Arbeiter	words	A1	noun	masculine	ouvrier	87.38
diriger	leiten	words	A1	verb		diriger	87.03
finalement	am Schluss	words	A1	adverb		finalement	86.72
voyager	reisen	words	A1	verb		voyager	86.55
le nord	Nord	words	A1	noun	masculine	nord	86.08
participer	teilnehmen	words	A1	verb		participer	86.08
couper	abhauen	words	A1	verb		couper	85.73
le morceau	Fleck	words	A1	noun	masculine	morceau	85.21
le commerce	Handel	words	A1	noun	masculine	commerce	85.00
le copain	Freund	words	A1	noun	masculine	copain	84.77
reposer	legen	words	A1	verb		reposer	84.76
le pain	Brot	words	A1	noun	masculine	pain	84.62
profiter	dienen	words	A1	verb		profiter	84.58
surprendre	befremden	words	A1	verb		surprendre	84.58
le bain	Bad	words	A1	noun	masculine	bain	84.36
remarquer	bemerken	words	A1	verb		remarquer	84.25
certain	manche	words	A1	adjective	masculine	certain	83.81
grave	schwer	words	A1	adjective		grave	83.78
la chanson	Lied	words	A1	noun	feminine	chanson	83.75
large	weit	words	A1	adjective		large	83.49
le midi	Mittag	words	A1	noun	masculine	midi	83.42
la rencontre	Treffen	words	A1	noun	feminine	rencontre	83.30
fatiguer	ermüden	words	A1	verb		fatiguer	83.17
le papa	Papa	words	A1	noun	masculine	papa	82.69
la Mademoiselle	Fräulein	words	A1	noun	feminine	mademoiselle	82.10
le fruit	Obst	words	A1	noun	masculine	fruit	81.46
la gare	Bahnhof	words	A1	noun	feminine	gare	81.08
couvrir	decken	words	A1	verb		couvrir	80.42
la connaissance	Wissen	words	A1	noun	feminine	connaissance	79.96
la communication	Mitteilung	words	A1	noun	feminine	communication	79.78
l' est	Osten	words	A1	noun	masculine	est	79.27
la solution	Lösung	words	A1	noun	feminine	solution	79.11
terminer	enden	words	A1	verb		terminer	79.10
remercier	danken	words	A1	verb		remercier	78.87
doux	süß	words	A1	adjective		doux	78.68
normal	normal	words	A1	adjective		normal	77.90
dur	zäh	words	A1	adjective		dur	77.86
le samedi	Samstag	words	A1	noun	masculine	samedi	77.72
noter	anmerken	words	A1	verb		noter	77.25
durer	dauern	words	A1	verb		durer	77.16
la zone	Zone	words	A1	noun	feminine	zone	76.77
marquer	prägen	words	A1	verb		marquer	76.72
l' environnement	Milieu	words	A1	noun	masculine	environnement	76.45
l' organisation	Unternehmen	words	A1	noun	feminine	organisation	76.01
le couloir	Flur	words	A1	noun	masculine	couloir	75.76
rapide	rasch	words	A1	adjective		rapide	75.28
commun	gemein	words	A1	adjective		commun	74.72
neuf	neu	words	A1	adjective		neuf	74.64
prier	beten	words	A1	verb		prier	74.39
extraordinaire	außergewöhnlich	words	A1	adjective		extraordinaire	74.13
moderne	modern	words	A1	adjective		moderne	73.78
lundi	Montag	words	A1	noun		lundi	73.72
fumer	düngen	words	A1	verb		fumer	73.55
remplacer	ablösen	words	A1	verb		remplacer	73.37
le bateau	Boot	words	A1	noun	masculine	bateau	73.10
le pont	Deck	words	A1	noun	masculine	pont	72.94
fou	irre	words	A1	adjective	masculine	fou	72.90
le poisson	Fisch	words	A1	noun	masculine	poisson	72.86
composer	setzen	words	A1	verb		composer	72.62
intelligent	klug	words	A1	adjective	masculine	intelligent	72.48
le paysage	Landschaft	words	A1	noun	masculine	paysage	72.44
pratiquer	üben	words	A1	verb		pratiquer	72.35
danser	tanzen	words	A1	verb		danser	72.25
saluer	grüßen	words	A1	verb		saluer	71.87
l' appareil	Gerät	words	A1	noun	masculine	appareil	71.86
malade	krank	words	A1	adjective		malade	71.70
l' accident	Infakt	words	A1	noun	masculine	accident	71.50
le parfum	Parfum	words	A1	noun	masculine	parfum	71.49
remonter	spannen	words	A1	verb		remonter	71.36
rapidement	schnell	words	A1	adverb		rapidement	71.29
la lecture	Lesen	words	A1	noun	feminine	lecture	71.15
lentement	langsam	words	A1	adverb		lentement	71.08
moyen	durchschnittlich	words	A1	adjective		moyen	70.93
environ	ungefähr	words	A1	preposition		environ	70.54
transformer	ändern	words	A1	verb		transformer	70.44
excuser	verzeihen	words	A1	verb		excuser	70.08
accueillir	aufnehmen	words	A1	verb		accueillir	70.04
la sortie	Ausweg	words	A1	noun	feminine	sortie	69.48
frais	kühl	words	A1	adjective		frais	69.25
le page	Page	words	A1	noun	masculine	page	68.89
le spectacle	Show	words	A1	noun	masculine	spectacle	68.79
le chevalier	Ritter	words	A1	noun	masculine	chevalier	68.42
excellent	exzellent	words	A1	adjective		excellent	68.36
le cadeau	Gabe	words	A1	noun	masculine	cadeau	68.29
sympa	freundlich	words	A1	adjective		sympa	67.35
inventer	erfinden	words	A1	verb		inventer	67.27
le nez	Nase	words	A1	noun	masculine	nez	66.89
le secret	Hehl	words	A1	noun	masculine	secret	66.71
l' adresse	Adresse	words	A1	noun	feminine	adresse	66.69
la chaussure	Schuh	words	A1	noun	feminine	chaussure	66.60
le salut	Heil	words	A1	noun	masculine	salut	66.26
l' enfance	Kindheit	words	A1	noun	feminine	enfance	66.26
assister	helfen	words	A1	verb		assister	66.02
courage	Mut	words	A1	noun		courage	65.27
jeudi	Donnerstag	words	A1	noun		jeudi	65.17
pendre	hängen	words	A1	verb		pendre	64.80
avril	April	words	A1	noun		avril	64.66
gris	Grau	words	A1	adjective		gris	64.62
le Bar	Bar	words	A1	noun	masculine	bar	64.14
attacher	binden	words	A1	verb		attacher	64.00
la bouteille	Buddel	words	A1	noun	feminine	bouteille	63.81
la jambe	Bein	words	A1	noun	feminine	jambe	63.60
endormir	einschläfern	words	A1	verb		endormir	62.87
le sourire	Lachen	words	A1	noun	masculine	sourire	62.07
curieux	kurios	words	A1	adjective	masculine	curieux	62.03
l' avion	Flugzeug	words	A1	noun	masculine	avion	61.98
la direction	Führung	words	A1	noun	feminine	direction	61.96
fin	fein	words	A1	adjective		fin	61.78
le magazine	Serie	words	A1	noun	masculine	magazine	61.39
facilement	leicht	words	A1	adverb		facilement	61.35
sportif	sportlich	words	A1	adjective		sportif	60.56
vendredi	Freitag	words	A1	noun		vendredi	60.37
l' honneur	Ehre	words	A1	noun	masculine	honneur	60.35
le billet	Ticket	words	A1	noun	masculine	billet	59.96
dessiner	malen	words	A1	verb		dessiner	59.29
espagnol	Spanisch	words	A1	adjective		espagnol	59.28
discuter	reden	words	A1	verb		discuter	59.28
sonner	tönen	words	A1	verb		sonner	58.95
retirer	zapfen	words	A1	verb		retirer	58.85
laver	spülen	words	A1	verb		laver	58.83
la passion	Lust	words	A1	noun	feminine	passion	58.78
le retard	Verspätung	words	A1	noun	masculine	retard	58.62
le fou	Narr	words	A1	noun	masculine	fou	58.60
la paix	Friede	words	A1	noun	feminine	paix	58.19
la feuille	Blatt	words	A1	noun	feminine	feuille	57.60
la capitale	Hauptstadt	words	A1	noun	feminine	capitale	57.38
vide	leer	words	A1	adjective		vide	57.02
l' explication	Aussprache	words	A1	noun	feminine	explication	56.92
le loisir	Muße	words	A1	noun	masculine	loisir	56.87
l' ouverture	Anfang	words	A1	noun	feminine	ouverture	56.17
bien	gut	words	A1	adjective		bien	56.07
la confiance	Vertrauen	words	A1	noun	feminine	confiance	55.77
le monument	Denkmal	words	A1	noun	masculine	monument	55.65
super	prima	words	A1	adjective		super	55.54
respecter	halten	words	A1	verb		respecter	55.47
la mairie	Rathaus	words	A1	noun	feminine	mairie	55.21
répartir	zerlegen	words	A1	verb		repartir	55.05
ami	befreundet	words	A1	adjective	masculine	ami	55.01
la neige	Schnee	words	A1	noun	feminine	neige	54.99
ennuyer	ärgern	words	A1	verb		ennuyer	54.89
justement	präzise	words	A1	adverb		justement	54.71
l' herbe	Gras	words	A1	noun	feminine	herbe	54.71
immeuble	Bau	words	A1	noun		immeuble	54.60
indiquer	weisen	words	A1	verb		indiquer	54.29
le tableau	Bild	words	A1	noun	masculine	tableau	54.29
le mercredi	Mittwoch	words	A1	noun	masculine	mercredi	54.22
la pluie	Regen	words	A1	noun	feminine	pluie	54.14
la tradition	Brauch	words	A1	noun	feminine	tradition	54.03
la plage	Pad	words	A1	noun	feminine	plage	53.94
la technologie	Technik	words	A1	noun	feminine	technologie	53.46
l' erreur	Fehler	words	A1	noun	feminine	erreur	53.35
le quart	Viertel	words	A1	noun	masculine	quart	53.06
le plat	Gang	words	A1	noun	masculine	plat	52.93
certainement	bestimmt	words	A1	adverb		certainement	52.53
pauvre	Arme	words	A1	noun		pauvre	52.33
le message	Brief	words	A1	noun	masculine	message	52.30
la banque	Bank	words	A1	noun	feminine	banque	52.27
gratuit	frei	words	A1	adjective		gratuit	52.08
le novembre	Nebelung	words	A1	noun	masculine	novembre	51.57
le Peintre	Maler	words	A1	noun	masculine	peintre	51.09
l' ombre	Äsche	words	A1	noun	masculine	ombre	50.93
jaune	Dotter	words	A1	adjective	masculine	jaune	50.83
rouler	fahren	words	A1	verb		rouler	50.71
faux	falsch	words	A1	adjective		FAUX	50.56
regretter	bereuen	words	A1	verb		regretter	50.50
le dessin	Bild	words	A1	noun	masculine	dessin	50.47
sinon	außer	words	A1	conjunction		sinon	50.33
la joie	Freude	words	A1	noun	feminine	joie	50.03
le printemps	Lenz	words	A1	noun	masculine	printemps	49.63
exactement	genau	words	A1	adverb		exactement	49.18
futur	künftig	words	A1	adjective		futur	48.83
la date	Datum	words	A1	noun	feminine	date	48.76
rechercher	suchen	words	A1	verb		rechercher	48.31
le quai	Kai	words	A1	noun	masculine	quai	47.88
l' oncle	Oheim	words	A1	noun	masculine	oncle	47.78
vieux	alt	words	A1	noun		vieux	47.77
fabriquer	machen	words	A1	verb		fabriquer	47.17
Italien	Italiener	words	A1	adjective	masculine	italien	46.84
la glace	Eis	words	A1	noun	feminine	glace	46.71
la dent	Zahn	words	A1	noun	feminine	dent	46.52
la tante	Tante	words	A1	noun	feminine	tante	46.47
recommencer	wieder anfangen	words	A1	verb		recommencer	46.35
la danse	Tanz	words	A1	noun	feminine	danse	46.31
le moi	mir / ich	words	A1	noun	masculine	moi	46.27
le Cousin	Cousin	words	A1	noun	masculine	cousin	44.75
africain	afrikanisch	words	A1	adjective		africain	44.69
admirer	bewundern	words	A1	verb		admirer	44.67
la surprise	Überraschungs	words	A1	noun	feminine	surprise	44.23
la proposition	Satz	words	A1	noun	feminine	proposition	44.19
le prince	Fürst	words	A1	noun	masculine	prince	44.12
bus	Bus	words	A1	noun		bus	44.05
blond	hell	words	A1	adjective		blond	43.98
la bande	Band	words	A1	noun	feminine	bande	43.92
la pomme	Apfel	words	A1	noun	feminine	pomme	43.90
l' odeur	Geruch	words	A1	noun	feminine	odeur	43.73
le devoir	müssen	words	A1	noun	masculine	devoir	43.35
brun	braun	words	A1	adjective		brun	43.32
le toit	Dach	words	A1	noun	masculine	toit	43.08
directement	aufrecht	words	A1	adverb		directement	43.01
briller	blinken	words	A1	verb		briller	42.20
salé	salzig	words	A1	adjective		sale	42.07
le paquet	Paket	words	A1	noun	masculine	paquet	41.84
adulte	Erwachsene	words	A1	noun		adulte	41.81
la moyenne	Mittel	words	A1	noun	feminine	moyenne	41.76
la faim	Hunger	words	A1	noun	feminine	faim	41.58
bas	niedrig	words	A1	adverb		bas	41.54
allumer	zünden	words	A1	verb		allumer	41.27
voisin	benachbart	words	A1	adjective		voisin	40.32
officiel	amtlich	words	A1	adjective		officiel	40.20
la taille	Maß	words	A1	noun	feminine	taille	40.16
le sommet	Gipfel	words	A1	noun	masculine	sommet	40.12
touriste	Tourist	words	A1	noun		touriste	39.87
le vol	Flug	words	A1	noun	masculine	vol	39.45
mince	dünn	words	A1	adjective		mince	39.43
quelquefois	manchmal	words	A1	adverb		quelquefois	39.36
presser	drängen	words	A1	verb		presser	39.06
la province	Provinz	words	A1	noun	feminine	province	38.99
la banlieue	Vorort	words	A1	noun	feminine	banlieue	38.52
la lampe	Lampe	words	A1	noun	feminine	lampe	38.27
le genou	Knie	words	A1	noun	masculine	genou	37.97
courageux	mutig	words	A1	adjective		courageux	37.62
la jeunesse	Jugend	words	A1	noun	feminine	jeunesse	37.26
l' arme	Waffe	words	A1	noun	feminine	arme	37.18
heureusement	glücklich	words	A1	adverb		heureusement	36.72
la collection	Sammlung	words	A1	noun	feminine	collection	36.69
informer	mitteilen	words	A1	verb		informer	36.24
le document	Akt	words	A1	noun	masculine	document	36.17
le chanteur	Kantor	words	A1	noun	masculine	chanteur	36.12
amoureux	verliebt	words	A1	noun		amoureux	35.89
Allemand	Deutsche	words	A1	adjective	masculine	allemand	35.79
original	eigentümlich	words	A1	adjective		original	35.75
commander	heißen	words	A1	verb		commander	35.62
nul	mies	words	A1	adjective		nul	35.41
l' accueil	Akzept	words	A1	noun	masculine	accueil	35.34
la peinture	Lack	words	A1	noun	feminine	peinture	35.30
bizarre	bizarr	words	A1	adjective		bizarre	35.23
analyser	auflösen	words	A1	verb		analyser	35.14
la plante	Sohle	words	A1	noun	feminine	plante	34.93
la terrasse	Terrasse	words	A1	noun	feminine	terrasse	34.89
pleuvoir	fallen	words	A1	verb		pleuvoir	34.66
l' atelier	Loge	words	A1	noun	masculine	atelier	34.62
le concert	Konzert	words	A1	noun	masculine	concert	34.16
ben	na	words	A1	adverb		ben	33.91
francophone	französischsprachig	words	A1	adjective		francophone	33.78
la viande	Fleisch	words	A1	noun	feminine	viande	33.35
le chocolat	Kakao	words	A1	noun	masculine	chocolat	33.23
parfait	rein	words	A1	adjective		parfait	33.18
l' agence	Agentur	words	A1	noun	feminine	agence	33.12
le boule	Po	words	A1	noun	masculine	boule	32.67
l' usine	Werk	words	A1	noun	feminine	usine	32.55
l' assurance	Kühnheit	words	A1	noun	feminine	assurance	31.97
le climat	Klima	words	A1	noun	masculine	climat	31.76
le club	Club	words	A1	noun	masculine	club	31.70
formidable	toll	words	A1	adjective		formidable	31.59
ranger	ordnen	words	A1	verb		ranger	31.20
noir	Schwarz	words	A1	noun		noir	30.61
la promenade	Gang	words	A1	noun	feminine	promenade	30.42
l' exercice	Üben	words	A1	noun	masculine	exercice	30.10
mardi	Dienstag	words	A1	noun		mardi	30.10
automne	Herbst	words	A1	noun		automne	30.03
continu	kontinuierlich	words	A1	adjective	masculine	continu	29.78
tiens	sieh an	phrases	A1	interjection		tiens	29.75
le lait	Milch	words	A1	noun	masculine	lait	29.62
haut	erhaben	words	A1	adverb		haut	29.50
l' humeur	Humor	words	A1	noun	feminine	humeur	28.98
le fromage	Käse	words	A1	noun	masculine	fromage	28.88
la grotte	Höhle	words	A1	noun	feminine	grotte	28.69
merveilleux	wunderbar	words	A1	adjective		merveilleux	28.64
complet	voll	words	A1	adjective		complet	28.55
obligatoire	zwingend	words	A1	adjective		obligatoire	28.47
la maths	Mathe	words	A1	noun	feminine	maths	28.22
la voile	Segel	words	A1	noun	feminine	voile	28.06
Sucre	Sucre	words	A1	noun		sucre	27.79
compliquer	erschweren	words	A1	verb		compliquer	27.75
la nouvelle	Novelle	words	A1	noun	feminine	nouvelle	27.60
la piscine	Bad	words	A1	noun	feminine	piscine	27.28
le disque	CD	words	A1	noun	masculine	disque	27.17
parisien	Pariser	words	A1	noun		parisien	27.10
le boulevard	Boulevard	words	A1	noun	masculine	boulevard	26.98
incroyable	lächerlich	words	A1	adjective		incroyable	26.97
le pardon	Vergebung	words	A1	noun	masculine	pardon	26.83
la roue	Rad	words	A1	noun	feminine	roue	26.81
direct	recht	words	A1	adjective		direct	26.69
le tourisme	Tourismus	words	A1	noun	masculine	tourisme	26.56
l' examen	Test	words	A1	noun	masculine	examen	26.34
dynamique	fließend	words	A1	adjective		dynamique	26.16
boutique	Bude	words	A1	noun		boutique	25.90
le musicien	Musiker	words	A1	noun	masculine	musicien	25.88
horrible	grässlich	words	A1	adjective		horrible	25.54
la caisse	Kasse	words	A1	noun	feminine	caisse	25.53
le sort	Los	words	A1	noun	masculine	sort	25.47
le port	Port	words	A1	noun	masculine	port	25.18
la station	Kurort	words	A1	noun	feminine	station	25.15
sympathique	gemütlich	words	A1	adjective		sympathique	24.73
la corde	Seil	words	A1	noun	feminine	corde	23.71
l' anniversaire	Jahrestag	words	A1	noun	masculine	anniversaire	23.68
l' huile	Öl	words	A1	noun	feminine	huile	23.67
belge	belgisch	words	A1	adjective		belge	23.60
le palais	Gaumen	words	A1	noun	masculine	palais	23.50
le menu	Menü	words	A1	noun	masculine	menu	23.15
le beurre	Butter	words	A1	noun	masculine	beurre	23.06
gras	fett	words	A1	adjective		gras	22.92
l' horreur	Gräuel	words	A1	noun	feminine	horreur	22.58
le studio	Studio	words	A1	noun	masculine	studio	22.30
la destination	Ziel	words	A1	noun	feminine	destination	21.88
le pantalon	Hose	words	A1	noun	masculine	pantalon	21.86
solde	Saldo	words	A1	noun		solde	21.79
l' informatique	Informatik	words	A1	noun	feminine	informatique	21.73
timide	bang	words	A1	adjective		timide	21.18
le demi	Halbe	words	A1	noun	masculine	demi	20.13
sec	dürr	words	A1	adjective		sec	20.00
le taxi	Taxi	words	A1	noun	masculine	taxi	19.93
la salade	Salat	words	A1	noun	feminine	salade	19.92
pire	schlechter	words	A1	adjective		pire	19.91
charmant	reizend	words	A1	adjective		charmant	19.64
le serveur	Server	words	A1	noun	masculine	serveur	19.57
l' agriculture	Ackerbau	words	A1	noun	feminine	agriculture	19.41
le rock	Rock	words	A1	noun	masculine	rock	19.36
bonsoir	guten Abend	words	A1	noun		bonsoir	19.18
la toilette	Toilette	words	A1	noun	feminine	toilette	19.16
romantique	romantisch	words	A1	adjective		romantique	19.10
l' invitation	Einladung	words	A1	noun	feminine	invitation	18.87
le parking	Parkplatz	words	A1	noun	masculine	parking	18.66
le mec	Typ	words	A1	noun	masculine	mec	18.43
amusant	amüsant	words	A1	adjective	masculine	amusant	18.14
devant	im voraus	words	A1	adverb		devant	17.89
la planche	Beet	words	A1	noun	feminine	planche	17.34
fantastique	fantastisch	words	A1	adjective		fantastique	17.12
la messe	Messe	words	A1	noun	feminine	messe	16.96
le ski	Ski	words	A1	noun	masculine	ski	16.79
la soupe	Suppe	words	A1	noun	feminine	soupe	16.67
joyeux	froh	words	A1	adjective		joyeux	16.60
l' avenue	Allee	words	A1	noun	feminine	avenue	16.23
le continent	Erdteil	words	A1	noun	masculine	continent	16.16
baigner	baden	words	A1	verb		baigner	16.09
le Jean	Jan	words	A1	noun	masculine	jean	15.87
l' office	Amt	words	A1	noun	masculine	office	15.82
le fleuve	Fluss	words	A1	noun	masculine	fleuve	15.60
l' animateur	Animator	words	A1	noun	masculine	animateur	15.37
la boisson	Trank	words	A1	noun	feminine	boisson	15.28
le dessert	Dessert	words	A1	noun	masculine	dessert	15.28
le paradis	Himmel	words	A1	noun	masculine	paradis	15.28
l' aile	Flügel	words	A1	noun	feminine	aile	15.18
le tennis	Tennis	words	A1	noun	masculine	tennis	15.05
l' inscription	Anmeldung	words	A1	noun	feminine	inscription	14.70
le pull	Pulli	words	A1	noun	masculine	pull	14.67
le plateau	Plateau	words	A1	noun	masculine	plateau	14.67
le jus	Saft	words	A1	noun	masculine	jus	14.49
le sportif	Sportler	words	A1	noun	masculine	sportif	14.48
bravo	bravo	phrases	A1	interjection	masculine	bravo	14.40
la confiture	Konfitüre	words	A1	noun	feminine	confiture	14.33
la bicyclette	Rad	words	A1	noun	feminine	bicyclette	14.26
la gauche	Linke	words	A1	noun	feminine	gauche	14.04
le moulin	Mühle	words	A1	noun	masculine	moulin	13.87
l' ascenseur	Lift	words	A1	noun	masculine	ascenseur	13.48
le riz	Reis	words	A1	noun	masculine	riz	13.41
la balade	Streifzug	words	A1	noun	feminine	balade	12.99
pardon	Vergebung	phrases	A1	interjection	masculine	pardon	12.74
la tomate	Tomate	words	A1	noun	feminine	tomate	12.15
le tiroir	Schublade	words	A1	noun	masculine	tiroir	11.90
l' Italien	Italiener	words	A1	noun	masculine	italien	11.87
la bise	Kuss	words	A1	noun	feminine	bise	11.42
la blague	Witz	words	A1	noun	feminine	blague	11.34
le sapin	Tanne	words	A1	noun	masculine	sapin	11.07
l' Espagnol	Spanier	words	A1	noun	masculine	espagnol	10.92
superbe	prächtig	words	A1	adjective		superbe	10.66
demain	Morgen	words	A1	noun		demain	10.45
souffler	wehen	words	A1	verb		souffler	10.22
le litre	Liter	words	A1	noun	masculine	litre	9.68
le champagne	Sekt	words	A1	noun	masculine	champagne	9.35
la tente	Zelt	words	A1	noun	feminine	tente	9.02
l' informaticien	Informatiker	words	A1	noun	masculine	informaticien	8.96
la pyramide	Pyramide	words	A1	noun	feminine	pyramide	8.91
chinois	böhmische Dörfer	words	A1	adjective	masculine	chinois	8.81
le camping	Camping	words	A1	noun	masculine	camping	8.55
la farine	Mehl	words	A1	noun	feminine	farine	8.23
le serpent	Wurm	words	A1	noun	masculine	serpent	8.20
le buffet	Büfett	words	A1	noun	masculine	buffet	8.15
adorable	himmlisch	words	A1	adjective		adorable	8.07
la falaise	Felsen	words	A1	noun	feminine	falaise	8.03
boulanger	Bäcker	words	A1	adjective	masculine	boulanger	6.67
l' inauguration	Einweihung	words	A1	noun	feminine	inauguration	6.63
orange	Apfelsine	words	A1	adjective	feminine	orange	6.35
la cantine	Kantine	words	A1	noun	feminine	cantine	5.52
le pape	Papst	words	A1	noun	masculine	pape	5.07
le blouson	Jacke	words	A1	noun	masculine	blouson	4.99
pers	Blaugrüne Augen	words	A1	adjective		pers	3.64
la mule	Maultier	words	A1	noun	feminine	mule	3.29
la tartine	Butterbrot	words	A1	noun	feminine	tartine	2.19
tuer	töten	words	A2	verb		tuer	261.09
lorsque	nachdem	words	A2	conjunction		lorsque	252.87
agir	wirken	words	A2	verb		agir	241.90
tel	derartig	words	A2	pronoun		tel	223.00
lequel	welcher	words	A2	pronoun		lequel	221.22
le point	Punkt	words	A2	noun	masculine	point	216.31
social	sozial	words	A2	adjective		social	208.65
le corps	Körper	words	A2	noun	masculine	corps	200.87
pousser	jagen	words	A2	verb		pousser	166.30
le doute	Zweifel	words	A2	noun	masculine	doute	157.91
cependant	immerhin	words	A2	adverb		cependant	150.17
la loi	Gesetz	words	A2	noun	feminine	loi	149.85
le fond	Fond	words	A2	noun	masculine	fond	147.29
autant	ebenso	words	A2	adverb		autant	143.59
l' emploi	Amt	words	A2	noun	masculine	emploi	142.34
l' instant	Augenblick	words	A2	noun	masculine	instant	141.22
lancer	werfen	words	A2	verb		lancer	140.79
mener	führen	words	A2	verb		mener	139.08
or	Gold	words	A2	noun		or	139.04
haut	laut	words	A2	adjective		haut	138.06
l' auteur	Autor	words	A2	noun	masculine	auteur	136.30
parmi	darunter	words	A2	preposition		parmi	129.94
la valeur	Wert	words	A2	noun	feminine	valeur	122.73
le sujet	Fach	words	A2	noun	masculine	sujet	114.46
le sentiment	Gefühl	words	A2	noun	masculine	sentiment	113.44
ainsi	demnach	words	A2	conjunction		ainsi	112.42
le papier	Papier	words	A2	noun	masculine	papier	110.71
garde	Wart	words	A2	noun		garde	109.94
suffire	langen	words	A2	verb		suffire	109.84
la Force	Macht	words	A2	noun	feminine	force	109.54
obliger	dringen	words	A2	verb		obliger	107.87
la condition	Rang	words	A2	noun	feminine	condition	105.01
le gouvernement	Regieren	words	A2	noun	masculine	gouvernement	104.69
le niveau	Etage	words	A2	noun	masculine	niveau	104.01
simplement	einfach	words	A2	adverb		simplement	103.52
la parole	Wort	words	A2	noun	feminine	parole	99.01
naturel	angeboren	words	A2	adjective	masculine	naturel	97.52
le patron	Patron	words	A2	noun	masculine	patron	97.17
la presse	Presse	words	A2	noun	feminine	presse	96.05
entier	ganz	words	A2	adjective		entier	93.58
maire	Dorfschulze	words	A2	noun		maire	93.44
la pratique	Brauch	words	A2	noun	feminine	pratique	92.60
juge	Richter	words	A2	noun		juge	91.89
parisien	pariserisch	words	A2	adjective		parisien	90.19
l' impression	Druck	words	A2	noun	feminine	impression	89.14
concerner	angehen	words	A2	verb		concerner	88.71
le genre	Art	words	A2	noun	masculine	genre	88.23
le sang	Blut	words	A2	noun	masculine	sang	86.21
Mars	Mars	words	A2	noun		mars	86.17
placer	legen	words	A2	verb		placer	86.16
inquiet	besorgt	words	A2	adjective		inquiet	86.04
ailleurs	anderswo	words	A2	adverb		ailleurs	85.96
seul	allein / einzig	words	A2	noun		seul	85.94
soldat	Soldat	words	A2	noun		soldat	85.80
la peau	Fell	words	A2	noun	feminine	peau	85.43
la marque	Logo	words	A2	noun	feminine	marque	83.61
le signe	Mal	words	A2	noun	masculine	signe	83.28
notamment	unter anderem	words	A2	adverb		notamment	82.88
personnel	ureigen	words	A2	adjective		personnel	82.46
remplir	füllen	words	A2	verb		remplir	81.34
la relation	Hinsicht	words	A2	noun	feminine	relation	79.69
appartenir	gehören	words	A2	verb		appartenir	79.69
le terrain	Gelände	words	A2	noun	masculine	terrain	79.03
l' occasion	Gelegenheit	words	A2	noun	feminine	occasion	78.93
la robe	Robe	words	A2	noun	feminine	robe	77.88
abandonner	zugeben	words	A2	verb		abandonner	77.82
immense	immens	words	A2	adjective		immense	77.72
constater	bemerken	words	A2	verb		constater	74.92
le doigt	Zehe	words	A2	noun	masculine	doigt	73.99
le contact	Kontakt	words	A2	noun	masculine	contact	72.32
l' union	Bund	words	A2	noun	feminine	union	72.19
le chiffre	Zahl	words	A2	noun	masculine	chiffre	71.16
lourd	schwer	words	A2	adjective		lourd	70.36
consacrer	opfern	words	A2	verb		consacrer	69.76
suivant	laut	words	A2	adjective		suivant	69.34
quotidien	täglich	words	A2	adjective		quotidien	69.26
le prisonnier	Häftling	words	A2	noun	masculine	prisonnier	69.05
la naissance	Geburt	words	A2	noun	feminine	naissance	68.79
engager	rügen	words	A2	verb		engager	68.46
la bouche	Maul	words	A2	noun	feminine	bouche	68.33
l' escalier	Stiege	words	A2	noun	masculine	escalier	67.70
la retraite	Rente	words	A2	noun	feminine	retraite	67.38
le transport	Transport	words	A2	noun	masculine	transport	66.35
taire	Schweigen	words	A2	verb		taire	65.25
l' auberge	Gasthaus	words	A2	noun	feminine	auberge	64.95
moquer	spotten	words	A2	verb		moquer	63.96
proche	nah	words	A2	adjective		proche	63.51
enlever	heben	words	A2	verb		enlever	63.42
la construction	Bau	words	A2	noun	feminine	construction	61.96
rare	rar	words	A2	adjective		rare	61.77
sauter	hüpfen	words	A2	verb		sauter	61.62
le fer	Eisen	words	A2	noun	masculine	fer	61.56
malheureux	arm	words	A2	adjective	masculine	malheureux	61.17
la production	Erzeugung	words	A2	noun	feminine	production	60.91
l' article	Artikel	words	A2	noun	masculine	article	60.17
le titre	Titel	words	A2	noun	masculine	titre	59.68
actuellement	derzeit	words	A2	adverb		actuellement	58.76
l' achat	Kauf	words	A2	noun	masculine	achat	58.39
la justice	Justiz	words	A2	noun	feminine	justice	57.59
le logement	Domizil	words	A2	noun	masculine	logement	57.47
environ	ungefähr	words	A2	adverb		environ	57.32
le territoire	Gebiet	words	A2	noun	masculine	territoire	56.87
le style	Stil	words	A2	noun	masculine	style	56.83
artiste	Künstler	words	A2	noun		artiste	56.17
la chaise	Stuhl	words	A2	noun	feminine	chaise	55.78
surveiller	regieren	words	A2	verb		surveiller	55.47
le chapeau	Hut	words	A2	noun	masculine	chapeau	55.07
ramener	wiederbringen	words	A2	verb		ramener	54.17
payer	zahlen	words	A2	verb		payer	53.81
la larme	Träne	words	A2	noun	feminine	larme	53.31
traditionnel	herkömmlich	words	A2	adjective	masculine	traditionnel	52.84
prouver	belegen	words	A2	verb		prouver	52.21
fixer	anmachen	words	A2	verb		fixer	52.16
actif	rege	words	A2	adjective		actif	51.89
la galerie	Galerie	words	A2	noun	feminine	galerie	51.84
historique	historisch	words	A2	adjective		historique	51.74
conseiller	raten	words	A2	verb		conseiller	51.57
la liste	Liste	words	A2	noun	feminine	liste	51.11
la conversation	Gespräch	words	A2	noun	feminine	conversation	50.32
le discours	Rede	words	A2	noun	masculine	discours	49.97
le secteur	Sektor	words	A2	noun	masculine	secteur	49.74
la profession	Beruf	words	A2	noun	feminine	profession	49.64
ceci	dieses	words	A2	pronoun		ceci	49.56
inspirer	beatmen	words	A2	verb		inspirer	49.34
le champ	Feld	words	A2	noun	masculine	champ	48.91
l' enseignement	Erziehung	words	A2	noun	masculine	enseignement	48.69
adapter	anpassen	words	A2	verb		adapter	48.19
convaincre	überzeugen	words	A2	verb		convaincre	48.15
populaire	beliebt	words	A2	adjective		populaire	47.29
l' adolescent	Jüngling	words	A2	noun	masculine	adolescent	47.16
capable	fähig	words	A2	adjective		capable	47.11
casser	brechen	words	A2	verb		casser	47.10
sauf	außer	words	A2	preposition		sauf	46.19
exprimer	ausdrücken	words	A2	verb		exprimer	46.06
le voyageur	Reisende	words	A2	noun	masculine	voyageur	46.01
utile	nützlich	words	A2	adjective		utile	45.91
confirmer	bestätigen	words	A2	verb		confirmer	45.35
vif	hart	words	A2	adjective		vif	45.34
le voleur	Dieb	words	A2	noun	masculine	voleur	45.20
retenir	bestellen	words	A2	verb		retenir	44.82
louer	loben	words	A2	verb		louer	43.62
l' outil	Gerät	words	A2	noun	masculine	outil	43.54
l' institut	Institut	words	A2	noun	masculine	institut	43.19
enfermer	einschließen	words	A2	verb		enfermer	42.91
attaquer	anfallen	words	A2	verb		attaquer	42.84
la veste	Jacke	words	A2	noun	feminine	veste	42.58
planter	legen	words	A2	verb		planter	42.55
le sommeil	Ruhe	words	A2	noun	masculine	sommeil	42.44
dernier	letzte(r)	words	A2	noun		dernier	42.33
Petit	klein	words	A2	noun		petit	42.17
la base	Base	words	A2	noun	feminine	base	41.65
la richesse	Reichtum	words	A2	noun	feminine	richesse	40.85
l' avantage	Nutzen	words	A2	noun	masculine	avantage	40.62
le spectateur	Publikum	words	A2	noun	masculine	spectateur	40.60
le visiteur	Besucher	words	A2	noun	masculine	visiteur	40.16
fonctionner	funktionieren	words	A2	verb		fonctionner	40.15
l' organisme	Lebewesen	words	A2	noun	masculine	organisme	39.96
industriel	gewerblich	words	A2	adjective		industriel	39.66
le stage	Praktikum	words	A2	noun	masculine	stage	39.59
universitaire	akademisch	words	A2	adjective		universitaire	38.75
autoriser	absegnen	words	A2	verb		autoriser	38.73
classique	klassisch	words	A2	adjective		classique	38.07
camarade	Genosse	words	A2	noun		camarade	37.93
coller	kleben	words	A2	verb		coller	37.77
la version	Lesart	words	A2	noun	feminine	version	37.51
la crise	Krise	words	A2	noun	feminine	crise	37.24
amateur	Liebhaber	words	A2	noun		amateur	36.39
l' institution	Institut	words	A2	noun	feminine	institution	35.98
appuyer	lehnen	words	A2	verb		appuyer	35.73
double	doppelt	words	A2	adjective		double	35.29
sauvage	wild	words	A2	adjective		sauvage	35.27
musical	musikalisch	words	A2	adjective		musical	35.25
la phrase	Satz	words	A2	noun	feminine	phrase	34.96
la radio	Radio	words	A2	noun	feminine	radio	34.72
le combat	Kampf	words	A2	noun	masculine	combat	34.63
le foyer	Esse	words	A2	noun	masculine	foyer	34.56
cinquante	fuchzig	words	A2	adjective		cinquante	34.50
le code	Code	words	A2	noun	masculine	code	34.41
exposer	aussetzen	words	A2	verb		exposer	34.38
l' alcool	Sprit	words	A2	noun	masculine	alcool	34.00
glisser	gleiten	words	A2	verb		glisser	33.76
le candidat	Anwärter	words	A2	noun	masculine	candidat	33.72
l' album	Album	words	A2	noun	masculine	album	33.05
avouer	zugeben	words	A2	verb		avouer	32.90
malheureusement	leider	words	A2	adverb		malheureusement	32.67
mesurer	messen	words	A2	verb		mesurer	32.66
architecte	Urheber	words	A2	noun		architecte	32.56
l' alimentation	Ernährung	words	A2	noun	feminine	alimentation	32.36
rassurer	beruhigen	words	A2	verb		rassurer	31.95
inscrire	buchen	words	A2	verb		inscrire	31.63
diviser	teilen	words	A2	verb		diviser	31.47
le rire	Lache	words	A2	noun	masculine	rire	31.37
citer	nennen	words	A2	verb		citer	31.34
conserver	bergen	words	A2	verb		conserver	31.16
malade	Kranke	words	A2	noun		malade	30.97
animal	tierisch	words	A2	adjective		animal	30.90
avant	vorher	words	A2	noun		avant	30.56
la blessure	Wunde	words	A2	noun	feminine	blessure	30.38
la discussion	Streit	words	A2	noun	feminine	discussion	30.19
chant	Lied	words	A2	noun		chant	30.17
ramasser	horten	words	A2	verb		ramasser	30.07
le symbole	Symbol	words	A2	noun	masculine	symbole	30.03
mentir	lügen	words	A2	verb		mentir	30.03
la religion	Glaube	words	A2	noun	feminine	religion	29.52
le concours	Wettbewerb	words	A2	noun	masculine	concours	29.33
avant	vorher	words	A2	adverb		avant	29.00
ignorer	ignorieren	words	A2	verb		ignorer	28.96
la nourriture	Essen	words	A2	noun	feminine	nourriture	28.65
domestique	zahm	words	A2	adjective		domestique	28.45
fonder	bilden	words	A2	verb		fonder	28.45
le Loup	Wolf	words	A2	noun	masculine	loup	28.37
le conte	Märchen	words	A2	noun	masculine	conte	28.19
l' accord	Pakt	words	A2	noun	masculine	accord	27.64
la montre	Uhr	words	A2	noun	feminine	montre	27.27
rond	rund	words	A2	adjective		rond	27.13
la balle	Ball	words	A2	noun	feminine	balle	26.79
l' humour	Humor	words	A2	noun	masculine	humour	26.66
le charme	Reize	words	A2	noun	masculine	charme	26.34
pratique	handlich	words	A2	adjective		pratique	26.20
l' inspecteur	Aufseher	words	A2	noun	masculine	inspecteur	26.20
le nuage	Wolke	words	A2	noun	masculine	nuage	26.03
le laboratoire	Labor	words	A2	noun	masculine	laboratoire	25.85
Báč	Báč	words	A2	noun		bac	25.65
consommer	zehren	words	A2	verb		consommer	25.52
le royaume	Kronland	words	A2	noun	masculine	royaume	25.46
la Lune	Mond	words	A2	noun	feminine	lune	24.82
nerveux	nervös	words	A2	adjective		nerveux	24.70
l' affiche	Plakat	words	A2	noun	feminine	affiche	24.68
insister	betonen	words	A2	verb		insister	24.59
administratif	behördlich	words	A2	adjective		administratif	24.53
inconnu	fremd	words	A2	adjective		inconnu	24.31
le diable	Henker	words	A2	noun	masculine	diable	24.28
violent	heftig	words	A2	adjective		violent	24.19
cultiver	ziehen	words	A2	verb		cultiver	24.06
linguistique	sprachlich	words	A2	adjective		linguistique	23.97
le poulet	Huhn	words	A2	noun	masculine	poulet	23.59
animer	beleben	words	A2	verb		animer	23.58
royal	königlich	words	A2	adjective		royal	23.54
l' infirmier	Krankenpfleger	words	A2	noun	masculine	infirmier	23.10
allonger	längen	words	A2	verb		allonger	22.88
illustrer	bebildern	words	A2	verb		illustrer	22.85
applaudir	klatschen	words	A2	verb		applaudir	22.64
fan	Fan	words	A2	noun		fan	22.18
la position	Lage	words	A2	noun	feminine	position	22.13
la saison	Saison	words	A2	noun	feminine	saison	22.06
critiquer	begutachten	words	A2	verb		critiquer	21.91
la queue	Rute	words	A2	noun	feminine	queue	21.70
le commissariat	Revier	words	A2	noun	masculine	commissariat	21.38
accomplir	leisten	words	A2	verb		accomplir	21.11
lointain	fern	words	A2	adjective		lointain	20.79
le garage	Garage	words	A2	noun	masculine	garage	20.60
dehors	draußen	words	A2	adverb		dehors	20.24
le contre	Konter	words	A2	noun	masculine	contre	20.12
touristique	touristisch	words	A2	adjective		touristique	19.99
l' indice	Index	words	A2	noun	masculine	indice	19.97
le champion	Kämpe	words	A2	noun	masculine	champion	19.82
la colline	Halde	words	A2	noun	feminine	colline	19.54
le moteur	Motor	words	A2	noun	masculine	moteur	19.47
la soif	Gier	words	A2	noun	feminine	soif	19.46
l' ouest	West	words	A2	noun	masculine	ouest	19.37
le danseur	Tänzer	words	A2	noun	masculine	danseur	19.13
jaloux	neidisch	words	A2	adjective		jaloux	19.12
le sable	Sand	words	A2	noun	masculine	sable	18.79
le froid	Kälte	words	A2	noun	masculine	froid	18.68
photographe	Fotograf	words	A2	noun		photographe	18.55
attraper	fangen	words	A2	verb		attraper	18.53
rattraper	einholen	words	A2	verb		rattraper	18.37
l' architecture	Baukunst	words	A2	noun	feminine	architecture	18.31
plastique	bildsam	words	A2	noun		plastique	18.29
indien	indisch	words	A2	adjective		indien	18.25
dater	datieren	words	A2	verb		dater	18.10
le lapin	Hase	words	A2	noun	masculine	lapin	18.09
le dialogue	Dialog	words	A2	noun	masculine	dialogue	18.01
spectaculaire	spektakulär	words	A2	adjective		spectaculaire	18.00
peindre	malen	words	A2	verb		peindre	17.94
l' installation	Ausstattung	words	A2	noun	feminine	installation	17.80
contemporain	gleichzeitig	words	A2	adjective		contemporain	17.78
la sculpture	Profil	words	A2	noun	feminine	sculpture	17.58
le futur	Futur	words	A2	noun	masculine	futur	17.46
l' invention	Erfindung	words	A2	noun	feminine	invention	17.42
la cave	Keller	words	A2	noun	feminine	cave	17.39
le masque	Maske	words	A2	noun	masculine	masque	17.33
le football	Fußball	words	A2	noun	masculine	football	17.29
la coupe	Cup	words	A2	noun	feminine	coupe	17.17
la monnaie	Geld	words	A2	noun	feminine	monnaie	16.96
fier	vertrauen	words	A2	verb		fier	16.93
la plume	Feder	words	A2	noun	feminine	plume	16.89
l' ambiance	Milieu	words	A2	noun	feminine	ambiance	16.80
intense	hell	words	A2	adjective		intense	16.63
allemand	Deutsch	words	A2	noun		allemand	16.54
essentiel	Essenz	words	A2	noun		essentiel	16.34
russe	Russisch	words	A2	adjective		russe	16.21
la baguette	Rute	words	A2	noun	feminine	baguette	16.20
le gardien	Hüter	words	A2	noun	masculine	gardien	16.13
le bouquet	Bukett	words	A2	noun	masculine	bouquet	16.13
la fac	Uni	words	A2	noun	feminine	fac	15.91
le montant	Betrag	words	A2	noun	masculine	montant	15.77
confortable	bequem	words	A2	adjective		confortable	15.73
le vendeur	Händler	words	A2	noun	masculine	vendeur	15.53
le ballon	Ball	words	A2	noun	masculine	ballon	15.41
la coutume	Usus	words	A2	noun	feminine	coutume	15.34
sensible	empfindsam	words	A2	adjective		sensible	15.31
Japonais	Japaner	words	A2	adjective	masculine	japonais	15.26
exotique	exotisch	words	A2	adjective		exotique	15.16
le neveu	Neffe	words	A2	noun	masculine	neveu	15.06
maternel	mütterlich	words	A2	adjective		maternel	15.04
Romain	Römerin	words	A2	adjective	masculine	romain	15.02
contacter	kontaktieren	words	A2	verb		contacter	14.58
non	nicht wahr	phrases	A2	interjection		non	14.03
vain	eitel	words	A2	adjective		vain	14.02
la douche	Brause	words	A2	noun	feminine	douche	13.99
plaisanter	spaßen	words	A2	verb		plaisanter	13.99
nettoyer	säubern	words	A2	verb		nettoyer	13.99
commenter	kommentieren	words	A2	verb		commenter	13.90
latin	lateinisch	words	A2	adjective		latin	13.75
la merveille	Wunder	words	A2	noun	feminine	merveille	13.62
la francophonie	Frankofonie	words	A2	noun	feminine	francophonie	13.39
le bon	gut	words	A2	noun	masculine	bon	13.29
brave	brav	words	A2	adjective		brave	13.01
le conducteur	Fahrer	words	A2	noun	masculine	conducteur	12.92
le motif	Grund	words	A2	noun	masculine	motif	12.44
restaurer	stärken	words	A2	verb		restaurer	12.35
remporter	erringen	words	A2	verb		remporter	12.30
soulier	Schuh	words	A2	noun		soulier	12.04
le total	Summe	words	A2	noun	masculine	total	11.87
hein	hä	phrases	A2	interjection		hein	11.69
l' addition	Zusatz	words	A2	noun	feminine	addition	11.62
polonais	polnische Sprache	words	A2	adjective	masculine	polonais	11.51
la botte	Faß	words	A2	noun	feminine	botte	11.40
l' aliment	Futter	words	A2	noun	masculine	aliment	11.34
la salutation	Gruß	words	A2	noun	feminine	salutation	11.29
autoroute	Autobahn	words	A2	noun		autoroute	11.28
effondrer	einsacken	words	A2	verb		effondrer	11.23
le commentaire	Bewertung	words	A2	noun	masculine	commentaire	11.03
souriant	freundlich	words	A2	adjective	masculine	souriant	11.01
renseigner	mitteilen	words	A2	verb		renseigner	11.00
cuire	kochen	words	A2	verb		cuire	10.90
corriger	berichtigen	words	A2	verb		corriger	10.89
passionnant	anregend	words	A2	adjective	masculine	passionnant	10.72
la Renaissance	Renaissance	words	A2	noun	feminine	renaissance	10.70
le panorama	Panorama	words	A2	noun	masculine	panorama	10.68
la fermeture	Schluss	words	A2	noun	feminine	fermeture	10.52
l' horaire	Fahrplan	words	A2	noun	masculine	horaire	10.45
pis	Euter	words	A2	adverb	masculine	pis	10.27
car	denn	words	A2	noun		car	9.93
culinaire	kochen	words	A2	adjective		culinaire	9.91
bavarder	plaudern	words	A2	verb		bavarder	9.76
la colonie	Kolonie	words	A2	noun	feminine	colonie	9.68
informatique	Informatik	words	A2	adjective	feminine	informatique	9.67
esclave	Knecht	words	A2	noun		esclave	9.63
symboliser	symbolisieren	words	A2	verb		symboliser	9.60
le camion	LKW	words	A2	noun	masculine	camion	9.50
le bistrot	Bar	words	A2	noun	masculine	bistrot	9.40
inoubliable	unvergessen	words	A2	adjective		inoubliable	9.37
le cahier	Heft	words	A2	noun	masculine	cahier	9.34
le mouton	Schaf	words	A2	noun	masculine	mouton	9.31
bourgeois	Bourgeois	words	A2	adjective	masculine	bourgeois	9.27
le panneau	Feld	words	A2	noun	masculine	panneau	9.18
recouvrir	belegen	words	A2	verb		recouvrir	9.16
le gamin	Blag	words	A2	noun	masculine	gamin	9.14
la rive	Rand	words	A2	noun	feminine	rive	9.11
abriter	schirmen	words	A2	verb		abriter	8.74
la canne	Stab	words	A2	noun	feminine	canne	8.34
la guitare	Gitarre	words	A2	noun	feminine	guitare	8.16
l' artifice	Kniff	words	A2	noun	masculine	artifice	8.11
vexer	kränken	words	A2	verb		vexer	8.03
marocain	marokkanisch	words	A2	adjective	masculine	marocain	7.93
l' illustration	Abbildung	words	A2	noun	feminine	illustration	7.61
illuminer	beleuchten	words	A2	verb		illuminer	7.37
l' yaourt	Jogurt	words	A2	noun	masculine	yaourt	7.34
canadien	kanadisch	words	A2	adjective	masculine	canadien	7.26
Perlé	Perl	words	A2	noun		perle	7.26
radio	Radio	words	A2	adjective	feminine	radio	7.26
l' assistant	Assistent	words	A2	noun	masculine	assistant	7.19
le feuilleton	Feuilleton	words	A2	noun	masculine	feuilleton	7.13
le foie	Leber	words	A2	noun	masculine	foie	6.91
le cuisinier	Koch	words	A2	noun	masculine	cuisinier	6.87
la boulangerie	Bäckerei	words	A2	noun	feminine	boulangerie	6.86
le porc	Schwein	words	A2	noun	masculine	porc	6.85
patient	geduldig	words	A2	adjective		patient	6.73
le dessinateur	Zeichner	words	A2	noun	masculine	dessinateur	6.71
la tarte	Tarte	words	A2	noun	feminine	tarte	6.65
dentiste	Zahnarzt	words	A2	noun		dentiste	6.59
chic	schick	words	A2	adjective		chic	6.44
la fontaine	Born	words	A2	noun	feminine	fontaine	6.42
luire	leuchten	words	A2	verb		luire	6.41
ennuyeux	ärgerlich	words	A2	adjective		ennuyeux	5.97
chaleureux	herzlich	words	A2	adjective		chaleureux	5.97
coiffer	führen	words	A2	verb		coiffer	5.97
le jouet	Spielzeug	words	A2	noun	masculine	jouet	5.94
le bisou	Kuss	words	A2	noun	masculine	bisou	5.89
l' angle	Ecke	words	A2	noun	masculine	angle	5.86
la charcuterie	Wursthandlung	words	A2	noun	feminine	charcuterie	5.38
sage	brav	words	A2	adjective		sage	5.33
le parapluie	Parapluie	words	A2	noun	masculine	parapluie	5.18
fatigant	lästig	words	A2	adjective		fatigant	5.07
la console	Konsole	words	A2	noun	feminine	console	4.96
mignon	süß	words	A2	adjective		mignon	4.93
la dinde	Pute	words	A2	noun	feminine	dinde	4.84
nocturne	nächtlich	words	A2	adjective		nocturne	4.77
la grenouille	Frosch	words	A2	noun	feminine	grenouille	4.61
la sympathie	Sympathie	words	A2	noun	feminine	sympathie	4.58
le boulanger	Bäcker	words	A2	noun	masculine	boulanger	4.54
la tapisserie	Tapete	words	A2	noun	feminine	tapisserie	4.38
le croissant	Halbmond	words	A2	noun	masculine	croissant	4.38
comique	drollig	words	A2	adjective		comique	4.26
le rosier	Rosenstock	words	A2	noun	masculine	rosier	4.20
australien	australisch	words	A2	adjective	masculine	australien	4.16
le gramme	Gramm	words	A2	noun	masculine	gramme	4.06
le saucisson	Wurst	words	A2	noun	masculine	saucisson	3.93
la maquette	Modell	words	A2	noun	feminine	maquette	3.85
le pourboire	Trinkgeld	words	A2	noun	masculine	pourboire	3.83
la cire	Wachs	words	A2	noun	feminine	cire	3.78
l' escargot	Schnecke	words	A2	noun	masculine	escargot	3.77
le jazz	Jazz	words	A2	noun	masculine	jazz	3.71
la natation	Schwimmen	words	A2	noun	feminine	natation	3.70
stupide	blöd	words	A2	adjective		stupide	3.70
ouf	puh	phrases	A2	interjection		ouf	3.53
le saumon	Salm	words	A2	noun	masculine	saumon	3.51
la banane	Banane	words	A2	noun	feminine	banane	3.48
raide	jäh	words	A2	adjective		raide	3.29
le collectionneur	Sammler	words	A2	noun	masculine	collectionneur	3.17
marron	braun	words	A2	adjective		marron	3.07
le bowling	Bowling	words	A2	noun	masculine	bowling	3.06
le caissier	Kassier	words	A2	noun	masculine	caissier	2.93
la pharmacie	Apotheke	words	A2	noun	feminine	pharmacie	2.77
l' olive	Olive	words	A2	noun	feminine	olive	2.74
marre	satthaben	words	A2	adverb		marre	2.71
l' abricot	Marille	words	A2	noun	masculine	abricot	2.56
portugais	portugiesische	words	A2	adjective	masculine	portugais	2.55
le casque	Helm	words	A2	noun	masculine	casque	2.47
la photocopie	Fotokopie	words	A2	noun	feminine	photocopie	2.46
gris	Grau	words	A2	noun		gris	2.36
cinquante	Fünfzig	words	A2	noun		cinquante	2.34
le spaghetti	Spagetti	words	A2	noun	masculine	spaghetti	2.27
l' oublie	Hippe	words	A2	noun	feminine	oublie	2.19
le sirop	Sirup	words	A2	noun	masculine	sirop	2.13
le rhum	Rum	words	A2	noun	masculine	rhum	2.02
bonsoir	guten Abend	phrases	A2	interjection		bonsoir	2.02
chut	leise	phrases	A2	interjection		chut	1.83
marrant	lustig	words	A2	adjective		marrant	1.76
le cidre	Most	words	A2	noun	masculine	cidre	1.63
musulman	muslimisch	words	A2	adjective		musulman	1.59
ben	na	words	A2	noun		ben	1.49
quatre	Vier	words	A2	noun		quatre	1.47
l' oignon	Arsch	words	A2	noun	masculine	oignon	1.42
laitier	Schlacke	words	A2	adjective	masculine	laitier	1.31
collectionner	sammeln	words	A2	verb		collectionner	1.28
la menthe	Minze	words	A2	noun	feminine	menthe	1.26
trop	zu viel	words	A2	noun		trop	1.25
le couscous	Kuskus	words	A2	noun	masculine	couscous	1.21
jumeau	Paar	words	A2	noun		jumeau	1.00
la sardine	Hering	words	A2	noun	feminine	sardine	0.95
l' apprenti	Azubi	words	A2	noun	masculine	apprenti	0.91
skier	Ski fahren	words	A2	verb		skier	0.89
l' ambassade	Botschaft	words	A2	noun	feminine	ambassade	0.76
pamplemousse	Grapefruit	words	A2	noun		pamplemousse	0.64
Rabat	Rabat	words	A2	noun		rabat	0.63
le concombre	Gurke	words	A2	noun	masculine	concombre	0.62
le zoo	Zoo	words	A2	noun	masculine	zoo	0.60
pat	Patt	words	A2	adjective	masculine	pat	0.20
dont	darunter	words	B1	pronoun		dont	382.97
le rapport	Bezug	words	B1	noun	masculine	rapport	143.14
le regard	Auge	words	B1	noun	masculine	regard	141.51
pauvre	arm	words	B1	adjective		pauvre	139.21
chef	Chef	words	B1	noun		chef	131.30
la sorte	Art	words	B1	noun	feminine	sorte	129.48
le public	Publikum	words	B1	noun	masculine	public	125.66
obtenir	erlangen	words	B1	verb		obtenir	123.09
le pouvoir	können	words	B1	noun	masculine	pouvoir	119.74
commissaire	Kommissar	words	B1	noun		commissaire	117.87
l' esprit	Geist	words	B1	noun	masculine	esprit	117.83
remettre	erlassen	words	B1	verb		remettre	116.84
l' avenir	Zukunft	words	B1	noun	masculine	avenir	110.30
la plupart	meisten	words	B1	noun	feminine	plupart	108.36
professionnel	professionell	words	B1	adjective		professionnel	107.61
la ligne	Linie	words	B1	noun	feminine	ligne	106.02
l' action	Tat	words	B1	noun	feminine	action	105.70
le compte	Konto	words	B1	noun	masculine	compte	105.24
cadre	Rahmen	words	B1	noun		cadre	104.20
la politique	Politik	words	B1	noun	feminine	politique	103.73
assurer	sichern	words	B1	verb		assurer	103.48
le mouvement	Satz	words	B1	noun	masculine	mouvement	102.17
actuel	jetzig	words	B1	adjective	masculine	actuel	99.26
public	öffentlich	words	B1	adjective	masculine	public	97.99
physique	physisch	words	B1	adjective		physique	96.04
lier	binden	words	B1	verb		lier	93.38
le crime	Verbrechen	words	B1	noun	masculine	crime	92.04
valoir	gelten	words	B1	verb		valoir	91.38
la maladie	Morbus	words	B1	noun	feminine	maladie	91.00
l' assassin	Mörder	words	B1	noun	masculine	assassin	90.75
la victime	Opfer	words	B1	noun	feminine	victime	89.66
la poche	Tasche	words	B1	noun	feminine	poche	89.27
le contraire	Gegensatz	words	B1	noun	masculine	contraire	88.30
la mesure	Maß	words	B1	noun	feminine	mesure	86.66
attirer	ködern	words	B1	verb		attirer	86.47
afin	damit	words	B1	conjunction		afin	86.26
importer	einführen	words	B1	verb		importer	84.31
la formation	Bildung	words	B1	noun	feminine	formation	82.42
l' individu	Einzelne	words	B1	noun	masculine	individu	81.96
augmenter	anheben	words	B1	verb		augmenter	80.79
estimer	ehren	words	B1	verb		estimer	79.71
adresser	senden	words	B1	verb		adresser	79.30
le risque	Risiko	words	B1	noun	masculine	risque	78.09
le danger	Gefahr	words	B1	noun	masculine	danger	77.53
le couteau	Messer	words	B1	noun	masculine	couteau	77.26
puisque	doch	words	B1	conjunction		puisque	76.66
tendre	spannen	words	B1	verb		tendre	76.63
tenter	versuchen	words	B1	verb		tenter	75.79
charger	laden	words	B1	verb		charger	75.48
la tendance	Hang	words	B1	noun	feminine	tendance	73.55
affirmer	bejahen	words	B1	verb		affirmer	72.97
le comportement	Benehmen	words	B1	noun	masculine	comportement	72.91
la consommation	Trank	words	B1	noun	feminine	consommation	72.66
imposer	anlegen	words	B1	verb		imposer	72.21
le policier	Polizist	words	B1	noun	masculine	policier	72.14
le Franc	Franke	words	B1	noun	masculine	franc	71.01
le courant	Strom	words	B1	noun	masculine	courant	70.89
la preuve	Beleg	words	B1	noun	feminine	preuve	69.44
la machine	Maschine	words	B1	noun	feminine	machine	68.79
atteindre	ereilen	words	B1	verb		atteindre	67.65
ministre	Minister	words	B1	noun		ministre	67.55
hors	außerhalb	words	B1	preposition		hors	67.24
entourer	umgeben	words	B1	verb		entourer	66.94
le but	Tor	words	B1	noun	masculine	but	66.63
l' hasard	Gefahr	words	B1	noun	masculine	hasard	66.30
oser	wagen	words	B1	verb		oser	65.93
l' expression	Ausdruck	words	B1	noun	feminine	expression	64.71
relever	ablösen	words	B1	verb		relever	64.56
l' usage	Sitte	words	B1	noun	masculine	usage	63.71
poursuivre	belangen	words	B1	verb		poursuivre	63.71
le contrat	Vertrag	words	B1	noun	masculine	contrat	62.73
serrer	drücken	words	B1	verb		serrer	62.49
emporter	ereifern	words	B1	verb		emporter	62.48
le geste	Geste	words	B1	noun	masculine	geste	62.35
opposer	ablehnen	words	B1	verb		opposer	62.23
la mise	Einsatz	words	B1	noun	feminine	mise	62.22
condamner	verdammen	words	B1	verb		condamner	61.77
la trace	Spur	words	B1	noun	feminine	trace	61.27
profond	tief	words	B1	adjective	masculine	profond	61.26
juger	richten	words	B1	verb		juger	61.16
la centaine	Hundert	words	B1	noun	feminine	centaine	61.07
souffrir	leiden	words	B1	verb		souffrir	60.63
le peuple	Volk	words	B1	noun	masculine	peuple	60.32
ouvert	offen	words	B1	adjective		ouvert	60.15
sombre	trübe	words	B1	adjective		sombre	59.86
soi	selbst	words	B1	pronoun		soi	58.97
employer	anwenden	words	B1	verb		employer	58.70
faible	flau	words	B1	adjective		faible	58.43
cesser	beenden	words	B1	verb		cesser	58.20
le rythme	Rhythmus	words	B1	noun	masculine	rythme	57.75
la violence	Gewalt	words	B1	noun	feminine	violence	57.61
la voie	Weg	words	B1	noun	feminine	voie	57.40
signifier	heißen	words	B1	verb		signifier	57.05
le membre	Glied	words	B1	noun	masculine	membre	56.96
menacer	drohen	words	B1	verb		menacer	56.90
la lutte	Kampf	words	B1	noun	feminine	lutte	56.80
le sol	Sol	words	B1	noun	masculine	sol	56.66
l' appel	Ruf	words	B1	noun	masculine	appel	56.60
provoquer	verursachen	words	B1	verb		provoquer	56.29
limiter	begrenzen	words	B1	verb		limiter	55.97
enfuir	fliehen	words	B1	verb		enfuir	54.99
unique	einzig	words	B1	adjective		unique	54.61
le consommateur	Konsument	words	B1	noun	masculine	consommateur	54.25
blesser	verletzen	words	B1	verb		blesser	54.09
prononcer	halten	words	B1	verb		prononcer	54.04
l' effort	Last	words	B1	noun	masculine	effort	53.15
bouger	regen	words	B1	verb		bouger	52.25
le trou	Kaff	words	B1	noun	masculine	trou	52.00
baisser	senken	words	B1	verb		baisser	51.60
debout	aufrecht	words	B1	adverb		debout	51.57
l' existence	Leben	words	B1	noun	feminine	existence	51.56
le fil	Garn	words	B1	noun	masculine	fil	51.35
le lecteur	Leser	words	B1	noun	masculine	lecteur	50.43
l' opinion	Meinung	words	B1	noun	feminine	opinion	49.88
adopter	nehmen	words	B1	verb		adopter	49.74
le sein	Brust	words	B1	noun	masculine	sein	49.70
pencher	beugen	words	B1	verb		pencher	49.36
traiter	heißen	words	B1	verb		traiter	49.26
contenir	haben	words	B1	verb		contenir	48.61
l' utilisation	Gebrauch	words	B1	noun	feminine	utilisation	48.38
l' acteur	Akteur	words	B1	noun	masculine	acteur	48.31
le principe	Prinzip	words	B1	noun	masculine	principe	48.28
minuit	Mitternacht	words	B1	noun		minuit	48.18
le savoir	wissen	words	B1	noun	masculine	savoir	47.98
voire	selbst	words	B1	adverb		voire	47.85
l' acte	Tat	words	B1	noun	masculine	acte	47.59
la charge	Ladung	words	B1	noun	feminine	charge	47.37
la dizaine	Zehn	words	B1	noun	feminine	dizaine	47.15
la foule	Menge	words	B1	noun	feminine	foule	47.11
la faute	Fehler	words	B1	noun	feminine	faute	47.09
rapporter	melden	words	B1	verb		rapporter	46.69
le propos	Plan	words	B1	noun	masculine	propos	46.26
transmettre	bestellen	words	B1	verb		transmettre	45.99
le millier	Tausend	words	B1	noun	masculine	millier	45.74
l' absence	Absenz	words	B1	noun	feminine	absence	45.69
agent	Agens	words	B1	noun		agent	45.63
parvenir	ankommen	words	B1	verb		parvenir	44.82
le salaire	Gage	words	B1	noun	masculine	salaire	44.74
la conscience	Gewissen	words	B1	noun	feminine	conscience	44.71
fort	Festung	words	B1	adverb	masculine	fort	44.70
modifier	ändern	words	B1	verb		modifier	44.67
la revanche	Rache	words	B1	noun	feminine	revanche	44.56
l' importance	Rolle	words	B1	noun	feminine	importance	44.47
le changement	Wechsel	words	B1	noun	masculine	changement	44.39
diminuer	sinken	words	B1	verb		diminuer	44.36
accorder	stimmen	words	B1	verb		accorder	44.31
amener	bringen	words	B1	verb		amener	44.08
technique	technisch	words	B1	adjective		technique	43.73
supposer	annehmen	words	B1	verb		supposer	43.69
l' annonce	Anzeige	words	B1	noun	feminine	annonce	43.62
destiner	bestimmen	words	B1	verb		destiner	43.61
artistique	kunstvoll	words	B1	adjective		artistique	43.17
financier	Finanzier	words	B1	adjective	masculine	financier	43.16
autrefois	Gestern	words	B1	adverb	masculine	autrefois	43.15
davantage	groß	words	B1	adverb		davantage	43.09
la princesse	Fürstin	words	B1	noun	feminine	princesse	43.01
le quotidien	Tag	words	B1	noun	masculine	quotidien	42.67
le citoyen	Bürger	words	B1	noun	masculine	citoyen	42.44
le malheur	Malheur	words	B1	noun	masculine	malheur	42.40
l' avance	Erker	words	B1	noun	feminine	avance	42.36
le cerveau	Hirn	words	B1	noun	masculine	cerveau	41.82
correspondre	entsprechen	words	B1	verb		correspondre	41.70
cent	Cent	words	B1	noun		cent	41.57
l' avocat	Anwalt	words	B1	noun	masculine	avocat	41.48
l' objectif	Ziel	words	B1	noun	masculine	objectif	41.31
tabac	Tabak	words	B1	noun		tabac	41.30
le bien	gut	words	B1	noun	masculine	bien	41.19
le particulier	Person	words	B1	noun	masculine	particulier	41.10
la source	Born	words	B1	noun	feminine	source	41.02
la manifestation	Kundgebung	words	B1	noun	feminine	manifestation	40.98
la puissance	Macht	words	B1	noun	feminine	puissance	40.97
l' attente	Warten	words	B1	noun	feminine	attente	40.90
parfaitement	bestens	words	B1	adverb		parfaitement	40.89
effectuer	ausführen	words	B1	verb		effectuer	40.72
signer	markieren	words	B1	verb		signer	40.54
l' aspect	Aspekt	words	B1	noun	masculine	aspect	40.30
la somme	Summe	words	B1	noun	feminine	somme	40.22
la disparition	Abzug	words	B1	noun	feminine	disparition	40.13
contribuer	mitwirken	words	B1	verb		contribuer	40.00
absolument	durchaus	words	B1	adverb		absolument	39.98
le festival	Festival	words	B1	noun	masculine	festival	39.89
l' espoir	Hoffnung	words	B1	noun	masculine	espoir	39.11
livrer	angeben	words	B1	verb		livrer	39.02
le cou	Hals	words	B1	noun	masculine	cou	38.82
le gendarme	Gendarm	words	B1	noun	masculine	gendarme	38.81
le manteau	Mantel	words	B1	noun	masculine	manteau	38.34
collectif	gemeinsam	words	B1	adjective		collectif	37.94
le compagnon	Genosse	words	B1	noun	masculine	compagnon	37.68
le tiers	Drittel	words	B1	noun	masculine	tiers	37.65
distinguer	trennen	words	B1	verb		distinguer	37.48
le dehors	Äußere	words	B1	noun	masculine	dehors	37.34
inutile	unnütz	words	B1	adjective		inutile	37.27
risquer	wagen	words	B1	verb		risquer	37.18
totalement	gänzlich	words	B1	adverb		totalement	37.12
la vitesse	Eile	words	B1	noun	feminine	vitesse	37.02
traduire	übergeben	words	B1	verb		traduire	36.96
la revue	Revue	words	B1	noun	feminine	revue	36.78
civil	bürgerlich	words	B1	adjective		civil	36.57
plaindre	bedauern	words	B1	verb		plaindre	36.52
le paysan	Bauer	words	B1	noun	masculine	paysan	36.24
pareil	gleich	words	B1	adjective		pareil	36.23
religieux	religiös	words	B1	adjective		religieux	36.14
la veille	Tag	words	B1	noun	feminine	veille	36.11
le front	Front	words	B1	noun	masculine	front	35.92
le lac	See	words	B1	noun	masculine	lac	35.91
maigre	dünn	words	B1	adjective		maigre	35.90
consister	bestehen	words	B1	verb		consister	35.75
la vente	Verkauf	words	B1	noun	feminine	vente	35.69
le dossier	Akte	words	B1	noun	masculine	dossier	35.59
grandir	wachsen	words	B1	verb		grandir	35.54
le manque	Manko	words	B1	noun	masculine	manque	35.44
l' entretien	Pflege	words	B1	noun	masculine	entretien	35.10
total	total	words	B1	adjective		total	35.02
la chemise	Hemd	words	B1	noun	feminine	chemise	35.01
silencieux	still	words	B1	adjective		silencieux	34.96
impliquer	verwickeln	words	B1	verb		impliquer	34.91
couler	gießen	words	B1	verb		couler	34.88
multiplier	vermehren	words	B1	verb		multiplier	34.49
associer	verbinden	words	B1	verb		associer	34.31
le gaz	Gas	words	B1	noun	masculine	gaz	34.19
la cigarette	Zigarette	words	B1	noun	feminine	cigarette	34.16
la critique	Tadel	words	B1	noun	feminine	critique	33.66
soulever	heben	words	B1	verb		soulever	33.34
le soin	Sorge	words	B1	noun	masculine	soin	33.27
accuser	anklagen	words	B1	verb		accuser	33.07
policier	Polizist	words	B1	adjective	masculine	policier	32.99
magique	magisch	words	B1	adjective		magique	32.97
le respect	Respekt	words	B1	noun	masculine	respect	32.88
municipal	munizipal	words	B1	adjective		municipal	32.64
le milliard	Milliarde	words	B1	noun	masculine	milliard	32.63
l' offre	Antrag	words	B1	noun	feminine	offre	32.61
puissant	stark	words	B1	adjective		puissant	32.54
la surface	Belag	words	B1	noun	feminine	surface	32.49
la star	Star	words	B1	noun	feminine	star	32.45
voter	wählen	words	B1	verb		voter	32.24
le tissu	Stoff	words	B1	noun	masculine	tissu	32.23
solide	fest	words	B1	adjective		solide	32.16
la Don	Don	words	B1	noun	feminine	don	32.16
le sexe	Sex	words	B1	noun	masculine	sexe	32.05
jurer	schwören	words	B1	verb		jurer	32.03
le tort	Fehler	words	B1	noun	masculine	tort	31.92
certes	zugegeben	words	B1	adverb		certes	31.86
saisir	fangen	words	B1	verb		saisir	31.76
renvoyer	kotzen	words	B1	verb		renvoyer	31.69
l' administration	Verwalten	words	B1	noun	feminine	administration	31.64
soigner	heilen	words	B1	verb		soigner	31.60
rassembler	bündeln	words	B1	verb		rassembler	31.56
largement	in Fülle	words	B1	adverb		largement	31.55
l' urgence	Urgenz	words	B1	noun	feminine	urgence	31.52
le bouton	Knauf	words	B1	noun	masculine	bouton	31.46
disputer	rechten	words	B1	verb		disputer	31.33
urbain	städtisch	words	B1	adjective		urbain	31.13
l' intelligence	Verstand	words	B1	noun	feminine	intelligence	30.77
naturellement	natürlich	words	B1	adverb		naturellement	30.59
circuler	bewegen	words	B1	verb		circuler	30.57
le robot	Roboter	words	B1	noun	masculine	robot	30.26
hurler	iahen	words	B1	verb		hurler	30.21
comporter	benehmen	words	B1	verb		comporter	30.17
la remarque	Vermerk	words	B1	noun	feminine	remarque	30.01
le vivant	Lebender	words	B1	noun	masculine	vivant	29.96
partenaire	Partner	words	B1	noun		partenaire	29.95
la catastrophe	Katastrophe	words	B1	noun	feminine	catastrophe	29.76
l' attitude	Haltung	words	B1	noun	feminine	attitude	29.74
envahir	befallen	words	B1	verb		envahir	29.67
la bataille	Hieb	words	B1	noun	feminine	bataille	29.57
furieux	toll	words	B1	adjective		furieux	29.43
nommer	heißen	words	B1	verb		nommer	29.33
renoncer	ablassen	words	B1	verb		renoncer	29.32
probablement	wohl	words	B1	adverb		probablement	29.26
exiger	fordern	words	B1	verb		exiger	29.25
autrement	anders	words	B1	adverb		autrement	29.24
bas	Strumpf	words	B1	noun		bas	29.24
majeur	wichtig	words	B1	adjective	masculine	majeur	29.23
extraire	abbauen	words	B1	verb		extraire	29.18
peser	wägen	words	B1	verb		peser	29.17
supporter	dulden	words	B1	verb		supporter	29.17
le revenu	Rente	words	B1	noun	masculine	revenu	28.90
reculer	fristen	words	B1	verb		reculer	28.79
la limite	Limit	words	B1	noun	feminine	limite	28.62
la chasse	Jagd	words	B1	noun	feminine	chasse	28.62
l' industrie	Industrie	words	B1	noun	feminine	industrie	28.59
coupable	schuld	words	B1	adjective		coupable	28.58
encourager	ermuntern	words	B1	verb		encourager	28.47
le courrier	Post	words	B1	noun	masculine	courrier	28.33
bouleverser	erschüttern	words	B1	verb		bouleverser	28.20
causer	bereiten	words	B1	verb		causer	28.03
transporter	befördern	words	B1	verb		transporter	27.96
la formule	Formel	words	B1	noun	feminine	formule	27.95
nourrir	hegen	words	B1	verb		nourrir	27.90
intervenir	einschreiten	words	B1	verb		intervenir	27.86
confier	zutrauen	words	B1	verb		confier	27.75
docteur	Arzt	words	B1	noun		docteur	27.73
demeurer	hausen	words	B1	verb		demeurer	27.32
le langage	Sprache	words	B1	noun	masculine	langage	27.30
indispensable	unbedingt	words	B1	adjective		indispensable	27.29
l' initiative	Initiative	words	B1	noun	feminine	initiative	27.27
l' assiette	Lage	words	B1	noun	feminine	assiette	27.20
le boulot	Maloche	words	B1	noun	masculine	boulot	27.17
deviner	ahnen	words	B1	verb		deviner	27.13
la tristesse	Traurigkeit	words	B1	noun	feminine	tristesse	26.92
le meuble	Möbel	words	B1	noun	masculine	meuble	26.87
le secours	Notdienst	words	B1	noun	masculine	secours	26.80
supprimer	kürzen	words	B1	verb		supprimer	26.70
le minimum	Minimum	words	B1	noun	masculine	minimum	26.70
le costume	Anzug	words	B1	noun	masculine	costume	26.66
admettre	zugeben	words	B1	verb		admettre	26.61
respirer	atmen	words	B1	verb		respirer	26.57
la couverture	Decke	words	B1	noun	feminine	couverture	26.41
enregistrer	speichern	words	B1	verb		enregistrer	26.38
le rideau	Store	words	B1	noun	masculine	rideau	26.37
universel	universal	words	B1	adjective		universel	26.34
dresser	machen	words	B1	verb		dresser	26.29
la victoire	Sieg	words	B1	noun	feminine	victoire	26.24
aborder	entern	words	B1	verb		aborder	26.18
le commun	Gemeinschaft	words	B1	noun	masculine	commun	25.99
la poitrine	Brust	words	B1	noun	feminine	poitrine	25.99
contrairement	Gegensatz	words	B1	adverb		contrairement	25.94
brillant	hell	words	B1	adjective		brillant	25.93
examiner	prüfen	words	B1	verb		examiner	25.89
l' apprentissage	Lehre	words	B1	noun	masculine	apprentissage	25.89
le pot	Krug	words	B1	noun	masculine	pot	25.86
efficace	wirksam	words	B1	adjective		efficace	25.80
communiquer	mitteilen	words	B1	verb		communiquer	25.77
l' hauteur	Höhe	words	B1	noun	feminine	hauteur	25.72
domestique	Haus	words	B1	noun		domestique	25.68
objectif	objektiv	words	B1	adjective		objectif	25.68
vivant	belebt	words	B1	adjective		vivant	25.62
disponible	vorrätig	words	B1	adjective		disponible	25.60
la structure	Bildung	words	B1	noun	feminine	structure	25.49
l' imagination	Idee	words	B1	noun	feminine	imagination	25.39
accrocher	haken	words	B1	verb		accrocher	25.24
interrompre	abbrechen	words	B1	verb		interrompre	25.17
le figuré	bildlich	words	B1	noun	masculine	figure	25.13
psychologique	psychologisch	words	B1	adjective		psychologique	25.07
le parcours	Strecke	words	B1	noun	masculine	parcours	25.04
la fiction	Fiktion	words	B1	noun	feminine	fiction	25.02
le rayon	Roß	words	B1	noun	masculine	rayon	24.94
le marchand	Händler	words	B1	noun	masculine	marchand	24.93
l' influence	Einfluss	words	B1	noun	feminine	influence	24.67
la vision	Vision	words	B1	noun	feminine	vision	24.62
le conflit	Streit	words	B1	noun	masculine	conflit	24.42
la guide	Leine	words	B1	noun	feminine	guide	24.37
provenir	stammen	words	B1	verb		provenir	24.27
toutefois	indessen	words	B1	adverb		toutefois	24.24
gai	heiter	words	B1	adjective		gai	24.23
distribuer	geben	words	B1	verb		distribuer	24.19
satisfaire	befriedigen	words	B1	verb		satisfaire	24.01
central	zentral	words	B1	adjective	masculine	central	24.00
croiser	kreuzen	words	B1	verb		croiser	24.00
rose	rosa	words	B1	adjective		rose	23.98
parcourir	überlesen	words	B1	verb		parcourir	23.95
recommander	berufen	words	B1	verb		recommander	23.91
identifier	bemerken	words	B1	verb		identifier	23.82
franc	frei	words	B1	adjective		franc	23.63
la ressource	Mittel	words	B1	noun	feminine	ressource	23.51
parler	sprechen	words	B1	noun		parler	23.42
consulter	ablesen	words	B1	verb		consulter	23.34
la disposition	Klausel	words	B1	noun	feminine	disposition	23.32
le destin	Schicksal	words	B1	noun	masculine	destin	23.31
la baisse	Rückgang	words	B1	noun	feminine	baisse	23.14
la philosophie	Philosophie	words	B1	noun	feminine	philosophie	23.06
la commune	Kommune	words	B1	noun	feminine	commune	23.05
modeste	bescheiden	words	B1	adjective		modeste	23.03
l' intention	Plan	words	B1	noun	feminine	intention	23.00
positif	positiv	words	B1	adjective	masculine	positif	23.00
la pollution	Verschmutzung	words	B1	noun	feminine	pollution	22.97
le producteur	Produzent	words	B1	noun	masculine	producteur	22.94
maintenir	bergen	words	B1	verb		maintenir	22.86
le tribunal	Gericht	words	B1	noun	masculine	tribunal	22.73
refaire	reparieren	words	B1	verb		refaire	22.73
le cabinet	Abort	words	B1	noun	masculine	cabinet	22.70
briser	bersten	words	B1	verb		briser	22.67
enseigner	lehren	words	B1	verb		enseigner	22.52
la convention	Abkommen	words	B1	noun	feminine	convention	22.45
conclure	folgern	words	B1	verb		conclure	22.40
la gorge	Hals	words	B1	noun	feminine	gorge	22.33
troubler	agitieren	words	B1	verb		troubler	22.26
immobile	reglos	words	B1	adjective		immobile	22.18
la bague	Ring	words	B1	noun	feminine	bague	22.11
l' habitation	Wohnung	words	B1	noun	feminine	habitation	22.09
lent	langsam	words	B1	adjective	masculine	lent	22.05
le talent	Talent	words	B1	noun	masculine	talent	22.00
emprunter	borgen	words	B1	verb		emprunter	21.99
l' haine	Hass	words	B1	noun	feminine	haine	21.78
creuser	graben	words	B1	verb		creuser	21.69
brusquement	plötzlich	words	B1	adverb		brusquement	21.64
user	nutzen	words	B1	verb		user	21.62
secret	geheim	words	B1	adjective		secret	21.55
contenter	begnügen	words	B1	verb		contenter	21.48
la chaleur	Hitze	words	B1	noun	feminine	chaleur	21.48
calmer	nachlassen	words	B1	verb		calmer	21.42
combattre	kämpfen	words	B1	verb		combattre	21.24
chasser	jagen	words	B1	verb		chasser	21.18
dessus	darüber	words	B1	adverb		dessus	21.12
enrichir	bereichern	words	B1	verb		enrichir	21.09
la transformation	Umbau	words	B1	noun	feminine	transformation	21.03
la distance	Weite	words	B1	noun	feminine	distance	20.87
le trottoir	Fußweg	words	B1	noun	masculine	trottoir	20.77
isoler	absondern	words	B1	verb		isoler	20.75
haut	Hoch	words	B1	noun		haut	20.72
initier	werben	words	B1	verb		initier	20.58
rejeter	ablehnen	words	B1	verb		rejeter	20.58
fuir	fliehen	words	B1	verb		fuir	20.57
comparer	vergleichen	words	B1	verb		comparer	20.53
fier	stolz	words	B1	adjective		fier	20.45
fortement	kräftig	words	B1	adverb		fortement	20.41
le plafond	Decke	words	B1	noun	masculine	plafond	20.37
la prise	Griff	words	B1	noun	feminine	prise	20.37
l' enthousiasme	Schwung	words	B1	noun	masculine	enthousiasme	20.32
la notion	Kenntnis	words	B1	noun	feminine	notion	20.28
trembler	beben	words	B1	verb		trembler	20.24
l' ennui	Ärger	words	B1	noun	masculine	ennui	20.23
la publication	Publikation	words	B1	noun	feminine	publication	20.09
Seigneur	Gott	words	B1	noun		seigneur	20.09
dominer	zügeln	words	B1	verb		dominer	20.07
le poing	Faust	words	B1	noun	masculine	poing	20.04
l' habit	Rock	words	B1	noun	masculine	habit	19.92
le chasseur	Jäger	words	B1	noun	masculine	chasseur	19.91
la joue	Backe	words	B1	noun	feminine	joue	19.87
le professionnel	Professional	words	B1	noun	masculine	professionnel	19.81
la fortune	Los	words	B1	noun	feminine	fortune	19.72
exceptionnel	außergewöhnlich	words	B1	adjective		exceptionnel	19.69
annuel	jährlich	words	B1	adjective		annuel	19.69
l' apparence	Spur	words	B1	noun	feminine	apparence	19.65
redescendre	wieder herunterkommen	words	B1	verb		redescendre	19.62
riche	Reiche	words	B1	noun		riche	19.51
la toile	Netz	words	B1	noun	feminine	toile	19.42
le contenu	Gehalt	words	B1	noun	masculine	contenu	19.40
la civilisation	Kultur	words	B1	noun	feminine	civilisation	19.39
le dommage	Schaden	words	B1	noun	masculine	dommage	19.36
rarement	selten	words	B1	adverb		rarement	19.35
ferme	Gutshof	words	B1	adverb	feminine	ferme	19.32
ennemi	Feind	words	B1	noun		ennemi	19.30
guider	führen	words	B1	verb		guider	19.29
l' entourage	Entourage	words	B1	noun	masculine	entourage	19.25
la motivation	Motivation	words	B1	noun	feminine	motivation	19.25
la douceur	Süße	words	B1	noun	feminine	douceur	19.12
la sensation	Sensation	words	B1	noun	feminine	sensation	19.09
le choc	Anstoß	words	B1	noun	masculine	choc	19.06
mobiliser	mobilmachen	words	B1	verb		mobiliser	19.04
semblable	ähnlich	words	B1	adjective		semblable	19.00
le miroir	Spiegel	words	B1	noun	masculine	miroir	18.97
la lance	Lanze	words	B1	noun	feminine	lance	18.96
uniquement	einzig	words	B1	adverb		uniquement	18.93
agiter	agitieren	words	B1	verb		agiter	18.85
roux	rothaarig	words	B1	adjective		roux	18.81
la barbe	Bart	words	B1	noun	feminine	barbe	18.79
Stade	Stade	words	B1	noun		stade	18.71
douter	zweifeln	words	B1	verb		douter	18.70
technologique	technologisch	words	B1	adjective		technologique	18.68
la masse	Masse	words	B1	noun	feminine	masse	18.66
moral	ethisch	words	B1	adjective		moral	18.59
volontiers	gerne	words	B1	adverb		volontiers	18.57
mineur	nichtig	words	B1	adjective		mineur	18.52
dramatique	dramatisch	words	B1	adjective		dramatique	18.48
la tombe	Grab	words	B1	noun	feminine	tombe	18.47
envers	auf zu	words	B1	preposition		envers	18.45
exemplaire	vorbildlich	words	B1	noun		exemplaire	18.42
le banc	Bank	words	B1	noun	masculine	banc	18.36
le sentier	Pfad	words	B1	noun	masculine	sentier	18.36
la vingtaine	Zwanziger	words	B1	noun	feminine	vingtaine	18.33
la grippe	Grippe	words	B1	noun	feminine	grippe	18.32
le stress	Stress	words	B1	noun	masculine	stress	18.31
ordonner	heißen	words	B1	verb		ordonner	18.30
la menace	Omen	words	B1	noun	feminine	menace	18.20
rompre	brechen	words	B1	verb		rompre	18.11
l' intervention	Eingriff	words	B1	noun	feminine	intervention	18.02
linge	Tuch	words	B1	noun		linge	17.93
la recette	Erlös	words	B1	noun	feminine	recette	17.93
marin	seefest	words	B1	adjective	masculine	marin	17.93
le contexte	Kontext	words	B1	noun	masculine	contexte	17.91
l' illusion	Illusion	words	B1	noun	feminine	illusion	17.83
la goutte	Runz	words	B1	noun	feminine	goutte	17.82
l' enjeu	Einsatz	words	B1	noun	masculine	enjeu	17.81
occidental	westlich	words	B1	adjective		occidental	17.80
portrait	Bildnis	words	B1	noun		portrait	17.71
le dollar	Dollar	words	B1	noun	masculine	dollar	17.61
remuer	rühren	words	B1	verb		remuer	17.54
la plaisanterie	Scherz	words	B1	noun	feminine	plaisanterie	17.49
le circuit	Bogen	words	B1	noun	masculine	circuit	17.39
la vocation	Berufung	words	B1	noun	feminine	vocation	17.38
effacer	löschen	words	B1	verb		effacer	17.16
la souris	Maus	words	B1	noun	feminine	souris	17.01
avec	mit	words	B1	adverb		avec	16.99
le Dragon	Drache	words	B1	noun	masculine	dragon	16.96
repousser	stoßen	words	B1	verb		repousser	16.93
l' ours	Bär	words	B1	noun	masculine	ours	16.88
banal	fad	words	B1	adjective		banal	16.87
raisonnable	klug	words	B1	adjective		raisonnable	16.80
le trajet	Fahrt	words	B1	noun	masculine	trajet	16.79
l' ange	Engel	words	B1	noun	masculine	ange	16.79
progresser	machen	words	B1	verb		progresser	16.78
la fatigue	Ermüdung	words	B1	noun	feminine	fatigue	16.77
plat	eben	words	B1	adjective		plat	16.76
la tonne	Tonne	words	B1	noun	feminine	tonne	16.64
second	zweite	words	B1	noun		second	16.64
l' essence	Sein	words	B1	noun	feminine	essence	16.61
psychologue	Psychologe	words	B1	noun		psychologue	16.60
exploser	bersten	words	B1	verb		exploser	16.52
progressivement	langsam	words	B1	adverb		progressivement	16.41
le profil	Querschnitt	words	B1	noun	masculine	profil	16.41
vieillir	alt	words	B1	verb		vieillir	16.39
ferme	fest	words	B1	adjective		ferme	16.36
constamment	konstant	words	B1	adverb		constamment	16.32
faciliter	erleichtern	words	B1	verb		faciliter	16.24
la profondeur	Tiefe	words	B1	noun	feminine	profondeur	16.23
longuement	lange	words	B1	adverb		longuement	16.22
le domicile	Wohnsitz	words	B1	noun	masculine	domicile	16.19
la proportion	Gleichmaß	words	B1	noun	feminine	proportion	16.18
la transmission	Weitergabe	words	B1	noun	feminine	transmission	16.16
bref	kurzum	words	B1	adverb		bref	16.12
rougir	erröten	words	B1	verb		rougir	16.12
militaire	soldatisch	words	B1	adjective		militaire	16.00
calculer	rechnen	words	B1	verb		calculer	16.00
l' officier	Offizier	words	B1	noun	masculine	officier	15.99
convenir	eignen	words	B1	verb		convenir	15.94
l' orage	Sturm	words	B1	noun	masculine	orage	15.89
enterrer	begraben	words	B1	verb		enterrer	15.84
le logiciel	Programm	words	B1	noun	masculine	logiciel	15.74
vaste	weit	words	B1	adjective		vaste	15.74
capitaine	Kapitän	words	B1	noun		capitaine	15.74
la vache	Kuh	words	B1	noun	feminine	vache	15.72
le repos	Ruhe	words	B1	noun	masculine	repos	15.71
hier	gestern	words	B1	verb		hier	15.71
concierge	Hauswart	words	B1	noun		concierge	15.66
le tas	Miete	words	B1	noun	masculine	tas	15.55
la pointe	Kulm	words	B1	noun	feminine	pointe	15.51
Lion	Löwe	words	B1	noun		lion	15.50
paysan	Bauer	words	B1	adjective	masculine	paysan	15.45
artiste	Künstler	words	B1	adjective		artiste	15.40
pompier	Feuerwehrmann	words	B1	noun		pompier	15.37
concentrer	konzentrieren	words	B1	verb		concentrer	15.34
la mine	Mine	words	B1	noun	feminine	mine	15.33
le fumeur	Raucher	words	B1	noun	masculine	fumeur	15.33
le passager	Fahrgast	words	B1	noun	masculine	passager	15.31
la patience	Geduld	words	B1	noun	feminine	patience	15.27
venger	rächen	words	B1	verb		venger	15.26
le bijou	Juwel	words	B1	noun	masculine	bijou	15.19
joindre	addieren	words	B1	verb		joindre	15.18
qualifier	heißen	words	B1	verb		qualifier	15.18
revendiquer	fordern	words	B1	verb		revendiquer	15.17
renouveler	erneuern	words	B1	verb		renouveler	15.11
loger	hausen	words	B1	verb		loger	15.02
artificiel	geziert	words	B1	adjective		artificiel	15.00
la jupe	Rock	words	B1	noun	feminine	jupe	15.00
muet	stumm	words	B1	adjective		muet	14.96
explorer	forschen	words	B1	verb		explorer	14.90
effectivement	tatsächlich	words	B1	adverb		effectivement	14.88
l' adaptation	Anpassung	words	B1	noun	feminine	adaptation	14.84
poids	Wucht	words	B1	noun		poids	14.82
attribuer	geben	words	B1	verb		attribuer	14.81
trouble	trüb	words	B1	noun		trouble	14.81
la branche	Arm	words	B1	noun	feminine	branche	14.77
le personnel	Mitarbeiter	words	B1	noun	masculine	personnel	14.72
sourd	taub	words	B1	adjective		sourd	14.65
catholique	katholisch	words	B1	adjective		catholique	14.64
courant	gängig	words	B1	adjective		courant	14.64
habituer	gewöhnen	words	B1	verb		habituer	14.61
familier	familiär	words	B1	adjective		familier	14.59
le fichier	Datei	words	B1	noun	masculine	fichier	14.58
le manche	Heft	words	B1	noun	masculine	manche	14.57
le carton	Pappe	words	B1	noun	masculine	carton	14.34
la silhouette	Silhouette	words	B1	noun	feminine	silhouette	14.34
le souffle	Atem	words	B1	noun	masculine	souffle	14.33
le test	Test	words	B1	noun	masculine	test	14.32
le jugement	Beurteilung	words	B1	noun	masculine	jugement	14.32
automobile	Automobil	words	B1	adjective	feminine	automobile	14.30
emparer	erobern	words	B1	verb		emparer	14.25
le col	Pass	words	B1	noun	masculine	col	14.23
songer	wähnen	words	B1	verb		songer	14.22
l' auditeur	Hörer	words	B1	noun	masculine	auditeur	14.22
la croix	Crux	words	B1	noun	feminine	croix	14.21
l' obligation	Pflicht	words	B1	noun	feminine	obligation	14.19
arranger	ordnen	words	B1	verb		arranger	14.17
l' empire	Einfluß	words	B1	noun	masculine	empire	14.11
grimper	klimmen	words	B1	verb		grimper	14.10
ethnique	ethnisch	words	B1	adjective		ethnique	14.05
l' inconnu	Fremder	words	B1	noun	masculine	inconnu	13.99
adieu	Lebwohl	words	B1	noun		adieu	13.96
la pousse	Reis	words	B1	noun	feminine	pousse	13.93
la commande	Auftrag	words	B1	noun	feminine	commande	13.90
vert	Grün	words	B1	noun		vert	13.85
financer	finanzieren	words	B1	verb		financer	13.84
fixe	fest	words	B1	adjective		fixe	13.82
correct	korrekt	words	B1	adjective	masculine	correct	13.80
la contrainte	Zwang	words	B1	noun	feminine	contrainte	13.75
renverser	stürzen	words	B1	verb		renverser	13.72
le romancier	Novelist	words	B1	noun	masculine	romancier	13.67
Berger	Hirte	words	B1	noun		berger	13.65
habituel	üblich	words	B1	adjective	masculine	habituel	13.60
le duc	Herzog	words	B1	noun	masculine	duc	13.56
la description	Deskription	words	B1	noun	feminine	description	13.51
Sud	Süden	words	B1	adjective	masculine	sud	13.48
la discipline	Geißel	words	B1	noun	feminine	discipline	13.48
la gestion	Leitung	words	B1	noun	feminine	gestion	13.45
l' honte	Scham	words	B1	noun	feminine	honte	13.45
l' armoire	Schrank	words	B1	noun	feminine	armoire	13.43
saint	heilig	words	B1	adjective		saint	13.43
le loyer	Miete	words	B1	noun	masculine	loyer	13.42
choquer	anecken	words	B1	verb		choquer	13.41
l' automobile	Auto	words	B1	noun	feminine	automobile	13.36
dessous	darunter	words	B1	adverb		dessous	13.32
le monstre	Untier	words	B1	noun	masculine	monstre	13.30
celer	verbergen	words	B1	verb		celer	13.19
le serviteur	Diener	words	B1	noun	masculine	serviteur	13.14
procurer	bereiten	words	B1	verb		procurer	13.08
la diffusion	Diffusion	words	B1	noun	feminine	diffusion	13.05
la marchandise	Ware	words	B1	noun	feminine	marchandise	13.02
interview	Interview	words	B1	noun		interview	12.99
le drame	Drama	words	B1	noun	masculine	drame	12.98
intituler	benennen	words	B1	verb		intituler	12.92
la plaine	Ebene	words	B1	noun	feminine	plaine	12.87
aimable	leutselig	words	B1	adjective		aimable	12.85
laid	übel	words	B1	adjective		laid	12.79
l' horloge	Uhr	words	B1	noun	feminine	horloge	12.73
immigrer	zuwandern	words	B1	verb		immigrer	12.67
la promotion	Aufstieg	words	B1	noun	feminine	promotion	12.66
la serviette	Handtuch	words	B1	noun	feminine	serviette	12.65
le recours	Aufruf	words	B1	noun	masculine	recours	12.63
le Coq	Hahn	words	B1	noun	masculine	coq	12.54
mal	übel	words	B1	adjective	masculine	mal	12.53
franchir	überqueren	words	B1	verb		franchir	12.52
noble	edel	words	B1	adjective		noble	12.51
incapable	unfähig	words	B1	adjective		incapable	12.49
la patte	Fuß	words	B1	noun	feminine	patte	12.47
la passe	Abgabe	words	B1	noun	feminine	passe	12.42
principalement	besonders	words	B1	adverb		principalement	12.40
la ceinture	Gurt	words	B1	noun	feminine	ceinture	12.38
le tailleur	Kostüm	words	B1	noun	masculine	tailleur	12.34
roman	romanisch	words	B1	adjective		roman	12.24
doubler	duplieren	words	B1	verb		doubler	12.22
le miracle	Wunder	words	B1	noun	masculine	miracle	12.21
le drapeau	Fahne	words	B1	noun	masculine	drapeau	12.20
la statue	Statue	words	B1	noun	feminine	statue	12.13
signaler	andeuten	words	B1	verb		signaler	12.12
pardonner	vergeben	words	B1	verb		pardonner	12.04
ressentir	fühlen	words	B1	verb		ressentir	12.01
apparemment	scheinbar	words	B1	adverb		apparemment	11.96
le budget	Etat	words	B1	noun	masculine	budget	11.95
le bilan	Bilanz	words	B1	noun	masculine	bilan	11.83
le volet	Fensterladen	words	B1	noun	masculine	volet	11.80
la garantie	Pfand	words	B1	noun	feminine	garantie	11.78
le fauteuil	Sessel	words	B1	noun	masculine	fauteuil	11.76
cracher	speien	words	B1	verb		cracher	11.73
forcer	beeilen	words	B1	verb		forcer	11.73
le mensonge	Lüge	words	B1	noun	masculine	mensonge	11.71
relier	binden	words	B1	verb		relier	11.70
basque	Baskisch	words	B1	adjective	masculine	basque	11.66
la cloche	Glocke	words	B1	noun	feminine	cloche	11.66
la rage	Wut	words	B1	noun	feminine	rage	11.65
la candidature	Bewerbung	words	B1	noun	feminine	candidature	11.61
le souhait	Lust	words	B1	noun	masculine	souhait	11.59
le drap	Laken	words	B1	noun	masculine	drap	11.58
britannique	britisch	words	B1	adjective		britannique	11.56
global	ganz	words	B1	adjective		global	11.51
difficilement	gerade so	words	B1	adverb		difficilement	11.46
la ruine	Ruine	words	B1	noun	feminine	ruine	11.33
armer	rüsten	words	B1	verb		armer	11.32
mordre	beißen	words	B1	verb		mordre	11.31
insolite	ungewöhnlich	words	B1	adjective		insolite	11.26
brancher	einstecken	words	B1	verb		brancher	11.24
murmurer	murren	words	B1	verb		murmurer	11.22
la satisfaction	Befriedigung	words	B1	noun	feminine	satisfaction	11.20
l' autorisation	Erlaubnis	words	B1	noun	feminine	autorisation	11.20
auparavant	im voraus	words	B1	adverb		auparavant	11.18
le ventre	Leib	words	B1	noun	masculine	ventre	11.17
religieux	religiös	words	B1	noun		religieux	11.07
critique	kritisch	words	B1	adjective		critique	11.06
impressionnant	beeindruckend	words	B1	adjective	masculine	impressionnant	11.04
le passant	Passant	words	B1	noun	masculine	passant	11.04
le record	Rekord	words	B1	noun	masculine	record	11.04
l' attaque	Anfall	words	B1	noun	feminine	attaque	11.01
chauffer	heizen	words	B1	verb		chauffer	10.97
nord	Norden	words	B1	adjective	masculine	nord	10.94
Vote	Wote	words	B1	noun		vote	10.92
le charbon	Kohle	words	B1	noun	masculine	charbon	10.91
la plainte	Klage	words	B1	noun	feminine	plainte	10.89
la reprise	Stopfen	words	B1	noun	feminine	reprise	10.86
retomber	hängen	words	B1	verb		retomber	10.85
respectueux	ehrerbietig	words	B1	adjective		respectueux	10.82
la licence	Lizenz	words	B1	noun	feminine	licence	10.73
le murmure	Murmeln	words	B1	noun	masculine	murmure	10.70
le confort	Komfort	words	B1	noun	masculine	confort	10.70
la troupe	Heer	words	B1	noun	feminine	troupe	10.65
l' hausse	Steigerung	words	B1	noun	feminine	hausse	10.63
normalement	normalerweise	words	B1	adverb		normalement	10.53
conseiller	Rat	words	B1	noun		conseiller	10.52
marchand	Kauffrau	words	B1	adjective	masculine	marchand	10.45
autobus	Bus	words	B1	noun		autobus	10.38
le seuil	Grenze	words	B1	noun	masculine	seuil	10.35
la colocation	WG	words	B1	noun	feminine	colocation	10.32
la possession	Besitz	words	B1	noun	feminine	possession	10.29
supplier	anflehen	words	B1	verb		supplier	10.28
mensuel	monatlich	words	B1	adjective		mensuel	10.27
le sculpteur	Bildner	words	B1	noun	masculine	sculpteur	10.25
la constitution	Entstehung	words	B1	noun	feminine	constitution	10.21
rater	verfehlen	words	B1	verb		rater	10.19
la touche	Taste	words	B1	noun	feminine	touche	10.17
la tenue	Anzug	words	B1	noun	feminine	tenue	10.13
envier	neiden	words	B1	verb		envier	10.09
la politesse	Höflichkeit	words	B1	noun	feminine	politesse	10.09
intriguer	intrigieren	words	B1	verb		intriguer	10.06
tarder	zögern	words	B1	verb		tarder	10.03
survivre	überleben	words	B1	verb		survivre	10.00
gaulois	gallische	words	B1	adjective	masculine	gaulois	9.93
la folie	Zierbau	words	B1	noun	feminine	folie	9.92
prestigieux	angesehen	words	B1	adjective		prestigieux	9.88
photographier	fotografieren	words	B1	verb		photographier	9.82
le cirque	Kar	words	B1	noun	masculine	cirque	9.79
pratiquement	so gut wie	words	B1	adverb		pratiquement	9.75
la dispute	Disput	words	B1	noun	feminine	dispute	9.75
le permis	Erlaubnis	words	B1	noun	masculine	permis	9.74
Taureau	Stier	words	B1	noun		taureau	9.72
ouvrier	Arbeiter	words	B1	adjective	masculine	ouvrier	9.71
le poison	Gift	words	B1	noun	masculine	poison	9.69
le tambour	Trommel	words	B1	noun	masculine	tambour	9.63
taper	leihen	words	B1	verb		taper	9.61
routier	Fernlastfahrer	words	B1	adjective		routier	9.57
la barque	Boot	words	B1	noun	feminine	barque	9.56
le brevet	Titel	words	B1	noun	masculine	brevet	9.55
os	Bein	words	B1	noun		os	9.54
vague	vage	words	B1	adjective		vague	9.49
le poil	Fell	words	B1	noun	masculine	poil	9.48
agricole	landwirtschaftlich	words	B1	adjective		agricole	9.47
librement	frei	words	B1	adverb		librement	9.45
empoisonner	vergiften	words	B1	verb		empoisonner	9.45
le pic	Gipfel	words	B1	noun	masculine	pic	9.45
fonctionnaire	Beamte	words	B1	noun		fonctionnaire	9.44
mouiller	ankern	words	B1	verb		mouiller	9.43
la villa	Villa	words	B1	noun	feminine	villa	9.37
noble	Adelige	words	B1	noun		noble	9.36
la tranche	Rand	words	B1	noun	feminine	tranche	9.33
mort	tot	words	B1	adjective		mort	9.32
le char	Hund	words	B1	noun	masculine	char	9.31
le poumon	Lunge	words	B1	noun	masculine	poumon	9.20
l' incendie	Brand	words	B1	noun	masculine	incendie	9.18
confondre	verwirren	words	B1	verb		confondre	9.16
la tasse	Tasse	words	B1	noun	feminine	tasse	9.14
avertir	warnen	words	B1	verb		avertir	9.14
le camp	Lager	words	B1	noun	masculine	camp	9.11
concret	fest	words	B1	adjective		concret	9.11
agrandir	erweitern	words	B1	verb		agrandir	9.10
le sourcil	Augenbraue	words	B1	noun	masculine	sourcil	9.09
invisible	unsichtbar	words	B1	adjective		invisible	9.07
le passeport	Pass	words	B1	noun	masculine	passeport	9.05
le cavalier	Reiter	words	B1	noun	masculine	cavalier	9.03
gigantesque	riesig	words	B1	adjective		gigantesque	9.01
le carburant	Brennstoff	words	B1	noun	masculine	carburant	9.00
essuyer	wischen	words	B1	verb		essuyer	8.97
la dimension	Abmessung	words	B1	noun	feminine	dimension	8.94
l' emplacement	Standort	words	B1	noun	masculine	emplacement	8.92
strict	scharf	words	B1	adjective	masculine	strict	8.90
retracer	erinnern	words	B1	verb		retracer	8.89
le Cocher	Fuhrmann	words	B1	noun	masculine	cocher	8.88
le malheureux	Unglückliche	words	B1	noun	masculine	malheureux	8.83
le temple	Tempel	words	B1	noun	masculine	temple	8.74
la physique	Physik	words	B1	noun	feminine	physique	8.68
le fusil	Gewehr	words	B1	noun	masculine	fusil	8.61
la restauration	Gastronomie	words	B1	noun	feminine	restauration	8.58
l' aise	Wohlbehagen	words	B1	noun	feminine	aise	8.55
envelopper	umhüllen	words	B1	verb		envelopper	8.55
brutal	brutal	words	B1	adjective	masculine	brutal	8.55
le vase	Vase	words	B1	noun	masculine	vase	8.54
le cycle	Umlauf	words	B1	noun	masculine	cycle	8.52
exact	exakt	words	B1	adjective		exact	8.51
le frein	Band	words	B1	noun	masculine	frein	8.49
la fuite	Leck	words	B1	noun	feminine	fuite	8.44
cueillir	sammeln	words	B1	verb		cueillir	8.41
discret	diskret	words	B1	adjective		discret	8.39
plier	beugen	words	B1	verb		plier	8.37
humanitaire	humanitär	words	B1	adjective		humanitaire	8.36
uniforme	Uniform	words	B1	noun		uniforme	8.34
industriel	gewerblich	words	B1	noun		industriel	8.30
le commencement	Ansatz	words	B1	noun	masculine	commencement	8.25
le bagage	Gepäck	words	B1	noun	masculine	bagage	8.15
craquer	knacken	words	B1	verb		craquer	8.13
imiter	ähneln	words	B1	verb		imiter	8.07
implanter	implantieren	words	B1	verb		implanter	8.06
frotter	hauen	words	B1	verb		frotter	8.05
motiver	motivieren	words	B1	verb		motiver	8.02
la flamme	Lohe	words	B1	noun	feminine	flamme	8.02
la reconnaissance	Anerkennung	words	B1	noun	feminine	reconnaissance	8.01
le renseignement	Avis	words	B1	noun	masculine	renseignement	8.01
hier	gestern	words	B1	noun		hier	8.01
caresser	liebkosen	words	B1	verb		caresser	8.00
la valise	Koffer	words	B1	noun	feminine	valise	7.99
absolu	absolut	words	B1	adjective		absolu	7.97
le mouchoir	Rotzfahne	words	B1	noun	masculine	mouchoir	7.96
interpeller	ansprechen	words	B1	verb		interpeller	7.95
vivement	lebhaft	words	B1	adverb		vivement	7.92
le grenier	Scheune	words	B1	noun	masculine	grenier	7.91
dedans	inwendig	words	B1	adverb		dedans	7.89
aboyer	bellen	words	B1	verb		aboyer	7.89
le tournant	Wendepunkt	words	B1	noun	masculine	tournant	7.84
affreux	gräßlich	words	B1	adjective		affreux	7.84
tendre	lieb	words	B1	adjective		tendre	7.83
l' agriculteur	Bauer	words	B1	noun	masculine	agriculteur	7.82
la photographie	Foto	words	B1	noun	feminine	photographie	7.81
la pause	Pause	words	B1	noun	feminine	pause	7.78
la fiche	Kartei	words	B1	noun	feminine	fiche	7.76
le cochon	Ferkel	words	B1	noun	masculine	cochon	7.75
la rose	Rose	words	B1	noun	feminine	rose	7.73
l' embouteillage	Stau	words	B1	noun	masculine	embouteillage	7.69
primaire	grundlegend	words	B1	adjective		primaire	7.64
frappé	frappé	words	B1	noun		frappe	7.64
le tournoi	Rennen	words	B1	noun	masculine	tournoi	7.63
garer	parken	words	B1	verb		garer	7.63
soulager	erleichtern	words	B1	verb		soulager	7.62
la magie	Magie	words	B1	noun	feminine	magie	7.61
la jalousie	Neid	words	B1	noun	feminine	jalousie	7.57
l' initiation	Initiation	words	B1	noun	feminine	initiation	7.56
la file	Schlange	words	B1	noun	feminine	file	7.55
absurde	absurd	words	B1	adjective		absurde	7.52
variable	variabel	words	B1	adjective		variable	7.51
la ferme	Gut	words	B1	noun	feminine	ferme	7.51
la dentelle	Spitze	words	B1	noun	feminine	dentelle	7.50
la faiblesse	Schwäche	words	B1	noun	feminine	faiblesse	7.50
court	kurz	words	B1	adverb	masculine	court	7.47
la palme	Palme	words	B1	noun	feminine	palme	7.43
glacer	glasieren	words	B1	verb		glacer	7.41
l' enveloppe	Hülle	words	B1	noun	feminine	enveloppe	7.39
clairement	dürr	words	B1	adverb		clairement	7.35
l' incident	Vorfall	words	B1	noun	masculine	incident	7.35
le rocher	Fels	words	B1	noun	masculine	rocher	7.29
exiler	bannen	words	B1	verb		exiler	7.26
le nu	Ny	words	B1	noun	masculine	nu	7.25
l' hommage	Ehre	words	B1	noun	masculine	hommage	7.23
gars	Typ	words	B1	noun		gars	7.18
le bassin	Mulde	words	B1	noun	masculine	bassin	7.17
le ruban	Band	words	B1	noun	masculine	ruban	7.17
Job	Job	words	B1	noun		job	7.16
le placard	Plakat	words	B1	noun	masculine	placard	7.13
tousser	husten	words	B1	verb		tousser	7.13
le panier	Korb	words	B1	noun	masculine	panier	7.12
le ticket	Karte	words	B1	noun	masculine	ticket	7.09
quasiment	so gut wie	words	B1	adverb		quasiment	7.06
le jury	Jury	words	B1	noun	masculine	jury	7.01
sandwich	Sandwich	words	B1	noun		sandwich	7.00
pilote	Lotse	words	B1	noun		pilote	6.95
l' intellectuel	Kopfmensch	words	B1	noun	masculine	intellectuel	6.92
dominant	Leittier	words	B1	adjective	masculine	dominant	6.90
fabuleux	fabelhaft	words	B1	adjective		fabuleux	6.85
Orange	Orange	words	B1	noun		orange	6.85
arroser	wässern	words	B1	verb		arroser	6.84
secouer	ablegen	words	B1	verb		secouer	6.83
la servante	Magd	words	B1	noun	feminine	servante	6.79
boucher	stopfen	words	B1	verb		boucher	6.79
la lenteur	Trägheit	words	B1	noun	feminine	lenteur	6.75
la grandeur	Größe	words	B1	noun	feminine	grandeur	6.71
adepte	Anhänger	words	B1	noun		adepte	6.70
bon	gut	words	B1	adverb		bon	6.67
la cabane	Hütte	words	B1	noun	feminine	cabane	6.65
attentivement	aufmerksam	words	B1	adverb		attentivement	6.62
la cravate	Schlips	words	B1	noun	feminine	cravate	6.57
le classement	Ablage	words	B1	noun	masculine	classement	6.56
la panne	Finne	words	B1	noun	feminine	panne	6.55
la fantaisie	Fantasie	words	B1	noun	feminine	fantaisie	6.54
la vitre	Glas	words	B1	noun	feminine	vitre	6.54
idiot	blöd	words	B1	adjective		idiot	6.51
l' auto	Auto	words	B1	noun	feminine	auto	6.50
la boue	Moder	words	B1	noun	feminine	boue	6.47
suffisant	genügend	words	B1	adjective		suffisant	6.41
l' abbaye	Abtei	words	B1	noun	feminine	abbaye	6.41
la vigne	Rebe	words	B1	noun	feminine	vigne	6.40
le calendrier	Kalender	words	B1	noun	masculine	calendrier	6.37
tester	testieren	words	B1	verb		tester	6.34
le support	Stütze	words	B1	noun	masculine	support	6.32
l' acier	Stahl	words	B1	noun	masculine	acier	6.31
le talon	Ferse	words	B1	noun	masculine	talon	6.28
l' exploration	Erforschung	words	B1	noun	feminine	exploration	6.28
vrai	im Recht	words	B1	noun		VRAI	6.24
la paille	Stroh	words	B1	noun	feminine	paille	6.23
l' idiot	Honk	words	B1	noun	masculine	idiot	6.22
anticiper	vorgreifen	words	B1	verb		anticiper	6.21
le trafic	Verkehr	words	B1	noun	masculine	trafic	6.21
le cauchemar	Albtraum	words	B1	noun	masculine	cauchemar	6.18
l' envoi	Sendung	words	B1	noun	masculine	envoi	6.17
formuler	formulieren	words	B1	verb		formuler	6.13
le ballet	Ballett	words	B1	noun	masculine	ballet	6.11
la Mouche	Fliege	words	B1	noun	feminine	mouche	6.06
fleurir	blühen	words	B1	verb		fleurir	6.06
le gant	Handschuh	words	B1	noun	masculine	gant	6.04
l' injustice	Unrecht	words	B1	noun	feminine	injustice	6.00
pair	gerade	words	B1	noun		pair	5.98
le technicien	Techniker	words	B1	noun	masculine	technicien	5.98
la mamie	Omi	words	B1	noun	feminine	mamie	5.96
la conduite	Führung	words	B1	noun	feminine	conduite	5.92
le reproche	Vorwurf	words	B1	noun	masculine	reproche	5.91
voyageur	Reisende	words	B1	adjective	masculine	voyageur	5.90
le sabot	Huf	words	B1	noun	masculine	sabot	5.90
le recueil	Sammlung	words	B1	noun	masculine	recueil	5.90
cycliste	Radler	words	B1	noun		cycliste	5.89
loyal	treu	words	B1	adjective	masculine	loyal	5.88
violet	lila	words	B1	adjective		violet	5.88
imprimer	prägen	words	B1	verb		imprimer	5.87
aveugle	Blinde	words	B1	noun		aveugle	5.87
le Tigre	Tiger	words	B1	noun	masculine	tigre	5.85
voleur	Dieb	words	B1	adjective	masculine	voleur	5.84
le toucher	Gefühl	words	B1	noun	masculine	toucher	5.81
programmer	programmieren	words	B1	verb		programmer	5.77
la bagarre	Tumult	words	B1	noun	feminine	bagarre	5.75
la facture	Faktura	words	B1	noun	feminine	facture	5.74
le refuge	Berghütte	words	B1	noun	masculine	refuge	5.74
le frigo	Kühlschrank	words	B1	noun	masculine	frigo	5.73
le veau	Kalb	words	B1	noun	masculine	veau	5.73
la dette	Schuld	words	B1	noun	feminine	dette	5.71
le carrefour	Kreuzung	words	B1	noun	masculine	carrefour	5.70
le brigadier	Gefreite	words	B1	noun	masculine	brigadier	5.69
la vague	Woge	words	B1	noun	feminine	vague	5.68
l' excuse	Excuse	words	B1	noun	feminine	excuse	5.63
la punition	Strafe	words	B1	noun	feminine	punition	5.61
la lame	Blatt	words	B1	noun	feminine	lame	5.59
l' abri	Asyl	words	B1	noun	masculine	abri	5.53
la comparaison	Gleichnis	words	B1	noun	feminine	comparaison	5.52
alentour	umgebend	words	B1	noun		alentour	5.49
le rhume	Katarrh	words	B1	noun	masculine	rhume	5.44
habile	fix	words	B1	adjective		habile	5.43
l' enregistrement	Aufnahme	words	B1	noun	masculine	enregistrement	5.39
le bonnet	Haube	words	B1	noun	masculine	bonnet	5.37
le rond	Kreis	words	B1	noun	masculine	rond	5.35
la Flore	Flora	words	B1	noun	feminine	flore	5.30
le reportage	Reportage	words	B1	noun	masculine	reportage	5.30
automatiquement	automatisch	words	B1	adverb		automatiquement	5.29
l' exil	Exil	words	B1	noun	masculine	exil	5.28
le mythe	Sage	words	B1	noun	masculine	mythe	5.25
le bonbon	Bonbon	words	B1	noun	masculine	bonbon	5.24
adolescent	Jüngling	words	B1	adjective	masculine	adolescent	5.19
solitaire	Hochmoorgelbling	words	B1	adjective	masculine	solitaire	5.19
la cabine	Koje	words	B1	noun	feminine	cabine	5.18
la saucisse	Wurst	words	B1	noun	feminine	saucisse	5.17
faune	Faun	words	B1	noun		faune	5.16
la bougie	Kerze	words	B1	noun	feminine	bougie	5.14
siffler	surren	words	B1	verb		siffler	5.12
ironique	ironisch	words	B1	adjective		ironique	5.12
hisser	hissen	words	B1	verb		hisser	5.12
le bricolage	Bastelei	words	B1	noun	masculine	bricolage	5.06
pareil	ähnlich	words	B1	noun		pareil	5.04
la distinction	Unterschied	words	B1	noun	feminine	distinction	5.04
l' ogre	Oger	words	B1	noun	masculine	ogre	5.04
la projection	Projektion	words	B1	noun	feminine	projection	5.04
l' option	Option	words	B1	noun	feminine	option	5.00
Breton	Bretone	words	B1	adjective	masculine	breton	4.97
le Marathon	Marathon	words	B1	noun	masculine	marathon	4.97
la ronde	Kreis	words	B1	noun	feminine	ronde	4.95
le chandelier	Leuchter	words	B1	noun	masculine	chandelier	4.94
jaune	Gelb	words	B1	noun		jaune	4.91
possible	angängig	words	B1	noun		possible	4.88
le championnat	Meisterschaft	words	B1	noun	masculine	championnat	4.87
le sel	Salz	words	B1	noun	masculine	sel	4.86
Porte	Hohe Pforte	words	B1	adjective	feminine	porte	4.85
la case	Feld	words	B1	noun	feminine	case	4.83
coudre	nähen	words	B1	verb		coudre	4.82
tourmenter	quälen	words	B1	verb		tourmenter	4.79
replier	stülpen	words	B1	verb		replier	4.76
la jungle	Urwald	words	B1	noun	feminine	jungle	4.75
la vaisselle	Abwasch	words	B1	noun	feminine	vaisselle	4.73
violemment	heftig	words	B1	adverb		violemment	4.69
prudent	vorsichtig	words	B1	adjective	masculine	prudent	4.66
repasser	bügeln	words	B1	verb		repasser	4.66
la couronne	Kranz	words	B1	noun	feminine	couronne	4.65
la blouse	Bluse	words	B1	noun	feminine	blouse	4.61
le cigare	Zigarre	words	B1	noun	masculine	cigare	4.60
l' hache	Axt	words	B1	noun	feminine	hache	4.54
le ressort	Feder	words	B1	noun	masculine	ressort	4.53
vainqueur	Sieger	words	B1	noun		vainqueur	4.51
la pizza	Pizza	words	B1	noun	feminine	pizza	4.51
grecque	Mäander	words	B1	adjective	feminine	grecque	4.51
nouveau	neu	words	B1	noun		nouveau	4.48
repenser	nachdenken	words	B1	verb		repenser	4.48
dorer	vergolden	words	B1	verb		dorer	4.46
terriblement	mächtig	words	B1	adverb		terriblement	4.46
foncer	rasen	words	B1	verb		foncer	4.39
imposant	erhaben	words	B1	adjective		imposant	4.39
le vieillard	Greis	words	B1	noun	masculine	vieillard	4.38
le tube	Hit	words	B1	noun	masculine	tube	4.34
fatal	verhängnisvoll	words	B1	adjective		fatal	4.34
l' invité	Gast	words	B1	noun	masculine	invite	4.32
le match	Wettkampf	words	B1	noun	masculine	match	4.32
dramaturge	Dramatiker	words	B1	noun		dramaturge	4.32
extraordinaire	außergewöhnlich	words	B1	noun		extraordinaire	4.31
frissonner	zittern	words	B1	verb		frissonner	4.30
la boucle	Locke	words	B1	noun	feminine	boucle	4.30
l' aiguille	Nadel	words	B1	noun	feminine	aiguille	4.26
la permission	Erlaubnis	words	B1	noun	feminine	permission	4.26
soigneusement	sorgfältig	words	B1	adverb		soigneusement	4.23
travailleur	arbeitsam	words	B1	adjective		travailleur	4.22
l' humain	Mensch	words	B1	noun	masculine	humain	4.21
paresseux	faul	words	B1	adjective	masculine	paresseux	4.17
le coucher	Untergang	words	B1	noun	masculine	coucher	4.14
le pli	Schippe	words	B1	noun	masculine	pli	4.13
le maillot	Trikot	words	B1	noun	masculine	maillot	4.12
sursauter	aufstehen	words	B1	verb		sursauter	4.12
patiemment	geduldig	words	B1	adverb		patiemment	4.10
le pneu	Reifen	words	B1	noun	masculine	pneu	4.08
la demoiselle	Fräulein	words	B1	noun	feminine	demoiselle	4.07
le documentaire	Dokumentation	words	B1	noun	masculine	documentaire	4.06
attentif	achtsam	words	B1	adjective		attentif	4.06
la caresse	Liebkosung	words	B1	noun	feminine	caresse	4.05
l' opposition	Opposition	words	B1	noun	feminine	opposition	4.04
la Cendrillon	Aschenbrödel	words	B1	noun	feminine	cendrillon	4.03
le coton	Watte	words	B1	noun	masculine	coton	4.01
revivre	wieder leben	words	B1	verb		revivre	3.99
la monarchie	Monarchie	words	B1	noun	feminine	monarchie	3.98
vendeur	Händler	words	B1	adjective	masculine	vendeur	3.97
le nettoyage	Säubern	words	B1	noun	masculine	nettoyage	3.94
la nappe	Tischtuch	words	B1	noun	feminine	nappe	3.94
sujet	Untertan	words	B1	adjective	masculine	sujet	3.94
le loto	Lotto	words	B1	noun	masculine	loto	3.92
le four	Herd	words	B1	noun	masculine	four	3.92
mille	tausend	words	B1	noun		mille	3.90
le design	Design	words	B1	noun	masculine	design	3.89
immobilier	Immobilie	words	B1	adjective	masculine	immobilier	3.88
la caserne	Kaserne	words	B1	noun	feminine	caserne	3.87
le tuyau	Rohr	words	B1	noun	masculine	tuyau	3.87
le marteau	Hammer	words	B1	noun	masculine	marteau	3.86
le mets	Speise	words	B1	noun	masculine	mets	3.85
le brouillard	Nebel	words	B1	noun	masculine	brouillard	3.85
porter	tragen	words	B1	noun		porter	3.84
l' excursion	Tour	words	B1	noun	feminine	excursion	3.82
la corne	Horn	words	B1	noun	feminine	corne	3.82
le gagnant	Gewinner	words	B1	noun	masculine	gagnant	3.82
piquer	stechen	words	B1	verb		piquer	3.79
le neuf	Neun	words	B1	noun	masculine	neuf	3.76
bruyant	laut	words	B1	adjective		bruyant	3.76
impossible	unmöglich	words	B1	noun		impossible	3.75
dissiper	vergeuden	words	B1	verb		dissiper	3.71
le barreau	Stange	words	B1	noun	masculine	barreau	3.70
le coffret	Büchse	words	B1	noun	masculine	coffret	3.68
la roche	Fels	words	B1	noun	feminine	roche	3.67
surmonter	meistern	words	B1	verb		surmonter	3.67
le littoral	Ufer	words	B1	noun	masculine	littoral	3.67
guerrier	Krieger	words	B1	adjective	masculine	guerrier	3.67
l' orthographe	Orthographie	words	B1	noun	feminine	orthographe	3.66
la poubelle	Müll	words	B1	noun	feminine	poubelle	3.66
la porcelaine	Porzellan	words	B1	noun	feminine	porcelaine	3.66
la mobylette	Mofa	words	B1	noun	feminine	mobylette	3.64
lourdement	schwer	words	B1	adverb		lourdement	3.63
agresser	angreifen	words	B1	verb		agresser	3.63
le conservateur	Konservator	words	B1	noun	masculine	conservateur	3.62
le champignon	Pilz	words	B1	noun	masculine	champignon	3.62
l' halte	Stockung	words	B1	noun	feminine	halte	3.61
la communion	Kommunion	words	B1	noun	feminine	communion	3.58
la batterie	Batterie	words	B1	noun	feminine	batterie	3.57
spatial	räumlich	words	B1	adjective		spatial	3.56
ordinateur	Computer	words	B1	adjective	masculine	ordinateur	3.54
copain	Freundin	words	B1	adjective	masculine	copain	3.53
protestant	Protestant	words	B1	noun		protestant	3.49
le couvercle	Deckel	words	B1	noun	masculine	couvercle	3.48
intensif	intensiv	words	B1	adjective		intensif	3.47
incendier	abfackeln	words	B1	verb		incendier	3.43
le bronze	Bronze	words	B1	noun	masculine	bronze	3.43
crayon	Stift	words	B1	noun		crayon	3.43
la frite	Pommes	words	B1	noun	feminine	frite	3.42
la section	Halbzug	words	B1	noun	feminine	section	3.41
convaincant	überzeugend	words	B1	adjective		convaincant	3.39
la moto	Motorrad	words	B1	noun	feminine	moto	3.39
la serrure	Schloß	words	B1	noun	feminine	serrure	3.37
le golf	Golf	words	B1	noun	masculine	golf	3.37
le lavabo	Waschbecken	words	B1	noun	masculine	lavabo	3.36
uni	vereint	words	B1	adjective		uni	3.35
dur	schwierig	words	B1	noun		dur	3.31
l' aspirateur	Staubsauger	words	B1	noun	masculine	aspirateur	3.31
choquant	schrecklich	words	B1	adjective		choquant	3.28
bizarrement	seltsamerweise	words	B1	adverb		bizarrement	3.25
panique	Panik	words	B1	noun		panique	3.25
durcir	härten	words	B1	verb		durcir	3.23
quotidiennement	täglich	words	B1	adverb		quotidiennement	3.20
le stand	Box	words	B1	noun	masculine	stand	3.18
le guerrier	Krieger	words	B1	noun	masculine	guerrier	3.17
parier	wetten	words	B1	verb		parier	3.17
injuste	unrecht	words	B1	adjective		injuste	3.16
colocataire	Mitbewohner	words	B1	noun		colocataire	3.16
la provision	Vorrat	words	B1	noun	feminine	provision	3.15
l' escalade	Klettern	words	B1	noun	feminine	escalade	3.12
la condamnation	Verurteilung	words	B1	noun	feminine	condamnation	3.12
l' hall	Saal	words	B1	noun	masculine	hall	3.12
inclure	beifügen	words	B1	verb		inclure	3.11
le citadin	Städter	words	B1	noun	masculine	citadin	3.11
ouest	westlich	words	B1	adjective		ouest	3.08
la lessive	Lauge	words	B1	noun	feminine	lessive	3.08
regagner	wiedererlangen	words	B1	verb		regagner	3.07
le paquebot	Passagierdampfer	words	B1	noun	masculine	paquebot	3.06
le songe	Traum	words	B1	noun	masculine	songe	3.06
le renard	Fuchs	words	B1	noun	masculine	renard	3.04
boulot	Maloche	words	B1	adjective	masculine	boulot	3.01
l' indication	Angabe	words	B1	noun	feminine	indication	3.01
habituellement	gewöhnlich	words	B1	adverb		habituellement	3.00
le jambon	Schinken	words	B1	noun	masculine	jambon	2.97
l' arrestation	Haft	words	B1	noun	feminine	arrestation	2.97
le coude	Bogen	words	B1	noun	masculine	coude	2.94
la prairie	Wiese	words	B1	noun	feminine	prairie	2.93
la fillette	Mädchen	words	B1	noun	feminine	fillette	2.88
la guillotine	Fallbeil	words	B1	noun	feminine	guillotine	2.85
le filtre	Filter	words	B1	noun	masculine	filtre	2.83
abondant	opulent	words	B1	adjective	masculine	abondant	2.78
le seau	Eimer	words	B1	noun	masculine	seau	2.78
bouillir	kochen	words	B1	verb		bouillir	2.77
perfectionner	vollenden	words	B1	verb		perfectionner	2.73
le flash	Blitz	words	B1	noun	masculine	flash	2.72
salir	schmutzen	words	B1	verb		salir	2.69
foudre	Blitz	words	B1	noun		foudre	2.69
le magicien	Zauberer	words	B1	noun	masculine	magicien	2.65
sortant	scheidend	words	B1	noun		sortant	2.65
le short	Shorts	words	B1	noun	masculine	short	2.64
spacieux	geräumig	words	B1	adjective		spacieux	2.64
le tonneau	Faß	words	B1	noun	masculine	tonneau	2.62
la navette	Webschützen	words	B1	noun	feminine	navette	2.59
rebelle	abtrünnig	words	B1	adjective		rebelle	2.58
le ruisseau	Bach	words	B1	noun	masculine	ruisseau	2.57
le lilas	Flieder	words	B1	noun	masculine	lilas	2.54
indemne	unverletzt	words	B1	adjective		indemne	2.51
conservateur	konservativ	words	B1	adjective	masculine	conservateur	2.51
juste	Gerechter	words	B1	noun		juste	2.51
l' amande	Mandel	words	B1	noun	feminine	amande	2.51
devant	im voraus	words	B1	noun		devant	2.50
la bourgade	Städtchen	words	B1	noun	feminine	bourgade	2.49
rallumer	wieder anzünden	words	B1	verb		rallumer	2.49
celtique	keltisch	words	B1	adjective		celtique	2.48
bavard	geschwätzig	words	B1	adjective		bavard	2.47
savoureux	delikat	words	B1	adjective		savoureux	2.47
transparent	transparent	words	B1	adjective		transparent	2.46
chausser	tragen	words	B1	verb		chausser	2.46
surgeler	tiefkühlen	words	B1	verb		surgeler	2.45
la carafe	Karaffe	words	B1	noun	feminine	carafe	2.45
l' ordonnance	Rezept	words	B1	noun	feminine	ordonnance	2.44
participant	Teilnehmer	words	B1	adjective	masculine	participant	2.44
souple	bildsam	words	B1	adjective		souple	2.44
automobiliste	Autofahrer	words	B1	noun		automobiliste	2.43
l' aventurier	Abenteurer	words	B1	noun	masculine	aventurier	2.42
solennel	festlich	words	B1	adjective		solennel	2.42
reconduire	bringen	words	B1	verb		reconduire	2.39
le combattant	Kämpfer	words	B1	noun	masculine	combattant	2.39
animateur	Animator	words	B1	adjective	masculine	animateur	2.38
adoptif	Adoptiv	words	B1	adjective		adoptif	2.37
copieux	üppig	words	B1	adjective		copieux	2.37
gratter	jucken	words	B1	verb		gratter	2.37
bienvenu	willkommen	words	B1	noun		bienvenu	2.36
maigrir	abmagern	words	B1	verb		maigrir	2.35
le tambourin	Tamburin	words	B1	noun	masculine	tambourin	2.35
jardinier	Gärtner	words	B1	adjective	masculine	jardinier	2.33
grossir	zunehmen	words	B1	verb		grossir	2.28
l' agitation	Rummel	words	B1	noun	feminine	agitation	2.28
adroit	schlau	words	B1	adjective		adroit	2.26
le smoking	Smoking	words	B1	noun	masculine	smoking	2.24
la pirogue	Piroge	words	B1	noun	feminine	pirogue	2.19
le baiser	Kuss	words	B1	noun	masculine	baiser	2.16
l' armure	Panzer	words	B1	noun	feminine	armure	2.16
frire	backen	words	B1	verb		frire	2.14
la pelote	Ball	words	B1	noun	feminine	pelote	2.09
la relique	Reliquie	words	B1	noun	feminine	relique	2.06
le plongeur	Spüler	words	B1	noun	masculine	plongeur	2.05
la fourchette	Gabel	words	B1	noun	feminine	fourchette	2.05
le menton	Kinn	words	B1	noun	masculine	menton	2.05
la camionnette	Lieferwagen	words	B1	noun	feminine	camionnette	2.02
le tilleul	Linde	words	B1	noun	masculine	tilleul	2.02
le court	kurz	words	B1	noun	masculine	court	1.96
la bourgeoisie	Bürgertum	words	B1	noun	feminine	bourgeoisie	1.96
l' oreiller	Kissen	words	B1	noun	masculine	oreiller	1.95
neiger	schneien	words	B1	verb		neiger	1.95
la laine	Wolle	words	B1	noun	feminine	laine	1.94
la moustache	Schnauzbart	words	B1	noun	feminine	moustache	1.94
journal	Tagebuch	words	B1	adjective	masculine	journal	1.94
la gratitude	Dankbarkeit	words	B1	noun	feminine	gratitude	1.94
standard	stinknormal	words	B1	noun		standard	1.92
cirer	putzen	words	B1	verb		cirer	1.92
le bouclier	Schild	words	B1	noun	masculine	bouclier	1.92
le volcan	Vulkan	words	B1	noun	masculine	volcan	1.91
le colonel	Oberst	words	B1	noun	masculine	colonel	1.89
la poire	Birne	words	B1	noun	feminine	poire	1.88
la brume	Dunst	words	B1	noun	feminine	brume	1.87
celte	keltisch	words	B1	adjective		celte	1.87
le caillou	Stein	words	B1	noun	masculine	caillou	1.85
manuel	händig	words	B1	adjective		manuel	1.85
le reggae	Reggae	words	B1	noun	masculine	reggae	1.85
aveugle	blind	words	B1	adjective		aveugle	1.80
le manger	essen	words	B1	noun	masculine	manger	1.77
le jet	Jet	words	B1	noun	masculine	jet	1.75
le menteur	Lügner	words	B1	noun	masculine	menteur	1.73
la compassion	Mitleid	words	B1	noun	feminine	compassion	1.66
la fascination	Faszination	words	B1	noun	feminine	fascination	1.65
courageusement	beherzt	words	B1	adverb		courageusement	1.65
dominical	sonntäglich	words	B1	adjective		dominical	1.64
le terme	Ende	words	B2	noun	masculine	terme	89.47
constituer	bilden	words	B2	verb		constituer	67.84
le chercheur	Forscher	words	B2	noun	masculine	chercheur	67.63
lutter	angehen	words	B2	verb		lutter	47.36
souligner	betonen	words	B2	verb		souligner	46.50
disposer	stimmen	words	B2	verb		disposer	45.14
soutenir	stützen	words	B2	verb		soutenir	42.19
le lien	Link	words	B2	noun	masculine	lien	39.48
appliquer	setzen	words	B2	verb		appliquer	38.14
craindre	zagen	words	B2	verb		craindre	37.64
la cesse	Rast	words	B2	noun	feminine	cesse	36.14
moindre	gering	words	B2	adjective		moindre	34.56
intellectuel	geistig	words	B2	adjective		intellectuel	33.70
la protection	Schutz	words	B2	noun	feminine	protection	33.36
le criminel	Kriminelle	words	B2	noun	masculine	criminel	33.26
le sondage	Umfrage	words	B2	noun	masculine	sondage	31.18
essentiel	essentiell	words	B2	adjective		essentiel	30.90
l' univers	Weltall	words	B2	noun	masculine	univers	30.88
introduire	ansagen	words	B2	verb		introduire	30.47
favoriser	beeilen	words	B2	verb		favoriser	29.62
fameux	berühmt	words	B2	adjective		fameux	28.80
la perte	Ruin	words	B2	noun	feminine	perte	28.26
individuel	persönlich	words	B2	adjective		individuel	28.18
le statut	Statut	words	B2	noun	masculine	statut	28.04
essentiellement	wesentlich	words	B2	adverb		essentiellement	27.55
l' ouvrage	Werk	words	B2	noun	masculine	ouvrage	27.47
mobile	mobil	words	B2	adjective		mobile	27.37
le bal	Ball	words	B2	noun	masculine	bal	27.22
susciter	erwecken	words	B2	verb		susciter	27.08
soumettre	bezwingen	words	B2	verb		soumettre	26.70
durable	durabel	words	B2	adjective		durable	26.35
le soutien	Halt	words	B2	noun	masculine	soutien	25.95
le traitement	Behandeln	words	B2	noun	masculine	traitement	25.18
percevoir	erheben	words	B2	verb		percevoir	25.09
le patrimoine	Erbe	words	B2	noun	masculine	patrimoine	25.00
parti	Partei	words	B2	noun		parti	24.62
envisager	ansehen	words	B2	verb		envisager	24.32
climatique	klimatisch	words	B2	adjective		climatique	23.99
point	Punkt	words	B2	adverb	masculine	point	23.82
la chute	Ende	words	B2	noun	feminine	chute	23.27
la pipe	Pfeife	words	B2	noun	feminine	pipe	22.52
le facteur	Postbote	words	B2	noun	masculine	facteur	22.43
la participation	Teilhabe	words	B2	noun	feminine	participation	22.42
le rang	Rang	words	B2	noun	masculine	rang	22.21
subir	aushalten	words	B2	verb		subir	22.18
recueillir	sammeln	words	B2	verb		recueillir	22.14
complexe	komplex	words	B2	adjective		complexe	22.13
persuader	einreden	words	B2	verb		persuader	22.00
l' interdiction	Verbot	words	B2	noun	feminine	interdiction	21.96
la cellule	Stab	words	B2	noun	feminine	cellule	21.88
permanent	fest	words	B2	adjective	masculine	permanent	21.86
la croissance	Wachstum	words	B2	noun	feminine	croissance	21.72
doter	dotieren	words	B2	verb		doter	21.56
l' immigration	Immigration	words	B2	noun	feminine	immigration	21.51
renforcer	stärken	words	B2	verb		renforcer	21.32
la circonstance	Umstand	words	B2	noun	feminine	circonstance	21.30
l' approche	Ansatz	words	B2	noun	feminine	approche	21.29
la taxe	Abgabe	words	B2	noun	feminine	taxe	20.51
concevoir	ersinnen	words	B2	verb		concevoir	20.39
la pression	Drang	words	B2	noun	feminine	pression	20.29
le souci	Sorge	words	B2	noun	masculine	souci	20.22
l' application	App	words	B2	noun	feminine	application	20.12
intime	eng	words	B2	adjective		intime	20.07
viser	zielen	words	B2	verb		viser	19.97
fournir	liefern	words	B2	verb		fournir	19.81
favorable	positiv	words	B2	adjective		favorable	19.72
l' observation	Vermerk	words	B2	noun	feminine	observation	19.70
la nation	Volk	words	B2	noun	feminine	nation	19.57
entretenir	warten	words	B2	verb		entretenir	19.22
le porteur	Träger	words	B2	noun	masculine	porteur	19.19
l' instrument	Mittel	words	B2	noun	masculine	instrument	19.18
diffuser	senden	words	B2	verb		diffuser	18.99
investir	belagern	words	B2	verb		investir	18.94
la technique	Technik	words	B2	noun	feminine	technique	18.84
exploiter	nutzen	words	B2	verb		exploiter	18.80
adulte	adult	words	B2	adjective		adulte	18.77
arracher	reißen	words	B2	verb		arracher	18.64
la promesse	Zusage	words	B2	noun	feminine	promesse	18.62
associatif	assoziativ	words	B2	adjective	masculine	associatif	18.55
pur	hell	words	B2	adjective		pur	18.42
l' amant	Freier	words	B2	noun	masculine	amant	18.25
manifester	bekennen	words	B2	verb		manifester	18.14
la commission	Agio	words	B2	noun	feminine	commission	18.10
l' angoisse	Angst	words	B2	noun	feminine	angoisse	18.09
l' impact	Wirkung	words	B2	noun	masculine	impact	18.08
le signal	Signal	words	B2	noun	masculine	signal	18.07
l' engagement	Engagement	words	B2	noun	masculine	engagement	18.01
biologique	leiblich	words	B2	adjective		biologique	18.00
la conclusion	Schluss	words	B2	noun	feminine	conclusion	17.93
plonger	stürzen	words	B2	verb		plonger	17.89
l' audience	Audienz	words	B2	noun	feminine	audience	17.74
commettre	begehen	words	B2	verb		commettre	17.42
la rupture	Bruch	words	B2	noun	feminine	rupture	17.38
postal	postalisch	words	B2	adjective		postal	17.21
visible	sichtbar	words	B2	adjective		visible	17.15
verser	gießen	words	B2	verb		verser	17.14
orienter	orientieren	words	B2	verb		orienter	16.98
le luxe	Luxus	words	B2	noun	masculine	luxe	16.82
outre	Schlauch	words	B2	adverb	feminine	outre	16.80
le Rat	Ratte	words	B2	noun	masculine	rat	16.74
le vieillissement	Altern	words	B2	noun	masculine	vieillissement	16.48
exclure	ausgrenzen	words	B2	verb		exclure	16.47
le scandale	Skandal	words	B2	noun	masculine	scandale	16.45
la mondialisation	Globalisierung	words	B2	noun	feminine	mondialisation	16.23
prolonger	verlängern	words	B2	verb		prolonger	16.03
enfoncer	einsacken	words	B2	verb		enfoncer	16.00
le meurtre	Mord	words	B2	noun	masculine	meurtre	15.98
garantir	garantieren	words	B2	verb		garantir	15.92
expert	Experte	words	B2	noun		expert	15.91
or	golden	words	B2	conjunction	masculine	or	15.88
solliciter	flehen	words	B2	verb		solliciter	15.85
dire	sagen	words	B2	noun		dire	15.78
Aube	Aube	words	B2	noun		aube	15.75
susceptible	fähig	words	B2	adjective		susceptible	15.69
l' employeur	Arbeitgeber	words	B2	noun	masculine	employeur	15.50
assassiner	töten	words	B2	verb		assassiner	15.42
l' empereur	Kaiser	words	B2	noun	masculine	empereur	15.35
adversaire	Gegner	words	B2	noun		adversaire	15.21
le concept	Idee	words	B2	noun	masculine	concept	15.20
baptiser	taufen	words	B2	verb		baptiser	15.14
la distribution	Absatz	words	B2	noun	feminine	distribution	15.13
le processus	Prozess	words	B2	noun	masculine	processus	14.99
l' empreinte	Spur	words	B2	noun	feminine	empreinte	14.89
l' essai	Essay	words	B2	noun	masculine	essai	14.86
la multiplication	Multiplikation	words	B2	noun	feminine	multiplication	14.83
la solitude	Einsamkeit	words	B2	noun	feminine	solitude	14.81
justifier	justieren	words	B2	verb		justifier	14.77
l' ambition	Ehrgeiz	words	B2	noun	feminine	ambition	14.74
le chauffeur	Fahrer	words	B2	noun	masculine	chauffeur	14.72
l' allure	Eile	words	B2	noun	feminine	allure	14.67
latin	Latein	words	B2	noun		latin	14.63
le volume	Band	words	B2	noun	masculine	volume	14.55
l' artisan	Handwerker	words	B2	noun	masculine	artisan	14.51
l' interlocuteur	Ansprechperson	words	B2	noun	masculine	interlocuteur	14.50
massif	massig	words	B2	adjective		massif	14.47
masculin	maskulin	words	B2	adjective		masculin	14.44
le dispositif	Tenor	words	B2	noun	masculine	dispositif	14.43
multiple	vielfach	words	B2	adjective		multiple	14.36
la signature	Signatur	words	B2	noun	feminine	signature	14.30
le parlement	Parlament	words	B2	noun	masculine	parlement	14.28
le local	Lokalität	words	B2	noun	masculine	local	14.13
reprocher	schelten	words	B2	verb		reprocher	14.11
la colle	Leim	words	B2	noun	feminine	colle	14.09
le clou	Nagel	words	B2	noun	masculine	clou	14.02
assumer	übernehmen	words	B2	verb		assumer	13.79
le trait	Zug	words	B2	noun	masculine	trait	13.74
douloureux	schmerzhaft	words	B2	adjective		douloureux	13.63
suspendre	aufhängen	words	B2	verb		suspendre	13.60
la chimie	Chemie	words	B2	noun	feminine	chimie	13.59
le racisme	Rassismus	words	B2	noun	masculine	racisme	13.55
l' appartenance	Zugehörigkeit	words	B2	noun	feminine	appartenance	13.51
la douleur	Weh	words	B2	noun	feminine	douleur	13.45
la serre	Kralle	words	B2	noun	feminine	serre	13.35
bref	kurz	words	B2	adjective		bref	13.35
le travailleur	Arbeiter	words	B2	noun	masculine	travailleur	13.32
le marketing	Marketing	words	B2	noun	masculine	marketing	13.28
rural	dörflich	words	B2	adjective		rural	13.27
le pavillon	Fahne	words	B2	noun	masculine	pavillon	13.13
environnemental	Umwelt	words	B2	adjective		environnemental	13.08
l' horizon	Horizont	words	B2	noun	masculine	horizon	12.91
l' issue	Ausweg	words	B2	noun	feminine	issue	12.90
la volaille	Geflügel	words	B2	noun	feminine	volaille	12.87
la tension	Druck	words	B2	noun	feminine	tension	12.77
l' amende	Buße	words	B2	noun	feminine	amende	12.68
trancher	schneiden	words	B2	verb		trancher	12.63
le diamant	Diamant	words	B2	noun	masculine	diamant	12.61
la nostalgie	Heimweh	words	B2	noun	feminine	nostalgie	12.53
le paiement	Zahlung	words	B2	noun	masculine	paiement	12.42
le comte	Graf	words	B2	noun	masculine	comte	12.40
achever	beenden	words	B2	verb		achever	12.34
la poule	Huhn	words	B2	noun	feminine	poule	12.23
la location	Mieten	words	B2	noun	feminine	location	12.22
stable	stabil	words	B2	adjective		stable	12.17
noyer	ertrinken	words	B2	verb		noyer	12.09
veiller	wachen	words	B2	verb		veiller	12.04
la perspective	Aussicht	words	B2	noun	feminine	perspective	12.04
la demeure	Haus	words	B2	noun	feminine	demeure	12.01
Cancer	Krebs	words	B2	noun		cancer	11.99
le divorce	Scheidung	words	B2	noun	masculine	divorce	11.96
urgent	dringend	words	B2	adjective	masculine	urgent	11.94
la reproduction	Reproduktion	words	B2	noun	feminine	reproduction	11.89
parer	meiden	words	B2	verb		parer	11.86
stimuler	reizen	words	B2	verb		stimuler	11.83
claquer	klacken	words	B2	verb		claquer	11.80
la foi	Beweis	words	B2	noun	feminine	foi	11.76
la composition	Komposition	words	B2	noun	feminine	composition	11.75
la cage	Käfig	words	B2	noun	feminine	cage	11.70
la statistique	Statistik	words	B2	noun	feminine	statistique	11.68
la liaison	Bindung	words	B2	noun	feminine	liaison	11.60
l' admiration	Bewunderung	words	B2	noun	feminine	admiration	11.58
coupable	Täter	words	B2	noun		coupable	11.50
chimique	chemisch	words	B2	adjective		chimique	11.47
ridicule	lächerlich	words	B2	adjective		ridicule	11.42
l' instituteur	Lehrer	words	B2	noun	masculine	instituteur	11.39
net	klar	words	B2	adjective		net	11.33
virus	Viren	words	B2	noun		virus	11.32
protester	anfechten	words	B2	verb		protester	11.32
logique	Logik	words	B2	noun		logique	11.29
la couche	Bett	words	B2	noun	feminine	couche	11.26
punir	ahnden	words	B2	verb		punir	11.25
l' impatience	Ungeduld	words	B2	noun	feminine	impatience	11.18
l' obstacle	Hürde	words	B2	noun	masculine	obstacle	11.14
capital	Kapital	words	B2	adjective	masculine	capital	11.02
anonyme	anonym	words	B2	adjective		anonyme	11.02
la longueur	Länge	words	B2	noun	feminine	longueur	10.99
obscur	dunkel	words	B2	adjective		obscur	10.89
le triomphe	Triumph	words	B2	noun	masculine	triomphe	10.80
via	via	words	B2	preposition		via	10.69
la discrimination	Unterscheidung	words	B2	noun	feminine	discrimination	10.69
personnellement	persönlich	words	B2	adverb		personnellement	10.68
le patient	Patient	words	B2	noun	masculine	patient	10.66
le refus	Ablehnung	words	B2	noun	masculine	refus	10.66
la mutation	Mutation	words	B2	noun	feminine	mutation	10.66
influencer	beeinflussen	words	B2	verb		influencer	10.64
jouir	genießen	words	B2	verb		jouir	10.63
la conception	Empfängnis	words	B2	noun	feminine	conception	10.62
le participant	Teilnehmer	words	B2	noun	masculine	participant	10.61
la sagesse	Klugheit	words	B2	noun	feminine	sagesse	10.60
bousculer	durcheinanderwerfen	words	B2	verb		bousculer	10.58
incarner	verkörpern	words	B2	verb		incarner	10.49
le vaccin	Vakzin	words	B2	noun	masculine	vaccin	10.46
imaginaire	imaginär	words	B2	adjective		imaginaire	10.43
le chantier	Lager	words	B2	noun	masculine	chantier	10.41
l' assassinat	Mord	words	B2	noun	masculine	assassinat	10.40
chercheur	Forscher	words	B2	adjective	masculine	chercheur	10.39
l' enseignant	Lehrer	words	B2	noun	masculine	enseignant	10.37
valoriser	aufwerten	words	B2	verb		valoriser	10.37
identique	identisch	words	B2	adjective		identique	10.35
constant	konstant	words	B2	adjective	masculine	constant	10.29
la performance	Vorführung	words	B2	noun	feminine	performance	10.21
l' hectare	Hektar	words	B2	noun	masculine	hectare	10.20
la grille	Rost	words	B2	noun	feminine	grille	10.12
l' essor	Aufschwung	words	B2	noun	masculine	essor	10.11
la fabrication	Anfertigung	words	B2	noun	feminine	fabrication	10.04
barre	Barre	words	B2	noun		barre	9.99
la charte	Charta	words	B2	noun	feminine	charte	9.95
projeter	planen	words	B2	verb		projeter	9.94
le balcon	Rang	words	B2	noun	masculine	balcon	9.90
la vertu	Tugend	words	B2	noun	feminine	vertu	9.86
Bourgeois	Burger	words	B2	noun		bourgeois	9.82
le cardinal	kardinal	words	B2	noun	masculine	cardinal	9.78
ravir	nehmen	words	B2	verb		ravir	9.76
la surveillance	Überwachung	words	B2	noun	feminine	surveillance	9.74
juridique	rechtlich	words	B2	adjective		juridique	9.73
le tarif	Tarif	words	B2	noun	masculine	tarif	9.71
conjugal	ehelich	words	B2	adjective	masculine	conjugal	9.71
enfiler	fädeln	words	B2	verb		enfiler	9.66
polir	polieren	words	B2	verb		polir	9.64
l' argument	Argument	words	B2	noun	masculine	argument	9.63
vider	leeren	words	B2	verb		vider	9.61
l' organe	Organ	words	B2	noun	masculine	organe	9.60
la signification	Sinn	words	B2	noun	feminine	signification	9.59
allier	mischen	words	B2	verb		allier	9.58
la bourse	Börse	words	B2	noun	feminine	bourse	9.55
la coupole	Kuppel	words	B2	noun	feminine	coupole	9.53
promouvoir	werben	words	B2	verb		promouvoir	9.50
insulter	schelten	words	B2	verb		insulter	9.49
la gamme	Serie	words	B2	noun	feminine	gamme	9.48
la plantation	Plantage	words	B2	noun	feminine	plantation	9.43
l' abandon	Öde	words	B2	noun	masculine	abandon	9.42
l' embauche	Einstellung	words	B2	noun	feminine	embauche	9.42
le cercle	Kreis	words	B2	noun	masculine	cercle	9.34
l' onde	Welle	words	B2	noun	feminine	onde	9.33
bloquer	sperren	words	B2	verb		bloquer	9.28
le bouleversement	Umwälzung	words	B2	noun	masculine	bouleversement	9.28
la puce	Chip	words	B2	noun	feminine	puce	9.21
inciter	treiben	words	B2	verb		inciter	9.18
nuire	schaden	words	B2	verb		nuire	9.09
l' inverse	Kehrwert	words	B2	noun	masculine	inverse	9.03
alimenter	hegen	words	B2	verb		alimenter	9.01
la noce	Hoch­zeit	words	B2	noun	feminine	noce	8.96
reproduire	abdrucken	words	B2	verb		reproduire	8.95
le mobile	Handy	words	B2	noun	masculine	mobile	8.92
bleu	Blau	words	B2	noun		bleu	8.87
le slogan	Slogan	words	B2	noun	masculine	slogan	8.86
l' historien	Historiker	words	B2	noun	masculine	historien	8.80
la tribu	Stamm	words	B2	noun	feminine	tribu	8.80
remarquable	beachtenswert	words	B2	adjective		remarquable	8.77
contradictoire	gegensätzlich	words	B2	adjective		contradictoire	8.77
l' inondation	Flut	words	B2	noun	feminine	inondation	8.74
la gloire	Ruhm	words	B2	noun	feminine	gloire	8.72
asiatique	asiatisch	words	B2	adjective		asiatique	8.71
le carbone	Carbon	words	B2	noun	masculine	carbone	8.68
autoritaire	autoritär	words	B2	adjective		autoritaire	8.66
maximum	Maximum	words	B2	adjective		maximum	8.65
le journalisme	Journalismus	words	B2	noun	masculine	journalisme	8.64
oriental	östlich	words	B2	adjective		oriental	8.63
efforcer	bemühen	words	B2	verb		efforcer	8.62
le calcul	Rechnung	words	B2	noun	masculine	calcul	8.62
la vigueur	Kraft	words	B2	noun	feminine	vigueur	8.61
le constat	Feststellung	words	B2	noun	masculine	constat	8.59
le matelas	Matratze	words	B2	noun	masculine	matelas	8.58
libraire	Buchhändler	words	B2	noun		libraire	8.57
trahir	verraten	words	B2	verb		trahir	8.57
la descente	Abfall	words	B2	noun	feminine	descente	8.55
paradoxalement	paradoxerweise	words	B2	adverb		paradoxalement	8.50
authentique	echt	words	B2	adjective		authentique	8.47
l' autonomie	Autonomie	words	B2	noun	feminine	autonomie	8.41
le centime	Cent	words	B2	noun	masculine	centime	8.40
l' implantation	Implantation	words	B2	noun	feminine	implantation	8.37
soudain	jäh	words	B2	adjective		soudain	8.27
la souffrance	Leiden	words	B2	noun	feminine	souffrance	8.23
ponctuel	akkurat	words	B2	adjective		ponctuel	8.21
pourquoi ?	weswegen	words	B2	noun		pourquoi	8.19
clair	bestimmt	words	B2	adverb		clair	8.19
le financement	Finanzierung	words	B2	noun	masculine	financement	8.15
la mobilisation	Mobilmachung	words	B2	noun	feminine	mobilisation	8.08
la croyance	Glaube	words	B2	noun	feminine	croyance	8.07
l' antenne	Fühler	words	B2	noun	feminine	antenne	8.05
le dirigeant	Machthaber	words	B2	noun	masculine	dirigeant	8.00
la connexion	Verbindung	words	B2	noun	feminine	connexion	7.99
le soja	Soja	words	B2	noun	masculine	soja	7.98
survenir	plötzlich erscheinen	words	B2	verb		survenir	7.97
l' abeille	Imme	words	B2	noun	feminine	abeille	7.95
la marge	Rand	words	B2	noun	feminine	marge	7.95
annuler	aufheben	words	B2	verb		annuler	7.94
l' enfer	Hölle	words	B2	noun	masculine	enfer	7.93
la tentative	Versuch	words	B2	noun	feminine	tentative	7.92
vital	lebenswichtig	words	B2	adjective		vital	7.92
le fouet	Peitsche	words	B2	noun	masculine	fouet	7.91
le timbre	Klang	words	B2	noun	masculine	timbre	7.89
exciter	reizen	words	B2	verb		exciter	7.86
la tâche	Task	words	B2	noun	feminine	tache	7.85
la cotisation	Beitrag	words	B2	noun	feminine	cotisation	7.84
le moustique	Mücke	words	B2	noun	masculine	moustique	7.80
suspect	Verdächtige	words	B2	adjective	masculine	suspect	7.72
le poignet	Fessel	words	B2	noun	masculine	poignet	7.70
trois	Drei	words	B2	noun		trois	7.70
cerner	absperren	words	B2	verb		cerner	7.69
assassin	Mörder	words	B2	adjective	masculine	assassin	7.69
l' insecte	Insekt	words	B2	noun	masculine	insecte	7.66
ordinaire	üblich	words	B2	adjective		ordinaire	7.65
la chapelle	Kapelle	words	B2	noun	feminine	chapelle	7.63
l' orgueil	Stolz	words	B2	noun	masculine	orgueil	7.60
heurter	hauen	words	B2	verb		heurter	7.58
substituer	ersetzen	words	B2	verb		substituer	7.56
raciste	rassistisch	words	B2	adjective		raciste	7.55
le canton	Kanton	words	B2	noun	masculine	canton	7.54
le vide	Leere	words	B2	noun	masculine	vide	7.51
la soie	Seide	words	B2	noun	feminine	soie	7.50
la chirurgie	Chirurgie	words	B2	noun	feminine	chirurgie	7.48
suffisamment	genügend	words	B2	adverb		suffisamment	7.47
le calme	Stille	words	B2	noun	masculine	calme	7.44
la revendication	Anspruch	words	B2	noun	feminine	revendication	7.44
le parent	Ahnen	words	B2	noun	masculine	parent	7.44
l' innovation	Neuerung	words	B2	noun	feminine	innovation	7.44
contraire	widrig	words	B2	adjective		contraire	7.38
valable	valid	words	B2	adjective		valable	7.37
rembourser	abzahlen	words	B2	verb		rembourser	7.35
volontaire	Volontär	words	B2	adjective		volontaire	7.23
philosophe	Philosoph	words	B2	noun		philosophe	7.20
affecter	erregen	words	B2	verb		affecter	7.19
la consultation	Beratung	words	B2	noun	feminine	consultation	7.17
vaincre	siegen	words	B2	verb		vaincre	7.12
le manuscrit	Manuskript	words	B2	noun	masculine	manuscrit	7.11
le rejet	Ablehnung	words	B2	noun	masculine	rejet	7.10
enthousiaste	begeistert	words	B2	adjective		enthousiaste	7.08
vilain	übel	words	B2	adjective		vilain	7.04
l' oubli	Vergessen	words	B2	noun	masculine	oubli	7.04
fasciner	fesseln	words	B2	verb		fasciner	7.04
polluer	verschmutzen	words	B2	verb		polluer	7.03
trier	trennen	words	B2	verb		trier	7.01
la rigueur	Strenge	words	B2	noun	feminine	rigueur	7.00
senior	Senior	words	B2	noun		senior	6.99
la cible	Ziel	words	B2	noun	feminine	cible	6.98
malin	böse	words	B2	adjective		malin	6.92
la paroi	Wand	words	B2	noun	feminine	paroi	6.91
le reporter	Reporter	words	B2	noun	masculine	reporter	6.90
l' estime	Achtung	words	B2	noun	feminine	estime	6.88
la tendresse	Zärtlichkeit	words	B2	noun	feminine	tendresse	6.88
l' instruction	Belehrung	words	B2	noun	feminine	instruction	6.85
vanter	loben	words	B2	verb		vanter	6.83
solidaire	solidarisch	words	B2	adjective		solidaire	6.83
progressif	langsam	words	B2	adjective	masculine	progressif	6.81
contraindre	dringen	words	B2	verb		contraindre	6.81
la vengeance	Rache	words	B2	noun	feminine	vengeance	6.79
renouvelable	erneuerbar	words	B2	adjective		renouvelable	6.79
le Loge	Loge	words	B2	noun	masculine	loge	6.78
convoiter	begehren	words	B2	verb		convoiter	6.74
exigeant	anspruchsvoll	words	B2	adjective		exigeant	6.74
encadrer	umrahmen	words	B2	verb		encadrer	6.74
le pouce	Zoll	words	B2	noun	masculine	pouce	6.73
l' explosion	Ausbruch	words	B2	noun	feminine	explosion	6.69
paisible	ruhig	words	B2	adjective		paisible	6.66
locataire	Mieter	words	B2	noun		locataire	6.66
l' utilisateur	Nutzer	words	B2	noun	masculine	utilisateur	6.65
l' Harmonie	Harmonia	words	B2	noun	feminine	harmonie	6.65
secondaire	dazugehörig	words	B2	adjective		secondaire	6.65
la fondation	Gründung	words	B2	noun	feminine	fondation	6.65
perturber	stören	words	B2	verb		perturber	6.62
lire	lesen	words	B2	noun		lire	6.62
inattendu	unerwartet	words	B2	adjective		inattendu	6.62
la souche	Strunk	words	B2	noun	feminine	souche	6.62
l' occupation	Besatzung	words	B2	noun	feminine	occupation	6.60
la poudre	Puder	words	B2	noun	feminine	poudre	6.60
l' alliance	Bund	words	B2	noun	feminine	alliance	6.59
hostile	feindlich	words	B2	adjective		hostile	6.54
naviguer	fahren	words	B2	verb		naviguer	6.54
duquel	dessen	words	B2	pronoun		duquel	6.51
l' atout	Mut	words	B2	noun	masculine	atout	6.50
l' incertitude	Ungewissheit	words	B2	noun	feminine	incertitude	6.49
distraire	ablenken	words	B2	verb		distraire	6.48
la substance	Substanz	words	B2	noun	feminine	substance	6.47
paradoxal	paradox	words	B2	adjective		paradoxal	6.46
la chair	Fleisch	words	B2	noun	feminine	chair	6.44
sain	heil	words	B2	adjective		sain	6.43
reporter	vertagen	words	B2	verb		reporter	6.43
savant	gelehrt	words	B2	adjective		savant	6.42
la tribune	Tribüne	words	B2	noun	feminine	tribune	6.41
la torture	Qual	words	B2	noun	feminine	torture	6.41
passif	passiv	words	B2	adjective		passif	6.41
l' assaut	Anfall	words	B2	noun	masculine	assaut	6.39
le troupeau	Herde	words	B2	noun	masculine	troupeau	6.39
terrestre	irdisch	words	B2	adjective		terrestre	6.37
assimiler	anpassen	words	B2	verb		assimiler	6.34
le satellite	Trabant	words	B2	noun	masculine	satellite	6.34
le collaborateur	Mitarbeiter	words	B2	noun	masculine	collaborateur	6.33
le neurone	Neuron	words	B2	noun	masculine	neurone	6.32
ralentir	hemmen	words	B2	verb		ralentir	6.32
l' altitude	Höhe	words	B2	noun	feminine	altitude	6.30
le fabricant	Macher	words	B2	noun	masculine	fabricant	6.28
dense	dicht	words	B2	adjective		dense	6.26
le bloc	Block	words	B2	noun	masculine	bloc	6.25
munir	versehen	words	B2	verb		munir	6.25
l' inventeur	Erfinder	words	B2	noun	masculine	inventeur	6.22
tracer	ziehen	words	B2	verb		tracer	6.20
glacial	eisig	words	B2	adjective		glacial	6.20
cardiaque	herzkrank	words	B2	adjective		cardiaque	6.19
synonyme	Synonym	words	B2	adjective	masculine	synonyme	6.17
le banquier	Banker	words	B2	noun	masculine	banquier	6.16
le portefeuille	Hülle	words	B2	noun	masculine	portefeuille	6.16
tremper	härten	words	B2	verb		tremper	6.16
faible	Weich­ling	words	B2	noun		faible	6.16
le Lot	Lot	words	B2	noun	masculine	lot	6.16
l' appellation	Bezeichnung	words	B2	noun	feminine	appellation	6.14
croissant	wachsend	words	B2	adjective		croissant	6.14
la colonne	Linie	words	B2	noun	feminine	colonne	6.14
le syndicat	Syndikat	words	B2	noun	masculine	syndicat	6.12
radical	Radikal	words	B2	adjective	masculine	radical	6.11
la suggestion	Anregung	words	B2	noun	feminine	suggestion	6.10
minuscule	winzig	words	B2	adjective		minuscule	6.09
sonore	laut	words	B2	adjective		sonore	6.07
la paire	Paar	words	B2	noun	feminine	paire	6.06
terroriser	terrorisieren	words	B2	verb		terroriser	6.05
l' indignation	Empörung	words	B2	noun	feminine	indignation	6.04
incontournable	unumgänglich	words	B2	adjective		incontournable	6.04
exemplaire	vorbildlich	words	B2	adjective		exemplaire	6.02
la diminution	Verminderung	words	B2	noun	feminine	diminution	6.01
le conjoint	Ehegatte	words	B2	noun	masculine	conjoint	5.99
ambitieux	ehrgeizig	words	B2	adjective		ambitieux	5.98
le sida	AIDS	words	B2	noun	masculine	sida	5.97
le canal	Kanal	words	B2	noun	masculine	canal	5.97
l' espion	Spion	words	B2	noun	masculine	espion	5.96
instituer	instituieren	words	B2	verb		instituer	5.96
l' anecdote	Anekdote	words	B2	noun	feminine	anecdote	5.95
courber	beugen	words	B2	verb		courber	5.94
entreprendre	angehen	words	B2	verb		entreprendre	5.93
l' accompagnement	Geleit	words	B2	noun	masculine	accompagnement	5.91
le cocktail	Mix	words	B2	noun	masculine	cocktail	5.91
le savant	Experte	words	B2	noun	masculine	savant	5.90
le vocabulaire	Wortschatz	words	B2	noun	masculine	vocabulaire	5.87
le velours	Samt	words	B2	noun	masculine	velours	5.86
la pile	Stoß	words	B2	noun	feminine	pile	5.85
la morale	Moral	words	B2	noun	feminine	morale	5.85
directeur	leitend	words	B2	adjective		directeur	5.83
la couture	Naht	words	B2	noun	feminine	couture	5.83
la manipulation	Handgriff	words	B2	noun	feminine	manipulation	5.81
PIN	PIN	words	B2	noun		pin	5.77
auparavant	im voraus	words	B2	preposition		auparavant	5.76
le phare	Leuchtturm	words	B2	noun	masculine	phare	5.74
la pilule	Pille	words	B2	noun	feminine	pilule	5.73
la rumeur	Gerede	words	B2	noun	feminine	rumeur	5.73
nier	leugnen	words	B2	verb		nier	5.72
digne	wert	words	B2	adjective		digne	5.72
le capital	Kapital	words	B2	noun	masculine	capital	5.70
aviaire	vogelartig	words	B2	adjective		aviaire	5.70
la poursuite	Verfolgung	words	B2	noun	feminine	poursuite	5.70
strictement	absolut	words	B2	adverb		strictement	5.69
absent	abwesend	words	B2	adjective	masculine	absent	5.67
agressif	scharf	words	B2	adjective		agressif	5.66
abuser	düpieren	words	B2	verb		abuser	5.66
antibiotique	Antibiotikum	words	B2	noun		antibiotique	5.65
le culte	Kult	words	B2	noun	masculine	culte	5.65
l' acquisition	Kauf	words	B2	noun	feminine	acquisition	5.62
la foire	Basar	words	B2	noun	feminine	foire	5.60
l' appui	Hilfe	words	B2	noun	masculine	appui	5.60
la transition	Übergang	words	B2	noun	feminine	transition	5.59
mental	witzig	words	B2	adjective		mental	5.57
le supporter	Fan	words	B2	noun	masculine	supporter	5.57
envers	auf zu	words	B2	noun		envers	5.56
le cuir	Fell	words	B2	noun	masculine	cuir	5.54
le cabaret	Cabaret	words	B2	noun	masculine	cabaret	5.51
rouvrir	wiederöffnen	words	B2	verb		rouvrir	5.50
le tirage	Auflage	words	B2	noun	masculine	tirage	5.46
final	abschließend	words	B2	adjective	masculine	final	5.46
gosse	Bube	words	B2	noun		gosse	5.46
abolir	aufheben	words	B2	verb		abolir	5.42
Arabe	Araber	words	B2	noun		arabe	5.41
le grain	Gran	words	B2	noun	masculine	grain	5.40
restreindre	beschränken	words	B2	verb		restreindre	5.40
hebdomadaire	wöchentlich	words	B2	adjective		hebdomadaire	5.40
lumineux	hell	words	B2	adjective		lumineux	5.39
gravement	schwer	words	B2	adverb		gravement	5.36
humide	feucht	words	B2	adjective		humide	5.36
ancien	ehemalig	words	B2	noun		ancien	5.36
le massif	Gebirge	words	B2	noun	masculine	massif	5.35
canard	Ente	words	B2	noun		canard	5.34
la fureur	Wut	words	B2	noun	feminine	fureur	5.32
la correspondance	Anschluss	words	B2	noun	feminine	correspondance	5.31
la compagne	Lebensgefährtin	words	B2	noun	feminine	compagne	5.31
l' handicap	Handicap	words	B2	noun	masculine	handicap	5.30
insuffisant	karg	words	B2	adjective		insuffisant	5.30
combiner	kombinieren	words	B2	verb		combiner	5.28
guetter	lauern	words	B2	verb		guetter	5.27
infini	endlos	words	B2	adjective	masculine	infini	5.26
le stylo	Kuli	words	B2	noun	masculine	stylo	5.26
fragile	fragil	words	B2	adjective		fragile	5.26
le mauvais	Schlechtes	words	B2	noun	masculine	mauvais	5.24
suisse	schweizerisch	words	B2	adjective		suisse	5.23
la dynamique	Dynamik	words	B2	noun	feminine	dynamique	5.21
le parquet	Parkett	words	B2	noun	masculine	parquet	5.20
la crainte	Angst	words	B2	noun	feminine	crainte	5.20
la racine	Wurzel	words	B2	noun	feminine	racine	5.20
absorber	aufnehmen	words	B2	verb		absorber	5.19
arbitre	Ref	words	B2	noun		arbitre	5.19
singulier	bizarr	words	B2	adjective	masculine	singulier	5.17
l' injection	Spritze	words	B2	noun	feminine	injection	5.17
la cendre	Asche	words	B2	noun	feminine	cendre	5.16
relativement	ziemlich	words	B2	adverb		relativement	5.15
personnaliser	anpassen	words	B2	verb		personnaliser	5.11
le rituel	Ritual	words	B2	noun	masculine	rituel	5.10
attractif	fesselnd	words	B2	adjective	masculine	attractif	5.09
abattre	töten	words	B2	verb		abattre	5.08
typique	typisch	words	B2	adjective		typique	5.08
le compositeur	Setzer	words	B2	noun	masculine	compositeur	5.07
amical	freundlich	words	B2	adjective		amical	5.07
le conservatoire	Konservatorium	words	B2	noun	masculine	conservatoire	5.05
la fosse	Grab	words	B2	noun	feminine	fosse	5.05
le compromis	Kompromiss	words	B2	noun	masculine	compromis	5.04
mortel	tödlich	words	B2	adjective		mortel	5.02
la particule	Partikel	words	B2	noun	feminine	particule	5.02
la douzaine	Dutzend	words	B2	noun	feminine	douzaine	4.99
l' ambassadeur	Botschafter	words	B2	noun	masculine	ambassadeur	4.99
la gentillesse	Höflichkeit	words	B2	noun	feminine	gentillesse	4.99
la vapeur	Dampf	words	B2	noun	feminine	vapeur	4.97
relire	gegenlesen	words	B2	verb		relire	4.96
le pari	Wette	words	B2	noun	masculine	pari	4.96
franchement	herzlich	words	B2	adverb		franchement	4.96
psychiatre	Psychiater	words	B2	noun		psychiatre	4.96
gage	Pfand	words	B2	noun		gage	4.95
la rubrique	Rubrik	words	B2	noun	feminine	rubrique	4.94
le nid	Nest	words	B2	noun	masculine	nid	4.93
encombrer	belasten	words	B2	verb		encombrer	4.92
le Singe	Affe	words	B2	noun	masculine	singe	4.90
la prescription	Rezept	words	B2	noun	feminine	prescription	4.90
le mobilier	Mobiliar	words	B2	noun	masculine	mobilier	4.90
centrer	zentrieren	words	B2	verb		centrer	4.90
redoubler	verdoppeln	words	B2	verb		redoubler	4.88
la conviction	Überzeugung	words	B2	noun	feminine	conviction	4.88
multinational	multinational	words	B2	adjective		multinational	4.87
le nerf	Nerv	words	B2	noun	masculine	nerf	4.87
orgueilleux	hochmütig	words	B2	adjective		orgueilleux	4.86
licencier	exen	words	B2	verb		licencier	4.86
dispenser	geben	words	B2	verb		dispenser	4.86
conforme	angepasst	words	B2	adjective		conforme	4.85
antique	alt	words	B2	adjective		antique	4.85
concilier	vermitteln	words	B2	verb		concilier	4.84
manier	handhaben	words	B2	verb		manier	4.83
temporaire	provisorisch	words	B2	adjective		temporaire	4.83
limpide	klar	words	B2	adjective		limpide	4.83
honteux	beschämt	words	B2	adjective		honteux	4.83
le gendre	Eidam	words	B2	noun	masculine	gendre	4.81
l' audace	Wagemut	words	B2	noun	feminine	audace	4.81
l' urbanisme	Stadtplanung	words	B2	noun	masculine	urbanisme	4.81
l' occurrence	Umstand	words	B2	noun	feminine	occurrence	4.80
aboutir	ausgehen	words	B2	verb		aboutir	4.80
la pente	Gefälle	words	B2	noun	feminine	pente	4.80
le crocodile	Krokodil	words	B2	noun	masculine	crocodile	4.78
cruel	grausam	words	B2	adjective	masculine	cruel	4.78
surgir	auftauchen	words	B2	verb		surgir	4.78
le puits	Box	words	B2	noun	masculine	puits	4.78
horaire	stündlich	words	B2	adjective		horaire	4.77
aspirer	saugen	words	B2	verb		aspirer	4.77
le palier	Podest	words	B2	noun	masculine	palier	4.75
majoritairement	mehrheitlich	words	B2	adverb		majoritairement	4.75
notaire	Notar	words	B2	noun		notaire	4.74
soupirer	seufzen	words	B2	verb		soupirer	4.73
francophone	Französischsprachiger	words	B2	noun		francophone	4.72
peiner	quälen	words	B2	verb		peiner	4.71
l' orchestre	Orchester	words	B2	noun	masculine	orchestre	4.71
sentimental	sentimental	words	B2	adjective		sentimental	4.70
mineur	Bagatell	words	B2	noun		mineur	4.70
le baron	Baron	words	B2	noun	masculine	baron	4.70
emprisonner	einsperren	words	B2	verb		emprisonner	4.70
le pistolet	Pistole	words	B2	noun	masculine	pistolet	4.67
tailler	hauen	words	B2	verb		tailler	4.66
reconnaissant	dankbar	words	B2	adjective		reconnaissant	4.66
l' orientation	Orientierung	words	B2	noun	feminine	orientation	4.66
sanglant	blutig	words	B2	adjective		sanglant	4.66
le voisinage	Nähe	words	B2	noun	masculine	voisinage	4.66
la parure	Zierat	words	B2	noun	feminine	parure	4.65
moderniser	modernisieren	words	B2	verb		moderniser	4.64
l' ampleur	Ausmaß	words	B2	noun	feminine	ampleur	4.64
alternatif	alternativ	words	B2	adjective		alternatif	4.62
la traduction	Übersetzen	words	B2	noun	feminine	traduction	4.61
le torrent	Bergstrom	words	B2	noun	masculine	torrent	4.61
ramer	rudern	words	B2	verb		ramer	4.61
surprenant	überraschend	words	B2	adjective		surprenant	4.60
la combinaison	Unterrock	words	B2	noun	feminine	combinaison	4.60
accumuler	anhäufen	words	B2	verb		accumuler	4.60
le double	Kopie	words	B2	noun	masculine	double	4.59
le refrain	Refrain	words	B2	noun	masculine	refrain	4.58
gourmand	gefräßig	words	B2	adjective	masculine	gourmand	4.57
la sanction	Sanktion	words	B2	noun	feminine	sanction	4.57
l' adoption	Annahme	words	B2	noun	feminine	adoption	4.57
l' exploitation	Ausbeutung	words	B2	noun	feminine	exploitation	4.55
le supplice	Qual	words	B2	noun	masculine	supplice	4.55
inverse	Kehrwert	words	B2	adjective	masculine	inverse	4.55
autonome	autonom	words	B2	adjective		autonome	4.55
la courbe	Kurve	words	B2	noun	feminine	courbe	4.54
l' alarme	Alarm	words	B2	noun	feminine	alarme	4.53
jumelle	Fernglas	words	B2	adjective	feminine	jumelle	4.52
le couvent	Kloster	words	B2	noun	masculine	couvent	4.52
innombrable	zahllos	words	B2	adjective		innombrable	4.51
le remords	Reue	words	B2	noun	masculine	remords	4.51
percer	bohren	words	B2	verb		percer	4.49
la paresse	Faulheit	words	B2	noun	feminine	paresse	4.48
la contradiction	Widerspruch	words	B2	noun	feminine	contradiction	4.47
le saut	Sprung	words	B2	noun	masculine	saut	4.47
l' exigence	Anspruch	words	B2	noun	feminine	exigence	4.47
l' index	Index	words	B2	noun	masculine	index	4.45
luxueux	luxuriös	words	B2	adjective		luxueux	4.45
l' hurlement	Geschrei	words	B2	noun	masculine	hurlement	4.44
grossier	rau	words	B2	adjective		grossier	4.44
la tentation	Verführung	words	B2	noun	feminine	tentation	4.44
socialiste	sozialistisch	words	B2	adjective		socialiste	4.44
orner	aufputzen	words	B2	verb		orner	4.43
effrayant	furchtbar	words	B2	adjective		effrayant	4.42
rentable	lukrativ	words	B2	adjective		rentable	4.42
le pacte	Bund	words	B2	noun	masculine	pacte	4.41
psychanalyste	Psychoanalytiker	words	B2	noun		psychanalyste	4.41
maltraiter	kujonieren	words	B2	verb		maltraiter	4.40
le correspondant	Brieffreund	words	B2	noun	masculine	correspondant	4.38
musculaire	muskulär	words	B2	adjective		musculaire	4.37
triompher	stolzieren	words	B2	verb		triompher	4.36
la protestation	Protest	words	B2	noun	feminine	protestation	4.35
combler	stillen	words	B2	verb		combler	4.35
accessoire	Bei	words	B2	noun		accessoire	4.34
la copie	Kopie	words	B2	noun	feminine	copie	4.34
gros	klebrig	words	B2	adverb		gros	4.34
pittoresque	malerisch	words	B2	adjective		pittoresque	4.33
le fermier	Bauer	words	B2	noun	masculine	fermier	4.33
logique	logisch	words	B2	adjective		logique	4.30
superficiel	flach	words	B2	adjective	masculine	superficiel	4.26
accessible	erwerbbar	words	B2	adjective		accessible	4.25
le forum	Forum	words	B2	noun	masculine	forum	4.25
la sauce	Soße	words	B2	noun	feminine	sauce	4.25
rationnel	rational	words	B2	adjective		rationnel	4.24
l' axe	Achse	words	B2	noun	masculine	axe	4.24
l' aspiration	Sog	words	B2	noun	feminine	aspiration	4.24
dissimuler	verbergen	words	B2	verb		dissimuler	4.24
la recommandation	Warnung	words	B2	noun	feminine	recommandation	4.23
affiner	läutern	words	B2	verb		affiner	4.23
la vitamine	Vitamin	words	B2	noun	feminine	vitamine	4.23
comparable	komparabel	words	B2	adjective		comparable	4.23
la prestation	Leistung	words	B2	noun	feminine	prestation	4.23
la lueur	Schein	words	B2	noun	feminine	lueur	4.22
la composante	Komponente	words	B2	noun	feminine	composante	4.21
proportionnel	proportional	words	B2	adjective		proportionnel	4.21
monstrueux	ungeheuer	words	B2	adjective		monstrueux	4.20
gouverner	regieren	words	B2	verb		gouverner	4.20
le Gaspard	Caspar	words	B2	noun	masculine	gaspard	4.20
le bouchon	Stau	words	B2	noun	masculine	bouchon	4.19
criminel	kriminell	words	B2	adjective	masculine	criminel	4.19
le cap	Kap	words	B2	noun	masculine	cap	4.18
le partenariat	Partnerschaft	words	B2	noun	masculine	partenariat	4.18
l' adolescence	Jugend	words	B2	noun	feminine	adolescence	4.18
la sueur	Schweiß	words	B2	noun	feminine	sueur	4.18
adieu	Lebewohl	phrases	B2	interjection	masculine	adieu	4.17
la librairie	Buchladen	words	B2	noun	feminine	librairie	4.17
advenir	geschehen	words	B2	verb		advenir	4.16
meubler	möblieren	words	B2	verb		meubler	4.15
la phase	Phase	words	B2	noun	feminine	phase	4.15
festif	festlich	words	B2	adjective	masculine	festif	4.15
tunisien	tunesisch	words	B2	adjective	masculine	tunisien	4.15
le coffre	Kiste	words	B2	noun	masculine	coffre	4.12
Arabe	Araberin	words	B2	adjective		arabe	4.11
l' habitat	Lebensraum	words	B2	noun	masculine	habitat	4.10
fouiller	forschen	words	B2	verb		fouiller	4.09
le chirurgien	Chirurg	words	B2	noun	masculine	chirurgien	4.07
effrayer	entsetzen	words	B2	verb		effrayer	4.07
redouter	fürchten	words	B2	verb		redouter	4.07
militant	Aktivist	words	B2	adjective	masculine	militant	4.05
escalader	steigen	words	B2	verb		escalader	4.04
freiner	hemmen	words	B2	verb		freiner	4.04
le fondement	Stiftung	words	B2	noun	masculine	fondement	4.02
l' immobilier	Immobilie	words	B2	noun	masculine	immobilier	4.01
parlementaire	parlementaire	words	B2	adjective		parlementaire	4.00
le lectorat	Lektorat	words	B2	noun	masculine	lectorat	4.00
racheter	erlösen	words	B2	verb		racheter	3.99
l' acceptation	Annahme	words	B2	noun	feminine	acceptation	3.97
le vignoble	Weinberg	words	B2	noun	masculine	vignoble	3.95
la fourmi	Ameise	words	B2	noun	feminine	fourmi	3.95
le classique	Klassiker	words	B2	noun	masculine	classique	3.93
le vicomte	Vicomte	words	B2	noun	masculine	vicomte	3.93
couronner	krönen	words	B2	verb		couronner	3.92
enflammer	anzünden	words	B2	verb		enflammer	3.92
l' admirateur	Bewunderer	words	B2	noun	masculine	admirateur	3.92
garnir	besetzen	words	B2	verb		garnir	3.91
crever	bersten	words	B2	verb		crever	3.91
l' interruption	Interruption	words	B2	noun	feminine	interruption	3.90
mentionner	nennen	words	B2	verb		mentionner	3.90
scandinave	skandinavisch	words	B2	adjective		scandinave	3.89
le lustre	Lüster	words	B2	noun	masculine	lustre	3.88
boucher	stopfen	words	B2	adjective		boucher	3.88
le piano	Piano	words	B2	noun	masculine	piano	3.88
parfumer	parfümieren	words	B2	verb		parfumer	3.87
excessif	übermäßig	words	B2	adjective		excessif	3.86
le bienfait	Wohltat	words	B2	noun	masculine	bienfait	3.85
la digue	Deich	words	B2	noun	feminine	digue	3.84
la côte	Hang	words	B2	noun	feminine	cote	3.80
le sceau	Siegel	words	B2	noun	masculine	sceau	3.78
le marin	See	words	B2	noun	masculine	marin	3.78
l' agression	Aggression	words	B2	noun	feminine	agression	3.77
piloter	führen	words	B2	verb		piloter	3.77
pacifique	friedlich	words	B2	adjective		pacifique	3.77
gros	klebrig	words	B2	noun		gros	3.77
le trimestre	Quartal	words	B2	noun	masculine	trimestre	3.76
spirituel	witzig	words	B2	adjective		spirituel	3.75
somptueux	luxuriös	words	B2	adjective		somptueux	3.75
le dictionnaire	Diktionär	words	B2	noun	masculine	dictionnaire	3.74
le vice	Makel	words	B2	noun	masculine	vice	3.74
le glacier	Kees	words	B2	noun	masculine	glacier	3.73
la chaire	Kanzel	words	B2	noun	feminine	chaire	3.73
relater	darlegen	words	B2	verb		relater	3.72
le guichet	Türchen	words	B2	noun	masculine	guichet	3.72
la croisade	Feldzug	words	B2	noun	feminine	croisade	3.72
jadis	einstens	words	B2	adverb		jadis	3.72
l' investissement	Anlage	words	B2	noun	masculine	investissement	3.71
la diva	Diva	words	B2	noun	feminine	diva	3.71
le pharmacien	Apotheker	words	B2	noun	masculine	pharmacien	3.70
l' abus	Missbrauch	words	B2	noun	masculine	abus	3.69
le recul	Abstand	words	B2	noun	masculine	recul	3.69
l' encre	Tinte	words	B2	noun	feminine	encre	3.68
complexe	komplex	words	B2	noun		complexe	3.68
le jardinier	Gärtner	words	B2	noun	masculine	jardinier	3.67
banaliser	banalisieren	words	B2	verb		banaliser	3.66
plan	Entwurf	words	B2	adjective	masculine	plan	3.65
la prose	Prosa	words	B2	noun	feminine	prose	3.64
approfondir	vertiefen	words	B2	verb		approfondir	3.64
conjuguer	konjugieren	words	B2	verb		conjuguer	3.64
potable	trinkbar	words	B2	adjective		potable	3.63
expert	Experte	words	B2	adjective		expert	3.62
le voyant	Sehende	words	B2	noun	masculine	voyant	3.62
l' engouement	Begeisterung	words	B2	noun	masculine	engouement	3.62
l' Exode	Exodus	words	B2	noun	masculine	exode	3.62
l' organisateur	Organisator	words	B2	noun	masculine	organisateur	3.62
la devise	Motto	words	B2	noun	feminine	devise	3.62
bercer	wiegen	words	B2	verb		bercer	3.61
pointer	richten	words	B2	verb		pointer	3.61
valider	bestätigen	words	B2	verb		valider	3.60
l' hormone	Hormon	words	B2	noun	feminine	hormone	3.60
la grisaille	Grisaille	words	B2	noun	feminine	grisaille	3.60
la constatation	Feststellung	words	B2	noun	feminine	constatation	3.60
plaider	plädieren	words	B2	verb		plaider	3.59
le volant	Lenkrad	words	B2	noun	masculine	volant	3.59
respectif	respektiv	words	B2	adjective		respectif	3.59
contester	streiten	words	B2	verb		contester	3.59
la brique	Ziegel	words	B2	noun	feminine	brique	3.58
la fibre	Faser	words	B2	noun	feminine	fibre	3.58
disperser	auflösen	words	B2	verb		disperser	3.58
raisonner	urteilen	words	B2	verb		raisonner	3.58
le campus	Campus	words	B2	noun	masculine	campus	3.57
vouer	weihen	words	B2	verb		vouer	3.56
familier	familiär	words	B2	noun		familier	3.56
subtil	subtil	words	B2	adjective	masculine	subtil	3.56
engendrer	zeugen	words	B2	verb		engendrer	3.56
le cadavre	Aas	words	B2	noun	masculine	cadavre	3.55
l' implication	Einbeziehung	words	B2	noun	feminine	implication	3.55
la lieue	Leuge	words	B2	noun	feminine	lieue	3.55
le reflet	Reflex	words	B2	noun	masculine	reflet	3.54
infectieux	infektiös	words	B2	adjective		infectieux	3.54
restituer	erstatten	words	B2	verb		restituer	3.53
l' abolition	Abolition	words	B2	noun	feminine	abolition	3.53
institutionnel	institutionell	words	B2	adjective		institutionnel	3.53
l' impasse	Holzweg	words	B2	noun	feminine	impasse	3.52
confus	verstörend	words	B2	adjective	masculine	confus	3.52
la suppression	Abbau	words	B2	noun	feminine	suppression	3.51
le formulaire	Formular	words	B2	noun	masculine	formulaire	3.50
le microprocesseur	Mikroprozessor	words	B2	noun	masculine	microprocesseur	3.50
l' Indien	Inder	words	B2	noun	masculine	indien	3.50
l' intrigue	Handlungsfaden	words	B2	noun	feminine	intrigue	3.50
la nuance	Ton	words	B2	noun	feminine	nuance	3.49
l' attraction	Anziehung	words	B2	noun	feminine	attraction	3.49
l' arcade	Bogengang	words	B2	noun	feminine	arcade	3.48
le marbre	Marmor	words	B2	noun	masculine	marbre	3.48
la sonnerie	Läuten	words	B2	noun	feminine	sonnerie	3.48
le muguet	Soor	words	B2	noun	masculine	muguet	3.48
la domination	Herrschaft	words	B2	noun	feminine	domination	3.47
l' aptitude	Eignung	words	B2	noun	feminine	aptitude	3.47
la ruelle	Gasse	words	B2	noun	feminine	ruelle	3.46
le rongeur	Nager	words	B2	noun	masculine	rongeur	3.46
optimiste	optimistisch	words	B2	adjective		optimiste	3.46
cru	krud	words	B2	noun		cru	3.45
l' obsession	Zwangsvorstellung	words	B2	noun	feminine	obsession	3.45
visuel	visuell	words	B2	adjective		visuel	3.45
sortir	hinausgehen	words	B2	noun		sortir	3.44
l' halle	Markthalle	words	B2	noun	feminine	halle	3.43
le tome	Band	words	B2	noun	masculine	tome	3.43
gravir	erklimmen	words	B2	verb		gravir	3.42
nouer	binden	words	B2	verb		nouer	3.42
sauf	außer	words	B2	adjective		sauf	3.41
hexagonal	hexagonal	words	B2	adjective		hexagonal	3.41
neutre	neutral	words	B2	adjective		neutre	3.41
adjoindre	anfügen	words	B2	verb		adjoindre	3.38
l' extension	Anbau	words	B2	noun	feminine	extension	3.38
le capteur	Sensor	words	B2	noun	masculine	capteur	3.35
le pou	Laus	words	B2	noun	masculine	pou	3.35
le coureur	Läufer	words	B2	noun	masculine	coureur	3.32
le riverain	Anlieger	words	B2	noun	masculine	riverain	3.31
l' asile	Asyl	words	B2	noun	masculine	asile	3.31
le jasmin	Jasmin	words	B2	noun	masculine	jasmin	3.31
la fracture	Bruch	words	B2	noun	feminine	fracture	3.31
le quota	Quote	words	B2	noun	masculine	quota	3.31
affaiblir	schwächen	words	B2	verb		affaiblir	3.30
respectivement	respektive	words	B2	adverb		respectivement	3.28
le squelette	Gerippe	words	B2	noun	masculine	squelette	3.28
capter	fassen	words	B2	verb		capter	3.26
le maquillage	Make-up	words	B2	noun	masculine	maquillage	3.26
l' individualisme	Individualismus	words	B2	noun	masculine	individualisme	3.25
conventionnel	konventionell	words	B2	adjective	masculine	conventionnel	3.25
protagoniste	Protagonist	words	B2	noun		protagoniste	3.25
coincer	verkeilen	words	B2	verb		coincer	3.23
balayer	fegen	words	B2	verb		balayer	3.23
le plancher	Boden	words	B2	noun	masculine	plancher	3.23
impuissant	unfähig	words	B2	adjective	masculine	impuissant	3.23
enseignant	Lehrerin	words	B2	adjective	masculine	enseignant	3.23
atomique	atomar	words	B2	adjective		atomique	3.22
catastrophique	katastrophal	words	B2	adjective		catastrophique	3.22
galoper	galoppieren	words	B2	verb		galoper	3.21
la vitrine	Vitrine	words	B2	noun	feminine	vitrine	3.21
compenser	ersetzen	words	B2	verb		compenser	3.21
la destruction	Verwüstung	words	B2	noun	feminine	destruction	3.21
la pertinence	Relevanz	words	B2	noun	feminine	pertinence	3.21
distinct	verschieden	words	B2	adjective		distinct	3.21
administrer	leiten	words	B2	verb		administrer	3.20
la frustration	Frust	words	B2	noun	feminine	frustration	3.19
la climatisation	Klimaanlage	words	B2	noun	feminine	climatisation	3.19
la migration	Migration	words	B2	noun	feminine	migration	3.19
la carotte	Möhre	words	B2	noun	feminine	carotte	3.19
recruter	werben	words	B2	verb		recruter	3.18
reconstituer	wiederherstellen	words	B2	verb		reconstituer	3.17
rajouter	hinzufügen	words	B2	verb		rajouter	3.17
consentir	zustimmen	words	B2	verb		consentir	3.16
la trompette	Trompete	words	B2	noun	feminine	trompette	3.16
toxique	giftig	words	B2	adjective		toxique	3.16
refroidir	kühlen	words	B2	verb		refroidir	3.15
la multitude	Menge	words	B2	noun	feminine	multitude	3.15
stocker	lagern	words	B2	verb		stocker	3.15
filer	spinnen	words	B2	verb		filer	3.15
interdit	verboten	words	B2	noun		interdit	3.15
le plomb	Lot	words	B2	noun	masculine	plomb	3.14
la grammaire	Grammatik	words	B2	noun	feminine	grammaire	3.13
proche	nächst	words	B2	noun		proche	3.13
le pourcentage	Hundertsatz	words	B2	noun	masculine	pourcentage	3.12
sobre	mäßig	words	B2	adjective		sobre	3.11
le pasteur	Hirt	words	B2	noun	masculine	pasteur	3.11
accoucher	gebären	words	B2	verb		accoucher	3.11
mou	weich	words	B2	adjective		mou	3.11
le fric	Kies	words	B2	noun	masculine	fric	3.11
la Gueule	Göhl	words	B2	noun	feminine	gueule	3.11
ancrer	ankern	words	B2	verb		ancrer	3.10
la qualification	Qualifikation	words	B2	noun	feminine	qualification	3.10
le pigeon	Taube	words	B2	noun	masculine	pigeon	3.10
errer	irren	words	B2	verb		errer	3.10
le refroidissement	Abkühlung	words	B2	noun	masculine	refroidissement	3.10
le constructeur	Konstruktor	words	B2	noun	masculine	constructeur	3.10
le rayonnement	Strahlung	words	B2	noun	masculine	rayonnement	3.09
le tapis	Teppich	words	B2	noun	masculine	tapis	3.08
actionner	antreiben	words	B2	verb		actionner	3.08
le collier	Kummet	words	B2	noun	masculine	collier	3.07
occasionner	bereiten	words	B2	verb		occasionner	3.07
moqueur	spöttisch	words	B2	adjective		moqueur	3.06
l' allumette	Zündholz	words	B2	noun	feminine	allumette	3.06
le bandit	Dieb	words	B2	noun	masculine	bandit	3.06
usager	Nutzer	words	B2	noun		usager	3.06
l' oxyde	Oxid	words	B2	noun	masculine	oxyde	3.06
architectural	architektonisch	words	B2	adjective		architectural	3.06
cuisiner	backen	words	B2	verb		cuisiner	3.06
la fabrique	Werk	words	B2	noun	feminine	fabrique	3.06
le relief	Relief	words	B2	noun	masculine	relief	3.06
la butte	Anhöhe	words	B2	noun	feminine	butte	3.05
lucratif	lukrativ	words	B2	adjective		lucratif	3.05
principal	Haupt	words	B2	noun		principal	3.05
surfer	surfen	words	B2	verb		surfer	3.04
la basilique	Basilika	words	B2	noun	feminine	basilique	3.04
la ruse	List	words	B2	noun	feminine	ruse	3.04
restant	übrig	words	B2	adjective		restant	3.04
l' emballage	Packung	words	B2	noun	masculine	emballage	3.03
la fonte	Guss	words	B2	noun	feminine	fonte	3.03
bobo	Bobo	words	B2	noun		bobo	3.03
contempler	anschauen	words	B2	verb		contempler	3.02
nomade	nomadisch	words	B2	adjective		nomade	3.02
la vieillesse	Alter	words	B2	noun	feminine	vieillesse	3.02
la remise	Remis	words	B2	noun	feminine	remise	3.01
le bailleur	Vermieter	words	B2	noun	masculine	bailleur	3.01
le recrutement	Anwerbung	words	B2	noun	masculine	recrutement	3.00
horizontal	waagrecht	words	B2	adjective	masculine	horizontal	3.00
la dose	Dosis	words	B2	noun	feminine	dose	2.99
circulaire	rund	words	B2	adjective		circulaire	2.99
le carnaval	Fasching	words	B2	noun	masculine	carnaval	2.98
la tulipe	Tulpe	words	B2	noun	feminine	tulipe	2.97
l' ambre	Bernstein	words	B2	noun	masculine	ambre	2.97
fascinant	fesselnd	words	B2	adjective	masculine	fascinant	2.96
le stock	Lager	words	B2	noun	masculine	stock	2.96
le naturel	angeboren	words	B2	noun	masculine	naturel	2.96
le renforcement	Zunahme	words	B2	noun	masculine	renforcement	2.95
la berge	Ufer	words	B2	noun	feminine	berge	2.95
scandaleux	anstößig	words	B2	adjective		scandaleux	2.94
tisser	weben	words	B2	verb		tisser	2.94
copier	kopieren	words	B2	verb		copier	2.93
l' appelant	Beschwerdeführer	words	B2	noun	masculine	appelant	2.91
l' acheteur	Käufer	words	B2	noun	masculine	acheteur	2.91
saigner	bluten	words	B2	verb		saigner	2.91
triomphant	triumphierend	words	B2	adjective	masculine	triomphant	2.90
le truc	Ding	words	B2	noun	masculine	truc	2.90
transversal	transversal	words	B2	adjective		transversal	2.90
la vieille	alte Frau	words	B2	noun	feminine	vieille	2.89
maximum	Maximum	words	B2	noun		maximum	2.89
le puzzle	Puzzle	words	B2	noun	masculine	puzzle	2.89
la chaussette	Socke	words	B2	noun	feminine	chaussette	2.88
miel	Honig	words	B2	noun		miel	2.88
nullement	keineswegs	words	B2	adverb		nullement	2.87
la truffe	Depp	words	B2	noun	feminine	truffe	2.87
la pompe	Gala	words	B2	noun	feminine	pompe	2.87
la gymnastique	Turnen	words	B2	noun	feminine	gymnastique	2.85
le globe	Globus	words	B2	noun	masculine	globe	2.85
le chauffage	Heizung	words	B2	noun	masculine	chauffage	2.85
quelconque	ein	words	B2	adjective		quelconque	2.85
documentaire	Dokumentation	words	B2	adjective	masculine	documentaire	2.84
l' infrastructure	Infrastruktur	words	B2	noun	feminine	infrastructure	2.84
injecter	injizieren	words	B2	verb		injecter	2.84
normand	normannisch	words	B2	adjective		normand	2.81
le verbe	Verb	words	B2	noun	masculine	verbe	2.81
le gouffre	Tiefe	words	B2	noun	masculine	gouffre	2.81
le rempart	Wall	words	B2	noun	masculine	rempart	2.80
fertile	fruchtbar	words	B2	adjective		fertile	2.79
rebelle	abtrünnig	words	B2	noun		rebelle	2.79
crucial	essenziell	words	B2	adjective	masculine	crucial	2.79
l' avortement	Abbruch	words	B2	noun	masculine	avortement	2.79
la ficelle	Schnur	words	B2	noun	feminine	ficelle	2.78
le magistrat	Stadträt	words	B2	noun	masculine	magistrat	2.78
le colloque	Kolloquium	words	B2	noun	masculine	colloque	2.78
la biologie	Biologie	words	B2	noun	feminine	biologie	2.77
respiratoire	respiratorisch	words	B2	adjective		respiratoire	2.77
accentuer	betonen	words	B2	verb		accentuer	2.77
respectable	ehrbar	words	B2	adjective		respectable	2.77
le cordon	Schweißwulst	words	B2	noun	masculine	cordon	2.76
malicieux	boshaft	words	B2	adjective		malicieux	2.75
audacieux	keck	words	B2	adjective	masculine	audacieux	2.74
sculpter	schnitzen	words	B2	verb		sculpter	2.74
la selle	Sattel	words	B2	noun	feminine	selle	2.73
mauve	mauve	words	B2	adjective		mauve	2.72
fiable	verlässlich	words	B2	adjective		fiable	2.72
l' injure	Anstoß	words	B2	noun	feminine	injure	2.69
le lis	Lilie	words	B2	noun	masculine	lis	2.67
l' esclavage	Sklaverei	words	B2	noun	masculine	esclavage	2.67
le paresseux	Faultier	words	B2	noun	masculine	paresseux	2.66
souterrain	unter tage	words	B2	adjective		souterrain	2.66
la tuberculose	Tuberkulose	words	B2	noun	feminine	tuberculose	2.65
le portugais	Sprache	words	B2	noun	masculine	portugais	2.65
fossile	Petrefakt	words	B2	adjective	masculine	fossile	2.64
insensible	gefühllos	words	B2	adjective		insensible	2.64
concourir	mitwirken	words	B2	verb		concourir	2.63
le creuset	Tiegel	words	B2	noun	masculine	creuset	2.63
la borne	Markstein	words	B2	noun	feminine	borne	2.62
conscient	bewusst	words	B2	adjective		conscient	2.62
la division	Teilung	words	B2	noun	feminine	division	2.62
la globalisation	Globalisierung	words	B2	noun	feminine	globalisation	2.62
satisfaisant	befriedigend	words	B2	adjective		satisfaisant	2.62
le postier	Postbote	words	B2	noun	masculine	postier	2.61
la lanterne	Laterne	words	B2	noun	feminine	lanterne	2.61
l' haie	Hecke	words	B2	noun	feminine	haie	2.60
rigoureux	hart	words	B2	adjective		rigoureux	2.59
le tél	Tel	words	B2	noun	masculine	tel	2.59
agacer	reizen	words	B2	verb		agacer	2.59
le consensus	Konsens	words	B2	noun	masculine	consensus	2.59
rallonger	verlängern	words	B2	verb		rallonger	2.59
enclin	neigen	words	B2	adjective		enclin	2.58
la concession	Zugeständnis	words	B2	noun	feminine	concession	2.58
convier	bestellen	words	B2	verb		convier	2.58
assembler	mitnehmen	words	B2	verb		assembler	2.58
tripler	verdreifachen	words	B2	verb		tripler	2.57
excepter	ausnehmen	words	B2	verb		excepter	2.57
le tunnel	Tunnel	words	B2	noun	masculine	tunnel	2.57
la bombe	Bombe	words	B2	noun	feminine	bombe	2.57
la finale	Finale	words	B2	noun	feminine	finale	2.57
l' enrichissement	Anreicherung	words	B2	noun	masculine	enrichissement	2.56
nostalgique	nostalgisch	words	B2	adjective		nostalgique	2.56
complice	beteiligt	words	B2	noun		complice	2.56
la consigne	Order	words	B2	noun	feminine	consigne	2.56
le flux	Flut	words	B2	noun	masculine	flux	2.56
l' allongement	Dehnung	words	B2	noun	masculine	allongement	2.56
le format	Format	words	B2	noun	masculine	format	2.55
Vierge	Jungfrau	words	B2	noun		vierge	2.55
le vertige	Schwindel	words	B2	noun	masculine	vertige	2.55
inconscient	unbewußt	words	B2	adjective		inconscient	2.55
la race	Rasse	words	B2	noun	feminine	race	2.55
le paradoxe	Paradox	words	B2	noun	masculine	paradoxe	2.54
le remboursement	Rückzahlung	words	B2	noun	masculine	remboursement	2.54
balader	an der Nase herumführen	words	B2	verb		balader	2.54
demi	Hälfte	words	B2	adverb	masculine	demi	2.54
anthropologique	anthropologisch	words	B2	adjective		anthropologique	2.54
absurde	unsinnig	words	B2	noun		absurde	2.54
la guise	Weise	words	B2	noun	feminine	guise	2.54
la finance	Finanz	words	B2	noun	feminine	finance	2.54
la baleine	Wal	words	B2	noun	feminine	baleine	2.54
la muraille	Mauer	words	B2	noun	feminine	muraille	2.54
le moine	Mönch	words	B2	noun	masculine	moine	2.53
mutuel	gegenseitig	words	B2	adjective		mutuel	2.53
paisiblement	ruhig	words	B2	adverb		paisiblement	2.53
l' introduction	Vorwort	words	B2	noun	feminine	introduction	2.53
demi	halb	words	B2	adjective		demi	2.52
le promoteur	Promotor	words	B2	noun	masculine	promoteur	2.52
la corruption	Verwesung	words	B2	noun	feminine	corruption	2.52
pseudonyme	Deckname	words	B2	noun		pseudonyme	2.52
le surveillant	Aufsichtsperson	words	B2	noun	masculine	surveillant	2.52
questionner	fragen	words	B2	verb		questionner	2.52
vestimentaire	vestimentär	words	B2	adjective		vestimentaire	2.52
l' arc	Bogen	words	B2	noun	masculine	arc	2.51
la culotte	Slip	words	B2	noun	feminine	culotte	2.51
avaler	schlingen	words	B2	verb		avaler	2.51
poster	Poster	words	B2	verb	masculine	poster	2.51
le coordinateur	Koordinator	words	B2	noun	masculine	coordinateur	2.51
l' imprimerie	Druckerei	words	B2	noun	feminine	imprimerie	2.51
le gazon	Gras	words	B2	noun	masculine	gazon	2.51
la graine	Korn	words	B2	noun	feminine	graine	2.51
la tyrannie	Tyrannei	words	B2	noun	feminine	tyrannie	2.50
l' embarras	Hemmnis	words	B2	noun	masculine	embarras	2.50
implacable	unversöhnlich	words	B2	adjective		implacable	2.49
couver	brüten	words	B2	verb		couver	2.49
survoler	überfliegen	words	B2	verb		survoler	2.49
la psychologie	Psychologie	words	B2	noun	feminine	psychologie	2.48
aigle	Aar	words	B2	noun		aigle	2.48
le partisan	Parteigänger	words	B2	noun	masculine	partisan	2.48
le descendant	Abkomme	words	B2	noun	masculine	descendant	2.47
opter	wählen	words	B2	verb		opter	2.47
splendide	herrlich	words	B2	adjective		splendide	2.47
le filet	Netz	words	B2	noun	masculine	filet	2.47
l' agneau	Lamm	words	B2	noun	masculine	agneau	2.47
ruiner	ruinieren	words	B2	verb		ruiner	2.47
business	Business	words	B2	noun		business	2.47
peupler	besiedeln	words	B2	verb		peupler	2.47
la distraction	Abwechslung	words	B2	noun	feminine	distraction	2.47
hospitaliser	hospitalisieren	words	B2	verb		hospitaliser	2.46
la friche	Brache	words	B2	noun	feminine	friche	2.46
biologiste	Biologe	words	B2	noun		biologiste	2.46
la chandelle	Kerze	words	B2	noun	feminine	chandelle	2.45
avantageux	günstig	words	B2	adjective		avantageux	2.45
succomber	sterben	words	B2	verb		succomber	2.45
osciller	schwingen	words	B2	verb		osciller	2.45
flamber	flambieren	words	B2	verb		flamber	2.45
l' estimation	Bewertung	words	B2	noun	feminine	estimation	2.45
le soufre	Sulfur	words	B2	noun	masculine	soufre	2.45
le maintien	Körperhaltung	words	B2	noun	masculine	maintien	2.44
primitif	primitiv	words	B2	adjective		primitif	2.44
la pathologie	Pathologie	words	B2	noun	feminine	pathologie	2.44
boiser	bewalden	words	B2	verb		boiser	2.44
bilingue	bilingual	words	B2	adjective		bilingue	2.44
la menotte	Händchen	words	B2	noun	feminine	menotte	2.44
la modification	Änderung	words	B2	noun	feminine	modification	2.44
convive	Gast	words	B2	noun		convive	2.44
vaniteux	eitel	words	B2	adjective		vaniteux	2.44
marcher	gehen / laufen	words	B2	noun		marcher	2.43
prioritaire	prioritär	words	B2	adjective		prioritaire	2.43
le vouloir	wollen	words	B2	noun	masculine	vouloir	2.43
instable	unstet	words	B2	adjective		instable	2.43
la concentration	Konzentration	words	B2	noun	feminine	concentration	2.43
le tapage	Hype	words	B2	noun	masculine	tapage	2.43
menu	Speisekarte	words	B2	adjective	masculine	menu	2.42
desservir	abdecken	words	B2	verb		desservir	2.42
l' anonymat	Anonymität	words	B2	noun	masculine	anonymat	2.41
la teinte	Ton	words	B2	noun	feminine	teinte	2.41
effectif	effektiv	words	B2	noun		effectif	2.40
le livret	Sparbuch	words	B2	noun	masculine	livret	2.40
chouette	toll	words	B2	adjective		chouette	2.40
Grec	Griechin	words	B2	adjective	masculine	grec	2.40
l' ongle	Nagel	words	B2	noun	masculine	ongle	2.40
chauve	kahl	words	B2	adjective		chauve	2.40
extravagant	überspannt	words	B2	adjective		extravagant	2.39
la collaboration	Kollaboration	words	B2	noun	feminine	collaboration	2.39
manuel	Handbuch	words	B2	noun		manuel	2.39
parent	verwandt	words	B2	adjective		parent	2.38
sociologique	soziologisch	words	B2	adjective		sociologique	2.37
capturer	fangen	words	B2	verb		capturer	2.37
humble	demütig	words	B2	adjective		humble	2.37
le palmier	Palme	words	B2	noun	masculine	palmier	2.37
le shopping	Shopping	words	B2	noun	masculine	shopping	2.37
l' humiliation	Demütigung	words	B2	noun	feminine	humiliation	2.36
le pionnier	Pionier	words	B2	noun	masculine	pionnier	2.36
apparent	sichtbar	words	B2	adjective	masculine	apparent	2.35
la baraque	Baracke	words	B2	noun	feminine	baraque	2.35
la laisse	Leine	words	B2	noun	feminine	laisse	2.34
le cambriolage	Einbruch	words	B2	noun	masculine	cambriolage	2.34
la confusion	Konfusion	words	B2	noun	feminine	confusion	2.33
glorieux	berühmt	words	B2	adjective		glorieux	2.33
le locuteur	Sprecher	words	B2	noun	masculine	locuteur	2.32
raser	scheren	words	B2	verb		raser	2.32
le tramway	Tramzug	words	B2	noun	masculine	tramway	2.32
cohabiter	zusammenleben	words	B2	verb		cohabiter	2.32
le catalogue	Katalog	words	B2	noun	masculine	catalogue	2.32
l' enseigne	Schild	words	B2	noun	feminine	enseigne	2.32
la fanfare	Fanfare	words	B2	noun	feminine	fanfare	2.32
clinique	Klinik	words	B2	adjective		clinique	2.31
la routine	Routine	words	B2	noun	feminine	routine	2.31
redresser	aufrichten	words	B2	verb		redresser	2.31
conformiste	angepasst	words	B2	adjective		conformiste	2.30
contracter	schließen	words	B2	verb		contracter	2.30
involontaire	versehentlich	words	B2	adjective		involontaire	2.29
styliste	Designer	words	B2	noun		styliste	2.29
la caution	Kaution	words	B2	noun	feminine	caution	2.28
le buisson	Busch	words	B2	noun	masculine	buisson	2.28
la bille	Ball	words	B2	noun	feminine	bille	2.28
reconstruire	aufbauen	words	B2	verb		reconstruire	2.28
la limitation	Abbau	words	B2	noun	feminine	limitation	2.28
souhaitable	wünschenswert	words	B2	adjective		souhaitable	2.28
blanchir	weißen	words	B2	verb		blanchir	2.28
l' escale	Zwischenstop	words	B2	noun	feminine	escale	2.26
l' ignorance	Ignoranz	words	B2	noun	feminine	ignorance	2.26
la trahison	Verrat	words	B2	noun	feminine	trahison	2.25
confesser	beichten	words	B2	verb		confesser	2.24
l' arrogance	Arroganz	words	B2	noun	feminine	arrogance	2.24
honorer	ehren	words	B2	verb		honorer	2.23
la perception	Finanzamt	words	B2	noun	feminine	perception	2.23
passager	vorübergehend	words	B2	adjective		passager	2.23
le muscle	Muskel	words	B2	noun	masculine	muscle	2.23
plastique	bildsam	words	B2	adjective		plastique	2.22
souiller	verunreinigen	words	B2	verb		souiller	2.22
le formidable	Maß	words	B2	noun	masculine	formidable	2.22
matrimonial	ehelich	words	B2	adjective		matrimonial	2.22
congeler	einfrieren	words	B2	verb		congeler	2.22
scander	skandieren	words	B2	verb		scander	2.21
mannequin	Model	words	B2	noun		mannequin	2.21
l' odorat	Geruch	words	B2	noun	masculine	odorat	2.21
miser	tippen	words	B2	verb		miser	2.21
potentiel	potentiell	words	B2	noun		potentiel	2.21
vertical	aufrecht	words	B2	adjective		vertical	2.21
expulser	ausstoßen	words	B2	verb		expulser	2.21
l' embryon	Keim	words	B2	noun	masculine	embryon	2.21
baroque	Barock	words	B2	adjective	masculine	baroque	2.20
le saint	Heilige	words	B2	noun	masculine	saint	2.20
la procession	Prozession	words	B2	noun	feminine	procession	2.19
l' entrepreneur	Unternehmer	words	B2	noun	masculine	entrepreneur	2.19
combustible	Brennstoff	words	B2	noun		combustible	2.19
la contamination	Ansteckung	words	B2	noun	feminine	contamination	2.19
le clin	Beplankung	words	B2	noun	masculine	clin	2.19
germanique	germanisch	words	B2	adjective		germanique	2.19
le textile	Gewebe	words	B2	noun	masculine	textile	2.18
chevaucher	reiten	words	B2	verb		chevaucher	2.18
le sorcier	Zauberer	words	B2	noun	masculine	sorcier	2.17
intimider	bedrohen	words	B2	verb		intimider	2.17
la fragrance	Wohlgeruch	words	B2	noun	feminine	fragrance	2.17
le potager	Gemüsegarten	words	B2	noun	masculine	potager	2.16
la vaccination	Impfung	words	B2	noun	feminine	vaccination	2.15
proprement	zurecht	words	B2	adverb		proprement	2.15
la fissure	Riss	words	B2	noun	feminine	fissure	2.15
statistique	Statistik	words	B2	adjective	feminine	statistique	2.14
la graisse	Fett	words	B2	noun	feminine	graisse	2.13
harmonieux	harmonisch	words	B2	adjective		harmonieux	2.13
forger	prägen	words	B2	verb		forger	2.13
tabou	Tabu	words	B2	noun		tabou	2.12
actionnaire	Aktionär	words	B2	noun		actionnaire	2.12
indirect	indirekt	words	B2	adjective	masculine	indirect	2.12
l' affection	Zuneigung	words	B2	noun	feminine	affection	2.12
subsister	verbleiben	words	B2	verb		subsister	2.11
instant	Augenblick	words	B2	adjective	masculine	instant	2.11
l' azote	Nitrogen	words	B2	noun	masculine	azote	2.11
industrialiser	industrialisieren	words	B2	verb		industrialiser	2.10
le rasoir	Ziege	words	B2	noun	masculine	rasoir	2.10
affectueux	ergeben	words	B2	adjective		affectueux	2.09
la cocarde	Kokarde	words	B2	noun	feminine	cocarde	2.09
prohiber	verbieten	words	B2	verb		prohiber	2.08
la retenue	Nachsitzen	words	B2	noun	feminine	retenue	2.08
le moule	Form	words	B2	noun	masculine	moule	2.08
thermique	thermisch	words	B2	adjective		thermique	2.07
soucieux	besorgt	words	B2	adjective		soucieux	2.07
rocheux	steinig	words	B2	adjective		rocheux	2.07
partiellement	teilweise	words	B2	adverb		partiellement	2.06
la charrette	Fuder	words	B2	noun	feminine	charrette	2.05
le chamois	Gämse	words	B2	noun	masculine	chamois	2.05
externe	extern	words	B2	adjective		externe	2.05
inacceptable	unannehmbar	words	B2	adjective		inacceptable	2.05
repentir	Reue	words	B2	verb	masculine	repentir	2.05
l' assistance	Beistand	words	B2	noun	feminine	assistance	2.04
la noblesse	Adel	words	B2	noun	feminine	noblesse	2.04
l' extrait	Auszug	words	B2	noun	masculine	extrait	2.04
superflu	überflüssig	words	B2	adjective	masculine	superflu	2.04
l' assemblage	Fügen	words	B2	noun	masculine	assemblage	2.04
le bandeau	Band	words	B2	noun	masculine	bandeau	2.04
l' engrais	Mist	words	B2	noun	masculine	engrais	2.03
pieux	fromm	words	B2	adjective		pieux	2.02
la casquette	Mütze	words	B2	noun	feminine	casquette	2.02
l' idole	Idol	words	B2	noun	feminine	idole	2.02
le parvis	Paradies	words	B2	noun	masculine	parvis	2.02
sommer	summieren	words	B2	verb		sommer	2.01
le toast	Toast	words	B2	noun	masculine	toast	2.01
l' aviation	Luftfahrt	words	B2	noun	feminine	aviation	2.01
irriter	reizen	words	B2	verb		irriter	2.01
l' Autel	Altar	words	B2	noun	masculine	autel	2.00
le colis	Kollo	words	B2	noun	masculine	colis	2.00
la cigale	Zikade	words	B2	noun	feminine	cigale	2.00
l' isolement	Abstand	words	B2	noun	masculine	isolement	2.00
l' atome	Atom	words	B2	noun	masculine	atome	2.00
la mousse	Moos	words	B2	noun	feminine	mousse	2.00
le creux	Grube	words	B2	noun	masculine	creux	1.99
l' impuissance	Impotenz	words	B2	noun	feminine	impuissance	1.99
le bourreau	Henker	words	B2	noun	masculine	bourreau	1.99
le fuseau	Knöppel	words	B2	noun	masculine	fuseau	1.99
le barrage	Damm	words	B2	noun	masculine	barrage	1.98
incliner	neigen	words	B2	verb		incliner	1.98
rigolo	witzig	words	B2	adjective	masculine	rigolo	1.98
l' abondance	Fülle	words	B2	noun	feminine	abondance	1.98
rouge	Rot	words	B2	noun		rouge	1.98
la cerise	Kirsche	words	B2	noun	feminine	cerise	1.98
sacrifier	opfern	words	B2	verb		sacrifier	1.97
la corporation	Korporation	words	B2	noun	feminine	corporation	1.96
incomparable	unvergleichbar	words	B2	adjective		incomparable	1.96
savourer	naschen	words	B2	verb		savourer	1.96
vouvoyer	siezen	words	B2	verb		vouvoyer	1.96
le consulat	Konsulat	words	B2	noun	masculine	consulat	1.95
chiffrer	beziffern	words	B2	verb		chiffrer	1.95
pile	Batterie	words	B2	adverb	feminine	pile	1.94
favori	Liebling	words	B2	adjective	masculine	favori	1.94
scier	sägen	words	B2	verb		scier	1.94
ennemi	feindlich	words	B2	adjective		ennemi	1.94
alterner	wechseln	words	B2	verb		alterner	1.94
absoudre	absolvieren	words	B2	verb		absoudre	1.94
le paragraphe	Absatz	words	B2	noun	masculine	paragraphe	1.93
embellir	verschönern	words	B2	verb		embellir	1.92
la fusion	Fusion	words	B2	noun	feminine	fusion	1.92
l' abord	Akzept	words	B2	noun	masculine	abord	1.92
pointu	herb	words	B2	adjective		pointu	1.92
prochainement	demnächst	words	B2	adverb		prochainement	1.91
la soustraction	Subtraktion	words	B2	noun	feminine	soustraction	1.91
la messagerie	SMS	words	B2	noun	feminine	messagerie	1.91
le solitaire	Hochmoorgelbling	words	B2	noun	masculine	solitaire	1.91
l' extraction	Abbau	words	B2	noun	feminine	extraction	1.90
l' exportation	Export	words	B2	noun	feminine	exportation	1.90
la controverse	Kontroverse	words	B2	noun	feminine	controverse	1.90
le fragment	Fleck	words	B2	noun	masculine	fragment	1.89
le chapitre	Kapitel	words	B2	noun	masculine	chapitre	1.88
le manager	Direktor	words	B2	noun	masculine	manager	1.88
le compliment	Kompliment	words	B2	noun	masculine	compliment	1.88
escorter	geleiten	words	B2	verb		escorter	1.88
aigu	akut	words	B2	adjective		aigu	1.88
contraignant	bindend	words	B2	adjective	masculine	contraignant	1.88
la finesse	Schärfe	words	B2	noun	feminine	finesse	1.87
le lancement	Abschuss	words	B2	noun	masculine	lancement	1.87
capricieux	launenhaft	words	B2	adjective	masculine	capricieux	1.87
cosmopolite	kosmopolitisch	words	B2	adjective		cosmopolite	1.86
l' autrui	anderer	words	B2	noun	masculine	autrui	1.86
osseux	knochig	words	B2	adjective		osseux	1.85
le villageois	Dörfler	words	B2	noun	masculine	villageois	1.85
protestant	protestantisch	words	B2	adjective		protestant	1.84
collaborer	kollaborieren	words	B2	verb		collaborer	1.84
semer	säen	words	B2	verb		semer	1.84
l' ozone	Ozon	words	B2	noun	masculine	ozone	1.83
humaniste	Humanist	words	B2	adjective		humaniste	1.83
impressionner	beeindrucken	words	B2	verb		impressionner	1.83
la variation	Änderung	words	B2	noun	feminine	variation	1.83
analytique	analytisch	words	B2	adjective		analytique	1.81
le socle	Sockel	words	B2	noun	masculine	socle	1.81
l' antichambre	Vorzimmer	words	B2	noun	feminine	antichambre	1.80
miauler	mauzen	words	B2	verb		miauler	1.80
tactique	Taktik	words	B2	noun		tactique	1.80
le bastion	Bastei	words	B2	noun	masculine	bastion	1.79
l' estomac	Magen	words	B2	noun	masculine	estomac	1.79
hymne	Hymne	words	B2	noun		hymne	1.79
synchroniser	synchronisieren	words	B2	verb		synchroniser	1.79
tournant	drehend	words	B2	adjective		tournant	1.77
retarder	hemmen	words	B2	verb		retarder	1.77
le clonage	Klonen	words	B2	noun	masculine	clonage	1.75
convivial	gemütlich	words	B2	adjective	masculine	convivial	1.75
le fort	Fort	words	B2	noun	masculine	fort	1.74
le gibier	Wild	words	B2	noun	masculine	gibier	1.73
mousquetaire	Musketier	words	B2	noun		mousquetaire	1.72
la survie	Überleben	words	B2	noun	feminine	survie	1.72
mandataire	Auftragnehmer	words	B2	noun		mandataire	1.71
le caviar	Kaviar	words	B2	noun	masculine	caviar	1.71
la grossesse	Schwangerschaft	words	B2	noun	feminine	grossesse	1.71
le jouteur	Lanzenbrecher	words	B2	noun	masculine	jouteur	1.71
la subvention	Subvention	words	B2	noun	feminine	subvention	1.70
linguiste	Linguist	words	B2	noun		linguiste	1.68
le caniveau	Rinnstein	words	B2	noun	masculine	caniveau	1.68
le protecteur	Gönner	words	B2	noun	masculine	protecteur	1.68
le sacrement	Sakrament	words	B2	noun	masculine	sacrement	1.67
entamer	anfangen	words	B2	verb		entamer	1.66
le balai	Besen	words	B2	noun	masculine	balai	1.66
offenser	kränken	words	B2	verb		offenser	1.65
la sociologie	Soziologie	words	B2	noun	feminine	sociologie	1.63
carrer	rechteckig machen	words	B2	verb		carrer	1.61
l' abattage	Mut	words	B2	noun	masculine	abattage	1.61
mouvoir	bewegen	words	B2	verb		mouvoir	1.61
le cyclone	Zyklon	words	B2	noun	masculine	cyclone	1.61
charnel	körperlich	words	B2	adjective	masculine	charnel	1.61
le lifting	Lift	words	B2	noun	masculine	lifting	1.61
l' empressement	Bereitwilligkeit	words	B2	noun	masculine	empressement	1.60
localiser	orten	words	B2	verb		localiser	1.60
l' optimisme	Optimismus	words	B2	noun	masculine	optimisme	1.60
l' alerte	Alarm	words	B2	noun	feminine	alerte	1.60
la partition	Teilung	words	B2	noun	feminine	partition	1.60
l' endormissement	Einschlaf	words	B2	noun	masculine	endormissement	1.60
la radiation	Abmeldung	words	B2	noun	feminine	radiation	1.60
la toux	Husten	words	B2	noun	feminine	toux	1.60
la grange	Scheune	words	B2	noun	feminine	grange	1.59
le recyclage	Recycling	words	B2	noun	masculine	recyclage	1.59
explosif	explosiv	words	B2	adjective		explosif	1.59
l' obtention	Erwerb	words	B2	noun	feminine	obtention	1.59
prompt	flink	words	B2	adjective	masculine	prompt	1.59
relancer	beleben	words	B2	verb		relancer	1.59
figer	erstarren	words	B2	verb		figer	1.59
solder	bezahlen	words	B2	verb		solder	1.59
ivre	blau	words	B2	adjective		ivre	1.59
astronome	Astronom	words	B2	noun		astronome	1.58
le cortex	Cortex	words	B2	noun	masculine	cortex	1.58
pertinent	relevant	words	B2	adjective		pertinent	1.58
ras	eben	words	B2	adjective		ras	1.58
la galaxie	Galaxie	words	B2	noun	feminine	galaxie	1.58
croyant	gläubig	words	B2	adjective		croyant	1.58
assouplir	weich machen	words	B2	verb		assouplir	1.58
le bulbe	Bulbus	words	B2	noun	masculine	bulbe	1.58
centenaire	hundertjährig	words	B2	adjective		centenaire	1.57
la firme	Firma	words	B2	noun	feminine	firme	1.57
psychique	seelisch	words	B2	adjective		psychique	1.57
oblique	schief	words	B2	adjective		oblique	1.57
provisoirement	vorläufig	words	B2	adverb		provisoirement	1.57
taxer	bewerten	words	B2	verb		taxer	1.57
courtiser	den Hof machen	words	B2	verb		courtiser	1.57
la brasserie	Brauerei	words	B2	noun	feminine	brasserie	1.57
le breuvage	Trank	words	B2	noun	masculine	breuvage	1.57
l' hexagone	Hexagon	words	B2	noun	masculine	hexagone	1.57
chuchoter	flüstern	words	B2	verb		chuchoter	1.57
bienveillant	wohlwollend	words	B2	adjective		bienveillant	1.57
coca	Koka	words	B2	noun		coca	1.57
la calorie	Kalorie	words	B2	noun	feminine	calorie	1.57
la formulation	Formulierung	words	B2	noun	feminine	formulation	1.57
l' infini	Unendlichkeit	words	B2	noun	masculine	infini	1.57
quoique	obgleich	words	B2	conjunction		quoique	1.57
la variante	Variante	words	B2	noun	feminine	variante	1.57
la phobie	Phobie	words	B2	noun	feminine	phobie	1.57
l' observateur	Beobachter	words	B2	noun	masculine	observateur	1.57
constitutionnel	konstitutionell	words	B2	adjective	masculine	constitutionnel	1.57
colossal	kolossal	words	B2	adjective	masculine	colossal	1.57
subit	plötzlich	words	B2	adjective		subit	1.56
incertain	sicher	words	B2	adjective		incertain	1.56
le tronc	Rumpf	words	B2	noun	masculine	tronc	1.56
aubergiste	Wirt	words	B2	noun		aubergiste	1.56
avide	gierig	words	B2	adjective		avide	1.56
artisanal	handgemacht	words	B2	adjective	masculine	artisanal	1.56
tricolore	dreifarbig	words	B2	adjective		tricolore	1.56
verrouiller	zuriegeln	words	B2	verb		verrouiller	1.56
l' unification	Vereinigung	words	B2	noun	feminine	unification	1.56
la livraison	Lieferung	words	B2	noun	feminine	livraison	1.56
l' alcoolisme	Trunksucht	words	B2	noun	masculine	alcoolisme	1.56
la digestion	Verdauung	words	B2	noun	feminine	digestion	1.55
le rapide	Schnellzug	words	B2	noun	masculine	rapide	1.55
national	national	words	B2	noun		national	1.55
le sanglier	Eber	words	B2	noun	masculine	sanglier	1.55
astucieux	listig	words	B2	adjective		astucieux	1.55
l' emprise	Einfluss	words	B2	noun	feminine	emprise	1.55
sensuel	sinnlich	words	B2	adjective		sensuel	1.55
la contingence	Kontingenz	words	B2	noun	feminine	contingence	1.55
focaliser	fokussieren	words	B2	verb		focaliser	1.55
l' incidence	Inzidenz	words	B2	noun	feminine	incidence	1.55
pluriel	pluralisch	words	B2	adjective		pluriel	1.55
trouble	trüb	words	B2	adjective		trouble	1.55
le phoque	Robbe	words	B2	noun	masculine	phoque	1.55
le pressentiment	Vorahnung	words	B2	noun	masculine	pressentiment	1.55
penser	denken	words	B2	noun		penser	1.55
le ver	Wurm	words	B2	noun	masculine	ver	1.55
poliment	höflich	words	B2	adverb		poliment	1.55
le wagon	Wagen	words	B2	noun	masculine	wagon	1.55
bannir	bannen	words	B2	verb		bannir	1.55
le rein	Kreuz	words	B2	noun	masculine	rein	1.55
le caprice	Laune	words	B2	noun	masculine	caprice	1.55
recharger	laden	words	B2	verb		recharger	1.55
le chagrin	Kummer	words	B2	noun	masculine	chagrin	1.55
gommer	radieren	words	B2	verb		gommer	1.55
le mirage	Trugbild	words	B2	noun	masculine	mirage	1.55
monotone	monoton	words	B2	adjective		monotone	1.54
l' ardeur	Glut	words	B2	noun	feminine	ardeur	1.54
le bataillon	Bataillon	words	B2	noun	masculine	bataillon	1.54
la confection	Konfektion	words	B2	noun	feminine	confection	1.54
le folklore	Folklore	words	B2	noun	masculine	folklore	1.54
indemniser	vergüten	words	B2	verb		indemniser	1.54
philosophe	Philosoph	words	B2	adjective		philosophe	1.54
faiblir	nachlassen	words	B2	verb		faiblir	1.54
ambigu	mehrdeutig	words	B2	adjective		ambigu	1.54
moucher	schnäuzen	words	B2	verb		moucher	1.54
le narrateur	Erzähler	words	B2	noun	masculine	narrateur	1.54
l' usure	Wucher	words	B2	noun	feminine	usure	1.54
la brebis	Aue	words	B2	noun	feminine	brebis	1.54
le dessein	Plan	words	B2	noun	masculine	dessein	1.54
le proverbe	Denkspruch	words	B2	noun	masculine	proverbe	1.54
la patrie	Heimat	words	B2	noun	feminine	patrie	1.54
brosser	putzen	words	B2	verb		brosser	1.54
polyvalent	vielseitig	words	B2	adjective		polyvalent	1.54
rebondir	beginnen	words	B2	verb		rebondir	1.53
aventurer	wagen	words	B2	verb		aventurer	1.53
le chaton	Kätzchen	words	B2	noun	masculine	chaton	1.53
le melon	Melone	words	B2	noun	masculine	melon	1.53
apprivoiser	zähmen	words	B2	verb		apprivoiser	1.53
l' ouragan	Orkan	words	B2	noun	masculine	ouragan	1.53
le remerciement	Dank	words	B2	noun	masculine	remerciement	1.53
voyant	Sehender	words	B2	adjective	masculine	voyant	1.53
la ligue	Band	words	B2	noun	feminine	ligue	1.53
sinistre	gruselig	words	B2	noun		sinistre	1.53
l' imprimeur	Drucker	words	B2	noun	masculine	imprimeur	1.53
maladroit	unbeholfen	words	B2	adjective	masculine	maladroit	1.53
grouper	scharen	words	B2	verb		grouper	1.53
antan	damalig	words	B2	noun		antan	1.53
exorbitant	exorbitant	words	B2	adjective		exorbitant	1.53
l' accusation	Anklage	words	B2	noun	feminine	accusation	1.52
la semence	Keim	words	B2	noun	feminine	semence	1.52
l' utopie	Utopie	words	B2	noun	feminine	utopie	1.52
dissuader	abraten	words	B2	verb		dissuader	1.52
le mont	Berg	words	B2	noun	masculine	mont	1.52
la famine	Hunger	words	B2	noun	feminine	famine	1.52
le lointain	Ferne	words	B2	noun	masculine	lointain	1.52
polar	Krimi	words	B2	adjective	masculine	polar	1.52
le ravage	Zerstörung	words	B2	noun	masculine	ravage	1.52
la syllabe	Silbe	words	B2	noun	feminine	syllabe	1.52
le briquet	Feuerzeug	words	B2	noun	masculine	briquet	1.52
le papillon	Fliege	words	B2	noun	masculine	papillon	1.52
balancer	feuern	words	B2	verb		balancer	1.52
inhumain	unmenschlich	words	B2	adjective		inhumain	1.52
la constante	Konstante	words	B2	noun	feminine	constante	1.52
creux	hohl	words	B2	adjective	masculine	creux	1.52
mondain	mondän	words	B2	adjective		mondain	1.52
barbu	bärtig	words	B2	adjective		barbu	1.52
la prime	Bonus	words	B2	noun	feminine	prime	1.52
paver	pflastern	words	B2	verb		paver	1.52
propulser	wegschleudern	words	B2	verb		propulser	1.52
le capuchon	Kapuze	words	B2	noun	masculine	capuchon	1.52
le catholicisme	Katholizismus	words	B2	noun	masculine	catholicisme	1.52
la contrepartie	Beitrag	words	B2	noun	feminine	contrepartie	1.52
l' iris	Iris	words	B2	noun	masculine	iris	1.52
aveugler	blenden	words	B2	verb		aveugler	1.52
volant	fliegend	words	B2	adjective		volant	1.52
aristocratique	adlig	words	B2	adjective		aristocratique	1.52
infantile	kindisch	words	B2	adjective		infantile	1.52
puriste	puristisch	words	B2	noun		puriste	1.51
le rendement	Ertrag	words	B2	noun	masculine	rendement	1.51
la transaction	Vergleich	words	B2	noun	feminine	transaction	1.51
le flot	Flut	words	B2	noun	masculine	flot	1.51
moustiquaire	Mückennetz	words	B2	noun		moustiquaire	1.51
alerter	warnen	words	B2	verb		alerter	1.51
le coauteur	Koautor	words	B2	noun	masculine	coauteur	1.51
sublimer	sublimieren	words	B2	verb		sublimer	1.51
abondamment	in Fülle	words	B2	adverb		abondamment	1.51
exhiber	vorzeigen	words	B2	verb		exhiber	1.51
le pratiquant	Kirchgänger	words	B2	noun	masculine	pratiquant	1.51
la parade	Parade	words	B2	noun	feminine	parade	1.51
gonfler	nerven	words	B2	verb		gonfler	1.51
le bambin	Baby	words	B2	noun	masculine	bambin	1.51
le parachute	Fallschirm	words	B2	noun	masculine	parachute	1.51
rustique	rau	words	B2	adjective		rustique	1.51
saler	pökeln	words	B2	verb		saler	1.51
l' exhibition	Ausstellen	words	B2	noun	feminine	exhibition	1.51
manipuler	handhaben	words	B2	verb		manipuler	1.51
la manchette	Armband	words	B2	noun	feminine	manchette	1.51
Roumain	Rumänin	words	B2	adjective	masculine	roumain	1.50
autochtone	Ureinwohner	words	B2	noun		autochtone	1.50
valide	fit	words	B2	adjective		valide	1.50
le boudoir	Löffelbiskuit	words	B2	noun	masculine	boudoir	1.50
surpris	überrascht	words	B2	adjective		surpris	1.50
clamer	heulen	words	B2	verb		clamer	1.50
l' excitation	Anregung	words	B2	noun	feminine	excitation	1.50
serein	ruhig	words	B2	adjective		serein	1.50
Russe	Russe	words	B2	noun		russe	1.50
hasardeux	gewagt	words	B2	adjective		hasardeux	1.50
propice	hold	words	B2	adjective		propice	1.50
regrettable	bedauerlich	words	B2	adjective		regrettable	1.50
l' ampoule	Birne	words	B2	noun	feminine	ampoule	1.50
citadin	städtisch	words	B2	adjective		citadin	1.50
diplomatique	diplomatisch	words	B2	adjective		diplomatique	1.50
l' aisance	Leichtigkeit	words	B2	noun	feminine	aisance	1.50
trotter	traben	words	B2	verb		trotter	1.50
aristocrate	Adliger	words	B2	noun		aristocrate	1.50
affreusement	furchtbar	words	B2	adverb		affreusement	1.50
germer	keimen	words	B2	verb		germer	1.50
la fouille	Grabung	words	B2	noun	feminine	fouille	1.49
la fresque	Fresko	words	B2	noun	feminine	fresque	1.49
le saladier	Rührschüssel	words	B2	noun	masculine	saladier	1.49
rivaliser	wetteifern	words	B2	verb		rivaliser	1.49
juriste	Jurist	words	B2	noun		juriste	1.49
retentir	erschallen	words	B2	verb		retentir	1.49
le brouhaha	Rummel	words	B2	noun	masculine	brouhaha	1.49
la souplesse	Bildsamkeit	words	B2	noun	feminine	souplesse	1.49
caler	beschlagen	words	B2	verb		caler	1.49
feuilleter	blättern	words	B2	verb		feuilleter	1.49
la passerelle	Steg	words	B2	noun	feminine	passerelle	1.49
l' orme	Ulme	words	B2	noun	masculine	orme	1.49
le dessous	Dessous	words	B2	noun	masculine	dessous	1.49
pote	Spezi	words	B2	noun		pote	1.49
incurable	unheilbar	words	B2	adjective		incurable	1.48
le biais	Bias	words	B2	noun	masculine	biais	1.48
participatif	partizipativ	words	B2	adjective	masculine	participatif	1.48
la bulle	Blase	words	B2	noun	feminine	bulle	1.48
hanter	spuken	words	B2	verb		hanter	1.48
la marine	Marine	words	B2	noun	feminine	marine	1.48
la querelle	Streit	words	B2	noun	feminine	querelle	1.48
alerte	wachsam	words	B2	adjective		alerte	1.48
bronzer	bräunen	words	B2	verb		bronzer	1.48
hautain	überheblich	words	B2	adjective		hautain	1.48
pavaner	angeben	words	B2	verb		pavaner	1.48
puiser	schöpfen	words	B2	verb		puiser	1.48
paniquer	in Panik geraten	words	B2	verb		paniquer	1.48
la lentille	Linse	words	B2	noun	feminine	lentille	1.48
le lieutenant	Leutnant	words	B2	noun	masculine	lieutenant	1.48
inventif	findig	words	B2	adjective		inventif	1.47
le mandat	Mandat	words	B2	noun	masculine	mandat	1.47
socioculturel	soziokulturell	words	B2	adjective		socioculturel	1.47
le novateur	Neuerer	words	B2	noun	masculine	novateur	1.47
le couvert	Gedeck	words	B2	noun	masculine	couvert	1.47
la tauromachie	Stierkampf	words	B2	noun	feminine	tauromachie	1.47
le billard	Billard	words	B2	noun	masculine	billard	1.47
correspondant	gemäß	words	B2	adjective	masculine	correspondant	1.47
l' audition	Anhörung	words	B2	noun	feminine	audition	1.47
amorcer	booten	words	B2	verb		amorcer	1.47
l' aune	Elle	words	B2	noun	feminine	aune	1.47
couramment	fließend	words	B2	adverb		couramment	1.47
le bonus	Bonus	words	B2	noun	masculine	bonus	1.47
l' autruche	Strauß	words	B2	noun	feminine	autruche	1.47
l' injonction	Befehl	words	B2	noun	feminine	injonction	1.47
le filon	Ader	words	B2	noun	masculine	filon	1.47
formel	formal	words	B2	adjective		formel	1.47
suivant	umgehend	words	B2	preposition		suivant	1.47
embarrasser	behindern	words	B2	verb		embarrasser	1.47
le gadget	Trick	words	B2	noun	masculine	gadget	1.47
enfanter	gebären	words	B2	verb		enfanter	1.47
le parachutisme	Fallschirmspringen	words	B2	noun	masculine	parachutisme	1.46
la canicule	Hitze	words	B2	noun	feminine	canicule	1.46
la cascade	Kaskade	words	B2	noun	feminine	cascade	1.46
le kiosque	Bude	words	B2	noun	masculine	kiosque	1.46
diluer	diluieren	words	B2	verb		diluer	1.46
insultant	beleidigend	words	B2	adjective		insultant	1.46
maquiller	schminken	words	B2	verb		maquiller	1.46
le bilinguisme	Zweisprachigkeit	words	B2	noun	masculine	bilinguisme	1.46
le racket	Betrug	words	B2	noun	masculine	racket	1.46
la brosse	Bürste	words	B2	noun	feminine	brosse	1.46
le savon	Seife	words	B2	noun	masculine	savon	1.45
le clic	Klick	words	B2	noun	masculine	clic	1.45
le coiffeur	Frisör	words	B2	noun	masculine	coiffeur	1.45
vraisemblablement	wahrscheinlich	words	B2	adverb		vraisemblablement	1.45
l' emprunt	Lehnwort	words	B2	noun	masculine	emprunt	1.45
la terreur	Terror	words	B2	noun	feminine	terreur	1.45
arrogant	arrogant	words	B2	adjective		arrogant	1.45
Malais	Malaiie	words	B2	adjective	masculine	malais	1.45
simpliste	simplistisch	words	B2	adjective		simpliste	1.45
le menuisier	Tischler	words	B2	noun	masculine	menuisier	1.45
ramener	wiederbringen	words	B2	noun		ramener	1.45
le grave	Graf	words	B2	noun	masculine	grave	1.45
immeuble	Bauwerk	words	B2	adjective		immeuble	1.45
coloniser	besiedeln	words	B2	verb		coloniser	1.44
aromatique	aromatisch	words	B2	adjective		aromatique	1.44
l' Ascension	Auffahrt	words	B2	noun	feminine	ascension	1.44
impitoyable	mitleidslos	words	B2	adjective		impitoyable	1.44
le devis	Voranschlag	words	B2	noun	masculine	devis	1.44
la navigation	Navigation	words	B2	noun	feminine	navigation	1.44
la bordure	Bord	words	B2	noun	feminine	bordure	1.44
major	Major	words	B2	noun		major	1.44
feindre	spielen	words	B2	verb		feindre	1.44
la perfection	Perfektion	words	B2	noun	feminine	perfection	1.44
enivrer	berauschen	words	B2	verb		enivrer	1.44
sensibiliser	sensibilisieren	words	B2	verb		sensibiliser	1.44
le cocotier	Kokospalme	words	B2	noun	masculine	cocotier	1.44
agile	behende	words	B2	adjective		agile	1.43
la crotte	Aa	words	B2	noun	feminine	crotte	1.43
le tsunami	Tsunami	words	B2	noun	masculine	tsunami	1.43
mutiler	verstümmeln	words	B2	verb		mutiler	1.43
le sifflement	Pfiff	words	B2	noun	masculine	sifflement	1.43
optimal	optimal	words	B2	adjective		optimal	1.43
le pronostic	Prognose	words	B2	noun	masculine	pronostic	1.43
fusiller	erschießen	words	B2	verb		fusiller	1.43
le joaillier	Juwelier	words	B2	noun	masculine	joaillier	1.42
le parasol	Sonnenschirm	words	B2	noun	masculine	parasol	1.42
la diligence	Eilpost	words	B2	noun	feminine	diligence	1.42
paternel	väterlich	words	B2	adjective		paternel	1.42
le voyou	Taugenichts	words	B2	noun	masculine	voyou	1.42
centenaire	Hundertjährige	words	B2	noun		centenaire	1.42
camoufler	tarnen	words	B2	verb		camoufler	1.42
la classification	Klassifikation	words	B2	noun	feminine	classification	1.42
la paume	Handbreit	words	B2	noun	feminine	paume	1.41
l' acception	Bedeutung	words	B2	noun	feminine	acception	1.41
invraisemblable	unglaublich	words	B2	adjective		invraisemblable	1.41
ambulant	ambulant	words	B2	adjective		ambulant	1.41
rigide	starr	words	B2	adjective		rigide	1.41
le ducat	Dukat	words	B2	noun	masculine	ducat	1.41
abasourdir	konsternieren	words	B2	verb		abasourdir	1.41
ardu	schwierig	words	B2	adjective		ardu	1.41
la cheville	Keil	words	B2	noun	feminine	cheville	1.40
la prudence	Umsicht	words	B2	noun	feminine	prudence	1.40
bricoler	basteln	words	B2	verb		bricoler	1.40
le ciment	Zement	words	B2	noun	masculine	ciment	1.40
désigner	erwählen	words	B2	noun		designer	1.40
le buveur	Trinker	words	B2	noun	masculine	buveur	1.40
l' applaudissement	Applaus	words	B2	noun	masculine	applaudissement	1.40
courtois	artig	words	B2	adjective	masculine	courtois	1.40
le duel	Dual	words	B2	noun	masculine	duel	1.40
le contrebandier	Pascher	words	B2	noun	masculine	contrebandier	1.39
l' aubaine	Glücksfall	words	B2	noun	feminine	aubaine	1.39
l' enclave	Enklave	words	B2	noun	feminine	enclave	1.39
le raisin	Traube	words	B2	noun	masculine	raisin	1.39
fervent	eifrig	words	B2	adjective		fervent	1.38
l' effraie	Schleiereule	words	B2	noun	feminine	effraie	1.38
orphelin	vaterlos	words	B2	adjective		orphelin	1.38
le snobisme	Snobismus	words	B2	noun	masculine	snobisme	1.38
le participe	Partizip	words	B2	noun	masculine	participe	1.38
placer	stellen	words	B2	noun		placer	1.38
la vogue	Vogue	words	B2	noun	feminine	vogue	1.37
le tabouret	Hocker	words	B2	noun	masculine	tabouret	1.37
exceptionnellement	ausnahmsweise	words	B2	adverb		exceptionnellement	1.37
nager	schwimmen	words	B2	verb		nager	1.37
le reptile	Wurm	words	B2	noun	masculine	reptile	1.37
inhabituel	unüblich	words	B2	adjective		inhabituel	1.36
la cassette	Schatz	words	B2	noun	feminine	cassette	1.36
la chorale	Chor	words	B2	noun	feminine	chorale	1.36
le mulet	Maulesel	words	B2	noun	masculine	mulet	1.36
flatter	schmeicheln	words	B2	verb		flatter	1.36
le gourmet	Feinschmecker	words	B2	noun	masculine	gourmet	1.36
le verrou	Riegel	words	B2	noun	masculine	verrou	1.35
le curieux	Neugierige	words	B2	noun	masculine	curieux	1.35
l' attaché	Attaché	words	B2	noun	masculine	attache	1.35
la rame	Ries	words	B2	noun	feminine	rame	1.35
la cuiller	Löffel	words	B2	noun	feminine	cuiller	1.35
tien	Deinige	words	B2	pronoun		tien	1.35
le caoutchouc	Gummi	words	B2	noun	masculine	caoutchouc	1.34
faufiler	durchschlängeln	words	B2	verb		faufiler	1.34
le poussin	Küken	words	B2	noun	masculine	poussin	1.34
sympathiser	mitfühlen	words	B2	verb		sympathiser	1.34
exhorter	ermahnen	words	B2	verb		exhorter	1.34
la pagaille	Wirrwarr	words	B2	noun	feminine	pagaille	1.34
la panoplie	Reihe	words	B2	noun	feminine	panoplie	1.33
le revers	Kehrseite	words	B2	noun	masculine	revers	1.33
l' agenda	Agenda	words	B2	noun	masculine	agenda	1.33
clair	bestimmt	words	B2	noun		clair	1.33
la Madeleine	Magdalena	words	B2	noun	feminine	madeleine	1.33
le gourmand	gefräßig	words	B2	noun	masculine	gourmand	1.33
consoler	trösten	words	B2	verb		consoler	1.32
la trompe	Rüssel	words	B2	noun	feminine	trompe	1.32
la contraction	Kontraktion	words	B2	noun	feminine	contraction	1.32
tertiaire	tertiär	words	B2	adjective		tertiaire	1.32
le ridicule	Lächerlichkeit	words	B2	noun	masculine	ridicule	1.32
le gisement	Scheibe	words	B2	noun	masculine	gisement	1.32
la saveur	Würze	words	B2	noun	feminine	saveur	1.32
l' abattoir	Schlachthof	words	B2	noun	masculine	abattoir	1.31
enthousiasmer	begeistern	words	B2	verb		enthousiasmer	1.31
le questionnaire	Fragebogen	words	B2	noun	masculine	questionnaire	1.31
le dialecte	Dialekt	words	B2	noun	masculine	dialecte	1.31
allergique	Allergiker	words	B2	adjective		allergique	1.31
le Gitan	Zigeuner	words	B2	noun	masculine	gitan	1.31
la fourrure	Fell	words	B2	noun	feminine	fourrure	1.30
divin	göttlich	words	B2	adjective	masculine	divin	1.30
acclamer	zujubeln	words	B2	verb		acclamer	1.29
machiniste	Maschinist	words	B2	noun		machiniste	1.29
la rondelle	Unterlegscheibe	words	B2	noun	feminine	rondelle	1.29
la truite	Forelle	words	B2	noun	feminine	truite	1.29
marrer	krummlachen	words	B2	verb		marrer	1.29
la prononciation	Aussprache	words	B2	noun	feminine	prononciation	1.29
le sultan	Sultan	words	B2	noun	masculine	sultan	1.29
rigoler	lachen	words	B2	verb		rigoler	1.29
alpin	alpin	words	B2	adjective		alpin	1.29
le Japonais	Japaner	words	B2	noun	masculine	japonais	1.28
compatriote	Landsmann	words	B2	noun		compatriote	1.28
l' alibi	Alibi	words	B2	noun	masculine	alibi	1.28
volumineux	massig	words	B2	adjective		volumineux	1.27
exporter	ausführen	words	B2	verb		exporter	1.27
abaisser	senken	words	B2	verb		abaisser	1.25
l' organigramme	Organigramm	words	B2	noun	masculine	organigramme	1.25
la faille	Verwerfung	words	B2	noun	feminine	faille	1.25
pro	Profi	words	B2	noun		pro	1.24
le store	Jalousie	words	B2	noun	masculine	store	1.24
le banquet	Bankett	words	B2	noun	masculine	banquet	1.24
interagir	interagieren	words	B2	verb		interagir	1.24
ado	Teenager	words	B2	noun		ado	1.24
le forgeron	Schmied	words	B2	noun	masculine	forgeron	1.23
la mythologie	Mythologie	words	B2	noun	feminine	mythologie	1.23
le bol	Schale	words	B2	noun	masculine	bol	1.23
irlandais	irisch	words	B2	adjective		irlandais	1.23
le jongleur	Jongleur	words	B2	noun	masculine	jongleur	1.23
complice	beteiligt	words	B2	adjective		complice	1.23
le clignotant	Blinker	words	B2	noun	masculine	clignotant	1.23
l' irrigation	Irrigation	words	B2	noun	feminine	irrigation	1.22
l' hydratation	Hydration	words	B2	noun	feminine	hydratation	1.22
graver	gravieren	words	B2	verb		graver	1.22
chaotique	chaotisch	words	B2	adjective		chaotique	1.21
concret	konkret	words	B2	noun		concret	1.21
l' objection	Einwand	words	B2	noun	feminine	objection	1.21
parlementaire	Abgeordnete	words	B2	noun		parlementaire	1.21
pomper	pumpen	words	B2	verb		pomper	1.21
le rapporteur	Winkelmesser	words	B2	noun	masculine	rapporteur	1.21
simplifier	vereinfachen	words	B2	verb		simplifier	1.21
le traumatisme	Trauma	words	B2	noun	masculine	traumatisme	1.21
poli	artig	words	B2	adjective	masculine	poli	1.21
l' auditoire	Publikum	words	B2	noun	masculine	auditoire	1.20
le baril	Tonne	words	B2	noun	masculine	baril	1.20
inhiber	hemmen	words	B2	verb		inhiber	1.20
la trajectoire	Flugbahn	words	B2	noun	feminine	trajectoire	1.20
la loterie	Lotto	words	B2	noun	feminine	loterie	1.20
le tremblement	Beben	words	B2	noun	masculine	tremblement	1.20
comptable	buchhalterisch	words	B2	adjective		comptable	1.20
l' archives	Archiv	words	B2	noun	feminine	archives	1.19
flamand	flämisch	words	B2	adjective		flamand	1.19
l' accomplissement	Ausführung	words	B2	noun	masculine	accomplissement	1.19
le diagnostic	Diagnose	words	B2	noun	masculine	diagnostic	1.19
paralyser	lähmen	words	B2	verb		paralyser	1.19
transiter	durchgehen lassen	words	B2	verb		transiter	1.19
le rabais	Rabatt	words	B2	noun	masculine	rabais	1.19
le colza	Raps	words	B2	noun	masculine	colza	1.18
divertissant	kurzweilig	words	B2	adjective		divertissant	1.18
la provocation	Provokation	words	B2	noun	feminine	provocation	1.18
la gentleman	Gentleman	words	B2	noun	feminine	gentleman	1.18
le fossile	Fossil	words	B2	noun	masculine	fossile	1.17
migrant	Migrant	words	B2	adjective	masculine	migrant	1.17
l' anthropologie	Anthropologie	words	B2	noun	feminine	anthropologie	1.17
la dictature	Diktatur	words	B2	noun	feminine	dictature	1.16
acceptable	akzeptabel	words	B2	adjective		acceptable	1.15
la faillite	Pleite	words	B2	noun	feminine	faillite	1.15
enviable	beneidenswert	words	B2	adjective		enviable	1.15
brusque	jäh	words	B2	adjective		brusque	1.14
officier	die Messe lesen	words	B2	verb		officier	1.13
pianiste	Pianist	words	B2	noun		pianiste	1.13
souterrain	unter tage	words	B2	noun		souterrain	1.12
froisser	zerknüllen	words	B2	verb		froisser	1.12
le malentendu	Missverständnis	words	B2	noun	masculine	malentendu	1.12
la diplomatie	Diplomatie	words	B2	noun	feminine	diplomatie	1.11
fiscal	steuerpolitisch	words	B2	adjective		fiscal	1.11
traquer	hetzen	words	B2	verb		traquer	1.11
conditionner	konditionieren	words	B2	verb		conditionner	1.11
amer	böse	words	B2	adjective		amer	1.11
le tonnerre	Donner	words	B2	noun	masculine	tonnerre	1.11
calcaire	Kalkstein	words	B2	adjective	masculine	calcaire	1.11
le pesticide	Pestizid	words	B2	noun	masculine	pesticide	1.11
la bonne	Mädchen	words	B2	noun	feminine	bonne	1.10
Catalan	Katalane	words	B2	adjective	masculine	catalan	1.10
la fente	Kluft	words	B2	noun	feminine	fente	1.10
oral	oral	words	B2	adjective		oral	1.10
positionner	positionieren	words	B2	verb		positionner	1.10
ravager	abreißen	words	B2	verb		ravager	1.10
le garou	Wer	words	B2	noun	masculine	garou	1.09
ficher	erfassen	words	B2	verb		ficher	1.09
dessus	Oben	words	B2	noun		dessus	1.09
la moutarde	Senf	words	B2	noun	feminine	moutarde	1.09
le robinet	Hahn	words	B2	noun	masculine	robinet	1.08
le penseur	Denker	words	B2	noun	masculine	penseur	1.08
vigilant	flink	words	B2	adjective		vigilant	1.08
le Persan	Perser	words	B2	noun	masculine	persan	1.08
culminer	kulminieren	words	B2	verb		culminer	1.08
noircir	schwärzen	words	B2	verb		noircir	1.07
la tempe	Schläfe	words	B2	noun	feminine	tempe	1.06
renfermer	enthalten	words	B2	verb		renfermer	1.06
le montage	Montage	words	B2	noun	masculine	montage	1.06
parti	gespalten	words	B2	adjective		parti	1.06
capitaliste	kapitalistisch	words	B2	adjective		capitaliste	1.05
l' actif	Aktiva	words	B2	noun	masculine	actif	1.05
Cognac	Cognac	words	B2	noun		cognac	1.05
normal	normal	words	B2	noun		normal	1.04
flirter	flirten	words	B2	verb		flirter	1.04
l' astre	Gestirn	words	B2	noun	masculine	astre	1.04
l' ordinaire	Kantine	words	B2	noun	masculine	ordinaire	1.04
l' intestin	Darm	words	B2	noun	masculine	intestin	1.04
volcanique	vulkanisch	words	B2	adjective		volcanique	1.04
le pommier	Apfelbaum	words	B2	noun	masculine	pommier	1.04
l' automatisme	Automatismus	words	B2	noun	masculine	automatisme	1.03
cathodique	katodisch	words	B2	adjective		cathodique	1.03
l' endurance	Ausdauer	words	B2	noun	feminine	endurance	1.03
la fluctuation	Schwankung	words	B2	noun	feminine	fluctuation	1.03
l' infraction	Verstoß	words	B2	noun	feminine	infraction	1.03
le stop	Stoppschild	words	B2	noun	masculine	stop	1.03
activer	antreiben	words	B2	verb		activer	1.03
attester	belegen	words	B2	verb		attester	1.03
enrouler	rollen	words	B2	verb		enrouler	1.03
la simulation	Simulation	words	B2	noun	feminine	simulation	1.03
gentiment	leutselig	words	B2	adverb		gentiment	1.03
contribuable	Steuerzahler	words	B2	noun		contribuable	1.03
le simulacre	Hohn	words	B2	noun	masculine	simulacre	1.03
le christianisme	Christentum	words	B2	noun	masculine	christianisme	1.02
cligner	blinzeln	words	B2	verb		cligner	1.02
le pinceau	Quast	words	B2	noun	masculine	pinceau	1.02
la cavalerie	Reiterei	words	B2	noun	feminine	cavalerie	1.02
la pelouse	Gras	words	B2	noun	feminine	pelouse	1.02
toutou	Wauwau	words	B2	noun		toutou	1.02
le romantisme	Romantik	words	B2	noun	masculine	romantisme	1.02
clouer	nageln	words	B2	verb		clouer	1.02
trinquer	toasten	words	B2	verb		trinquer	1.02
oasis	Oase	words	B2	noun		oasis	1.02
successeur	Nachfahre	words	B2	noun		successeur	1.02
mobilier	Mobiliar	words	B2	adjective	masculine	mobilier	1.02
alpiniste	Alpinist	words	B2	noun		alpiniste	1.01
la fraction	Bruch	words	B2	noun	feminine	fraction	1.01
fait	getan	words	B2	adjective	masculine	fait	1.01
la largeur	Weite	words	B2	noun	feminine	largeur	1.01
arbitraire	arbiträr	words	B2	adjective		arbitraire	1.01
la complainte	Besitzstörungsklage	words	B2	noun	feminine	complainte	1.01
grotesque	grotesk	words	B2	adjective		grotesque	1.01
la caverne	Höhle	words	B2	noun	feminine	caverne	1.01
le foulard	Halstuch	words	B2	noun	masculine	foulard	1.01
la betterave	Rübe	words	B2	noun	feminine	betterave	1.01
la biotechnologie	Biotechnologie	words	B2	noun	feminine	biotechnologie	1.01
le Christ	Christus	words	B2	noun	masculine	christ	1.01
le gouverneur	Gouverneur	words	B2	noun	masculine	gouverneur	1.01
odieux	verhasst	words	B2	adjective		odieux	1.01
le marron	Ei	words	B2	noun	masculine	marron	1.01
le tourné	sauer	words	B2	noun	masculine	tourne	1.00
le calembour	Witz	words	B2	noun	masculine	calembour	1.00
la clause	Klausel	words	B2	noun	feminine	clause	1.00
la forteresse	Feste	words	B2	noun	feminine	forteresse	1.00
le solvant	Lösemittel	words	B2	noun	masculine	solvant	1.00
stagiaire	Praktikant	words	B2	noun		stagiaire	1.00
la biscotte	Zwieback	words	B2	noun	feminine	biscotte	1.00
criard	Triel	words	B2	adjective	masculine	criard	1.00
forfaitaire	pauschal	words	B2	adjective		forfaitaire	1.00
basculer	wippen	words	B2	verb		basculer	1.00
promulguer	verkünden	words	B2	verb		promulguer	1.00
le souk	Souk	words	B2	noun	masculine	souk	1.00
l' ellipse	Oval	words	B2	noun	feminine	ellipse	0.99
juif	jüdisch	words	B2	adjective		juif	0.99
abonner	abonnieren	words	B2	verb		abonner	0.99
pragmatique	Pragmatiker	words	B2	adjective		pragmatique	0.99
rocher	Felsen	words	B2	verb	masculine	rocher	0.99
le do	C	words	B2	noun	masculine	do	0.99
le macadam	Makadam	words	B2	noun	masculine	macadam	0.99
la narine	Nüster	words	B2	noun	feminine	narine	0.99
le tsar	Zar	words	B2	noun	masculine	tsar	0.98
le clocher	Kirchturm	words	B2	noun	masculine	clocher	0.98
rayonner	strahlen	words	B2	verb		rayonner	0.98
livide	aschfahl	words	B2	adjective		livide	0.98
alarmer	wachrufen	words	B2	verb		alarmer	0.98
le girofle	Gewürznelke	words	B2	noun	masculine	girofle	0.98
anatomique	anatomisch	words	B2	adjective		anatomique	0.98
le surnom	Beiname	words	B2	noun	masculine	surnom	0.98
le moniteur	Monitor	words	B2	noun	masculine	moniteur	0.98
le steak	Steak	words	B2	noun	masculine	steak	0.98
Assise	Assisi	words	B2	noun		assise	0.98
la casse	Bruch	words	B2	noun	feminine	casse	0.97
le foin	Heu	words	B2	noun	masculine	foin	0.97
fouetter	geißeln	words	B2	verb		fouetter	0.97
le peigne	Kamm	words	B2	noun	masculine	peigne	0.97
guitariste	Gitarrist	words	B2	noun		guitariste	0.97
le peignoir	Bademantel	words	B2	noun	masculine	peignoir	0.97
coordonner	koordinieren	words	B2	verb		coordonner	0.96
le pourpoint	Wams	words	B2	noun	masculine	pourpoint	0.96
l' hanche	Hüfte	words	B2	noun	feminine	hanche	0.96
l' allusion	Allusion	words	B2	noun	feminine	allusion	0.96
le potier	Euler	words	B2	noun	masculine	potier	0.96
le poignard	Dolch	words	B2	noun	masculine	poignard	0.96
gaspiller	aasen	words	B2	verb		gaspiller	0.96
la cape	Cape	words	B2	noun	feminine	cape	0.96
l' effroi	Entsetzen	words	B2	noun	masculine	effroi	0.96
emballer	einpacken	words	B2	verb		emballer	0.96
le corridor	Flur	words	B2	noun	masculine	corridor	0.95
proclamer	ausrufen	words	B2	verb		proclamer	0.95
le lard	Speck	words	B2	noun	masculine	lard	0.95
l' allumage	Zündung	words	B2	noun	masculine	allumage	0.95
toc	klopf	words	B2	adjective		toc	0.95
la ride	Falte	words	B2	noun	feminine	ride	0.94
le compartiment	Fach	words	B2	noun	masculine	compartiment	0.94
l' accroissement	Wuchs	words	B2	noun	masculine	accroissement	0.94
le cristal	Kristall	words	B2	noun	masculine	cristal	0.94
le fournisseur	Lieferant	words	B2	noun	masculine	fournisseur	0.94
la restriction	Restriktion	words	B2	noun	feminine	restriction	0.94
maigre	schmal	words	B2	noun		maigre	0.93
la calanque	Calanque	words	B2	noun	feminine	calanque	0.93
matinal	morgendlich	words	B2	adjective	masculine	matinal	0.93
le confluent	Mündung	words	B2	noun	masculine	confluent	0.92
ivrogne	Trinker	words	B2	adjective		ivrogne	0.92
la coiffure	Frisur	words	B2	noun	feminine	coiffure	0.92
le palace	Palasthotel	words	B2	noun	masculine	palace	0.92
accaparer	fesseln	words	B2	verb		accaparer	0.91
espionner	ausspionieren	words	B2	verb		espionner	0.91
le scrupule	Skrupel	words	B2	noun	masculine	scrupule	0.91
Meunier	Müller	words	B2	adjective		meunier	0.91
le contemporain	Zeitgenosse	words	B2	noun	masculine	contemporain	0.90
baliser	abstecken	words	B2	verb		baliser	0.90
psychiatrique	psychiatrisch	words	B2	adjective		psychiatrique	0.90
devancer	überholen	words	B2	verb		devancer	0.90
la Balance	Waage	words	B2	noun	feminine	balance	0.90
l' ancre	Anker	words	B2	noun	feminine	ancre	0.89
le radar	Radar	words	B2	noun	masculine	radar	0.89
le battement	Pochen	words	B2	noun	masculine	battement	0.89
la prospection	Akquisition	words	B2	noun	feminine	prospection	0.89
leader	Macher	words	B2	noun		leader	0.88
la Jade	Jade	words	B2	noun	feminine	jade	0.88
unanime	einhellig	words	B2	adjective		unanime	0.88
rauque	rau	words	B2	adjective		rauque	0.88
le ciseau	Beitel	words	B2	noun	masculine	ciseau	0.88
bourrer	einstecken	words	B2	verb		bourrer	0.88
la vanille	Vanille	words	B2	noun	feminine	vanille	0.87
abstraire	abstrahieren	words	B2	verb		abstraire	0.87
dissocier	trennen	words	B2	verb		dissocier	0.87
le persil	Petersilie	words	B2	noun	masculine	persil	0.87
le con	Fotze	words	B2	noun	masculine	con	0.87
le bourg	Stadt	words	B2	noun	masculine	bourg	0.86
le protocole	Protokoll	words	B2	noun	masculine	protocole	0.86
infecter	anstecken	words	B2	verb		infecter	0.86
le radical	Stamm	words	B2	noun	masculine	radical	0.86
le prototype	Urbild	words	B2	noun	masculine	prototype	0.86
coupler	kuppeln	words	B2	verb		coupler	0.85
le navet	Rübsen	words	B2	noun	masculine	navet	0.85
le navire	Schiff	words	B2	noun	masculine	navire	0.85
le clan	Clan	words	B2	noun	masculine	clan	0.85
l' appropriation	Aneignung	words	B2	noun	feminine	appropriation	0.85
la garderie	Tagesstätte	words	B2	noun	feminine	garderie	0.85
le transfert	Transfer	words	B2	noun	masculine	transfert	0.85
le vecteur	Vektor	words	B2	noun	masculine	vecteur	0.85
vertical	aufrecht	words	B2	noun		vertical	0.85
Meunier	Müller	words	B2	noun		meunier	0.85
reggae	Reggae	words	B2	adjective	masculine	reggae	0.84
la contraception	Verhütung	words	B2	noun	feminine	contraception	0.83
l' islam	Islam	words	B2	noun	masculine	islam	0.83
la succession	Abfolge	words	B2	noun	feminine	succession	0.83
l' ordure	Abfall	words	B2	noun	feminine	ordure	0.82
la berline	Hunt	words	B2	noun	feminine	berline	0.82
la cuisson	Garung	words	B2	noun	feminine	cuisson	0.82
le tic	Tick	words	B2	noun	masculine	tic	0.82
poignarder	er­ste­chen	words	B2	verb		poignarder	0.81
le chalet	Berghütte	words	B2	noun	masculine	chalet	0.81
l' agacement	schmerzhafter Reiz	words	B2	noun	masculine	agacement	0.80
le dogme	Dogma	words	B2	noun	masculine	dogme	0.80
producteur	Produzent	words	B2	adjective	masculine	producteur	0.80
trimer	schinden	words	B2	verb		trimer	0.80
le Landau	Landau	words	B2	noun	masculine	landau	0.80
languir	schmachten nach	words	B2	verb		languir	0.80
accueillant	freundlich	words	B2	adjective		accueillant	0.79
analyste	Analyst	words	B2	noun		analyste	0.79
l' anticipation	Vorgriff	words	B2	noun	feminine	anticipation	0.79
boucler	gürten	words	B2	verb		boucler	0.79
conducteur	Fahrer	words	B2	adjective	masculine	conducteur	0.79
continent	Festland	words	B2	adjective	masculine	continent	0.79
le continu	kontinuierlich	words	B2	noun	masculine	continu	0.79
le dioxyde	Dioxid	words	B2	noun	masculine	dioxyde	0.79
l' hypertension	Hypertension	words	B2	noun	feminine	hypertension	0.79
imputer	anhängen	words	B2	verb		imputer	0.79
l' incorporation	Einberufung	words	B2	noun	feminine	incorporation	0.79
longtemps	lange	words	B2	noun		longtemps	0.79
pessimiste	pessimistisch	words	B2	adjective		pessimiste	0.79
redoutable	furchtbar	words	B2	adjective		redoutable	0.79
la simplification	Vereinfachung	words	B2	noun	feminine	simplification	0.79
soustraire	abziehen	words	B2	verb		soustraire	0.79
la stigmatisation	Stigmatisierung	words	B2	noun	feminine	stigmatisation	0.79
le tourteau	Kugel	words	B2	noun	masculine	tourteau	0.79
le tremplin	Sprungbrett	words	B2	noun	masculine	tremplin	0.79
la tutelle	Betreuung	words	B2	noun	feminine	tutelle	0.79
la validation	Bestätigung	words	B2	noun	feminine	validation	0.79
vertueux	sittsam	words	B2	adjective		vertueux	0.79
l' avancement	Förderung	words	B2	noun	masculine	avancement	0.79
le pamphlet	Pamphlet	words	B2	noun	masculine	pamphlet	0.79
stagiaire	Praktikant	words	B2	adjective		stagiaire	0.78
la perquisition	Durchsuchung	words	B2	noun	feminine	perquisition	0.78
le saphir	Saphir	words	B2	noun	masculine	saphir	0.78
la session	Session	words	B2	noun	feminine	session	0.78
la quille	Kiel	words	B2	noun	feminine	quille	0.77
le duo	Duo	words	B2	noun	masculine	duo	0.76
le semestre	Halbjahr	words	B2	noun	masculine	semestre	0.76
le vaisseau	Vase	words	B2	noun	masculine	vaisseau	0.74
l' artisanat	Handwerk	words	B2	noun	masculine	artisanat	0.74
collant	Strumpfhose	words	B2	adjective	masculine	collant	0.74
l' oie	Gans	words	B2	noun	feminine	oie	0.74
le verglas	Klareis	words	B2	noun	masculine	verglas	0.74
absenter	absentieren	words	B2	verb		absenter	0.73
borner	eingrenzen	words	B2	verb		borner	0.73
constituant	Inhaltsstoff	words	B2	adjective	masculine	constituant	0.73
fustiger	stäupen	words	B2	verb		fustiger	0.73
gothique	gotisch	words	B2	adjective		gothique	0.73
intentionnellement	Absicht	words	B2	adverb		intentionnellement	0.73
la linguistique	Linguistik	words	B2	noun	feminine	linguistique	0.73
malsain	ungesund	words	B2	adjective	masculine	malsain	0.73
pervers	pervers	words	B2	adjective	masculine	pervers	0.73
le ralenti	Leerlauf	words	B2	noun	masculine	ralenti	0.73
la manufacture	Manufaktur	words	B2	noun	feminine	manufacture	0.73
carreler	kacheln	words	B2	verb		carreler	0.72
pathologique	pathologisch	words	B2	adjective		pathologique	0.72
potentiel	potentiell	words	B2	adjective		potentiel	0.72
scolariser	einschulen	words	B2	verb		scolariser	0.72
le socialisme	Sozialismus	words	B2	noun	masculine	socialisme	0.72
volubile	redselig	words	B2	adjective		volubile	0.72
agronomique	agronomisch	words	B2	adjective		agronomique	0.72
l' appauvrissement	Verarmung	words	B2	noun	masculine	appauvrissement	0.72
chimiste	Chemiker	words	B2	noun		chimiste	0.72
continuellement	ständig	words	B2	adverb		continuellement	0.72
destructeur	zerstörend	words	B2	adjective	masculine	destructeur	0.72
discriminatoire	diskriminierend	words	B2	adjective		discriminatoire	0.72
irascible	hitzig	words	B2	adjective		irascible	0.72
le monopole	Monopol	words	B2	noun	masculine	monopole	0.72
le remplacement	Ersatz	words	B2	noun	masculine	remplacement	0.72
la senteur	Duft	words	B2	noun	feminine	senteur	0.72
tordre	drehen	words	B2	verb		tordre	0.72
vertigineux	schwindelig	words	B2	adjective		vertigineux	0.72
beau	schön	words	B2	noun		beau	0.72
la benne	Tragekorb	words	B2	noun	feminine	benne	0.72
le calvaire	Bildstock	words	B2	noun	masculine	calvaire	0.72
chavirer	kentern	words	B2	verb		chavirer	0.72
corsé	vollmundig	words	B2	adjective		corse	0.72
dissoudre	auflösen	words	B2	verb		dissoudre	0.72
gracieux	hold	words	B2	adjective		gracieux	0.72
l' idiome	Idiom	words	B2	noun	masculine	idiome	0.72
manutentionnaire	Verpacker	words	B2	noun		manutentionnaire	0.72
martyriser	martern	words	B2	verb		martyriser	0.72
la raffinerie	Raffinerie	words	B2	noun	feminine	raffinerie	0.72
le rebut	Müll	words	B2	noun	masculine	rebut	0.72
la savane	Savanne	words	B2	noun	feminine	savane	0.72
transitoire	vergänglich	words	B2	adjective		transitoire	0.72
allouer	anweisen	words	B2	verb		allouer	0.72
la censure	Zensur	words	B2	noun	feminine	censure	0.72
communiste	Kommunist	words	B2	noun		communiste	0.72
le migrant	Migrant	words	B2	noun	masculine	migrant	0.72
reformuler	umformulieren	words	B2	verb		reformuler	0.72
teinter	tönen	words	B2	verb		teinter	0.72
le Pan	Pan	words	B2	noun	masculine	pan	0.72
l' hippocampe	Hippocamp	words	B2	noun	masculine	hippocampe	0.72
le kit	Kit	words	B2	noun	masculine	kit	0.72
le Valentin	Valentin	words	B2	noun	masculine	valentin	0.72
la cadence	Takt	words	B2	noun	feminine	cadence	0.72
le flacon	Glas	words	B2	noun	masculine	flacon	0.72
incompatible	inkompatibel	words	B2	adjective		incompatible	0.72
philosophique	philosophisch	words	B2	adjective		philosophique	0.72
la seigneurie	Herrschaft	words	B2	noun	feminine	seigneurie	0.72
le troc	Tausch	words	B2	noun	masculine	troc	0.72
l' anglicisme	Anglizismus	words	B2	noun	masculine	anglicisme	0.71
Croate	Kroate	words	B2	noun		croate	0.71
l' hypothalamus	Hypothalamus	words	B2	noun	masculine	hypothalamus	0.71
loufoque	verrückt	words	B2	adjective		loufoque	0.71
la matrice	Matrix	words	B2	noun	feminine	matrice	0.71
multicolore	mehrfarbig	words	B2	adjective		multicolore	0.71
le viticulteur	Winzer	words	B2	noun	masculine	viticulteur	0.71
aggraver	verschärfen	words	B2	verb		aggraver	0.71
esquisser	entwerfen	words	B2	verb		esquisser	0.71
l' extinction	Aussterben	words	B2	noun	feminine	extinction	0.71
montagnard	Bergler	words	B2	adjective	masculine	montagnard	0.71
pivot	Kreisläufer	words	B2	noun		pivot	0.71
la restitution	Rückgabe	words	B2	noun	feminine	restitution	0.71
le scepticisme	Skepsis	words	B2	noun	masculine	scepticisme	0.71
affranchir	frankieren	words	B2	verb		affranchir	0.71
expressif	expressiv	words	B2	adjective	masculine	expressif	0.71
judicieux	klug	words	B2	adjective		judicieux	0.71
le portail	Portal	words	B2	noun	masculine	portail	0.71
aiguiser	wetzen	words	B2	verb		aiguiser	0.71
astrologue	Astrologe	words	B2	noun		astrologue	0.71
l' enchantement	Zauber	words	B2	noun	masculine	enchantement	0.71
approvisionner	auffüllen	words	B2	verb		approvisionner	0.71
baba	Baba	words	B2	adjective	feminine	baba	0.71
bureaucratique	bürokratisch	words	B2	adjective		bureaucratique	0.71
le charnier	Massengrab	words	B2	noun	masculine	charnier	0.71
le cigarillo	Zigarillo	words	B2	noun	masculine	cigarillo	0.71
le composant	Bauteil	words	B2	noun	masculine	composant	0.71
effectif	effektiv	words	B2	adjective		effectif	0.71
ethnologue	Ethnologe	words	B2	noun		ethnologue	0.71
le footballeur	Fußballer	words	B2	noun	masculine	footballeur	0.71
injurieux	abfällig	words	B2	adjective		injurieux	0.71
l' insecticide	Insektizid	words	B2	noun	masculine	insecticide	0.71
la magnitude	Magnitudo	words	B2	noun	feminine	magnitude	0.71
le terrorisme	Terrorismus	words	B2	noun	masculine	terrorisme	0.71
le canular	Schabernack	words	B2	noun	masculine	canular	0.71
coder	kodieren	words	B2	verb		coder	0.71
empreindre	prägen	words	B2	verb		empreindre	0.71
le radin	Knauser	words	B2	noun	masculine	radin	0.71
honorable	ehrbar	words	B2	adjective		honorable	0.70
bizarre	komisch	words	B2	noun		bizarre	0.70
le meurtrier	Mörder	words	B2	noun	masculine	meurtrier	0.70
le soulagement	Linderung	words	B2	noun	masculine	soulagement	0.70
magnifiquement	großartig	words	B2	adverb		magnifiquement	0.70
antitabac	Antiraucher	words	B2	adjective		antitabac	0.70
la cuisse	Keule	words	B2	noun	feminine	cuisse	0.70
hardi	kühn	words	B2	adjective		hardi	0.70
impeccable	tadellos	words	B2	adjective		impeccable	0.70
affamer	aushungern	words	B2	verb		affamer	0.70
la bascule	Waage	words	B2	noun	feminine	bascule	0.70
disciple	Jünger	words	B2	noun		disciple	0.70
l' haillon	Lumpen	words	B2	noun	masculine	haillon	0.70
la pourpre	Purpur	words	B2	noun	feminine	pourpre	0.70
la sacoche	Börse	words	B2	noun	feminine	sacoche	0.70
la maladresse	Ungeschick	words	B2	noun	feminine	maladresse	0.70
l' arsenal	Arsenal	words	B2	noun	masculine	arsenal	0.70
entraver	hemmen	words	B2	verb		entraver	0.70
le monoxyde	Monoxid	words	B2	noun	masculine	monoxyde	0.70
pascal	Pascal	words	B2	adjective	masculine	pascal	0.70
le pressoir	Kelter	words	B2	noun	masculine	pressoir	0.70
le versement	Zahlung	words	B2	noun	masculine	versement	0.70
la banalisation	Verharmlosung	words	B2	noun	feminine	banalisation	0.70
la compensation	Aufrechnung	words	B2	noun	feminine	compensation	0.70
le cube	Kubus	words	B2	noun	masculine	cube	0.70
femelle	weiblich	words	B2	adjective		femelle	0.70
le gratin	Schickeria	words	B2	noun	masculine	gratin	0.70
greffer	pfropfen	words	B2	verb		greffer	0.70
humiliant	schmachvoll	words	B2	adjective		humiliant	0.70
inconscient	unbewußt	words	B2	noun		inconscient	0.70
l' instinct	Instinkt	words	B2	noun	masculine	instinct	0.70
marginal	marginal	words	B2	adjective		marginal	0.70
le physicien	Physiker	words	B2	noun	masculine	physicien	0.70
Turque	Türkin	words	B2	adjective	feminine	turque	0.70
distrayant	kurzweilig	words	B2	adjective		distrayant	0.70
immuable	beständig	words	B2	adjective		immuable	0.70
mitiger	abschwächen	words	B2	verb		mitiger	0.70
prime	Kopfpreis	words	B2	adjective	feminine	prime	0.70
la caste	Kaste	words	B2	noun	feminine	caste	0.70
faucher	mähen	words	B2	verb		faucher	0.70
globaliser	globalisieren	words	B2	verb		globaliser	0.70
connu	bekannt	words	B2	adjective	masculine	connu	0.70
piano	Klavier	words	B2	adverb	masculine	piano	0.70
constructif	baulich	words	B2	adjective	masculine	constructif	0.70
dix	Zehn	words	B2	noun		dix	0.70
le rouvre	Traubeneiche	words	B2	noun	masculine	rouvre	0.70
apocalyptique	dunkel	words	B2	adjective		apocalyptique	0.70
la baby	Spangenschuh	words	B2	noun	feminine	baby	0.70
la canalisation	Kanalisation	words	B2	noun	feminine	canalisation	0.70
le groupement	Gruppierung	words	B2	noun	masculine	groupement	0.70
le jogging	Jogging	words	B2	noun	masculine	jogging	0.70
la perturbation	Verwirrung	words	B2	noun	feminine	perturbation	0.70
puissant	gewaltig	words	B2	noun		puissant	0.70
le tyran	Tyrann	words	B2	noun	masculine	tyran	0.70
le visa	Visum	words	B2	noun	masculine	visa	0.70
le western	Western	words	B2	noun	masculine	western	0.70
douteux	fraglich	words	B2	adjective	masculine	douteux	0.70
la pancarte	Anschlag	words	B2	noun	feminine	pancarte	0.70
redire	entgegnen	words	B2	verb		redire	0.70
tardif	spät	words	B2	adjective		tardif	0.70
cinq	Fünf	words	B2	noun		cinq	0.70
didactique	Didaktik	words	B2	adjective	feminine	didactique	0.70
fondre	schmelzen	words	B2	verb		fondre	0.70
moderne	modern	words	B2	noun		moderne	0.70
persan	Persisch	words	B2	adjective	masculine	persan	0.70
la retouche	Retusche	words	B2	noun	feminine	retouche	0.70
la pantoufle	Hausschuh	words	B2	noun	feminine	pantoufle	0.70
vite	schnell	words	B2	adjective		vite	0.70
le brigand	Räuber	words	B2	noun	masculine	brigand	0.70
la casserole	Kasserolle	words	B2	noun	feminine	casserole	0.70
depuis	von aus	words	B2	adverb		depuis	0.69
le colporteur	Hausierer	words	B2	noun	masculine	colporteur	0.69
hypocrite	gleisnerisch	words	B2	adjective		hypocrite	0.69
la locomotive	Lok	words	B2	noun	feminine	locomotive	0.69
monnayer	münzen	words	B2	verb		monnayer	0.69
sensationnel	sensationell	words	B2	adjective		sensationnel	0.69
vieillot	ältlich	words	B2	adjective		vieillot	0.69
l' insurrection	Aufstand	words	B2	noun	feminine	insurrection	0.69
primaire	Grund	words	B2	noun		primaire	0.69
hypocrite	Gleisner	words	B2	noun		hypocrite	0.69
interne	intern	words	B2	adjective		interne	0.69
le blanc	Weiß	words	B2	noun	masculine	blanc	0.69
idyllique	idyllisch	words	B2	adjective		idyllique	0.69
le vandalisme	Vandalismus	words	B2	noun	masculine	vandalisme	0.69
provocant	provokant	words	B2	adjective		provocant	0.69
arguer	argumentieren	words	B2	verb		arguer	0.69
constructeur	Konstruktor	words	B2	adjective	masculine	constructeur	0.69
inculquer	einimpfen	words	B2	verb		inculquer	0.69
l' insistance	Ton	words	B2	noun	feminine	insistance	0.69
irrationnel	irrational	words	B2	adjective		irrationnel	0.69
la sonnette	Ramme	words	B2	noun	feminine	sonnette	0.69
surcharger	überdrucken	words	B2	verb		surcharger	0.69
l' aristocratie	Aristokratie	words	B2	noun	feminine	aristocratie	0.69
l' atterrissage	Landung	words	B2	noun	masculine	atterrissage	0.69
graphique	graphisch	words	B2	adjective		graphique	0.69
parachuter	abspringen lassen	words	B2	verb		parachuter	0.69
fastueux	prunkvoll	words	B2	adjective		fastueux	0.69
indulgent	lax	words	B2	adjective		indulgent	0.69
infaillible	unfehlbar	words	B2	adjective		infaillible	0.69
moralisateur	Sittenrichter	words	B2	adjective	masculine	moralisateur	0.69
orbital	orbital	words	B2	adjective		orbital	0.69
le piqué	Sturzflug	words	B2	noun	masculine	pique	0.69
provisoire	vorläufig	words	B2	adjective		provisoire	0.69
sanctionner	billigen	words	B2	verb		sanctionner	0.69
le marais	Luch	words	B2	noun	masculine	marais	0.69
le podium	Laufsteg	words	B2	noun	masculine	podium	0.69
le Dauphin	Delfin	words	B2	noun	masculine	dauphin	0.69
blinder	panzern	words	B2	verb		blinder	0.69
pareil	ähnlich	words	B2	adverb		pareil	0.69
le chargement	Laden	words	B2	noun	masculine	chargement	0.69
fini	vorbei	words	B2	adjective		fini	0.69
la ferraille	Schrott	words	B2	noun	feminine	ferraille	0.69
le faubourg	Vorort	words	B2	noun	masculine	faubourg	0.69
le dada	Hobby	words	B2	noun	masculine	dada	0.69
le vinaigre	Essig	words	B2	noun	masculine	vinaigre	0.69
le barbecue	Grill	words	B2	noun	masculine	barbecue	0.69
la castagne	Holzerei	words	B2	noun	feminine	castagne	0.69
noix	Nuss	words	B2	noun		noix	0.69
pois	Erbse	words	B2	noun		pois	0.69
programmable	programmatisch	words	B2	adjective		programmable	0.69
souscrire	spenden	words	B2	verb		souscrire	0.69
emplir	decken	words	B2	verb		emplir	0.68
anxieux	unruhig	words	B2	adjective	masculine	anxieux	0.68
arborer	zur Schau stellen	words	B2	verb		arborer	0.68
argumenter	argumentieren	words	B2	verb		argumenter	0.68
la cime	Kulm	words	B2	noun	feminine	cime	0.68
compact	kompakt	words	B2	adjective		compact	0.68
le gel	Frost	words	B2	noun	masculine	gel	0.68
gomme	Gummi	words	B2	noun		gomme	0.68
quiconque	irgendein	words	B2	pronoun		quiconque	0.68
victorien	viktorianisch	words	B2	adjective		victorien	0.68
l' affluent	Zufluss	words	B2	noun	masculine	affluent	0.68
heureux	glücklich	words	B2	noun		heureux	0.68
la bienveillance	Güte	words	B2	noun	feminine	bienveillance	0.68
la vis	Schraube	words	B2	noun	feminine	vis	0.68
adroitement	gewandt	words	B2	adverb		adroitement	0.68
le conformisme	Anpassertum	words	B2	noun	masculine	conformisme	0.68
identifiable	identifizierbar	words	B2	adjective		identifiable	0.68
jardiner	im Garten arbeiten	words	B2	verb		jardiner	0.68
la procuration	Vollmacht	words	B2	noun	feminine	procuration	0.68
veuf	verwitwet	words	B2	adjective		veuf	0.68
engueuler	ankotzen	words	B2	verb		engueuler	0.68
foutre	ficken	words	B2	verb		foutre	0.68
homologue	Kollege	words	B2	noun		homologue	0.68
l' ironie	Ironie	words	B2	noun	feminine	ironie	0.68
griller	braten	words	B2	verb		griller	0.68
le Turc	Türke	words	B2	noun	masculine	turc	0.68
le roc	Fels	words	B2	noun	masculine	roc	0.68
bombarder	beschießen	words	B2	verb		bombarder	0.68
la criminologie	Kriminologie	words	B2	noun	feminine	criminologie	0.68
le soda	Brause	words	B2	noun	masculine	soda	0.68
le bricoleur	Bastler	words	B2	noun	masculine	bricoleur	0.68
l' hebdomadaire	Wochenblatt	words	B2	noun	masculine	hebdomadaire	0.68
la latitude	Breite	words	B2	noun	feminine	latitude	0.68
la bagnole	Karre	words	B2	noun	feminine	bagnole	0.68
clinique	Klinik	words	B2	noun		clinique	0.68
ciseler	meißeln	words	B2	verb		ciseler	0.68
la broche	Spieß	words	B2	noun	feminine	broche	0.68
l' entrevue	Interview	words	B2	noun	feminine	entrevue	0.68
masser	massieren	words	B2	verb		masser	0.68
l' acclamation	Zuruf	words	B2	noun	feminine	acclamation	0.68
l' assureur	Versicherer	words	B2	noun	masculine	assureur	0.68
l' astronomie	Astronomie	words	B2	noun	feminine	astronomie	0.67
invoquer	anrufen	words	B2	verb		invoquer	0.67
routier	Fernlastfahrer	words	B2	noun		routier	0.67
friser	frisieren	words	B2	verb		friser	0.67
impatiemment	ungeduldig	words	B2	adverb		impatiemment	0.67
maudire	fluchen	words	B2	verb		maudire	0.67
le protestantisme	Protestantismus	words	B2	noun	masculine	protestantisme	0.67
puritain	puritanisch	words	B2	adjective		puritain	0.67
le dedans	Innere	words	B2	noun	masculine	dedans	0.67
affliger	leid tun	words	B2	verb		affliger	0.67
malvenu	fehl am Platz	words	B2	adjective		malvenu	0.67
le retrait	Abhebung	words	B2	noun	masculine	retrait	0.67
supplanter	ersetzen	words	B2	verb		supplanter	0.67
articuler	artikulieren	words	B2	verb		articuler	0.67
atterrir	landen	words	B2	verb		atterrir	0.67
battant	Klöppel	words	B2	adjective	masculine	battant	0.67
boueux	matschig	words	B2	adjective		boueux	0.67
la commode	Kommode	words	B2	noun	feminine	commode	0.67
le dinosaure	Saurier	words	B2	noun	masculine	dinosaure	0.67
drainer	dränen	words	B2	verb		drainer	0.67
l' hypocrisie	Heuchelei	words	B2	noun	feminine	hypocrisie	0.67
ranimer	neu beleben	words	B2	verb		ranimer	0.67
le sillon	Falte	words	B2	noun	masculine	sillon	0.67
vacant	frei	words	B2	adjective		vacant	0.67
le vedettariat	Starkult	words	B2	noun	masculine	vedettariat	0.67
l' amidon	Stärke	words	B2	noun	masculine	amidon	0.67
l' ivresse	Trunk	words	B2	noun	feminine	ivresse	0.67
onirique	verträumt	words	B2	adjective		onirique	0.67
rejaillir	spiegeln	words	B2	verb		rejaillir	0.67
entasser	horten	words	B2	verb		entasser	0.67
incapable	unfähig	words	B2	noun		incapable	0.67
nuageux	wolkig	words	B2	adjective		nuageux	0.67
fendre	spalten	words	B2	verb		fendre	0.67
la nuque	Genick	words	B2	noun	feminine	nuque	0.67
piller	plündern	words	B2	verb		piller	0.67
pompeux	pompös	words	B2	adjective		pompeux	0.67
suave	mild	words	B2	adjective		suave	0.67
la trame	Rahmen	words	B2	noun	feminine	trame	0.67
bouffer	fressen	words	B2	verb		bouffer	0.67
capituler	kapitulieren	words	B2	verb		capituler	0.67
la furie	Wut	words	B2	noun	feminine	furie	0.67
importuner	belästigen	words	B2	verb		importuner	0.67
subjuguer	unterjochen	words	B2	verb		subjuguer	0.67
l' affectation	Zuweisung	words	B2	noun	feminine	affectation	0.67
l' attentat	Anschlag	words	B2	noun	masculine	attentat	0.67
la bravoure	Tapferkeit	words	B2	noun	feminine	bravoure	0.67
l' embuscade	Hinterhalt	words	B2	noun	feminine	embuscade	0.67
massacrer	massakrieren	words	B2	verb		massacrer	0.67
le rail	Schiene	words	B2	noun	masculine	rail	0.67
rassasier	sättigen	words	B2	verb		rassasier	0.67
saillant	hart	words	B2	adjective		saillant	0.67
tressaillir	zucken	words	B2	verb		tressaillir	0.67
la buanderie	Waschhaus	words	B2	noun	feminine	buanderie	0.67
le commandant	Major	words	B2	noun	masculine	commandant	0.67
la soumission	Unterwerfung	words	B2	noun	feminine	soumission	0.67
le bananier	Bananenstaude	words	B2	noun	masculine	bananier	0.67
le whisky	Whisky	words	B2	noun	masculine	whisky	0.67
moderniste	Modernist	words	B2	adjective		moderniste	0.67
baisser	dämpfen	words	B2	noun		baisser	0.67
feuilletoniste	Feuilletonist	words	B2	noun		feuilletoniste	0.67
la gifle	Schlag	words	B2	noun	feminine	gifle	0.67
remarquablement	bemerkenswert	words	B2	adverb		remarquablement	0.67
sinistre	gruselig	words	B2	adjective		sinistre	0.67
fantastique	fantastisch	words	B2	noun		fantastique	0.67
le greffier	Rechtspfleger	words	B2	noun	masculine	greffier	0.67
la stupeur	Bestürzung	words	B2	noun	feminine	stupeur	0.67
la climatologie	Klimatologie	words	B2	noun	feminine	climatologie	0.67
intergouvernemental	zwischenstaatlich	words	B2	adjective		intergouvernemental	0.67
la pochette	Tüte	words	B2	noun	feminine	pochette	0.67
le porche	Vorbau	words	B2	noun	masculine	porche	0.67
le collant	Strumpfhose	words	B2	noun	masculine	collant	0.67
la cervelle	Hirn	words	B2	noun	feminine	cervelle	0.67
le cynisme	Zynismus	words	B2	noun	masculine	cynisme	0.67
rengainer	einstecken	words	B2	verb		rengainer	0.67
la tripe	Kutteln	words	B2	noun	feminine	tripe	0.67
automatique	mechanisch	words	B2	adjective		automatique	0.67
la correction	Korrektur	words	B2	noun	feminine	correction	0.67
le malfaiteur	Übeltäter	words	B2	noun	masculine	malfaiteur	0.67
le commandement	Gebot	words	B2	noun	masculine	commandement	0.67
l' arbuste	Busch	words	B2	noun	masculine	arbuste	0.67
parader	prunken	words	B2	verb		parader	0.67
le transit	Durchfuhr	words	B2	noun	masculine	transit	0.67
la cohue	Gewühl	words	B2	noun	feminine	cohue	0.67
organisateur	Organisator	words	B2	adjective	masculine	organisateur	0.67
le soupir	Seufzer	words	B2	noun	masculine	soupir	0.67
la torche	Fackel	words	B2	noun	feminine	torche	0.67
l' amusement	Amüsement	words	B2	noun	masculine	amusement	0.67
endurer	dulden	words	B2	verb		endurer	0.67
l' aboiement	Bellen	words	B2	noun	masculine	aboiement	0.66
la nonchalance	Lässigkeit	words	B2	noun	feminine	nonchalance	0.66
la rime	Reim	words	B2	noun	feminine	rime	0.66
la contravention	Strafe	words	B2	noun	feminine	contravention	0.66
la logistique	Logistik	words	B2	noun	feminine	logistique	0.66
affectionner	jemanden gern haben	words	B2	verb		affectionner	0.66
la splendeur	Pomp	words	B2	noun	feminine	splendeur	0.66
le chou	Kohl	words	B2	noun	masculine	chou	0.66
pseudonyme	Deckname	words	B2	adjective		pseudonyme	0.66
parrainer	fördern	words	B2	verb		parrainer	0.66
raccompagner	begleiten	words	B2	verb		raccompagner	0.66
le Chinois	Chinese	words	B2	noun	masculine	chinois	0.66
le collectif	Gruppe	words	B2	noun	masculine	collectif	0.66
doux	lieblich	words	B2	noun		doux	0.66
la malchance	Pech	words	B2	noun	feminine	malchance	0.66
craquant	knackig	words	B2	adjective		craquant	0.66
l' observatoire	Warte	words	B2	noun	masculine	observatoire	0.66
la semelle	Sohle	words	B2	noun	feminine	semelle	0.66
embaucher	dingen	words	B2	verb		embaucher	0.66
l' inconditionnel	Fan	words	B2	noun	masculine	inconditionnel	0.66
la manne	Manna	words	B2	noun	feminine	manne	0.66
le pronom	Pronom	words	B2	noun	masculine	pronom	0.66
malencontreux	leidig	words	B2	adjective		malencontreux	0.66
la pendule	Uhr	words	B2	noun	feminine	pendule	0.66
pudique	schamhaft	words	B2	adjective		pudique	0.66
le bibelot	Nippes	words	B2	noun	masculine	bibelot	0.66
l' aire	Areal	words	B2	noun	feminine	aire	0.66
l' ethnologie	Ethnologie	words	B2	noun	feminine	ethnologie	0.66
barbe	Granne	words	B2	adjective	feminine	barbe	0.66
anniversaire	Jahrestag	words	B2	adjective	masculine	anniversaire	0.66
Camerounais	Kameruner	words	B2	adjective	masculine	camerounais	0.66
l' attribut	Symbol	words	B2	noun	masculine	attribut	0.66
le golfe	Golf	words	B2	noun	masculine	golfe	0.66
nouvellement	kürzlich	words	B2	adverb		nouvellement	0.66
hormonal	hormonell	words	B2	adjective	masculine	hormonal	0.66
rituel	rituell	words	B2	adjective		rituel	0.66
la synagogue	Synagoge	words	B2	noun	feminine	synagogue	0.66
l' aquarium	Aquarium	words	B2	noun	masculine	aquarium	0.65
asservir	knechten	words	B2	verb		asservir	0.65
fourrer	füllen	words	B2	verb		fourrer	0.65
insignifiant	unbedeutend	words	B2	adjective		insignifiant	0.65
le cerf	Hirsch	words	B2	noun	masculine	cerf	0.65
aventurier	Abenteurer	words	B2	adjective	masculine	aventurier	0.65
fanatique	Fanatiker	words	B2	noun		fanatique	0.65
la Bourgogne	Burgund	words	B2	noun	feminine	bourgogne	0.65
le chiot	Welpe	words	B2	noun	masculine	chiot	0.65
la cohorte	Kohorte	words	B2	noun	feminine	cohorte	0.65
deux	Zwei	words	B2	noun		deux	0.65
le microcosme	Mikrokosmos	words	B2	noun	masculine	microcosme	0.65
la rayure	Kratzer	words	B2	noun	feminine	rayure	0.65
vampire	Vampir	words	B2	noun		vampire	0.65
comique	Komik	words	B2	noun		comique	0.65
l' emprisonnement	Haft	words	B2	noun	masculine	emprisonnement	0.65
incessant	unaufhörlich	words	B2	adjective	masculine	incessant	0.65
utile	nützlich	words	B2	noun		utile	0.65
villageois	Dörfler	words	B2	adjective	masculine	villageois	0.65
clandestin	geheim	words	B2	adjective	masculine	clandestin	0.65
le chausson	Hausschuh	words	B2	noun	masculine	chausson	0.65
indicible	unsagbar	words	B2	adjective		indicible	0.65
tonitruer	donnern	words	B2	verb		tonitruer	0.65
ramper	krabbeln	words	B2	verb		ramper	0.65
ravissant	anmutig	words	B2	adjective		ravissant	0.65
maximal	maximal	words	B2	adjective	masculine	maximal	0.65
la consolation	Trost	words	B2	noun	feminine	consolation	0.65
le frottement	Reibung	words	B2	noun	masculine	frottement	0.65
vibrer	schwirren	words	B2	verb		vibrer	0.65
la vendange	Lese	words	B2	noun	feminine	vendange	0.65
clown	Clown	words	B2	noun		clown	0.65
charrier	tragen	words	B2	verb		charrier	0.65
l' imposteur	Betrüger	words	B2	noun	masculine	imposteur	0.65
le moral	Moral	words	B2	noun	masculine	moral	0.65
protecteur	Gönner	words	B2	adjective	masculine	protecteur	0.65
perplexe	perplex	words	B2	adjective		perplexe	0.65
le pion	Pion	words	B2	noun	masculine	pion	0.65
doucher	duschen	words	B2	verb		doucher	0.65
l' haricot	Bohne	words	B2	noun	masculine	haricot	0.65
l' ambulancier	Rettungshelfer	words	B2	noun	masculine	ambulancier	0.65
lisse	glatt	words	B2	adjective		lisse	0.65
accidenter	beschädigen	words	B2	verb		accidenter	0.64
pompier	Feuerwehrmann	words	B2	adjective		pompier	0.64
sept	Sieben	words	B2	noun		sept	0.64
le sevrage	Entzug	words	B2	noun	masculine	sevrage	0.64
la topaze	Topas	words	B2	noun	feminine	topaze	0.64
l' humanisme	Humanismus	words	B2	noun	masculine	humanisme	0.64
le restaurateur	Gastwirt	words	B2	noun	masculine	restaurateur	0.64
le lord	Lord	words	B2	noun	masculine	lord	0.64
mystique	mystisch	words	B2	adjective		mystique	0.64
le charcutier	Metzger	words	B2	noun	masculine	charcutier	0.64
le domino	Dominospiel	words	B2	noun	masculine	domino	0.64
brouillon	roh	words	B2	adjective		brouillon	0.64
l' aversion	Abscheu	words	B2	noun	feminine	aversion	0.64
chut	leise	words	B2	noun		chut	0.64
insinuer	andeuten	words	B2	verb		insinuer	0.64
apposer	anlegen	words	B2	verb		apposer	0.64
l' hamac	Hängematte	words	B2	noun	masculine	hamac	0.64
monopoliser	hamstern	words	B2	verb		monopoliser	0.64
l' oppression	Drang	words	B2	noun	feminine	oppression	0.64
rectangulaire	rechteckig	words	B2	adjective		rectangulaire	0.64
rudimentaire	rudimentär	words	B2	adjective		rudimentaire	0.64
le vestiaire	Garderobe	words	B2	noun	masculine	vestiaire	0.64
le teint	Teint	words	B2	noun	masculine	teint	0.64
la veine	Ader	words	B2	noun	feminine	veine	0.64
l' anormal	Abnorme	words	B2	noun	masculine	anormal	0.63
simple	schlicht	words	B2	noun		simple	0.63
l' artichaut	Artischocke	words	B2	noun	masculine	artichaut	0.63
la griffe	Klaue	words	B2	noun	feminine	griffe	0.63
le pendant	Pendant	words	B2	noun	masculine	pendant	0.63
l' abonnement	Abonnement	words	B2	noun	masculine	abonnement	0.63
le cancan	Klatsch	words	B2	noun	masculine	cancan	0.63
bosser	arbeiten	words	B2	verb		bosser	0.63
le dentifrice	Zahncreme	words	B2	noun	masculine	dentifrice	0.63
le randonneur	Wanderer	words	B2	noun	masculine	randonneur	0.63
le fiacre	Fiaker	words	B2	noun	masculine	fiacre	0.63
suer	schwitzen	words	B2	verb		suer	0.63
la loupe	Lupe	words	B2	noun	feminine	loupe	0.63
le capitalisme	Kapitalismus	words	B2	noun	masculine	capitalisme	0.63
marxiste	marxistisch	words	B2	adjective		marxiste	0.63
le tir	Schuss	words	B2	noun	masculine	tir	0.63
l' autocar	Reisebus	words	B2	noun	masculine	autocar	0.63
la marelle	Himmel-und-Hölle-Spiel	words	B2	noun	feminine	marelle	0.63
l' adjoint	Helfer	words	B2	noun	masculine	adjoint	0.63
approuver	billigen	words	B2	verb		approuver	0.63
l' effervescence	Unruhe	words	B2	noun	feminine	effervescence	0.63
engloutir	verdrücken	words	B2	verb		engloutir	0.63
l' expulsion	Ausweisung	words	B2	noun	feminine	expulsion	0.63
le Grec	Grieche	words	B2	noun	masculine	grec	0.63
influer	einwirken	words	B2	verb		influer	0.63
la physiologie	Physiologie	words	B2	noun	feminine	physiologie	0.63
le cadet	zweitälteste	words	B2	noun	masculine	cadet	0.62
dingue	irre	words	B2	adjective		dingue	0.62
hormis	bis auf	words	B2	preposition		hormis	0.62
l' igname	Yams	words	B2	noun	feminine	igname	0.62
informatif	lehrreich	words	B2	adjective		informatif	0.62
le maquis	Macchia	words	B2	noun	masculine	maquis	0.62
multidisciplinaire	multidisziplinär	words	B2	adjective		multidisciplinaire	0.62
la parcelle	Parzelle	words	B2	noun	feminine	parcelle	0.62
la ponction	Punktion	words	B2	noun	feminine	ponction	0.62
turbulent	turbulent	words	B2	adjective		turbulent	0.62
la coulisse	Kulisse	words	B2	noun	feminine	coulisse	0.62
con	bescheuert	words	B2	adjective		con	0.62
la cueillette	Ernte	words	B2	noun	feminine	cueillette	0.62
l' hammam	Hamam	words	B2	noun	masculine	hammam	0.62
le safari	Safari	words	B2	noun	masculine	safari	0.62
l' orphelin	Waise	words	B2	noun	masculine	orphelin	0.62
cordial	herzlich	words	B2	adjective	masculine	cordial	0.62
la pommette	Jochbein	words	B2	noun	feminine	pommette	0.62
prodigieux	sagenhaft	words	B2	adjective		prodigieux	0.62
acquitter	zahlen	words	B2	verb		acquitter	0.62
la flotte	Flotte	words	B2	noun	feminine	flotte	0.62
indigne	unwürdig	words	B2	adjective		indigne	0.62
la manie	Tick	words	B2	noun	feminine	manie	0.62
le survivant	Überlebender	words	B2	noun	masculine	survivant	0.62
la traverse	Schwelle	words	B2	noun	feminine	traverse	0.62
l' aberration	Abirrung	words	B2	noun	feminine	aberration	0.62
l' intervalle	Abstand	words	B2	noun	masculine	intervalle	0.62
surtout	Ding	words	B2	noun		surtout	0.62
le tablier	Schurz	words	B2	noun	masculine	tablier	0.62
le cylindre	Walze	words	B2	noun	masculine	cylindre	0.62
l' insouciance	Leichtigkeit	words	B2	noun	feminine	insouciance	0.62
corail	korallen	words	B2	adjective		corail	0.62
la figurine	Miniatur	words	B2	noun	feminine	figurine	0.62
la boucherie	Gemetzel	words	B2	noun	feminine	boucherie	0.62
l' hamster	Hamster	words	B2	noun	masculine	hamster	0.62
la pointure	Schuhgröße	words	B2	noun	feminine	pointure	0.62
meurtrier	mörderisch	words	B2	adjective		meurtrier	0.62
le bavardage	Plausch	words	B2	noun	masculine	bavardage	0.61
le gladiateur	Gladiator	words	B2	noun	masculine	gladiateur	0.61
accommoder	machen	words	B2	verb		accommoder	0.61
anarchique	planlos	words	B2	adjective		anarchique	0.61
aspirant	Aspirant	words	B2	adjective	masculine	aspirant	0.61
le boulet	Scheißer	words	B2	noun	masculine	boulet	0.61
le manifeste	Manifest	words	B2	noun	masculine	manifeste	0.61
la programmation	Programmierung	words	B2	noun	feminine	programmation	0.61
viable	machbar	words	B2	adjective		viable	0.61
le bijoutier	Juwelier	words	B2	noun	masculine	bijoutier	0.61
le stylisme	Design	words	B2	noun	masculine	stylisme	0.61
le conteur	Erzähler	words	B2	noun	masculine	conteur	0.61
la pelle	Schippe	words	B2	noun	feminine	pelle	0.61
l' explorateur	Forscher	words	B2	noun	masculine	explorateur	0.61
flagrant	flagrant	words	B2	adjective		flagrant	0.61
la carcasse	Gerippe	words	B2	noun	feminine	carcasse	0.61
aller	gehen	words	B2	noun		aller	0.61
le rivage	Ufer	words	B2	noun	masculine	rivage	0.60
l' ambulance	Ambulanz	words	B2	noun	feminine	ambulance	0.60
la choucroute	Sauerkohl	words	B2	noun	feminine	choucroute	0.60
le vautour	Geier	words	B2	noun	masculine	vautour	0.60
anonyme	namenlos	words	B2	noun		anonyme	0.60
l' amertume	Bitternis	words	B2	noun	feminine	amertume	0.60
l' aveu	Beichte	words	B2	noun	masculine	aveu	0.60
loin	entfernt	words	B2	noun		loin	0.60
la marraine	Patin	words	B2	noun	feminine	marraine	0.60
le machin	Ding	words	B2	noun	masculine	machin	0.60
prestataire	Dienstleister	words	B2	noun		prestataire	0.60
robuste	fest	words	B2	adjective		robuste	0.60
butter	häufeln	words	B2	verb		butter	0.60
comptable	Buchhalter	words	B2	noun		comptable	0.60
la fronde	Zwille	words	B2	noun	feminine	fronde	0.60
improviser	improvisieren	words	B2	verb		improviser	0.60
la pudeur	Zartgefühl	words	B2	noun	feminine	pudeur	0.60
la roulotte	Wohnwagen	words	B2	noun	feminine	roulotte	0.60
tortueux	gewunden	words	B2	adjective		tortueux	0.60
imprudent	unklug	words	B2	adjective	masculine	imprudent	0.60
le cartable	Ranzen	words	B2	noun	masculine	cartable	0.60
illustre	berühmt	words	B2	adjective		illustre	0.60
impur	unrein	words	B2	adjective	masculine	impur	0.60
la belote	Belote	words	B2	noun	feminine	belote	0.59
le bracelet	Armband	words	B2	noun	masculine	bracelet	0.59
le sachet	Tüte	words	B2	noun	masculine	sachet	0.59
le cuivre	Kupfer	words	B2	noun	masculine	cuivre	0.59
palpable	spürbar	words	B2	adjective		palpable	0.59
planer	ebnen	words	B2	verb		planer	0.59
le satin	Satin	words	B2	noun	masculine	satin	0.59
la supposition	Vermutung	words	B2	noun	feminine	supposition	0.59
vaciller	wanken	words	B2	verb		vaciller	0.59
la sieste	Nickerchen	words	B2	noun	feminine	sieste	0.59
le coucou	Kuckuck	words	B2	noun	masculine	coucou	0.59
julien	julianisch	words	B2	adjective		julien	0.59
climatologue	Klimatolog	words	B2	noun		climatologue	0.59
l' haleine	Atem	words	B2	noun	feminine	haleine	0.59
anglophone	anglophon	words	B2	adjective		anglophone	0.58
la banderole	Streifen	words	B2	noun	feminine	banderole	0.58
dupe	Betrogene	words	B2	adjective	feminine	dupe	0.58
l' interaction	Interaktion	words	B2	noun	feminine	interaction	0.58
narcissique	narzisstisch	words	B2	adjective		narcissique	0.58
la synapse	Synapse	words	B2	noun	feminine	synapse	0.58
le virage	Kurve	words	B2	noun	masculine	virage	0.58
implorer	flehen	words	B2	verb		implorer	0.58
le registre	Register	words	B2	noun	masculine	registre	0.58
l' Ivoirien	Ivorer	words	B2	noun	masculine	ivoirien	0.58
la nomination	Ernennung	words	B2	noun	feminine	nomination	0.58
le bouquin	Buch	words	B2	noun	masculine	bouquin	0.58
l' as	As	words	B2	noun	masculine	as	0.58
accidentel	zufällig	words	B2	adjective		accidentel	0.58
marmonner	murmeln	words	B2	verb		marmonner	0.58
grignoter	naschen	words	B2	verb		grignoter	0.58
mexicain	mexikanisch	words	B2	adjective	masculine	mexicain	0.58
sensoriel	fühlbar	words	B2	adjective		sensoriel	0.57
fluide	flüssig	words	B2	adjective		fluide	0.57
prometteur	aussichtsreich	words	B2	adjective	masculine	prometteur	0.57
le citron	Zitrone	words	B2	noun	masculine	citron	0.57
bouquiner	schmökern	words	B2	verb		bouquiner	0.57
le gilet	Weste	words	B2	noun	masculine	gilet	0.57
l' embellissement	Beschönigung	words	B2	noun	masculine	embellissement	0.57
l' exclamation	Ausruf	words	B2	noun	feminine	exclamation	0.57
le minerai	Erz	words	B2	noun	masculine	minerai	0.57
le ramoneur	Kaminkehrer	words	B2	noun	masculine	ramoneur	0.57
le Max	Max	words	B2	noun	masculine	max	0.57
la crevette	Garnele	words	B2	noun	feminine	crevette	0.57
surnaturel	übernatürlich	words	B2	adjective		surnaturel	0.57
seller	satteln	words	B2	verb		seller	0.56
fourni	dicht	words	B2	adjective		fourni	0.56
tactile	taktil	words	B2	adjective		tactile	0.56
la corbeille	Korb	words	B2	noun	feminine	corbeille	0.56
le Microscope	Mikroskop	words	B2	noun	masculine	microscope	0.56
reconnaissable	erkennbar	words	B2	adjective		reconnaissable	0.56
le coquillage	Muschel	words	B2	noun	masculine	coquillage	0.55
la lamentation	Klage	words	B2	noun	feminine	lamentation	0.55
le fourneau	Herd	words	B2	noun	masculine	fourneau	0.55
merder	Scheiße bauen	words	B2	verb		merder	0.55
familiariser	vertraut	words	B2	verb		familiariser	0.55
Terrien	Erdling	words	B2	adjective	masculine	terrien	0.55
la ventilation	Lüftung	words	B2	noun	feminine	ventilation	0.55
fauve	rehbraun	words	B2	noun		fauve	0.55
le lavage	Waschen	words	B2	noun	masculine	lavage	0.55
la nourrice	Amme	words	B2	noun	feminine	nourrice	0.55
le fourreau	Hülse	words	B2	noun	masculine	fourreau	0.55
acide	Säure	words	B2	noun		acide	0.55
le crapaud	Kröte	words	B2	noun	masculine	crapaud	0.55
soudainement	plötzlich	words	B2	adverb		soudainement	0.55
intransigeant	unbeugsam	words	B2	adjective		intransigeant	0.54
braver	trotzen	words	B2	verb		braver	0.54
cardinal	kardinal	words	B2	adjective	masculine	cardinal	0.54
l' entorse	Verstauchung	words	B2	noun	feminine	entorse	0.54
l' annuaire	Jahrbuch	words	B2	noun	masculine	annuaire	0.54
savoyard	savoyisch	words	B2	adjective		savoyard	0.54
le labo	Labor	words	B2	noun	masculine	labo	0.53
l' omelette	Omelett	words	B2	noun	feminine	omelette	0.53
le pyjama	Pyjama	words	B2	noun	masculine	pyjama	0.53
le chuchotement	Flüstern	words	B2	noun	masculine	chuchotement	0.53
l' harmonica	Mundharmonika	words	B2	noun	masculine	harmonica	0.52
le parterre	Rabatte	words	B2	noun	masculine	parterre	0.52
le nickel	Nickel	words	B2	noun	masculine	nickel	0.52
le parton	Parton	words	B2	noun	masculine	parton	0.52
la fraise	Fräse	words	B2	noun	feminine	fraise	0.52
guyanais	guyanisch	words	B2	adjective	masculine	guyanais	0.52
le bouge	Spelunke	words	B2	noun	masculine	bouge	0.52
glissant	glatt	words	B2	adjective		glissant	0.51
le suspect	Verdächtige	words	B2	noun	masculine	suspect	0.51
pair	gerade	words	B2	adjective		pair	0.51
le spot	Spot	words	B2	noun	masculine	spot	0.50
le bec	Tülle	words	B2	noun	masculine	bec	0.50
border	säumen	words	B2	verb		border	0.50
restant	restlich	words	B2	noun		restant	0.50
la substitution	Unterschiebung	words	B2	noun	feminine	substitution	0.50
atlantique	atlantisch	words	B2	adjective		atlantique	0.50
terminal	Terminal	words	B2	adjective	masculine	terminal	0.50
la boîte	Dose	words	B2	noun	feminine	boite	0.50
l' Olivier	Oliver	words	B2	noun	masculine	olivier	0.50
cicatriser	vernarben	words	B2	verb		cicatriser	0.49
la fascine	Faschine	words	B2	noun	feminine	fascine	0.49
la brute	Tier	words	B2	noun	feminine	brute	0.49
encastrer	einlassen	words	B2	verb		encastrer	0.49
l' euphorie	Euphorie	words	B2	noun	feminine	euphorie	0.49
la rampe	Rampe	words	B2	noun	feminine	rampe	0.49
la traction	Klimmzug	words	B2	noun	feminine	traction	0.49
confidentiel	vertraulich	words	B2	adjective		confidentiel	0.49
ronronner	summen	words	B2	verb		ronronner	0.49
vice	Untugend	words	B2	adverb	masculine	vice	0.49
menteur	verlogen	words	B2	adjective		menteur	0.49
le serment	Eid	words	B2	noun	masculine	serment	0.48
le donjon	Donjon	words	B2	noun	masculine	donjon	0.48
le projecteur	Projektor	words	B2	noun	masculine	projecteur	0.48
le clavier	Tastatur	words	B2	noun	masculine	clavier	0.48
le vif	Kern	words	B2	noun	masculine	vif	0.48
frigo	Kühlschrank	words	B2	adjective	masculine	frigo	0.47
le casino	Casino	words	B2	noun	masculine	casino	0.47
chiffon	Hader	words	B2	noun		chiffon	0.47
la diagonale	Diagonale	words	B2	noun	feminine	diagonale	0.47
frugal	frugal	words	B2	adjective	masculine	frugal	0.47
l' humus	Humuserde	words	B2	noun	masculine	humus	0.47
le possesseur	Besitzer	words	B2	noun	masculine	possesseur	0.47
triple	dreifach	words	B2	adjective		triple	0.47
la rafale	Bö	words	B2	noun	feminine	rafale	0.47
aussi	auch	words	B2	conjunction		aussi	0.46
le tissage	Weberei	words	B2	noun	masculine	tissage	0.46
compromettre	kompromittieren	words	B2	verb		compromettre	0.46
humilier	demütigen	words	B2	verb		humilier	0.46
pleurer	heulen	words	B2	noun		pleurer	0.46
le vitrail	Glasmalerei	words	B2	noun	masculine	vitrail	0.46
sentinelle	Wache	words	B2	noun		sentinelle	0.46
aventureux	abenteuerlich	words	B2	adjective		aventureux	0.46
contrarier	ärgern	words	B2	verb		contrarier	0.45
le joyau	Juwel	words	B2	noun	masculine	joyau	0.45
la marmotte	Murmeltier	words	B2	noun	feminine	marmotte	0.45
l' ail	Lauch	words	B2	noun	masculine	ail	0.45
harmoniser	harmonieren	words	B2	verb		harmoniser	0.45
la samba	Samba	words	B2	noun	feminine	samba	0.45
le mendiant	Bettler	words	B2	noun	masculine	mendiant	0.44
le tournage	Drehen	words	C1	noun	masculine	tournage	0.43
le calice	Kelch	words	C1	noun	masculine	calice	0.43
le diesel	Diesel	words	C1	noun	masculine	diesel	0.43
la distillation	Destillation	words	C1	noun	feminine	distillation	0.43
hertzien	Hertzsche	words	C1	adjective	masculine	hertzien	0.43
la muqueuse	Schleimhaut	words	C1	noun	feminine	muqueuse	0.43
le neutron	Neutron	words	C1	noun	masculine	neutron	0.43
la palette	Spatelschwanzpapagei	words	C1	noun	feminine	palette	0.43
le pigment	Pigment	words	C1	noun	masculine	pigment	0.43
sismique	seismisch	words	C1	adjective		sismique	0.43
stressant	stressig	words	C1	adjective		stressant	0.43
le tournesol	Sonnenblume	words	C1	noun	masculine	tournesol	0.43
le sauvetage	Rettung	words	C1	noun	masculine	sauvetage	0.42
contredire	widersprechen	words	C1	verb		contredire	0.42
la poterie	Töpferei	words	C1	noun	feminine	poterie	0.41
broyer	zermalmen	words	C1	verb		broyer	0.40
lavande	Lavendel	words	C1	noun		lavande	0.40
la capsule	Kapsel	words	C1	noun	feminine	capsule	0.40
intensifier	intensivieren	words	C1	verb		intensifier	0.39
ducal	herzoglich	words	C1	adjective		ducal	0.39
l' effondrement	Zusammenbruch	words	C1	noun	masculine	effondrement	0.39
le zodiaque	Tierkreis	words	C1	noun	masculine	zodiaque	0.39
la vodka	Wodka	words	C1	noun	feminine	vodka	0.39
l' affichage	Anzeige	words	C1	noun	masculine	affichage	0.36
turc	Türkisch	words	C1	adjective		turc	0.36
harceler	mobben	words	C1	verb		harceler	0.35
l' orbite	Orbit	words	C1	noun	feminine	orbite	0.35
lunaire	Silberblatt	words	C1	adjective	feminine	lunaire	0.35
Chilien	Chilenin	words	C1	adjective	masculine	chilien	0.34
le contour	Kontur	words	C1	noun	masculine	contour	0.34
le Terrien	Erdling	words	C1	noun	masculine	terrien	0.34
inspecter	mustern	words	C1	verb		inspecter	0.34
le festin	Festmahl	words	C1	noun	masculine	festin	0.33
futurologue	Futurologe	words	C1	noun		futurologue	0.33
le cornichon	Gurke	words	C1	noun	masculine	cornichon	0.32
la cuvette	Küvette	words	C1	noun	feminine	cuvette	0.32
le gland	Eichel	words	C1	noun	masculine	gland	0.31
tutoyer	duzen	words	C1	verb		tutoyer	0.31
l' angine	Angina	words	C1	noun	feminine	angine	0.29
antibiotique	antibiotisch	words	C1	adjective		antibiotique	0.29
antimicrobien	antimikrobielle	words	C1	adjective		antimicrobien	0.29
certifier	zusichern	words	C1	verb		certifier	0.29
le ghetto	Getto	words	C1	noun	masculine	ghetto	0.29
le phytoplancton	Phytoplankton	words	C1	noun	masculine	phytoplancton	0.29
prescrire	verschreiben	words	C1	verb		prescrire	0.29
le barman	Barmann	words	C1	noun	masculine	barman	0.29
l' alambic	Alambic	words	C1	noun	masculine	alambic	0.29
l' annulaire	Ringfinger	words	C1	noun	masculine	annulaire	0.29
arroger	anmaßen	words	C1	verb		arroger	0.29
assommer	schlagen	words	C1	verb		assommer	0.29
atypique	atypisch	words	C1	adjective		atypique	0.29
l' authentification	Authentifizierung	words	C1	noun	feminine	authentification	0.29
autobiographique	autobiographisch	words	C1	adjective		autobiographique	0.29
batailler	kämpfen	words	C1	verb		batailler	0.29
birman	birmanisch	words	C1	adjective		birman	0.29
le bitume	Bitumen	words	C1	noun	masculine	bitume	0.29
condenser	kondensieren	words	C1	verb		condenser	0.29
contaminer	anstecken	words	C1	verb		contaminer	0.29
le copyright	Urheberrecht	words	C1	noun	masculine	copyright	0.29
la culbute	Fall	words	C1	noun	feminine	culbute	0.29
la cuve	Bütte	words	C1	noun	feminine	cuve	0.29
la datation	Datierung	words	C1	noun	feminine	datation	0.29
destinataire	Adressat	words	C1	noun		destinataire	0.29
le direct	Live-Schalte	words	C1	noun	masculine	direct	0.29
l' errance	Wanderung	words	C1	noun	feminine	errance	0.29
estampiller	abstempeln	words	C1	verb		estampiller	0.29
le faisceau	Bündel	words	C1	noun	masculine	faisceau	0.29
flexible	biegsam	words	C1	adjective		flexible	0.29
la Girafe	Giraffe	words	C1	noun	feminine	girafe	0.29
hypnotique	hypnotisch	words	C1	adjective		hypnotique	0.29
interdit	verboten	words	C1	adjective		interdit	0.29
laquer	lackieren	words	C1	verb		laquer	0.29
notoire	bekannt	words	C1	adjective		notoire	0.29
l' ossement	Knochen	words	C1	noun	masculine	ossement	0.29
le Paon	Pfau	words	C1	noun	masculine	paon	0.29
la parabole	Parabel	words	C1	noun	feminine	parabole	0.29
le pistachier	Pistazienbaum	words	C1	noun	masculine	pistachier	0.29
plancher	Boden	words	C1	verb	masculine	plancher	0.29
quid	was ist mit	words	C1	pronoun		quid	0.29
scanner	scannen	words	C1	noun		scanner	0.29
le serpentin	Luftschlange	words	C1	noun	masculine	serpentin	0.29
le spectre	Gespenst	words	C1	noun	masculine	spectre	0.29
submerger	eintauchen	words	C1	verb		submerger	0.29
le tampon	Puffer	words	C1	noun	masculine	tampon	0.29
ventiler	lüften	words	C1	verb		ventiler	0.29
le poireau	Lauch	words	C1	noun	masculine	poireau	0.28
l' adjudant	Hauptfeldwebel	words	C1	noun	masculine	adjudant	0.28
contrebandier	Pascher	words	C1	adjective	masculine	contrebandier	0.28
Malaga	Málaga	words	C1	noun		malaga	0.28
le luth	Laute	words	C1	noun	masculine	luth	0.28
droguiste	Drogist	words	C1	noun		droguiste	0.26
le Beaujolais	Beaujolais	words	C1	noun	masculine	beaujolais	0.24
le rivet	Niet	words	C1	noun	masculine	rivet	0.24
la baignade	Bad	words	C1	noun	feminine	baignade	0.23
la lime	Feile	words	C1	noun	feminine	lime	0.22
le verlan	Verlan	words	C1	noun	masculine	verlan	0.22
la joute	Tjost	words	C1	noun	feminine	joute	0.22
le cric	Wagenheber	words	C1	noun	masculine	cric	0.21
l' infirmerie	Revier	words	C1	noun	feminine	infirmerie	0.21
Martien	Marsianer	words	C1	adjective	masculine	martien	0.20
l' octet	Byte	words	C1	noun	masculine	octet	0.20
le transistor	Transistor	words	C1	noun	masculine	transistor	0.20
l' antipathie	Abneigung	words	C1	noun	feminine	antipathie	0.20
bourgmestre	Bürgermeister	words	C1	noun		bourgmestre	0.20
l' empoisonnement	Vergiftung	words	C1	noun	masculine	empoisonnement	0.20
extraterrestre	Alien	words	C1	noun		extraterrestre	0.20
abusif	irrig	words	C1	adjective		abusif	0.20
le camouflage	Tarnung	words	C1	noun	masculine	camouflage	0.20
la carence	Unzulänglichkeit	words	C1	noun	feminine	carence	0.20
le cobaye	Proband	words	C1	noun	masculine	cobaye	0.20
la cuirasse	Kürass	words	C1	noun	feminine	cuirasse	0.20
la directive	Vorgabe	words	C1	noun	feminine	directive	0.20
envisageable	vorstellbar	words	C1	adjective		envisageable	0.20
l' exergue	Motto	words	C1	noun	masculine	exergue	0.20
marteler	hämmern	words	C1	verb		marteler	0.20
miner	minieren	words	C1	verb		miner	0.20
nuisible	schädlich	words	C1	adjective		nuisible	0.20
le pessimisme	Pessimismus	words	C1	noun	masculine	pessimisme	0.20
raccourcir	abkürzen	words	C1	verb		raccourcir	0.20
socialiste	Sozialist	words	C1	noun		socialiste	0.20
la strate	Schicht	words	C1	noun	feminine	strate	0.20
subliminal	unterschwellig	words	C1	adjective		subliminal	0.20
la gemme	Schmuckstein	words	C1	noun	feminine	gemme	0.19
le cendrier	Aschenbecher	words	C1	noun	masculine	cendrier	0.18
inhaler	einatmen	words	C1	verb		inhaler	0.18
le paludisme	Malaria	words	C1	noun	masculine	paludisme	0.18
le Polonais	Pole	words	C1	noun	masculine	polonais	0.18
soit	entweder	words	C1	adverb		soit	0.18
la baignoire	Wanne	words	C1	noun	feminine	baignoire	0.18
farcir	füllen	words	C1	verb		farcir	0.18
la brioche	Brioche	words	C1	noun	feminine	brioche	0.18
senior	Senior	words	C1	adjective		senior	0.18
lyrique	Lyriker	words	C1	adjective	masculine	lyrique	0.17
la citrouille	Kürbis	words	C1	noun	feminine	citrouille	0.15
l' absent	abwesend	words	C1	noun	masculine	absent	0.14
l' accouchement	Geburt	words	C1	noun	masculine	accouchement	0.14
acoustique	Hör	words	C1	noun		acoustique	0.14
additif	Zusatz	words	C1	noun		additif	0.14
admiratif	bewundernd	words	C1	adjective	masculine	admiratif	0.14
agoniser	im Sterben liegen	words	C1	verb		agoniser	0.14
l' ajout	Anbau	words	C1	noun	masculine	ajout	0.14
l' ancrage	Ankerplatz	words	C1	noun	masculine	ancrage	0.14
l' antivol	Fahrradschloss	words	C1	noun	masculine	antivol	0.14
l' anus	Anus	words	C1	noun	masculine	anus	0.14
l' approvisionnement	Versorgung	words	C1	noun	masculine	approvisionnement	0.14
arabique	arabisch	words	C1	adjective		arabique	0.14
arbitraire	Willkür	words	C1	noun		arbitraire	0.14
l' argile	Ton	words	C1	noun	feminine	argile	0.14
l' arrosoir	Gießkanne	words	C1	noun	masculine	arrosoir	0.14
Asiatique	Asiat	words	C1	noun		asiatique	0.14
assyrien	assyrisch	words	C1	adjective	masculine	assyrien	0.14
astreindre	zwingen	words	C1	verb		astreindre	0.14
attaquant	Angreifer	words	C1	adjective	masculine	attaquant	0.14
attiser	schüren	words	C1	verb		attiser	0.14
authentifier	beglaubigen	words	C1	verb		authentifier	0.14
l' autobiographie	Autobiografie	words	C1	noun	feminine	autobiographie	0.14
l' autoradio	Autoradio	words	C1	noun	masculine	autoradio	0.14
avare	Geizhals	words	C1	noun		avare	0.14
la barrette	Birett	words	C1	noun	feminine	barrette	0.14
barricader	verbarrikadieren	words	C1	verb		barricader	0.14
le baume	Trost	words	C1	noun	masculine	baume	0.14
le blanchiment	Weißen	words	C1	noun	masculine	blanchiment	0.14
blet	matschig	words	C1	adjective		blet	0.14
bouder	schmollen	words	C1	verb		bouder	0.14
le bouleau	Birke	words	C1	noun	masculine	bouleau	0.14
le bourdonnement	Summen	words	C1	noun	masculine	bourdonnement	0.14
la bousculade	Hektik	words	C1	noun	feminine	bousculade	0.14
le brai	Pech	words	C1	noun	masculine	brai	0.14
brailler	grölen	words	C1	verb		brailler	0.14
le brandon	Feuerbrand	words	C1	noun	masculine	brandon	0.14
le brasier	Feuerglut	words	C1	noun	masculine	brasier	0.14
buller	faulenzen	words	C1	verb		buller	0.14
bureaucrate	Bürokrat	words	C1	noun		bureaucrate	0.14
le butane	Butan	words	C1	noun	masculine	butane	0.14
calciner	calcin	words	C1	verb		calciner	0.14
la cale	Keil	words	C1	noun	feminine	cale	0.14
calfater	kalfatern	words	C1	verb		calfater	0.14
le cannibale	Kannibale	words	C1	noun	masculine	cannibale	0.14
la caravane	Caravan	words	C1	noun	feminine	caravane	0.14
le cargo	Frachtschiff	words	C1	noun	masculine	cargo	0.14
la cavale	Stute	words	C1	noun	feminine	cavale	0.14
la cession	Zession	words	C1	noun	feminine	cession	0.14
le chardonneret	Stieglitz	words	C1	noun	masculine	chardonneret	0.14
civiliser	zivilisieren	words	C1	verb		civiliser	0.14
le clone	Klon	words	C1	noun	masculine	clone	0.14
la commercialisation	Vermarktung	words	C1	noun	feminine	commercialisation	0.14
le communiant	Kommunikant	words	C1	noun	masculine	communiant	0.14
composter	düngen	words	C1	verb		composter	0.14
concluant	schlüssig	words	C1	adjective		concluant	0.14
concorder	kongruieren	words	C1	verb		concorder	0.14
le confinement	Quarantäne	words	C1	noun	masculine	confinement	0.14
conscient	bewusst	words	C1	noun		conscient	0.14
le constituant	Inhaltsstoff	words	C1	noun	masculine	constituant	0.14
consultable	zugänglich	words	C1	adjective		consultable	0.14
contemplatif	kontemplativ	words	C1	adjective		contemplatif	0.14
la contemplation	Betrachtung	words	C1	noun	feminine	contemplation	0.14
le contresens	Widersinn	words	C1	noun	masculine	contresens	0.14
la convergence	Konvergenz	words	C1	noun	feminine	convergence	0.14
la coquetterie	Koketterie	words	C1	noun	feminine	coquetterie	0.14
cossu	wohlhabend	words	C1	adjective	masculine	cossu	0.14
la couleuvre	Natter	words	C1	noun	feminine	couleuvre	0.14
la coumarine	Cumarin	words	C1	noun	feminine	coumarine	0.14
courbe	krumm	words	C1	adjective		courbe	0.14
le curare	curare	words	C1	noun	masculine	curare	0.14
cycliste	Radlerin	words	C1	adjective		cycliste	0.14
le Cygne	Schwan	words	C1	noun	masculine	cygne	0.14
la dengue	Denguefieber	words	C1	noun	feminine	dengue	0.14
discipliner	disziplinieren	words	C1	verb		discipliner	0.14
diurne	tagaktiv	words	C1	adjective		diurne	0.14
dramatiquement	dramatisch	words	C1	adverb		dramatiquement	0.14
la dysenterie	Ruhr	words	C1	noun	feminine	dysenterie	0.14
l' encablure	kabellänge	words	C1	noun	feminine	encablure	0.14
encourageant	ermutigend	words	C1	adjective		encourageant	0.14
enjoindre	anweisen, fordern, verlangen, befehlen	words	C1	verb		enjoindre	0.14
entomologiste	Entomologe	words	C1	noun		entomologiste	0.14
l' entrailles	Leib	words	C1	noun	feminine	entrailles	0.14
l' envergure	Ausmaß	words	C1	noun	feminine	envergure	0.14
environ	ungefähr	words	C1	noun		environ	0.14
essorer	auswringen	words	C1	verb		essorer	0.14
existentiel	existenziell	words	C1	adjective	masculine	existentiel	0.14
le farceur	Schelm	words	C1	noun	masculine	farceur	0.14
la fermentation	Gärung	words	C1	noun	feminine	fermentation	0.14
le filigrane	Filigran	words	C1	noun	masculine	filigrane	0.14
le firmament	Feste	words	C1	noun	masculine	firmament	0.14
flemmarder	faulenzen	words	C1	verb		flemmarder	0.14
le fluide	Flüssigkeit	words	C1	noun	masculine	fluide	0.14
la foulque	Blesshuhn	words	C1	noun	feminine	foulque	0.14
la fraude	Betrug	words	C1	noun	feminine	fraude	0.14
fulminer	wüten	words	C1	verb		fulminer	0.14
furtif	flüchtig	words	C1	adjective		furtif	0.14
le gazole	Diesel	words	C1	noun	masculine	gazole	0.14
le gravats	Bauschutt	words	C1	noun	masculine	gravats	0.14
griffer	ritzen	words	C1	verb		griffer	0.14
haineux	boshaft	words	C1	adjective		haineux	0.14
l' hargne	Streitsucht	words	C1	noun	feminine	hargne	0.14
l' heurtoir	Nase	words	C1	noun	masculine	heurtoir	0.14
l' hic	Haken	words	C1	noun	masculine	hic	0.14
homo	Homo	words	C1	noun		homo	0.14
l' hooligan	Hooligan	words	C1	noun	masculine	hooligan	0.14
l' houlette	Hirtenstab	words	C1	noun	feminine	houlette	0.14
huileux	ölig	words	C1	adjective		huileux	0.14
humaniser	menscheln	words	C1	verb		humaniser	0.14
hybride	hybrid	words	C1	adjective		hybride	0.14
hydrodynamique	Fluiddynamik	words	C1	adjective	feminine	hydrodynamique	0.14
l' indulgence	Ablass	words	C1	noun	feminine	indulgence	0.14
l' inertie	Trägheit	words	C1	noun	feminine	inertie	0.14
infuser	ziehen	words	C1	verb		infuser	0.14
l' innocence	Unschuld	words	C1	noun	feminine	innocence	0.14
inoffensif	sicher	words	C1	adjective		inoffensif	0.14
internationaliser	internationalisieren	words	C1	verb		internationaliser	0.14
l' interrupteur	Schalter	words	C1	noun	masculine	interrupteur	0.14
l' intumescence	Intumeszenz	words	C1	noun	feminine	intumescence	0.14
ionique	ionisch	words	C1	adjective		ionique	0.14
ivoirien	ivorisch	words	C1	adjective		ivoirien	0.14
journalier	täglich	words	C1	adjective	masculine	journalier	0.14
le Juif	Jude	words	C1	noun	masculine	juif	0.14
le labdanum	Labdanum	words	C1	noun	masculine	labdanum	0.14
la lassitude	Müdigkeit	words	C1	noun	feminine	lassitude	0.14
le latex	Latex	words	C1	noun	masculine	latex	0.14
la lingerie	Wäsche	words	C1	noun	feminine	lingerie	0.14
lisible	lesbar	words	C1	adjective		lisible	0.14
la localisation	Ortsbestimmung	words	C1	noun	feminine	localisation	0.14
la lotion	Lotion	words	C1	noun	feminine	lotion	0.14
le lubrifiant	Gleitmittel	words	C1	noun	masculine	lubrifiant	0.14
le malgache	Malagasy	words	C1	noun	masculine	malgache	0.14
la Marguerite	Grete	words	C1	noun	feminine	marguerite	0.14
mental	geistig	words	C1	noun		mental	0.14
la microscopie	Mikroskopie	words	C1	noun	feminine	microscopie	0.14
la microseconde	Mikrosekunde	words	C1	noun	feminine	microseconde	0.14
la miniature	Miniatur	words	C1	noun	feminine	miniature	0.14
minimiser	kleinreden	words	C1	verb		minimiser	0.14
misogyne	misogyn	words	C1	noun		misogyne	0.14
la moelle	Mark	words	C1	noun	feminine	moelle	0.14
morbide	morbid	words	C1	adjective		morbide	0.14
morne	düster	words	C1	adjective		morne	0.14
morphologiquement	morfologisch	words	C1	adverb		morphologiquement	0.14
moteur	Triebwerk	words	C1	adjective	masculine	moteur	0.14
la mousson	Monsun	words	C1	noun	feminine	mousson	0.14
la myriade	Unzahl	words	C1	noun	feminine	myriade	0.14
le nectar	Nektar	words	C1	noun	masculine	nectar	0.14
la neurobiologie	Neurobiologie	words	C1	noun	feminine	neurobiologie	0.14
la neurologie	Neurologie	words	C1	noun	feminine	neurologie	0.14
niais	albern	words	C1	adjective		niais	0.14
nicher	hausen	words	C1	verb		nicher	0.14
nordique	nordisch	words	C1	adjective		nordique	0.14
la nouba	Musikfest	words	C1	noun	feminine	nouba	0.14
oculaire	Okular	words	C1	adjective	masculine	oculaire	0.14
odorant	duftend	words	C1	adjective		odorant	0.14
omettre	auslassen	words	C1	verb		omettre	0.14
oriental	Ost	words	C1	noun		oriental	0.14
pallier	lindern	words	C1	verb		pallier	0.14
le papyrus	Papyrus	words	C1	noun	masculine	papyrus	0.14
le parchemin	Pergament	words	C1	noun	masculine	parchemin	0.14
le patchouli	Patschuli	words	C1	noun	masculine	patchouli	0.14
le pictogramme	Piktogramm	words	C1	noun	masculine	pictogramme	0.14
pie	fromm	words	C1	adjective	feminine	pie	0.14
le plasma	Plasma	words	C1	noun	masculine	plasma	0.14
plumer	rupfen	words	C1	verb		plumer	0.14
le pochoir	Schablone	words	C1	noun	masculine	pochoir	0.14
la poix	Pech	words	C1	noun	feminine	poix	0.14
le polyester	Polyester	words	C1	noun	masculine	polyester	0.14
le pore	Pore	words	C1	noun	masculine	pore	0.14
la poupe	Heck	words	C1	noun	feminine	poupe	0.14
primitif	primitiv	words	C1	noun		primitif	0.14
printanier	Frühlings	words	C1	adjective		printanier	0.14
productif	produktiv	words	C1	adjective		productif	0.14
le propane	Propan	words	C1	noun	masculine	propane	0.14
la radiologie	Radiologie	words	C1	noun	feminine	radiologie	0.14
le rameau	Zweig	words	C1	noun	masculine	rameau	0.14
rebeller	aufbegehren	words	C1	verb		rebeller	0.14
réformer	bessern	words	C1	verb		reformer	0.14
le relent	Brodem	words	C1	noun	masculine	relent	0.14
la reptation	Kriechen	words	C1	noun	feminine	reptation	0.14
la revente	Weiterverkauf	words	C1	noun	feminine	revente	0.14
rincer	spülen	words	C1	verb		rincer	0.14
la riposte	Riposte	words	C1	noun	feminine	riposte	0.14
le sarcophage	Sarkophag	words	C1	noun	masculine	sarcophage	0.14
saturer	sättigen	words	C1	verb		saturer	0.14
scarifier	ritzen	words	C1	verb		scarifier	0.14
le scooter	Motorroller	words	C1	noun	masculine	scooter	0.14
le score	Score	words	C1	noun	masculine	score	0.14
secouriste	Sanitäter	words	C1	noun		secouriste	0.14
sordide	dreckig	words	C1	adjective		sordide	0.14
soul	betrunken	words	C1	adjective		soul	0.14
sporadique	sporadisch	words	C1	adjective		sporadique	0.14
stabiliser	stabilisieren	words	C1	verb		stabiliser	0.14
le stigmate	Stigma	words	C1	noun	masculine	stigmate	0.14
le stockage	Lagerung	words	C1	noun	masculine	stockage	0.14
stopper	stilllegen	words	C1	verb		stopper	0.14
la subsistance	Lebensunterhalt	words	C1	noun	feminine	subsistance	0.14
suicidaire	lebensmüde	words	C1	adjective		suicidaire	0.14
supraconducteur	supraleitend	words	C1	noun		supraconducteur	0.14
la synergie	Synergie	words	C1	noun	feminine	synergie	0.14
tacitement	stillschweigend	words	C1	adverb		tacitement	0.14
tentacule	Fangarm	words	C1	noun		tentacule	0.14
la tige	Halm	words	C1	noun	feminine	tige	0.14
la toxicologie	Giftlehre	words	C1	noun	feminine	toxicologie	0.14
transposer	transponieren	words	C1	verb		transposer	0.14
la tumeur	Tumor	words	C1	noun	feminine	tumeur	0.14
la turbulence	Turbulenz	words	C1	noun	feminine	turbulence	0.14
l' usurpation	Führung	words	C1	noun	feminine	usurpation	0.14
utilisable	nutzbar	words	C1	adjective		utilisable	0.14
utilitariste	utilitaristisch	words	C1	adjective		utilitariste	0.14
vaporiser	sprayen	words	C1	verb		vaporiser	0.14
le veinard	Glückskind	words	C1	noun	masculine	veinard	0.14
la vibration	Vibration	words	C1	noun	feminine	vibration	0.14
visionnaire	visionär	words	C1	adjective		visionnaire	0.14
le visiophone	Bildtelefon	words	C1	noun	masculine	visiophone	0.14
volatil	flüchtig	words	C1	adjective		volatil	0.14
la vulcanisation	Vulkanisation	words	C1	noun	feminine	vulcanisation	0.14
zen	Zen	words	C1	adjective	masculine	zen	0.14
zoner	zonieren	words	C1	verb		zoner	0.14
la droguerie	Drogerie	words	C1	noun	feminine	droguerie	0.14
nain	Zwerg	words	C1	noun		nain	0.14
la chouette	Eule	words	C1	noun	feminine	chouette	0.14
la forge	Schmiede	words	C1	noun	feminine	forge	0.14
moqueur	spöttisch	words	C1	noun		moqueur	0.14
le rabot	Hobel	words	C1	noun	masculine	rabot	0.14
complimenter	beglückwünschen	words	C1	verb		complimenter	0.13
grief	Beschwerde	words	C1	adjective	masculine	grief	0.13
le griot	Griot	words	C1	noun	masculine	griot	0.13
importun	lästig	words	C1	adjective		importun	0.13
l' insomnie	Insomnie	words	C1	noun	feminine	insomnie	0.13
le macaque	Makak	words	C1	noun	masculine	macaque	0.13
redevable	schuldig	words	C1	adjective		redevable	0.13
la redevance	Abgabe	words	C1	noun	feminine	redevance	0.13
ringard	miserabel	words	C1	adjective		ringard	0.13
le rouleur	Fahrer	words	C1	noun	masculine	rouleur	0.13
la sonde	Lot	words	C1	noun	feminine	sonde	0.13
le tireur	Zieher	words	C1	noun	masculine	tireur	0.13
le tonus	Tonus	words	C1	noun	masculine	tonus	0.13
verrier	Glasmacher	words	C1	adjective	masculine	verrier	0.13
adoucir	dämpfen	words	C1	verb		adoucir	0.13
le cormoran	Kormoran	words	C1	noun	masculine	cormoran	0.13
le croyant	Gläubige	words	C1	noun	masculine	croyant	0.13
le franglais	Franglisch	words	C1	noun	masculine	franglais	0.13
la gaffe	Fehler	words	C1	noun	feminine	gaffe	0.13
le gnome	Gnom	words	C1	noun	masculine	gnome	0.13
le messager	Bote	words	C1	noun	masculine	messager	0.13
la succursale	Filiale	words	C1	noun	feminine	succursale	0.13
le pachyderme	Dickhäuter	words	C1	noun	masculine	pachyderme	0.13
l' affirmation	Affirmation	words	C1	noun	feminine	affirmation	0.12
anglais	Englisch	words	C1	noun		anglais	0.12
barbare	barbarisch	words	C1	adjective		barbare	0.12
chronologique	zeitlich	words	C1	adjective		chronologique	0.12
la cicatrice	Narbe	words	C1	noun	feminine	cicatrice	0.12
la coalition	Koalition	words	C1	noun	feminine	coalition	0.12
le Finnois	Finne	words	C1	noun	masculine	finnois	0.12
le frisbee	Frisbee	words	C1	noun	masculine	frisbee	0.12
l' inhalation	Lungenzug	words	C1	noun	feminine	inhalation	0.12
le jargon	Slang	words	C1	noun	masculine	jargon	0.12
le loucherbem	Metzgersprache	words	C1	noun	masculine	loucherbem	0.12
le plantigrade	Sohlengänger	words	C1	noun	masculine	plantigrade	0.12
le rugby	Rugby	words	C1	noun	masculine	rugby	0.12
la suffisance	Süffisanz	words	C1	noun	feminine	suffisance	0.12
la synchronisation	Synchronisation	words	C1	noun	feminine	synchronisation	0.12
le syndrome	Syndrom	words	C1	noun	masculine	syndrome	0.12
la mante	Fangschrecke	words	C1	noun	feminine	mante	0.12
le pat	Patt	words	C1	noun	masculine	pat	0.12
bancal	krumm	words	C1	adjective		bancal	0.12
la blancheur	Weißheit	words	C1	noun	feminine	blancheur	0.12
racketter	erpressen	words	C1	verb		racketter	0.12
l' escorte	Eskorte	words	C1	noun	feminine	escorte	0.12
le valet	Bube	words	C1	noun	masculine	valet	0.12
le bizutage	Gautschen	words	C1	noun	masculine	bizutage	0.12
le bouddhisme	Buddhismus	words	C1	noun	masculine	bouddhisme	0.12
le boulon	Bolzen	words	C1	noun	masculine	boulon	0.12
cliquer	klicken	words	C1	verb		cliquer	0.12
la nosographie	Nosographie	words	C1	noun	feminine	nosographie	0.12
la recharge	Nachfüllung	words	C1	noun	feminine	recharge	0.12
le sourd	Taube	words	C1	noun	masculine	sourd	0.12
argentin	argentinisch	words	C1	adjective	masculine	argentin	0.12
la sauterelle	Grashüpfer	words	C1	noun	feminine	sauterelle	0.11
le Scorpion	Skorpion	words	C1	noun	masculine	scorpion	0.11
la trappe	Falltür	words	C1	noun	feminine	trappe	0.11
borgne	Einäugiger	words	C1	noun		borgne	0.11
la broussaille	Dickicht	words	C1	noun	feminine	broussaille	0.11
concis	kurz	words	C1	adjective		concis	0.11
la croupe	Kruppe	words	C1	noun	feminine	croupe	0.11
l' espingole	Stußer	words	C1	noun	feminine	espingole	0.11
lasser	ermüden	words	C1	verb		lasser	0.11
l' Irlandais	Ire	words	C1	noun	masculine	irlandais	0.11
aigre	herb	words	C1	adjective		aigre	0.11
la dune	Düne	words	C1	noun	feminine	dune	0.11
l' hortensia	Hortensie	words	C1	noun	masculine	hortensia	0.11
narcissique	Narzisst	words	C1	noun		narcissique	0.11
le requin	Hai	words	C1	noun	masculine	requin	0.11
le bagne	Strafkolonie	words	C1	noun	masculine	bagne	0.10
le chevet	Kopfende	words	C1	noun	masculine	chevet	0.10
presbyte	weitsichtig	words	C1	noun		presbyte	0.10
l' anatomie	Anatomie	words	C1	noun	feminine	anatomie	0.10
l' aqueduc	Aquädukt	words	C1	noun	masculine	aqueduc	0.10
le fondeur	Gießer	words	C1	noun	masculine	fondeur	0.10
le rouget	Knurrhahn	words	C1	noun	masculine	rouget	0.10
la scie	Säge	words	C1	noun	feminine	scie	0.10
la tringle	Stange	words	C1	noun	feminine	tringle	0.10
le carreau	Karo	words	C1	noun	masculine	carreau	0.10
le talus	Böschung	words	C1	noun	masculine	talus	0.10
l' abomination	Gräuel	words	C1	noun	feminine	abomination	0.10
abordable	leistbar	words	C1	adjective		abordable	0.10
abroger	kassieren	words	C1	verb		abroger	0.10
l' agresseur	Aggressor	words	C1	noun	masculine	agresseur	0.10
agronome	Agronom	words	C1	noun		agronome	0.10
l' agronomie	Agronomie	words	C1	noun	feminine	agronomie	0.10
amadouer	schmeicheln	words	C1	verb		amadouer	0.10
l' amplificateur	Verstärker	words	C1	noun	masculine	amplificateur	0.10
l' arrangement	Anordnung	words	C1	noun	masculine	arrangement	0.10
l' aspirant	Aspirant	words	C1	noun	masculine	aspirant	0.10
assigner	anweisen	words	C1	verb		assigner	0.10
l' aval	Aval	words	C1	noun	masculine	aval	0.10
la blennorragie	Tripper	words	C1	noun	feminine	blennorragie	0.10
le bulldozer	Schubraupe	words	C1	noun	masculine	bulldozer	0.10
cadenasser	mit einem Vorhängeschloss verschließen	words	C1	verb		cadenasser	0.10
carnivore	fleischfressend	words	C1	adjective		carnivore	0.10
cataloguer	katalogisieren	words	C1	verb		cataloguer	0.10
ci	hier	words	C1	adverb		ci	0.10
clarifier	klären	words	C1	verb		clarifier	0.10
collecter	sammeln	words	C1	verb		collecter	0.10
la confrontation	Konfrontation	words	C1	noun	feminine	confrontation	0.10
la Constance	Konstanz	words	C1	noun	feminine	constance	0.10
la coqueluche	Schwarm	words	C1	noun	feminine	coqueluche	0.10
le destructeur	Zerstörer	words	C1	noun	masculine	destructeur	0.10
discal	Bandscheibe	words	C1	adjective		discal	0.10
la dissolution	Lösung	words	C1	noun	feminine	dissolution	0.10
dramatiser	dramatisieren	words	C1	verb		dramatiser	0.10
enfler	aufblasen	words	C1	verb		enfler	0.10
l' engrenage	Getriebe	words	C1	noun	masculine	engrenage	0.10
l' ensemencement	Impfung	words	C1	noun	masculine	ensemencement	0.10
exigible	fällig	words	C1	adjective		exigible	0.10
la ferveur	Eifer	words	C1	noun	feminine	ferveur	0.10
fictif	fiktiv	words	C1	adjective		fictif	0.10
le frondeur	Schleuderer	words	C1	noun	masculine	frondeur	0.10
homologuer	anerkennen	words	C1	verb		homologuer	0.10
l' hybridation	Bastardierung	words	C1	noun	feminine	hybridation	0.10
iconoclaste	Ikonoklast	words	C1	adjective		iconoclaste	0.10
l' idiosyncrasie	Idiosynkrasie	words	C1	noun	feminine	idiosyncrasie	0.10
illico	sogleich	words	C1	adverb		illico	0.10
imaginable	erdenklich	words	C1	adjective		imaginable	0.10
immigrant	Immigrant	words	C1	adjective	masculine	immigrant	0.10
inabordable	unerschwinglich	words	C1	adjective		inabordable	0.10
inapte	untüchtig	words	C1	adjective		inapte	0.10
l' industrialisation	Industrialisierung	words	C1	noun	feminine	industrialisation	0.10
inefficace	unwirksam	words	C1	adjective		inefficace	0.10
l' inflammation	Entzündung	words	C1	noun	feminine	inflammation	0.10
informationnel	informationell	words	C1	adjective	masculine	informationnel	0.10
infrarouge	thermische Strahlung	words	C1	adjective	masculine	infrarouge	0.10
l' intrusion	Intrusion	words	C1	noun	feminine	intrusion	0.10
jongler	denken	words	C1	verb		jongler	0.10
judicieusement	gescheit	words	C1	adverb		judicieusement	0.10
loquace	gesprächig	words	C1	adjective		loquace	0.10
louable	löblich	words	C1	adjective		louable	0.10
le maillage	Masche	words	C1	noun	masculine	maillage	0.10
maladroitement	ungeschickt	words	C1	adverb		maladroitement	0.10
mauvais	schlecht	words	C1	adverb		mauvais	0.10
le Mentor	Mentor	words	C1	noun	masculine	mentor	0.10
missionnaire	Missionar	words	C1	noun		missionnaire	0.10
la modernisation	Modernisierung	words	C1	noun	feminine	modernisation	0.10
monarchique	monarchisch	words	C1	adjective		monarchique	0.10
la nomenclature	Nomenklatur	words	C1	noun	feminine	nomenclature	0.10
le nutriment	Nährstoff	words	C1	noun	masculine	nutriment	0.10
opportun	bequem	words	C1	adjective	masculine	opportun	0.10
l' otite	Otitis	words	C1	noun	feminine	otite	0.10
pakistanais	pakistanisch	words	C1	adjective	masculine	pakistanais	0.10
le paradigme	Paradigma	words	C1	noun	masculine	paradigme	0.10
le pelletier	Kürschner	words	C1	noun	masculine	pelletier	0.10
pernicieux	asozial	words	C1	adjective		pernicieux	0.10
pesant	schwer	words	C1	adjective		pesant	0.10
le populisme	Populismus	words	C1	noun	masculine	populisme	0.10
pressentir	ahnen	words	C1	verb		pressentir	0.10
la profusion	Menge	words	C1	noun	feminine	profusion	0.10
pronostiquer	prognostizieren	words	C1	verb		pronostiquer	0.10
la prostate	Prostata	words	C1	noun	feminine	prostate	0.10
le purgatoire	Fegefeuer	words	C1	noun	masculine	purgatoire	0.10
qualitatif	qualitativ	words	C1	adjective		qualitatif	0.10
le recensement	Inventur	words	C1	noun	masculine	recensement	0.10
la relecture	Prüfung	words	C1	noun	feminine	relecture	0.10
le renoncement	Verzicht	words	C1	noun	masculine	renoncement	0.10
le sarcasme	Sarkasmus	words	C1	noun	masculine	sarcasme	0.10
stigmatiser	brandmarken	words	C1	verb		stigmatiser	0.10
le subterfuge	Ausrede	words	C1	noun	masculine	subterfuge	0.10
le surinvestissement	Überinvestition	words	C1	noun	masculine	surinvestissement	0.10
tabou	Tabu	words	C1	adjective		tabou	0.10
le totalitarisme	Totalitarismus	words	C1	noun	masculine	totalitarisme	0.10
la toxicomanie	Drogensucht	words	C1	noun	feminine	toxicomanie	0.10
le tracas	Ärger	words	C1	noun	masculine	tracas	0.10
traire	melken	words	C1	verb		traire	0.10
Trente	Trient	words	C1	noun		trente	0.10
utilisateur	Benutzer	words	C1	adjective	masculine	utilisateur	0.10
la vessie	Blase	words	C1	noun	feminine	vessie	0.10
vicier	verderben	words	C1	verb		vicier	0.10
la vigie	Mastwache	words	C1	noun	feminine	vigie	0.10
acrobatique	akrobatisch	words	C1	adjective		acrobatique	0.09
le castor	Biber	words	C1	noun	masculine	castor	0.09
entreprenant	galant	words	C1	adjective		entreprenant	0.09
la lande	Heide	words	C1	noun	feminine	lande	0.09
moche	hässlich	words	C1	adjective		moche	0.09
albinos	Weißling	words	C1	noun		albinos	0.09
ananas	Ananas	words	C1	noun		ananas	0.09
le boudin	Blutwurst	words	C1	noun	masculine	boudin	0.09
le brumaire	Brumaire	words	C1	noun	masculine	brumaire	0.09
le dinar	Dinar	words	C1	noun	masculine	dinar	0.09
extra	extra	words	C1	adjective		extra	0.09
hivernal	winterlich	words	C1	adjective		hivernal	0.09
l' insolation	Sonnenstich	words	C1	noun	feminine	insolation	0.09
le matelot	Matrose	words	C1	noun	masculine	matelot	0.09
la mayonnaise	Majonäse	words	C1	noun	feminine	mayonnaise	0.09
la mie	Krume	words	C1	noun	feminine	mie	0.09
le peloton	Zug	words	C1	noun	masculine	peloton	0.09
le prospectus	Prospekt	words	C1	noun	masculine	prospectus	0.09
le squash	Squash	words	C1	noun	masculine	squash	0.09
tirer	schießen	words	C1	noun		tirer	0.09
la chenille	Raupe	words	C1	noun	feminine	chenille	0.09
le cordonnier	Schuster	words	C1	noun	masculine	cordonnier	0.09
engraisser	düngen	words	C1	verb		engraisser	0.09
malin	bösartig	words	C1	noun		malin	0.09
le naturalisme	Naturalismus	words	C1	noun	masculine	naturalisme	0.09
la gazette	Gazette	words	C1	noun	feminine	gazette	0.09
le paratonnerre	Blitzableiter	words	C1	noun	masculine	paratonnerre	0.09
le clochard	Penner	words	C1	noun	masculine	clochard	0.09
contrevenir	entgegenwirken	words	C1	verb		contrevenir	0.09
adaptable	anpassbar	words	C1	adjective		adaptable	0.08
l' avalanche	Lawine	words	C1	noun	feminine	avalanche	0.08
le compost	Kompost	words	C1	noun	masculine	compost	0.08
endommager	schaden	words	C1	verb		endommager	0.08
flic	Bulle	words	C1	noun		flic	0.08
l' hameau	Weiler	words	C1	noun	masculine	hameau	0.08
subitement	plötzlich	words	C1	adverb		subitement	0.08
ample	weit	words	C1	adjective		ample	0.08
la broderie	Sticken	words	C1	noun	feminine	broderie	0.08
cavalier	Hofkarte	words	C1	adjective	masculine	cavalier	0.08
la duchesse	Herzogin	words	C1	noun	feminine	duchesse	0.08
le justaucorps	Wams	words	C1	noun	masculine	justaucorps	0.08
le monarque	Monarch	words	C1	noun	masculine	monarque	0.08
la pistole	Pistole	words	C1	noun	feminine	pistole	0.08
le craquement	Knacken	words	C1	noun	masculine	craquement	0.07
le salaud	Mistkerl	words	C1	noun	masculine	salaud	0.07
brut	roh	words	C1	adjective	masculine	brut	0.07
la complaisance	Freundlichkeit	words	C1	noun	feminine	complaisance	0.07
indicateur	Kennzahl	words	C1	adjective	masculine	indicateur	0.07
la morgue	Leichenhaus	words	C1	noun	feminine	morgue	0.07
le prompteur	Prompter	words	C1	noun	masculine	prompteur	0.07
la vermine	Ungeziefer	words	C1	noun	feminine	vermine	0.07
le gravier	Grus	words	C1	noun	masculine	gravier	0.07
lugubre	gruselig	words	C1	adjective		lugubre	0.07
la massue	Keule	words	C1	noun	feminine	massue	0.07
le radium	Radium	words	C1	noun	masculine	radium	0.07
le rubis	Rubin	words	C1	noun	masculine	rubis	0.07
la Sophie	Sofia	words	C1	noun	feminine	sophie	0.07
l' hareng	Hering	words	C1	noun	masculine	hareng	0.07
le baobab	Baobab	words	C1	noun	masculine	baobab	0.07
la farandole	Farandole	words	C1	noun	feminine	farandole	0.07
abyssal	abgrundtief	words	C1	adjective		abyssal	0.07
l' acompte	Anzahlung	words	C1	noun	masculine	acompte	0.07
l' allergie	Allergie	words	C1	noun	feminine	allergie	0.07
anecdotique	anekdotisch	words	C1	adjective		anecdotique	0.07
apocryphe	apokryph	words	C1	adjective		apocryphe	0.07
l' astrologie	Astrologie	words	C1	noun	feminine	astrologie	0.07
atroce	grausam	words	C1	adjective		atroce	0.07
aucunement	keineswegs	words	C1	adverb		aucunement	0.07
aviver	beleben	words	C1	verb		aviver	0.07
la baise	Fick	words	C1	noun	feminine	baise	0.07
le bang	Bong	words	C1	noun	masculine	bang	0.07
le basalte	Basalt	words	C1	noun	masculine	basalte	0.07
le bombardement	Bombardement	words	C1	noun	masculine	bombardement	0.07
le booster	Schub	words	C1	noun	masculine	booster	0.07
le brunch	Brunch	words	C1	noun	masculine	brunch	0.07
le buis	Buchs	words	C1	noun	masculine	buis	0.07
le calcium	Calcium	words	C1	noun	masculine	calcium	0.07
la canine	Eckzahn	words	C1	noun	feminine	canine	0.07
la capitalisation	Kapitalisierung	words	C1	noun	feminine	capitalisation	0.07
carotte	Bohrkern	words	C1	adjective	feminine	carotte	0.07
la carpe	Karpfen	words	C1	noun	feminine	carpe	0.07
cercler	binden	words	C1	verb		cercler	0.07
le chaos	Chaos	words	C1	noun	masculine	chaos	0.07
le chapelain	Kaplan	words	C1	noun	masculine	chapelain	0.07
le chariot	Hund	words	C1	noun	masculine	chariot	0.07
la chrysalide	Puppe	words	C1	noun	feminine	chrysalide	0.07
ciao	tschau	phrases	C1	interjection		ciao	0.07
clocher	Kirchturm	words	C1	verb	masculine	clocher	0.07
le cloporte	Landassel	words	C1	noun	masculine	cloporte	0.07
le cochonnet	Ferkel	words	C1	noun	masculine	cochonnet	0.07
le coco	Roter	words	C1	noun	masculine	coco	0.07
le collage	Kleben	words	C1	noun	masculine	collage	0.07
commode	bequem	words	C1	adjective		commode	0.07
la complies	Komplet	words	C1	noun	feminine	complies	0.07
la compote	Kompott	words	C1	noun	feminine	compote	0.07
la connerie	Quatsch	words	C1	noun	feminine	connerie	0.07
le consentement	Konsens	words	C1	noun	masculine	consentement	0.07
le contempteur	Verächter	words	C1	noun	masculine	contempteur	0.07
la coque	Kogge	words	C1	noun	feminine	coque	0.07
le cormier	Speierling	words	C1	noun	masculine	cormier	0.07
le coutelier	Messerschmied	words	C1	noun	masculine	coutelier	0.07
le cramique	Rosinenbrot	words	C1	noun	masculine	cramique	0.07
le crédo	Credo	words	C1	noun	masculine	credo	0.07
dispos	munter	words	C1	adjective		dispos	0.07
la doctoresse	Ärztin	words	C1	noun	feminine	doctoresse	0.07
dompter	zähmen	words	C1	verb		dompter	0.07
la dopamine	Dopamin	words	C1	noun	feminine	dopamine	0.07
l' emmerdeur	Langweiler	words	C1	noun	masculine	emmerdeur	0.07
l' empathie	Empathie	words	C1	noun	feminine	empathie	0.07
encombrant	Sperrmüll	words	C1	adjective	masculine	encombrant	0.07
esse	es	words	C1	noun		esse	0.07
estropier	verstümmeln	words	C1	verb		estropier	0.07
l' ethnocentrisme	ethnozentrismus	words	C1	noun	masculine	ethnocentrisme	0.07
fortuit	zufällig	words	C1	adjective		fortuit	0.07
foutre	Wichse	words	C1	adverb	masculine	foutre	0.07
frauduleux	unlauter	words	C1	adjective		frauduleux	0.07
gastrique	gastrisch	words	C1	adjective		gastrique	0.07
la glaise	Lehm	words	C1	noun	feminine	glaise	0.07
gueuler	wettern	words	C1	verb		gueuler	0.07
l' halo	Halo	words	C1	noun	masculine	halo	0.07
l' homonyme	Namensvetter	words	C1	noun	masculine	homonyme	0.07
l' horde	Horde	words	C1	noun	feminine	horde	0.07
l' huissier	Gerichtsvollzieher	words	C1	noun	masculine	huissier	0.07
indigent	Bedürftiger	words	C1	adjective	masculine	indigent	0.07
infructueux	erfolglos	words	C1	adjective		infructueux	0.07
inhospitalier	ungastlich	words	C1	adjective		inhospitalier	0.07
inox	Edelstahl	words	C1	adjective	masculine	inox	0.07
insomniaque	schlaflos	words	C1	noun		insomniaque	0.07
instrumentaliser	instrumentalisieren	words	C1	verb		instrumentaliser	0.07
l' irritation	Hautausschlag	words	C1	noun	feminine	irritation	0.07
jaser	lästern	words	C1	verb		jaser	0.07
le joint	Tüte	words	C1	noun	masculine	joint	0.07
la jouissance	Genuss	words	C1	noun	feminine	jouissance	0.07
le jumelage	Städtepartnerschaft	words	C1	noun	masculine	jumelage	0.07
laminer	laminieren	words	C1	verb		laminer	0.07
le lancer	Wurf	words	C1	noun	masculine	lancer	0.07
la lapalissade	Binsenweisheit	words	C1	noun	feminine	lapalissade	0.07
le lest	Ballast	words	C1	noun	masculine	lest	0.07
la literie	Bettzeug	words	C1	noun	feminine	literie	0.07
locatif	Lokativ	words	C1	adjective	masculine	locatif	0.07
la loque	Wrack	words	C1	noun	feminine	loque	0.07
la mairesse	Bürgermeisterin	words	C1	noun	feminine	mairesse	0.07
malveillant	böswillig	words	C1	adjective		malveillant	0.07
le maquisard	Partisan	words	C1	noun	masculine	maquisard	0.07
le marinier	Schiffer	words	C1	noun	masculine	marinier	0.07
maussade	trüb	words	C1	adjective		maussade	0.07
Maxime	Maxim	words	C1	noun		maxime	0.07
museler	einen Maulkorb anlegen	words	C1	verb		museler	0.07
la nef	Schiff	words	C1	noun	feminine	nef	0.07
le noyau	Kern	words	C1	noun	masculine	noyau	0.07
l' obstination	Eigensinn	words	C1	noun	feminine	obstination	0.07
octroyer	gewähren	words	C1	verb		octroyer	0.07
l' ocytocine	Ocytocin	words	C1	noun	feminine	ocytocine	0.07
ordinairement	generell	words	C1	adverb		ordinairement	0.07
original	eigentümlich	words	C1	noun		original	0.07
papoter	plaudern	words	C1	verb		papoter	0.07
le pardessus	Übermantel	words	C1	noun	masculine	pardessus	0.07
le parmesan	Parmesan	words	C1	noun	masculine	parmesan	0.07
passif	passiv	words	C1	noun		passif	0.07
le penny	Penny	words	C1	noun	masculine	penny	0.07
perforer	durchbohren	words	C1	verb		perforer	0.07
le piaf	Spatz	words	C1	noun	masculine	piaf	0.07
piaffer	stampfen	words	C1	verb		piaffer	0.07
plaquer	hinschmeißen	words	C1	verb		plaquer	0.07
le plutonium	Plutonium	words	C1	noun	masculine	plutonium	0.07
le poissonnier	Fischhändler	words	C1	noun	masculine	poissonnier	0.07
le positif	positiv	words	C1	noun	masculine	positif	0.07
le potassium	Kalium	words	C1	noun	masculine	potassium	0.07
la praline	Praline	words	C1	noun	feminine	praline	0.07
la profanation	Profanierung	words	C1	noun	feminine	profanation	0.07
le prometteur	aussichtsreich	words	C1	noun	masculine	prometteur	0.07
proroger	verlängern	words	C1	verb		proroger	0.07
le psychotrope	Psychotrop	words	C1	noun	masculine	psychotrope	0.07
le puisatier	Brunnenbauer	words	C1	noun	masculine	puisatier	0.07
putain	Hure	words	C1	noun		putain	0.07
railler	machen	words	C1	verb		railler	0.07
la ratatouille	Ratatouille	words	C1	noun	feminine	ratatouille	0.07
la reconstruction	Wiederaufbau	words	C1	noun	feminine	reconstruction	0.07
resurgir	erneut auftauchen	words	C1	verb		resurgir	0.07
Rom	Rom	words	C1	noun		rom	0.07
ronchon	brummig	words	C1	noun		ronchon	0.07
le rosbif	Roastbeef	words	C1	noun	masculine	rosbif	0.07
le roulis	Rollen	words	C1	noun	masculine	roulis	0.07
le Roumain	Rumäne	words	C1	noun	masculine	roumain	0.07
le sablage	Sandstreuen	words	C1	noun	masculine	sablage	0.07
serviable	hilfreich	words	C1	adjective		serviable	0.07
six	Sechs	words	C1	noun		six	0.07
la soldate	Soldatin	words	C1	noun	feminine	soldate	0.07
standard	stinknormal	words	C1	adjective		standard	0.07
le synonyme	Synonym	words	C1	noun	masculine	synonyme	0.07
tanner	lohen	words	C1	verb		tanner	0.07
teindre	tönen	words	C1	verb		teindre	0.07
la tenture	Wandbehang	words	C1	noun	feminine	tenture	0.07
torturer	quälen	words	C1	verb		torturer	0.07
la trattoria	Trattoria	words	C1	noun	feminine	trattoria	0.07
le trekking	Trekking	words	C1	noun	masculine	trekking	0.07
la tromperie	Betrug	words	C1	noun	feminine	tromperie	0.07
universel	universal	words	C1	noun		universel	0.07
uriner	urinieren	words	C1	verb		uriner	0.07
le verrier	Glasmacher	words	C1	noun	masculine	verrier	0.07
visser	schrauben	words	C1	verb		visser	0.07
la volute	Volute	words	C1	noun	feminine	volute	0.07
le voyeur	Voyeur	words	C1	noun	masculine	voyeur	0.07
l' ecchymose	Prellung	words	C1	noun	feminine	ecchymose	0.07
Maltais	Malteser	words	C1	adjective	masculine	maltais	0.07
la tuerie	Blutbad	words	C1	noun	feminine	tuerie	0.07
l' abruti	Depp	words	C1	noun	masculine	abruti	0.07
l' accroc	Haken	words	C1	noun	masculine	accroc	0.07
l' accusateur	Kläger	words	C1	noun	masculine	accusateur	0.07
l' adorateur	Anbeter	words	C1	noun	masculine	adorateur	0.07
agglutiner	verkitten	words	C1	verb		agglutiner	0.07
antipathique	zuwider	words	C1	adjective		antipathique	0.07
l' apocalypse	Apokalypse	words	C1	noun	feminine	apocalypse	0.07
l' approbation	Billigung	words	C1	noun	feminine	approbation	0.07
aristocrate	aristokratisch	words	C1	adjective		aristocrate	0.07
assoupir	schlafen machen	words	C1	verb		assoupir	0.07
l' astrophysicien	Astrohysiker	words	C1	noun	masculine	astrophysicien	0.07
l' attaquant	Angreifer	words	C1	noun	masculine	attaquant	0.07
l' attelage	Anhängerkupplung	words	C1	noun	masculine	attelage	0.07
attrister	betrüben	words	C1	verb		attrister	0.07
autochtone	autochthon	words	C1	adjective		autochtone	0.07
la bagatelle	Liebe	words	C1	noun	feminine	bagatelle	0.07
le baisemain	Handkuss	words	C1	noun	masculine	baisemain	0.07
la balustrade	Balustrade	words	C1	noun	feminine	balustrade	0.07
bander	spannen	words	C1	verb		bander	0.07
basaner	bräunen	words	C1	verb		basaner	0.07
bienfaisant	wohltuend	words	C1	adjective		bienfaisant	0.07
le biscuit	Keks	words	C1	noun	masculine	biscuit	0.07
la bosse	Beule	words	C1	noun	feminine	bosse	0.07
la bricole	Blide	words	C1	noun	feminine	bricole	0.07
la brise	Lüftchen	words	C1	noun	feminine	brise	0.07
le butin	Beute	words	C1	noun	masculine	butin	0.07
cartographe	Kartograf	words	C1	noun		cartographe	0.07
la centralisation	Zentralisation	words	C1	noun	feminine	centralisation	0.07
cervical	zervikal	words	C1	adjective		cervical	0.07
charretier	Wagner	words	C1	noun		charretier	0.07
le chevron	Sparren	words	C1	noun	masculine	chevron	0.07
le chichi	Heckmeck	words	C1	noun	masculine	chichi	0.07
circonspect	umsichtig	words	C1	adjective	masculine	circonspect	0.07
le citronnier	Limone	words	C1	noun	masculine	citronnier	0.07
communiste	kommunistisch	words	C1	adjective		communiste	0.07
comptant	bar	words	C1	adverb		comptant	0.07
la concordance	Klang	words	C1	noun	feminine	concordance	0.07
cosmonaute	Kosmonaut	words	C1	noun		cosmonaute	0.07
le courtisan	Höfling	words	C1	noun	masculine	courtisan	0.07
le cresson	Kresse	words	C1	noun	masculine	cresson	0.07
la douane	Zoll	words	C1	noun	feminine	douane	0.07
encourir	sich zuziehen	words	C1	verb		encourir	0.07
engoncer	umhüllen	words	C1	verb		engoncer	0.07
extasier	entzückt sein	words	C1	verb		extasier	0.07
la fortification	Wehranlage	words	C1	noun	feminine	fortification	0.07
le fournil	Backstube	words	C1	noun	masculine	fournil	0.07
fracasser	zermalmen	words	C1	verb		fracasser	0.07
le fret	Fracht	words	C1	noun	masculine	fret	0.07
freudien	freudsch	words	C1	adjective		freudien	0.07
la garnison	Garnison	words	C1	noun	feminine	garnison	0.07
la gaucherie	Sinistralität	words	C1	noun	feminine	gaucherie	0.07
la gazelle	Gazelle	words	C1	noun	feminine	gazelle	0.07
grincer	knarren	words	C1	verb		grincer	0.07
l' hangar	Hangar	words	C1	noun	masculine	hangar	0.07
l' hindi	Hindi	words	C1	noun	masculine	hindi	0.07
l' houx	Hülse	words	C1	noun	masculine	houx	0.07
humoriste	Komiker	words	C1	noun		humoriste	0.07
improbable	unwahrscheinlich	words	C1	adjective		improbable	0.07
l' inflation	Inflation	words	C1	noun	feminine	inflation	0.07
insouciant	sorglos	words	C1	adjective		insouciant	0.07
l' instigation	Anstiftung	words	C1	noun	feminine	instigation	0.07
l' iode	Iod	words	C1	noun	masculine	iode	0.07
l' italique	Kursive	words	C1	noun	masculine	italique	0.07
las	erschöpft	phrases	C1	interjection	masculine	las	0.07
le lever	Aufgang	words	C1	noun	masculine	lever	0.07
la liqueur	Likör	words	C1	noun	feminine	liqueur	0.07
liquider	abwickeln	words	C1	verb		liquider	0.07
littoral	Meeresufer	words	C1	adjective	masculine	littoral	0.07
le lobby	Lobby	words	C1	noun	masculine	lobby	0.07
le loden	Loden	words	C1	noun	masculine	loden	0.07
la lubie	Laune	words	C1	noun	feminine	lubie	0.07
mandarin	Mandarin	words	C1	adjective	masculine	mandarin	0.07
la mansarde	Mansarde	words	C1	noun	feminine	mansarde	0.07
la mappemonde	Weltkarte	words	C1	noun	feminine	mappemonde	0.07
la marquise	Marquise	words	C1	noun	feminine	marquise	0.07
mercenaire	Söldner	words	C1	noun		mercenaire	0.07
merde	Mist	words	C1	noun		merde	0.07
miraculeux	wunderbar	words	C1	adjective		miraculeux	0.07
la misogynie	Misogynie	words	C1	noun	feminine	misogynie	0.07
moisir	schimmeln	words	C1	verb		moisir	0.07
mortellement	zutiefst	words	C1	adverb		mortellement	0.07
mou	schwammig	words	C1	noun		mou	0.07
la moue	Schippe	words	C1	noun	feminine	moue	0.07
l' oracle	Orakel	words	C1	noun	masculine	oracle	0.07
le palonnier	Zugbaum	words	C1	noun	masculine	palonnier	0.07
le penchant	Hang	words	C1	noun	masculine	penchant	0.07
la perche	Stab	words	C1	noun	feminine	perche	0.07
Pharaon	Pharao	words	C1	noun		pharaon	0.07
philippin	philippinisch	words	C1	adjective	masculine	philippin	0.07
le phonographe	Phonograph	words	C1	noun	masculine	phonographe	0.07
le phosphate	Phosphat	words	C1	noun	masculine	phosphate	0.07
le photomontage	Fotomontage	words	C1	noun	masculine	photomontage	0.07
le pilier	Säule	words	C1	noun	masculine	pilier	0.07
piquant	beißend	words	C1	noun		piquant	0.07
pleurnicher	heulen	words	C1	verb		pleurnicher	0.07
le pointeur	Zeiger	words	C1	noun	masculine	pointeur	0.07
le postillon	Postillion	words	C1	noun	masculine	postillon	0.07
primer	prämieren	words	C1	verb		primer	0.07
prodiguer	vergeuden	words	C1	verb		prodiguer	0.07
prostituer	huren	words	C1	verb		prostituer	0.07
quincaillier	Eisenhändler	words	C1	noun		quincaillier	0.07
quitte	quitt	words	C1	adjective		quitte	0.07
la ramification	Verzweigung	words	C1	noun	feminine	ramification	0.07
ratier	Rattler	words	C1	adjective	masculine	ratier	0.07
la rave	Rave	words	C1	noun	feminine	rave	0.07
religieusement	andächtig	words	C1	adverb		religieusement	0.07
le renne	Ren	words	C1	noun	masculine	renne	0.07
resserrer	adstringieren	words	C1	verb		resserrer	0.07
retrousser	schürzen	words	C1	verb		retrousser	0.07
la rosette	Rosette	words	C1	noun	feminine	rosette	0.07
roturier	Nichtadeliger	words	C1	adjective	masculine	roturier	0.07
la rouille	Rost	words	C1	noun	feminine	rouille	0.07
le routard	Rucksacktourist	words	C1	noun	masculine	routard	0.07
le salami	Salami	words	C1	noun	masculine	salami	0.07
sauvegarder	sichern	words	C1	verb		sauvegarder	0.07
la secte	Sekte	words	C1	noun	feminine	secte	0.07
sevrer	abstillen	words	C1	verb		sevrer	0.07
le sifflet	Pfiff	words	C1	noun	masculine	sifflet	0.07
souverain	Souverän	words	C1	adjective		souverain	0.07
le sphinx	Sphinx	words	C1	noun	masculine	sphinx	0.07
le strapontin	Notsitz	words	C1	noun	masculine	strapontin	0.07
la superstar	Superstar	words	C1	noun	feminine	superstar	0.07
la superstition	Aberglaube	words	C1	noun	feminine	superstition	0.07
tinter	hallen	words	C1	verb		tinter	0.07
toxique	toxisch	words	C1	noun		toxique	0.07
transir	erstarren lassen	words	C1	verb		transir	0.07
trempé	durchnässt	words	C1	noun		trempe	0.07
le trognon	Griebs	words	C1	noun	masculine	trognon	0.07
la tuile	Pfanne	words	C1	noun	feminine	tuile	0.07
uniforme	Uniform	words	C1	adjective		uniforme	0.07
le vernis	Lack	words	C1	noun	masculine	vernis	0.07
la voilette	Halbschleier	words	C1	noun	feminine	voilette	0.07
le chardon	Karde	words	C1	noun	masculine	chardon	0.06
absolu	absolut	words	C1	noun		absolu	0.06
l' accumulation	Anhäufen	words	C1	noun	feminine	accumulation	0.06
actualiser	aktualisieren	words	C1	verb		actualiser	0.06
l' administrateur	Verweser	words	C1	noun	masculine	administrateur	0.06
l' allaitement	Stillen	words	C1	noun	masculine	allaitement	0.06
l' alphabet	Abc	words	C1	noun	masculine	alphabet	0.06
anodin	schwach	words	C1	adjective		anodin	0.06
apatride	heimatlos	words	C1	adjective		apatride	0.06
applicable	anwendbar	words	C1	adjective		applicable	0.06
l' atoll	Atoll	words	C1	noun	masculine	atoll	0.06
l' avenant	Nachtrag	words	C1	noun	masculine	avenant	0.06
le barillet	Trommel	words	C1	noun	masculine	barillet	0.06
le baroque	Barock	words	C1	noun	masculine	baroque	0.06
la bestiole	Tierchen	words	C1	noun	feminine	bestiole	0.06
le biotope	Biotop	words	C1	noun	masculine	biotope	0.06
bosniaque	bosnisch	words	C1	adjective		bosniaque	0.06
le boucher	Metzger	words	C1	noun	masculine	boucher	0.06
boulonner	anschrauben	words	C1	verb		boulonner	0.06
bourguignon	bourguignon	words	C1	adjective	masculine	bourguignon	0.06
la broutille	Kleinkram	words	C1	noun	feminine	broutille	0.06
la cassation	Aufhebung	words	C1	noun	feminine	cassation	0.06
cleptomane	Kleptoman	words	C1	noun		cleptomane	0.06
la cleptomanie	Kleptomanie	words	C1	noun	feminine	cleptomanie	0.06
clope	Kippe	words	C1	noun		clope	0.06
conjoint	verbunden	words	C1	adjective	masculine	conjoint	0.06
connoter	konnotieren	words	C1	verb		connoter	0.06
le contradicteur	Gesprächsgegner	words	C1	noun	masculine	contradicteur	0.06
le copeau	Span	words	C1	noun	masculine	copeau	0.06
couchant	Abendhimmel	words	C1	adjective	masculine	couchant	0.06
cribler	sieben	words	C1	verb		cribler	0.06
devin	Wahrsager	words	C1	noun		devin	0.06
discounter	Discounter	words	C1	noun		discounter	0.06
le dolmen	Megalith	words	C1	noun	masculine	dolmen	0.06
dommageable	schädlich	words	C1	adjective		dommageable	0.06
l' embout	Ansatzstück	words	C1	noun	masculine	embout	0.06
l' emmerdement	Plage	words	C1	noun	masculine	emmerdement	0.06
l' exactitude	Genauigkeit	words	C1	noun	feminine	exactitude	0.06
exempt	frei	words	C1	adjective	masculine	exempt	0.06
l' exhibitionnisme	Exhibitionismus	words	C1	noun	masculine	exhibitionnisme	0.06
flatteur	schmeichelhaft	words	C1	adjective		flatteur	0.06
fripier	Trödler	words	C1	noun		fripier	0.06
le fumier	Mist	words	C1	noun	masculine	fumier	0.06
Genevois	Genfer	words	C1	adjective	masculine	genevois	0.06
le gothique	Gotik	words	C1	noun	masculine	gothique	0.06
le goudron	Teer	words	C1	noun	masculine	goudron	0.06
la griffure	Kratzer	words	C1	noun	feminine	griffure	0.06
l' hardiesse	Kühnheit	words	C1	noun	feminine	hardiesse	0.06
havre	Hafen	words	C1	noun		havre	0.06
hideux	gräulich	words	C1	adjective		hideux	0.06
l' Hongrois	Ungar	words	C1	noun	masculine	hongrois	0.06
l' incrustation	Bluescreen-Technik	words	C1	noun	feminine	incrustation	0.06
l' indicateur	Spitzel	words	C1	noun	masculine	indicateur	0.06
insulaire	Inselbewohner	words	C1	adjective		insulaire	0.06
islandais	islandpferd	words	C1	adjective	masculine	islandais	0.06
itou	ebenfalls	words	C1	adverb		itou	0.06
jeunet	blutjung	words	C1	adjective		jeunet	0.06
la justification	Rechtfertigung	words	C1	noun	feminine	justification	0.06
kitsch	Kitsch	words	C1	noun		kitsch	0.06
le klaxon	Hupe	words	C1	noun	masculine	klaxon	0.06
licencieux	anstößig	words	C1	adjective		licencieux	0.06
la manivelle	Kurbel	words	C1	noun	feminine	manivelle	0.06
mesquin	knapp	words	C1	adjective	masculine	mesquin	0.06
le Messin	Metzer	words	C1	noun	masculine	messin	0.06
missile	Rakete	words	C1	noun		missile	0.06
monochrome	einfarbig	words	C1	adjective		monochrome	0.06
muer	häuten	words	C1	verb		muer	0.06
multilingue	multilingual	words	C1	adjective		multilingue	0.06
le multilinguisme	Mehrsprachigkeit	words	C1	noun	masculine	multilinguisme	0.06
la mutilation	Verstümmelung	words	C1	noun	feminine	mutilation	0.06
narquois	listig	words	C1	adjective		narquois	0.06
l' ocre	Ocker	words	C1	noun	feminine	ocre	0.06
l' ombrage	Krone	words	C1	noun	masculine	ombrage	0.06
l' oscillation	Schwankung	words	C1	noun	feminine	oscillation	0.06
le paraphe	Paraphe	words	C1	noun	masculine	paraphe	0.06
la persuasion	Überzeugung	words	C1	noun	feminine	persuasion	0.06
la petitesse	Kleinheit	words	C1	noun	feminine	petitesse	0.06
pharaonique	pharaonisch	words	C1	adjective		pharaonique	0.06
pincer	kneifen	words	C1	verb		pincer	0.06
piteux	armselig	words	C1	adjective		piteux	0.06
la platitude	Plattitüde	words	C1	noun	feminine	platitude	0.06
plouc	Stoffel	words	C1	noun		plouc	0.06
le poivrier	Pfefferstreuer	words	C1	noun	masculine	poivrier	0.06
le porcelet	Ferkel	words	C1	noun	masculine	porcelet	0.06
le portant	Kleiderständer	words	C1	noun	masculine	portant	0.06
portant	wohlauf	words	C1	adjective	masculine	portant	0.06
la poussette	Buggy	words	C1	noun	feminine	poussette	0.06
profaner	profanieren	words	C1	verb		profaner	0.06
professoral	professoral	words	C1	adjective		professoral	0.06
le profiteur	Ausbeuter	words	C1	noun	masculine	profiteur	0.06
la proie	Beute	words	C1	noun	feminine	proie	0.06
prussien	preußisch	words	C1	adjective	masculine	prussien	0.06
rapetisser	verkleinern	words	C1	verb		rapetisser	0.06
le remaniement	Erneuerung	words	C1	noun	masculine	remaniement	0.06
le remplissage	Auslastung	words	C1	noun	masculine	remplissage	0.06
le retentissement	Echo	words	C1	noun	masculine	retentissement	0.06
rythmique	rhythmisch	words	C1	adjective		rythmique	0.06
saccager	plündern	words	C1	verb		saccager	0.06
stationner	parken	words	C1	verb		stationner	0.06
le suffixe	Suffix	words	C1	noun	masculine	suffixe	0.06
le tacle	Tackling	words	C1	noun	masculine	tacle	0.06
la terminologie	Terminologie	words	C1	noun	feminine	terminologie	0.06
trampoline	Trampolin	words	C1	noun		trampoline	0.06
la transgression	Verstoß	words	C1	noun	feminine	transgression	0.06
le trio	Trio	words	C1	noun	masculine	trio	0.06
le troll	Troll	words	C1	noun	masculine	troll	0.06
ultime	letzte	words	C1	adjective		ultime	0.06
l' uniformisation	Gleichmacherei	words	C1	noun	feminine	uniformisation	0.06
Vandale	Vandale	words	C1	noun		vandale	0.06
variant	Variante	words	C1	adjective		variant	0.06
voyagiste	Reiseveranstalter	words	C1	noun		voyagiste	0.06
troglodyte	Troglodyt	words	C1	noun		troglodyte	0.06
vermeil	hochrot	words	C1	adjective		vermeil	0.06
l' acrobatie	Akrobatik	words	C1	noun	feminine	acrobatie	0.06
l' agoraphobie	Platzangst	words	C1	noun	feminine	agoraphobie	0.06
l' aimant	Magnet	words	C1	noun	masculine	aimant	0.06
l' alignement	Zeile	words	C1	noun	masculine	alignement	0.06
ambulancier	Rettungshelfer	words	C1	adjective	masculine	ambulancier	0.06
amollir	erweichen	words	C1	verb		amollir	0.06
l' apparat	Pomp	words	C1	noun	masculine	apparat	0.06
attirant	anziehend	words	C1	adjective		attirant	0.06
l' attroupement	Menschenauflauf	words	C1	noun	masculine	attroupement	0.06
la barquette	Kahn	words	C1	noun	feminine	barquette	0.06
la bobine	Rolle	words	C1	noun	feminine	bobine	0.06
bougon	unwirsch	words	C1	noun		bougon	0.06
le buste	Büste	words	C1	noun	masculine	buste	0.06
le cafard	Schabe	words	C1	noun	masculine	cafard	0.06
la carapace	Panzer	words	C1	noun	feminine	carapace	0.06
le chameau	Kamel	words	C1	noun	masculine	chameau	0.06
le clairon	Hornist	words	C1	noun	masculine	clairon	0.06
la claustrophobie	Raumangst	words	C1	noun	feminine	claustrophobie	0.06
le concubin	Lebenspartner	words	C1	noun	masculine	concubin	0.06
conjoindre	binden	words	C1	verb		conjoindre	0.06
cordialement	herzlich	words	C1	adverb		cordialement	0.06
costaud	solid	words	C1	adjective		costaud	0.06
la courante	Courante	words	C1	noun	feminine	courante	0.06
la didactique	Didaktik	words	C1	noun	feminine	didactique	0.06
diplomate	Diplomat	words	C1	noun		diplomate	0.06
la duperie	Betrug	words	C1	noun	feminine	duperie	0.06
l' enfilade	Enfilade	words	C1	noun	feminine	enfilade	0.06
entraider	einanderhelfen	words	C1	verb		entraider	0.06
l' exposant	Exponent	words	C1	noun	masculine	exposant	0.06
fauter	irren	words	C1	verb		fauter	0.06
le flambeau	Fackel	words	C1	noun	masculine	flambeau	0.06
fourbu	abgetragen	words	C1	adjective		fourbu	0.06
le graveur	Graveur	words	C1	noun	masculine	graveur	0.06
griser	ergrauen	words	C1	verb		griser	0.06
le guidon	Korn	words	C1	noun	masculine	guidon	0.06
l' homard	Hummer	words	C1	noun	masculine	homard	0.06
l' implant	Implantat	words	C1	noun	masculine	implant	0.06
inextinguible	unstillbar	words	C1	adjective		inextinguible	0.06
inlassablement	unermüdlich	words	C1	adverb		inlassablement	0.06
insoluble	unlösbar	words	C1	noun		insoluble	0.06
le kilogramme	Kilogramm	words	C1	noun	masculine	kilogramme	0.06
le leitmotiv	Leitmotiv	words	C1	noun	masculine	leitmotiv	0.06
la liesse	Freude	words	C1	noun	feminine	liesse	0.06
la luzerne	Alfalfa	words	C1	noun	feminine	luzerne	0.06
major	Major	words	C1	adjective		major	0.06
la massification	Vermassung	words	C1	noun	feminine	massification	0.06
nominatif	namentlich	words	C1	adjective		nominatif	0.06
paysagiste	Landschaftsgärtner	words	C1	noun		paysagiste	0.06
perdant	Verlierer	words	C1	adjective	masculine	perdant	0.06
le perroquet	Papagei	words	C1	noun	masculine	perroquet	0.06
perspicace	scharfsinnig	words	C1	adjective		perspicace	0.06
la primeur	Neuheit	words	C1	noun	feminine	primeur	0.06
la privation	Manko	words	C1	noun	feminine	privation	0.06
profane	Laie	words	C1	noun		profane	0.06
la propagande	Propaganda	words	C1	noun	feminine	propagande	0.06
la psychophysiologie	Psychophysiologie	words	C1	noun	feminine	psychophysiologie	0.06
quadriller	würfeln	words	C1	verb		quadriller	0.06
le quidam	N. N	words	C1	noun	masculine	quidam	0.06
radin	geizig	words	C1	adjective	masculine	radin	0.06
le rectangle	Rechteck	words	C1	noun	masculine	rectangle	0.06
la syncope	Synkope	words	C1	noun	feminine	syncope	0.06
le syndic	Bürgermeister	words	C1	noun	masculine	syndic	0.06
la toponymie	Toponymie	words	C1	noun	feminine	toponymie	0.06
touchant	anrührend	words	C1	preposition		touchant	0.06
le toupet	Chuzpe	words	C1	noun	masculine	toupet	0.06
transnational	grenzüberschreitend	words	C1	adjective	masculine	transnational	0.06
trapu	untersetzt	words	C1	adjective		trapu	0.06
l' ultrason	Ultraschall	words	C1	noun	masculine	ultrason	0.06
l' urbanisation	Urbanisation	words	C1	noun	feminine	urbanisation	0.06
urbaniste	Stadtplaner	words	C1	noun		urbaniste	0.06
usager	Nutzer	words	C1	adjective		usager	0.06
toc	tok-tok	phrases	C1	interjection		toc	0.06
accabler	belasten	words	C1	verb		accabler	0.06
l' Andalou	Andalusier	words	C1	noun	masculine	andalou	0.06
auxiliaire	Bei	words	C1	noun		auxiliaire	0.06
Basque	Baske	words	C1	noun		basque	0.06
le bivouac	Biwak	words	C1	noun	masculine	bivouac	0.06
le brio	Schwung	words	C1	noun	masculine	brio	0.06
le confiseur	Konditor	words	C1	noun	masculine	confiseur	0.06
le corsage	Mieder	words	C1	noun	masculine	corsage	0.06
le deuil	Trauer	words	C1	noun	masculine	deuil	0.06
la donne	Geben	words	C1	noun	feminine	donne	0.06
ensorceler	bezaubern	words	C1	verb		ensorceler	0.06
fiancer	verloben	words	C1	verb		fiancer	0.06
le galon	Borte	words	C1	noun	masculine	galon	0.06
l' harpon	Harpune	words	C1	noun	masculine	harpon	0.06
le jupon	Unterrock	words	C1	noun	masculine	jupon	0.06
landais	landais pony	words	C1	adjective	masculine	landais	0.06
las	müde	words	C1	adjective	masculine	las	0.06
la mandoline	Mandoline	words	C1	noun	feminine	mandoline	0.06
natter	winden	words	C1	verb		natter	0.06
l' once	Unze	words	C1	noun	feminine	once	0.06
le pinson	Fink	words	C1	noun	masculine	pinson	0.06
pittoresque	malerisch	words	C1	noun		pittoresque	0.06
pointilleux	minutiös	words	C1	adjective		pointilleux	0.06
la pouliche	Stutenfohlen	words	C1	noun	feminine	pouliche	0.06
le rami	Rommé	words	C1	noun	masculine	rami	0.06
le sabre	Säbel	words	C1	noun	masculine	sabre	0.06
la symphonie	Sinfonie	words	C1	noun	feminine	symphonie	0.06
la trousse	Mappe	words	C1	noun	feminine	trousse	0.06
cornique	Kornisch	words	C1	adjective	masculine	cornique	0.06
caramel	Karamell	words	C1	adjective	masculine	caramel	0.06
cocher	abhaken	words	C1	verb		cocher	0.06
accoter	lehnen	words	C1	verb		accoter	0.05
altier	stolz	words	C1	adjective		altier	0.05
ambivalent	gespalten	words	C1	adjective	masculine	ambivalent	0.05
l' amont	Höhe	words	C1	noun	masculine	amont	0.05
l' apaisement	Beruhigung	words	C1	noun	masculine	apaisement	0.05
arboricole	arboricol	words	C1	adjective		arboricole	0.05
l' armement	Bewaffnung	words	C1	noun	masculine	armement	0.05
l' Aurore	Eos	words	C1	noun	feminine	aurore	0.05
le baluchon	Bündel	words	C1	noun	masculine	baluchon	0.05
le bienfaiteur	Wohltäter	words	C1	noun	masculine	bienfaiteur	0.05
bonnement	gutgläubig	words	C1	adverb		bonnement	0.05
la botanique	Botanik	words	C1	noun	feminine	botanique	0.05
bouddhiste	buddhistisch	words	C1	adjective		bouddhiste	0.05
le branle	Reigen	words	C1	noun	masculine	branle	0.05
la carabine	Karabiner	words	C1	noun	feminine	carabine	0.05
cartonner	zensieren	words	C1	verb		cartonner	0.05
le changeur	Wechsler	words	C1	noun	masculine	changeur	0.05
le cocon	Kokon	words	C1	noun	masculine	cocon	0.05
configurer	konfigurieren	words	C1	verb		configurer	0.05
la coterie	Klüngel	words	C1	noun	feminine	coterie	0.05
le couronnement	Krönung	words	C1	noun	masculine	couronnement	0.05
cuisant	hart	words	C1	adjective		cuisant	0.05
dicter	diktieren	words	C1	verb		dicter	0.05
endiguer	begrenzen	words	C1	verb		endiguer	0.05
l' estrade	Podest	words	C1	noun	feminine	estrade	0.05
excessivement	exzessiv	words	C1	adverb		excessivement	0.05
exsangue	blutleer	words	C1	adjective		exsangue	0.05
le financier	Finanzier	words	C1	noun	masculine	financier	0.05
glaner	nachlesen	words	C1	verb		glaner	0.05
le gobelet	Becher	words	C1	noun	masculine	gobelet	0.05
insuffisamment	unzulänglich	words	C1	adverb		insuffisamment	0.05
iranien	iranisch	words	C1	adjective		iranien	0.05
long	lang	words	C1	adverb		long	0.05
Lorrain	Lothringer	words	C1	adjective	masculine	lorrain	0.05
la lunette	Fernrohr	words	C1	noun	feminine	lunette	0.05
la maisonnette	Häuschen	words	C1	noun	feminine	maisonnette	0.05
le majeur	Mittelfinger	words	C1	noun	masculine	majeur	0.05
le marqueur	Markierer	words	C1	noun	masculine	marqueur	0.05
mendier	betteln	words	C1	verb		mendier	0.05
le minet	Mieze	words	C1	noun	masculine	minet	0.05
mollet	Wade	words	C1	adjective	masculine	mollet	0.05
la momie	Mumie	words	C1	noun	feminine	momie	0.05
la Mongolie	Mongolei	words	C1	noun	feminine	mongolie	0.05
mutuellement	gegenseitig	words	C1	adverb		mutuellement	0.05
naturaliser	einbürgern	words	C1	verb		naturaliser	0.05
neigeux	verschneit	words	C1	adjective		neigeux	0.05
la nicotine	Nicotin	words	C1	noun	feminine	nicotine	0.05
le nourrisson	Säugling	words	C1	noun	masculine	nourrisson	0.05
l' orphelinat	Kinderheim	words	C1	noun	masculine	orphelinat	0.05
le paletot	Mantel	words	C1	noun	masculine	paletot	0.05
le peuplement	Bestand	words	C1	noun	masculine	peuplement	0.05
le piment	Chili	words	C1	noun	masculine	piment	0.05
le plaidoyer	Plädoyer	words	C1	noun	masculine	plaidoyer	0.05
la plie	Scholle	words	C1	noun	feminine	plie	0.05
la pneumatique	Pneumatik	words	C1	noun	feminine	pneumatique	0.05
pneumologue	Pneumologe	words	C1	noun		pneumologue	0.05
la raideur	Hast	words	C1	noun	feminine	raideur	0.05
le rameur	Ruderer	words	C1	noun	masculine	rameur	0.05
rebuter	entsorgen	words	C1	verb		rebuter	0.05
roter	rülpsen	words	C1	verb		roter	0.05
sus	achtgeben	words	C1	adverb		sus	0.05
suspecter	argwöhnen	words	C1	verb		suspecter	0.05
taciturne	wortkarg	words	C1	adjective		taciturne	0.05
la taverne	Taverne	words	C1	noun	feminine	taverne	0.05
textuel	textuell	words	C1	adjective		textuel	0.05
Thuringien	Thüringer	words	C1	adjective	masculine	thuringien	0.05
le tubercule	Knolle	words	C1	noun	masculine	tubercule	0.05
le ventilateur	Lüfter	words	C1	noun	masculine	ventilateur	0.05
la verrerie	Glashütte	words	C1	noun	feminine	verrerie	0.05
vierge	jungfräulich	words	C1	adjective		vierge	0.05
bât	Packsattel	words	C1	noun		bat	0.05
chaud	heiß	words	C1	noun		chaud	0.05
dame	Königin	phrases	C1	interjection	feminine	dame	0.05
jaunir	gilben	words	C1	verb		jaunir	0.05
manque	Fehler	words	C1	adjective	masculine	manque	0.05
moissonneur	Erntearbeiter	words	C1	adjective	masculine	moissonneur	0.05
le renvoi	Retoure	words	C1	noun	masculine	renvoi	0.05
le roulé	Strudel	words	C1	noun	masculine	roule	0.05
ailleurs	Ort	words	C1	noun		ailleurs	0.05
antarctique	südpolar	words	C1	adjective		antarctique	0.05
bavarois	bayrisch	words	C1	adjective		bavarois	0.05
le bobsleigh	Bobsport	words	C1	noun	masculine	bobsleigh	0.05
le capot	Haube	words	C1	noun	masculine	capot	0.05
le cartel	Kartell	words	C1	noun	masculine	cartel	0.05
le charter	Charterflug	words	C1	noun	masculine	charter	0.05
le chaudron	Kessel	words	C1	noun	masculine	chaudron	0.05
le chevrier	Ziegenhirte	words	C1	noun	masculine	chevrier	0.05
cocorico	kikeriki	words	C1	noun		cocorico	0.05
combattant	Streiter	words	C1	adjective	masculine	combattant	0.05
la combe	Schlucht	words	C1	noun	feminine	combe	0.05
la conjonction	Bindewort	words	C1	noun	feminine	conjonction	0.05
la consolidation	Verfestigung	words	C1	noun	feminine	consolidation	0.05
cruellement	grausam	words	C1	adverb		cruellement	0.05
le denim	Denim	words	C1	noun	masculine	denim	0.05
le descendeur	Abfahrer	words	C1	noun	masculine	descendeur	0.05
fanatique	fanatisch	words	C1	adjective		fanatique	0.05
filtrer	filtern	words	C1	verb		filtrer	0.05
le fondant	Fondant	words	C1	noun	masculine	fondant	0.05
la frayeur	Angst	words	C1	noun	feminine	frayeur	0.05
le gourou	Guru	words	C1	noun	masculine	gourou	0.05
gronder	brummen	words	C1	verb		gronder	0.05
guillotiner	guillotinieren	words	C1	verb		guillotiner	0.05
l' habillement	Anziehen	words	C1	noun	masculine	habillement	0.05
l' hydraulicien	Hydrauliker	words	C1	noun	masculine	hydraulicien	0.05
l' hydraulique	Hydraulik	words	C1	noun	feminine	hydraulique	0.05
impoli	barsch	words	C1	adjective		impoli	0.05
incident	zufällig	words	C1	adjective	masculine	incident	0.05
l' interjection	Interjektion	words	C1	noun	feminine	interjection	0.05
interpoler	interpolieren	words	C1	verb		interpoler	0.05
la jacquerie	Bauernkrieg	words	C1	noun	feminine	jacquerie	0.05
Luxembourgeois	Luxemburger	words	C1	adjective	masculine	luxembourgeois	0.05
le microbe	Mikrobe	words	C1	noun	masculine	microbe	0.05
millionnaire	Millionär	words	C1	noun		millionnaire	0.05
le nationalisme	Nationalismus	words	C1	noun	masculine	nationalisme	0.05
l' obscurantisme	Obskurantismus	words	C1	noun	masculine	obscurantisme	0.05
le paparazzi	Paparazza	words	C1	noun	masculine	paparazzi	0.05
pataud	Tollpatsch	words	C1	adjective	masculine	pataud	0.05
le protoxyde	Oxydul	words	C1	noun	masculine	protoxyde	0.05
psalmodier	psalmodieren	words	C1	verb		psalmodier	0.05
le rhumatisme	Rheuma	words	C1	noun	masculine	rhumatisme	0.05
la rigole	Wassergraben	words	C1	noun	feminine	rigole	0.05
le scoubidou	Scoubidou	words	C1	noun	masculine	scoubidou	0.05
signataire	Unterzeichner	words	C1	noun		signataire	0.05
sociable	offen	words	C1	adjective		sociable	0.05
le sosie	Doppelgänger	words	C1	noun	masculine	sosie	0.05
le substrat	Substrat	words	C1	noun	masculine	substrat	0.05
la tablette	Brett	words	C1	noun	feminine	tablette	0.05
la tresse	Zopf	words	C1	noun	feminine	tresse	0.05
la trombe	Trombe	words	C1	noun	feminine	trombe	0.05
le tutoiement	Duzen	words	C1	noun	masculine	tutoiement	0.05
ustensile	Werkzeug	words	C1	adjective	masculine	ustensile	0.05
l' usurier	Wucherer	words	C1	noun	masculine	usurier	0.05
utopiste	Utopist	words	C1	adjective		utopiste	0.05
vigoureux	robust	words	C1	adjective		vigoureux	0.05
le vouvoiement	Siezen	words	C1	noun	masculine	vouvoiement	0.05
infatigable	unermüdlich	words	C1	adjective		infatigable	0.05
pentu	abfallend	words	C1	adjective		pentu	0.05
sans	ohne	words	C1	conjunction		sans	0.05
la sibylle	Sibylle	words	C1	noun	feminine	sibylle	0.05
la nageoire	Flosse	words	C2	noun	feminine	nageoire	0.43
la divergence	Abweichung	words	C2	noun	feminine	divergence	0.39
heuristique	Heuristik	words	C2	adjective	feminine	heuristique	0.33
sexiste	sexistisch	words	C2	adjective		sexiste	0.29
assidu	emsig	words	C2	adjective		assidu	0.29
la branchie	Kieme	words	C2	noun	feminine	branchie	0.29
le glucose	Glucose	words	C2	noun	masculine	glucose	0.29
l' opercule	Kieme	words	C2	noun	masculine	opercule	0.29
pollinisateur	Bestäuber	words	C2	adjective	masculine	pollinisateur	0.26
fictionnel	fiktional	words	C2	adjective		fictionnel	0.20
le leurre	Köder	words	C2	noun	masculine	leurre	0.20
concocter	ausbrüten	words	C2	verb		concocter	0.20
le contentieux	Streitsache	words	C2	noun	masculine	contentieux	0.20
galvaniser	verzinken	words	C2	verb		galvaniser	0.20
pulmonaire	Lungenkraut	words	C2	adjective	feminine	pulmonaire	0.20
raviver	wieder anfachen	words	C2	verb		raviver	0.20
l' abstraction	Abstraktum	words	C2	noun	feminine	abstraction	0.14
l' acacia	Akazie	words	C2	noun	masculine	acacia	0.14
affluer	strömen	words	C2	verb		affluer	0.14
l' allocution	Anrede	words	C2	noun	feminine	allocution	0.14
l' antifascisme	Antifaschismus	words	C2	noun	masculine	antifascisme	0.14
assujettir	unterwerfen	words	C2	verb		assujettir	0.14
l' atavisme	Atavismus	words	C2	noun	masculine	atavisme	0.14
le carcan	Halseisen	words	C2	noun	masculine	carcan	0.14
chantre	Sänger	words	C2	noun		chantre	0.14
la clairvoyance	Einsicht	words	C2	noun	feminine	clairvoyance	0.14
cliver	spalten	words	C2	verb		cliver	0.14
le colonialisme	Kolonialismus	words	C2	noun	masculine	colonialisme	0.14
consistant	deftig	words	C2	adjective		consistant	0.14
la cotation	Notiz	words	C2	noun	feminine	cotation	0.14
dermique	dermal	words	C2	adjective		dermique	0.14
diacre	Diakon	words	C2	noun		diacre	0.14
la diglossie	Diglossie	words	C2	noun	feminine	diglossie	0.14
la distorsion	Verzerrung	words	C2	noun	feminine	distorsion	0.14
distractif	unterhaltsam	words	C2	adjective		distractif	0.14
docile	zahm	words	C2	adjective		docile	0.14
estomper	verblassen	words	C2	verb		estomper	0.14
le faiseur	Macher	words	C2	noun	masculine	faiseur	0.14
le fat	selbstzufrieden	words	C2	noun	masculine	fat	0.14
la fragilisation	Versprödung	words	C2	noun	feminine	fragilisation	0.14
la fratrie	Geschwister	words	C2	noun	feminine	fratrie	0.14
fusionner	verschmelzen	words	C2	verb		fusionner	0.14
la glande	Drüse	words	C2	noun	feminine	glande	0.14
le Guarani	Guarani	words	C2	noun	masculine	guarani	0.14
l' hiatus	Hiatus	words	C2	noun	masculine	hiatus	0.14
l' incitant	Anreiz	words	C2	noun	masculine	incitant	0.14
inexorable	gnadenlos	words	C2	adjective		inexorable	0.14
instructif	lehrreich	words	C2	adjective		instructif	0.14
instrumental	Instrumental	words	C2	adjective	masculine	instrumental	0.14
intuitivement	gefühlsmäßig	words	C2	adverb		intuitivement	0.14
le laboureur	Bauer	words	C2	noun	masculine	laboureur	0.14
le lipide	Fettsäure	words	C2	noun	masculine	lipide	0.14
la maintenance	Wartung	words	C2	noun	feminine	maintenance	0.14
manifeste	deutlich	words	C2	adjective		manifeste	0.14
la marionnette	Handpuppe	words	C2	noun	feminine	marionnette	0.14
le marquage	Markierung	words	C2	noun	masculine	marquage	0.14
le masochisme	Masochismus	words	C2	noun	masculine	masochisme	0.14
le museau	Fresse	words	C2	noun	masculine	museau	0.14
narratif	erzählend	words	C2	adjective		narratif	0.14
net	deutlich	words	C2	adverb		net	0.14
l' ordonnancement	Ablaufplan	words	C2	noun	masculine	ordonnancement	0.14
l' orteil	Zeh	words	C2	noun	masculine	orteil	0.14
otage	Geisel	words	C2	noun		otage	0.14
outrepasser	Überwinden	words	C2	verb		outrepasser	0.14
l' oxydation	Oxidation	words	C2	noun	feminine	oxydation	0.14
le palliatif	Schmerzlinderungsmittel	words	C2	noun	masculine	palliatif	0.14
le patronyme	Patronym	words	C2	noun	masculine	patronyme	0.14
la pesanteur	Schwere	words	C2	noun	feminine	pesanteur	0.14
le pluriel	Plural	words	C2	noun	masculine	pluriel	0.14
la psychanalyse	Psychoanalyse	words	C2	noun	feminine	psychanalyse	0.14
le radius	Radius	words	C2	noun	masculine	radius	0.14
rassembler	anhäufen	words	C2	noun		rassembler	0.14
la recension	Rezension	words	C2	noun	feminine	recension	0.14
le renversement	Umkehrung	words	C2	noun	masculine	renversement	0.14
restaurateur	Gastwirt	words	C2	adjective	masculine	restaurateur	0.14
la rocaille	Steingarten	words	C2	noun	feminine	rocaille	0.14
le Saxon	Sachse	words	C2	noun	masculine	saxon	0.14
soluble	lösbar	words	C2	adjective		soluble	0.14
sporadiquement	sporadisch	words	C2	adverb		sporadiquement	0.14
la stagnation	Stagnation	words	C2	noun	feminine	stagnation	0.14
statutaire	satzungsgemäẞ	words	C2	adjective		statutaire	0.14
la surproduction	Überproduktion	words	C2	noun	feminine	surproduction	0.14
le syntagme	Phrase	words	C2	noun	masculine	syntagme	0.14
la syntaxe	Syntax	words	C2	noun	feminine	syntaxe	0.14
tyrannique	machthaberisch	words	C2	adjective		tyrannique	0.14
ubuesque	absurd	words	C2	adjective		ubuesque	0.14
la vascularisation	Vaskularisation	words	C2	noun	feminine	vascularisation	0.14
vaseux	schlammig	words	C2	adjective		vaseux	0.14
le violoncelle	Cello	words	C2	noun	masculine	violoncelle	0.14
l' agrume	Zitrusfrucht	words	C2	noun	masculine	agrume	0.13
la drosophile	Drosophila	words	C2	noun	feminine	drosophile	0.13
l' aboutissement	Folge	words	C2	noun	masculine	aboutissement	0.10
acide	sauer	words	C2	adjective		acide	0.10
l' activisme	Aktivismus	words	C2	noun	masculine	activisme	0.10
l' amortissement	Absetzung	words	C2	noun	masculine	amortissement	0.10
l' argumentaire	Argumentarium	words	C2	noun	masculine	argumentaire	0.10
l' avarie	Bruch	words	C2	noun	feminine	avarie	0.10
le berceau	Wiege	words	C2	noun	masculine	berceau	0.10
la biomasse	Biomasse	words	C2	noun	feminine	biomasse	0.10
brasser	brauen	words	C2	verb		brasser	0.10
cabrer	Flugzeug hochziehen	words	C2	verb		cabrer	0.10
choyer	hätscheln	words	C2	verb		choyer	0.10
la colonisation	Kolonisation	words	C2	noun	feminine	colonisation	0.10
la combustion	Tumult	words	C2	noun	feminine	combustion	0.10
la configuration	Konfiguration	words	C2	noun	feminine	configuration	0.10
conforter	bestärken	words	C2	verb		conforter	0.10
duel	Zweikampf	words	C2	adjective	masculine	duel	0.10
l' embonpoint	Korpulenz	words	C2	noun	masculine	embonpoint	0.10
l' encouragement	Förderung	words	C2	noun	masculine	encouragement	0.10
l' endettement	Verschuldung	words	C2	noun	masculine	endettement	0.10
enhardir	ermutigen	words	C2	verb		enhardir	0.10
exhaustif	anstrengend	words	C2	adjective		exhaustif	0.10
extrapoler	extrapolieren	words	C2	verb		extrapoler	0.10
exulter	jubeln	words	C2	verb		exulter	0.10
le Gardon	Gardon	words	C2	noun	masculine	gardon	0.10
la greffe	Pfropfung	words	C2	noun	feminine	greffe	0.10
l' hydrate	Hydrat	words	C2	noun	masculine	hydrate	0.10
immiscer	einmischen	words	C2	verb		immiscer	0.10
l' immobilisation	Stillstand	words	C2	noun	feminine	immobilisation	0.10
l' incitation	Trieb	words	C2	noun	feminine	incitation	0.10
indissociable	unablösbar	words	C2	adjective		indissociable	0.10
l' infarctus	Infarkt	words	C2	noun	masculine	infarctus	0.10
la magistrature	Jury	words	C2	noun	feminine	magistrature	0.10
le maquereau	Makrele	words	C2	noun	masculine	maquereau	0.10
monarchiste	Monarchist	words	C2	adjective		monarchiste	0.10
nonante	neunzig	words	C2	adjective	masculine	nonante	0.10
l' obstruction	Hindernis	words	C2	noun	feminine	obstruction	0.10
la pharmacologie	Pharmakologie	words	C2	noun	feminine	pharmacologie	0.10
plafonner	in Gipfelhöhe fliegen	words	C2	verb		plafonner	0.10
puissamment	mächtig	words	C2	adverb		puissamment	0.10
la pulsion	Trieb	words	C2	noun	feminine	pulsion	0.10
le quolibet	Witzelei	words	C2	noun	masculine	quolibet	0.10
scanner	scannen	words	C2	verb		scanner	0.10
la scintigraphie	Szintigrafie	words	C2	noun	feminine	scintigraphie	0.10
soudoyer	bestechen	words	C2	verb		soudoyer	0.10
le thon	Thunfisch	words	C2	noun	masculine	thon	0.10
la thrombose	Thrombose	words	C2	noun	feminine	thrombose	0.10
touiller	rühren	words	C2	verb		touiller	0.10
transgresser	missachten	words	C2	verb		transgresser	0.10
la turbine	Turbine	words	C2	noun	feminine	turbine	0.10
l' urine	Harn	words	C2	noun	feminine	urine	0.10
voiler	verhüllen	words	C2	verb		voiler	0.10
annuellement	jährlich	words	C2	adverb		annuellement	0.07
avare	geizig	words	C2	adjective		avare	0.07
Cassis	Cassis	words	C2	noun		cassis	0.07
le collet	Hals	words	C2	noun	masculine	collet	0.07
composant	Bauteil	words	C2	adjective	masculine	composant	0.07
le consortium	Konsortium	words	C2	noun	masculine	consortium	0.07
le daim	Damhirsch	words	C2	noun	masculine	daim	0.07
l' encens	Weihrauch	words	C2	noun	masculine	encens	0.07
enfantin	kindlich	words	C2	adjective		enfantin	0.07
fausser	fälschen	words	C2	verb		fausser	0.07
l' homophonie	Homophonie	words	C2	noun	feminine	homophonie	0.07
humoriste	Komiker	words	C2	adjective		humoriste	0.07
l' imitateur	Nachahmer	words	C2	noun	masculine	imitateur	0.07
l' imitation	Imitat	words	C2	noun	feminine	imitation	0.07
implicite	implizit	words	C2	adjective		implicite	0.07
inexact	ungenau	words	C2	adjective		inexact	0.07
l' instigateur	Anstifter	words	C2	noun	masculine	instigateur	0.07
la jacinthe	Hyazinthe	words	C2	noun	feminine	jacinthe	0.07
la mandarine	Mandarine	words	C2	noun	feminine	mandarine	0.07
le multiple	Vielfaches	words	C2	noun	masculine	multiple	0.07
le musc	Bisam	words	C2	noun	masculine	musc	0.07
la myrrhe	Myrrhe	words	C2	noun	feminine	myrrhe	0.07
l' ontologie	Ontologie	words	C2	noun	feminine	ontologie	0.07
oranger	Orangenbaum	words	C2	verb	masculine	oranger	0.07
l' overdose	Überdosis	words	C2	noun	feminine	overdose	0.07
le palimpseste	Palimpsest	words	C2	noun	masculine	palimpseste	0.07
le pollen	Pollen	words	C2	noun	masculine	pollen	0.07
la ruche	Rüsche	words	C2	noun	feminine	ruche	0.07
le santal	Sandelholz	words	C2	noun	masculine	santal	0.07
le sillage	Spur	words	C2	noun	masculine	sillage	0.07
subordonner	unterordnen	words	C2	verb		subordonner	0.07
tahitien	Tahitianisch	words	C2	adjective	masculine	tahitien	0.07
la transcription	Umschrift	words	C2	noun	feminine	transcription	0.07
trompeur	täuschend	words	C2	adjective		trompeur	0.07
le kiosquier	Kioskverkäufer	words	C2	noun	masculine	kiosquier	0.05
le mimosa	Mimose	words	C2	noun	masculine	mimosa	0.05
le module	Modul	words	C2	noun	masculine	module	0.05
le fief	Lehen	words	C2	noun	masculine	fief	0.05
fleuriste	Florist	words	C2	adjective		fleuriste	0.05
le Joseph	Josef	words	C2	noun	masculine	joseph	0.05
le silencieux	Auspufftopf	words	C2	noun	masculine	silencieux	0.05
triangulaire	dreieckig	words	C2	adjective		triangulaire	0.05
acclimater	akklimatisieren	words	C2	verb		acclimater	0.05
l' adjuvant	Adjuvans	words	C2	noun	masculine	adjuvant	0.05
alcoolique	alkoholisch	words	C2	adjective		alcoolique	0.05
Alsacien	Elsässer	words	C2	adjective	masculine	alsacien	0.05
ambitieux	ehrgeizig	words	C2	noun		ambitieux	0.05
l' ambivalence	Ambiguität	words	C2	noun	feminine	ambivalence	0.05
l' annulation	Abolition	words	C2	noun	feminine	annulation	0.05
l' assimilation	Assimilation	words	C2	noun	feminine	assimilation	0.05
l' aubade	Ständchen	words	C2	noun	feminine	aubade	0.05
l' avertissement	Ruge	words	C2	noun	masculine	avertissement	0.05
avoir	haben	words	C2	noun		avoir	0.05
le bison	Bison	words	C2	noun	masculine	bison	0.05
bouquiniste	Antiquariat	words	C2	noun		bouquiniste	0.05
la camaraderie	Kameradschaft	words	C2	noun	feminine	camaraderie	0.05
la caricature	Zerrbild	words	C2	noun	feminine	caricature	0.05
le central	zentral	words	C2	noun	masculine	central	0.05
le cerisier	Kirschbaum	words	C2	noun	masculine	cerisier	0.05
le chromosome	Chromosom	words	C2	noun	masculine	chromosome	0.05
cocu	betrogen	words	C2	adjective		cocu	0.05
le coloris	Kolorit	words	C2	noun	masculine	coloris	0.05
le compteur	Zähler	words	C2	noun	masculine	compteur	0.05
conciliant	verträglich	words	C2	adjective		conciliant	0.05
corroborer	stärken	words	C2	verb		corroborer	0.05
le delta	Delta	words	C2	noun	masculine	delta	0.05
diagnostiquer	diagnostizieren	words	C2	verb		diagnostiquer	0.05
disquaire	Plattengeschäft	words	C2	noun		disquaire	0.05
la dynamite	Dynamit	words	C2	noun	feminine	dynamite	0.05
l' escrime	Fechten	words	C2	noun	feminine	escrime	0.05
le figurant	Statist	words	C2	noun	masculine	figurant	0.05
le flamant	Flamingo	words	C2	noun	masculine	flamant	0.05
fugitif	flüchtig	words	C2	adjective		fugitif	0.05
la garance	Krapp	words	C2	noun	feminine	garance	0.05
la garrigue	Garigue	words	C2	noun	feminine	garrigue	0.05
humaniste	Humanist	words	C2	noun		humaniste	0.05
immoral	sittenlos	words	C2	adjective	masculine	immoral	0.05
l' indispensable	Allernotwendigste	words	C2	noun	masculine	indispensable	0.05
irresponsable	unverantwortlich	words	C2	adjective		irresponsable	0.05
la jumelle	Fernglas	words	C2	noun	feminine	jumelle	0.05
le krach	Krach	words	C2	noun	masculine	krach	0.05
la limonade	Limonade	words	C2	noun	feminine	limonade	0.05
le massacre	Blutbad	words	C2	noun	masculine	massacre	0.05
la meute	Bande	words	C2	noun	feminine	meute	0.05
monorail	Einschienenbahn	words	C2	adjective	masculine	monorail	0.05
le monoski	Monoski	words	C2	noun	masculine	monoski	0.05
morphologique	morfologisch	words	C2	adjective		morphologique	0.05
le mouflon	Mufflon	words	C2	noun	masculine	mouflon	0.05
la noisette	Haselnuß	words	C2	noun	feminine	noisette	0.05
le parapente	Gleitschirm	words	C2	noun	masculine	parapente	0.05
la patinoire	Eisbahn	words	C2	noun	feminine	patinoire	0.05
le pingouin	Alk	words	C2	noun	masculine	pingouin	0.05
publiquement	öffentlich	words	C2	adverb		publiquement	0.05
rapace	Raubvogel	words	C2	noun		rapace	0.05
le renfort	Verstärkung	words	C2	noun	masculine	renfort	0.05
le sari	Sari	words	C2	noun	masculine	sari	0.05
scandaliser	skandalisieren	words	C2	verb		scandaliser	0.05
la soucoupe	Untertasse	words	C2	noun	feminine	soucoupe	0.05
le superlatif	Superlativ	words	C2	noun	masculine	superlatif	0.05
la teinture	Färben	words	C2	noun	feminine	teinture	0.05
le tract	Flugblatt	words	C2	noun	masculine	tract	0.05
la varappe	Felsen erklettern	words	C2	noun	feminine	varappe	0.05
vulgaire	derb	words	C2	adjective		vulgaire	0.05
l' alpage	Alm	words	C2	noun	masculine	alpage	0.05
fleuriste	Florist	words	C2	noun		fleuriste	0.05
la nacre	Perlmutt	words	C2	noun	feminine	nacre	0.05
l' opale	Opal	words	C2	noun	feminine	opale	0.05
le kiwi	Kiwi	words	C2	noun	masculine	kiwi	0.05
le troubadour	Trobador	words	C2	noun	masculine	troubadour	0.05
amicalement	freundschaftlich	words	C2	adverb		amicalement	0.05
astronomique	astronomisch	words	C2	adjective		astronomique	0.05
la baba	Baba	words	C2	noun	feminine	baba	0.05
biennal	zweijährlich	words	C2	adjective		biennal	0.05
braiser	dünsten	words	C2	verb		braiser	0.05
Camembert	Camembert	words	C2	noun		camembert	0.05
climatiser	temperieren	words	C2	verb		climatiser	0.05
coco	Roter	words	C2	adjective	masculine	coco	0.05
la confiserie	Konditorei	words	C2	noun	feminine	confiserie	0.05
couvert	Besteck	words	C2	adjective	masculine	couvert	0.05
la crampe	Krampf	words	C2	noun	feminine	crampe	0.05
la dorade	Brasse	words	C2	noun	feminine	dorade	0.05
le labyrinthe	Labyrinth	words	C2	noun	masculine	labyrinthe	0.05
lapidaire	Steinschneider	words	C2	adjective		lapidaire	0.05
le macaron	Macaron	words	C2	noun	masculine	macaron	0.05
Malien	Malierin	words	C2	adjective	masculine	malien	0.05
paradisiaque	paradiesisch	words	C2	adjective		paradisiaque	0.05
peureux	bang	words	C2	adjective		peureux	0.05
pompiste	Tankwart	words	C2	noun		pompiste	0.05
le poney	Pony	words	C2	noun	masculine	poney	0.05
propager	weitererzählen	words	C2	verb		propager	0.05
la quenelle	Knödel	words	C2	noun	feminine	quenelle	0.05
la reinette	Renette	words	C2	noun	feminine	reinette	0.05
la sandale	Sandale	words	C2	noun	feminine	sandale	0.05
sommaire	Übersicht	words	C2	adjective	masculine	sommaire	0.05
Soudanais	Sudanese	words	C2	adjective	masculine	soudanais	0.05
succulent	saftig	words	C2	adjective	masculine	succulent	0.05
tapisser	beziehen	words	C2	verb		tapisser	0.05
la traite	Melken	words	C2	noun	feminine	traite	0.05
la typographie	Typografie	words	C2	noun	feminine	typographie	0.05
le battoir	Bleuel	words	C2	noun	masculine	battoir	0.05
la charrue	Pflug	words	C2	noun	feminine	charrue	0.05
le cultivateur	Bauer	words	C2	noun	masculine	cultivateur	0.05
goutter	tröpfeln	words	C2	verb		goutter	0.05
le mordant	Mordent	words	C2	noun	masculine	mordant	0.05
la pioche	Hacke	words	C2	noun	feminine	pioche	0.05
le plaignant	Kläger	words	C2	noun	masculine	plaignant	0.05
le sas	Sien	words	C2	noun	masculine	sas	0.04
contondant	stumpf	words	C2	adjective		contondant	0.04
l' abstention	Abstinenz	words	C2	noun	feminine	abstention	0.04
acheteur	Abnehmer	words	C2	adjective	masculine	acheteur	0.04
adjuger	anweisen	words	C2	verb		adjuger	0.04
l' afflux	Flut	words	C2	noun	masculine	afflux	0.04
amaigrir	abmagern	words	C2	verb		amaigrir	0.04
amputer	abnehmen	words	C2	verb		amputer	0.04
appartenant	gehörig	words	C2	adjective		appartenant	0.04
automnal	herbstlich	words	C2	adjective	masculine	automnal	0.04
le badaud	Gaffer	words	C2	noun	masculine	badaud	0.04
bienheureux	selig	words	C2	adjective	masculine	bienheureux	0.04
braquer	verärgern	words	C2	verb		braquer	0.04
byzantin	byzantinisch	words	C2	adjective	masculine	byzantin	0.04
le caddie	Einkaufswagen	words	C2	noun	masculine	caddie	0.04
la cargaison	Fracht	words	C2	noun	feminine	cargaison	0.04
le chemisier	Bluse	words	C2	noun	masculine	chemisier	0.04
civil	Zivil	words	C2	noun		civil	0.04
la coiffe	Kappe	words	C2	noun	feminine	coiffe	0.04
compulsif	zwanghaft	words	C2	adjective	masculine	compulsif	0.04
conter	erzählen	words	C2	verb		conter	0.04
corporel	physisch	words	C2	adjective		corporel	0.04
la couchette	Koje	words	C2	noun	feminine	couchette	0.04
la dentition	Dentition	words	C2	noun	feminine	dentition	0.04
l' emphase	Emphase	words	C2	noun	feminine	emphase	0.04
l' emplette	Kauf	words	C2	noun	feminine	emplette	0.04
enliser	steckenbleiben	words	C2	verb		enliser	0.04
essouffler	außer Atem bringen	words	C2	verb		essouffler	0.04
le fascisme	Faschismus	words	C2	noun	masculine	fascisme	0.04
le favori	Favorit	words	C2	noun	masculine	favori	0.04
fouler	treten	words	C2	verb		fouler	0.04
l' historique	Geschichte	words	C2	noun	masculine	historique	0.04
impensable	undenkbar	words	C2	adjective		impensable	0.04
l' imperfection	Fehler	words	C2	noun	feminine	imperfection	0.04
imperturbable	unerschütterlich	words	C2	adjective		imperturbable	0.04
inconditionnel	bedingungslos	words	C2	adjective		inconditionnel	0.04
injurier	beleidigen	words	C2	verb		injurier	0.04
l' inventaire	Inventar	words	C2	noun	masculine	inventaire	0.04
le jardinet	Gärtchen	words	C2	noun	masculine	jardinet	0.04
le marginal	Aussteiger	words	C2	noun	masculine	marginal	0.04
meuble	Möbelstück	words	C2	adjective	masculine	meuble	0.04
montant	Betrag	words	C2	adjective	masculine	montant	0.04
motoriser	motorisieren	words	C2	verb		motoriser	0.04
le nazisme	Nazismus	words	C2	noun	masculine	nazisme	0.04
officieux	offiziös	words	C2	adjective		officieux	0.04
oisif	inaktiv	words	C2	noun		oisif	0.04
l' ombrelle	Schirm	words	C2	noun	feminine	ombrelle	0.04
pachyderme	Dickhäuter	words	C2	adjective	masculine	pachyderme	0.04
le phosphore	Phosphor	words	C2	noun	masculine	phosphore	0.04
plomber	plombieren	words	C2	verb		plomber	0.04
la plomberie	Klempnerei	words	C2	noun	feminine	plomberie	0.04
le racontar	Gerede	words	C2	noun	masculine	racontar	0.04
le ravioli	Ravioli	words	C2	noun	masculine	ravioli	0.04
rehausser	heben	words	C2	verb		rehausser	0.04
rôder	umhergehen	words	C2	verb		roder	0.04
sautiller	hüpfen	words	C2	verb		sautiller	0.04
tarir	versiegen	words	C2	verb		tarir	0.04
la verrue	Warze	words	C2	noun	feminine	verrue	0.04
beige	Beige	words	C2	adjective		beige	0.04
le tarot	Tarot	words	C2	noun	masculine	tarot	0.04
affranchi	Freigelassener	words	C2	adjective	masculine	affranchi	0.04
l' alcootest	Alkoholtest	words	C2	noun	masculine	alcootest	0.04
ancestral	altüberliefert	words	C2	adjective		ancestral	0.04
annexe	Beilage	words	C2	adjective		annexe	0.04
apaiser	dämpfen	words	C2	verb		apaiser	0.04
l' arrosage	Begießen	words	C2	noun	masculine	arrosage	0.04
l' assainissement	Sanierung	words	C2	noun	masculine	assainissement	0.04
l' astuce	List	words	C2	noun	feminine	astuce	0.04
l' auditorium	Auditorium	words	C2	noun	masculine	auditorium	0.04
azur	Blau	words	C2	noun		azur	0.04
le batteur	Mixer	words	C2	noun	masculine	batteur	0.04
la boum	Party	words	C2	noun	feminine	boum	0.04
bourdonner	tönen	words	C2	verb		bourdonner	0.04
broder	sticken	words	C2	verb		broder	0.04
brun	braun	words	C2	noun		brun	0.04
le caramel	Caramel	words	C2	noun	masculine	caramel	0.04
le cataclysme	Kataklysmus	words	C2	noun	masculine	cataclysme	0.04
le cil	Wimper	words	C2	noun	masculine	cil	0.04
la compression	Kompression	words	C2	noun	feminine	compression	0.04
la confirmation	Bestätigung	words	C2	noun	feminine	confirmation	0.04
costaud	kräftig	words	C2	noun		costaud	0.04
coutumier	Rechtsbuch	words	C2	adjective	masculine	coutumier	0.04
daigner	geruhen	words	C2	verb		daigner	0.04
le dentier	Zahnprothese	words	C2	noun	masculine	dentier	0.04
dilettante	Amateur	words	C2	noun		dilettante	0.04
la discorde	Zwietracht	words	C2	noun	feminine	discorde	0.04
encercler	umgeben	words	C2	verb		encercler	0.04
endosser	nehmen	words	C2	verb		endosser	0.04
l' entrain	Elan	words	C2	noun	masculine	entrain	0.04
l' escroquerie	Betrug	words	C2	noun	feminine	escroquerie	0.04
ex	Ehemalige	words	C2	adverb		ex	0.04
exaucer	erhören	words	C2	verb		exaucer	0.04
la fourniture	Versorgung	words	C2	noun	feminine	fourniture	0.04
la fromagerie	Käsehütte	words	C2	noun	feminine	fromagerie	0.04
la garniture	Dichtung	words	C2	noun	feminine	garniture	0.04
grogner	brummen	words	C2	verb		grogner	0.04
l' improvisation	Improvisation	words	C2	noun	feminine	improvisation	0.04
inventeur	Erfinder	words	C2	adjective	masculine	inventeur	0.04
irritable	reizbar	words	C2	adjective		irritable	0.04
joyeux	fröhlich	words	C2	noun		joyeux	0.04
le marmiton	Küchenjunge	words	C2	noun	masculine	marmiton	0.04
la mixture	Mixtur	words	C2	noun	feminine	mixture	0.04
le motard	Motorradfahrer	words	C2	noun	masculine	motard	0.04
l' ostentation	Prahlerei	words	C2	noun	feminine	ostentation	0.04
le paillasson	Fußmatte	words	C2	noun	masculine	paillasson	0.04
panafricain	panafrikanisch	words	C2	adjective		panafricain	0.04
la patinette	Tretroller	words	C2	noun	feminine	patinette	0.04
patrouiller	patrouillieren	words	C2	verb		patrouiller	0.04
pelleter	schippen	words	C2	verb		pelleter	0.04
pirate	Pirat	words	C2	noun		pirate	0.04
pneumatique	pneumatisch	words	C2	adjective		pneumatique	0.04
la pneumonie	Pneumonie	words	C2	noun	feminine	pneumonie	0.04
la polygamie	Polygamie	words	C2	noun	feminine	polygamie	0.04
le poursuivant	Häscher	words	C2	noun	masculine	poursuivant	0.04
richissime	steinreich	words	C2	adjective		richissime	0.04
le sergent	Sergeant	words	C2	noun	masculine	sergent	0.04
sororal	schwesterlich	words	C2	adjective		sororal	0.04
souder	löten	words	C2	verb		souder	0.04
tatouer	tätowieren	words	C2	verb		tatouer	0.04
le tisserand	Weber	words	C2	noun	masculine	tisserand	0.04
la tortue	Schildkröte	words	C2	noun	feminine	tortue	0.04
le trac	Lampenfieber	words	C2	noun	masculine	trac	0.04
transpirer	schwitzen	words	C2	verb		transpirer	0.04
l' ustensile	Mittel	words	C2	noun	masculine	ustensile	0.04
visionnaire	Visionärin	words	C2	noun		visionnaire	0.04
la luge	Schlitten	words	C2	noun	feminine	luge	0.04
aduler	schmeicheln	words	C2	verb		aduler	0.04
affirmatif	positiv	words	C2	adjective		affirmatif	0.04
l' affront	Anstoß	words	C2	noun	masculine	affront	0.04
l' arabesque	Arabeske	words	C2	noun	feminine	arabesque	0.04
attenter	attentieren	words	C2	verb		attenter	0.04
le baudrier	Klettergurt	words	C2	noun	masculine	baudrier	0.04
la braise	Glut	words	C2	noun	feminine	braise	0.04
le canon	Lauf	words	C2	noun	masculine	canon	0.04
le canot	Kahn	words	C2	noun	masculine	canot	0.04
la carrure	Rückenweite	words	C2	noun	feminine	carrure	0.04
le charisme	Charisma	words	C2	noun	masculine	charisme	0.04
le chignon	Dutt	words	C2	noun	masculine	chignon	0.04
le chouchou	Liebling	words	C2	noun	masculine	chouchou	0.04
comploter	auflauern	words	C2	verb		comploter	0.04
confiant	gutgläubig	words	C2	adjective		confiant	0.04
confisquer	konfiszieren	words	C2	verb		confisquer	0.04
la conspiration	Konspiration	words	C2	noun	feminine	conspiration	0.04
corrompre	bestechen	words	C2	verb		corrompre	0.04
le corset	Korsett	words	C2	noun	masculine	corset	0.04
courroucer	zürnen	words	C2	verb		courroucer	0.04
l' enduit	Spachtel	words	C2	noun	masculine	enduit	0.04
farce	Füllung	words	C2	adjective	feminine	farce	0.04
le feutre	Filz	words	C2	noun	masculine	feutre	0.04
guerroyer	kriegen	words	C2	verb		guerroyer	0.04
hennir	wiehern	words	C2	verb		hennir	0.04
imprudemment	leichtsinnig	words	C2	adverb		imprudemment	0.04
l' incroyant	Ungläubige	words	C2	noun	masculine	incroyant	0.04
kitsch	kitschig	words	C2	adjective		kitsch	0.04
le lansquenet	Landsknecht	words	C2	noun	masculine	lansquenet	0.04
le laquais	Lakai	words	C2	noun	masculine	laquais	0.04
libertin	freizügig	words	C2	noun		libertin	0.04
lorgner	lorgnettieren	words	C2	verb		lorgner	0.04
monstre	Monster	words	C2	adjective	masculine	monstre	0.04
le mousquet	Muskete	words	C2	noun	masculine	mousquet	0.04
Napolitain	Neapolitaner	words	C2	adjective	masculine	napolitain	0.04
orageux	stürmisch	words	C2	adjective		orageux	0.04
pardieu	bei Gott	phrases	C2	interjection		pardieu	0.04
pendant	während	words	C2	adjective		pendant	0.04
pensif	gedankenvoll	words	C2	adjective		pensif	0.04
la perdrix	Rebhuhn	words	C2	noun	feminine	perdrix	0.04
la perfidie	Tücke	words	C2	noun	feminine	perfidie	0.04
pic	Gipfel	words	C2	adverb	masculine	pic	0.04
le politicien	Politiker	words	C2	noun	masculine	politicien	0.04
le psaume	Psalm	words	C2	noun	masculine	psaume	0.04
le puritain	Puritaner	words	C2	noun	masculine	puritain	0.04
la rade	Reede	words	C2	noun	feminine	rade	0.04
redresseur	Gleichrichter	words	C2	adjective	masculine	redresseur	0.04
le revenant	Gespenst	words	C2	noun	masculine	revenant	0.04
la sentence	Spruch	words	C2	noun	feminine	sentence	0.04
le soufflet	Blasebalg	words	C2	noun	masculine	soufflet	0.04
le superviseur	Aufsichtsperson	words	C2	noun	masculine	superviseur	0.04
supportable	erträglich	words	C2	adjective		supportable	0.04
touchant	anrührend	words	C2	adjective		touchant	0.04
tramer	weben	words	C2	verb		tramer	0.04
le voilier	Segler	words	C2	noun	masculine	voilier	0.04
preux	tapfer	words	C2	adjective		preux	0.04
anarchiste	Anarchist	words	C2	noun		anarchiste	0.04
barrer	sperren	words	C2	verb		barrer	0.04
biographe	Biograf	words	C2	noun		biographe	0.04
boiter	hinken	words	C2	verb		boiter	0.04
boiteux	lahm	words	C2	adjective	masculine	boiteux	0.04
le Breton	Bretone	words	C2	noun	masculine	breton	0.04
le communisme	Kommunismus	words	C2	noun	masculine	communisme	0.04
la continuation	Fortsetzung	words	C2	noun	feminine	continuation	0.04
le marxisme	Marxismus	words	C2	noun	masculine	marxisme	0.04
le meneur	Macher	words	C2	noun	masculine	meneur	0.04
la prostitution	Prostitution	words	C2	noun	feminine	prostitution	0.04
salaud	Mistkerl	words	C2	adjective	masculine	salaud	0.04
la secousse	Ruck	words	C2	noun	feminine	secousse	0.04
surchauffer	überhitzt	words	C2	verb		surchauffer	0.04
surveillant	Aufsichtsperson	words	C2	adjective	masculine	surveillant	0.04
le syndicalisme	Syndikalismus	words	C2	noun	masculine	syndicalisme	0.04
la tare	Tara	words	C2	noun	feminine	tare	0.04
l' acheminement	Beförderung	words	C2	noun	masculine	acheminement	0.04
l' Africain	Afrikaner	words	C2	noun	masculine	africain	0.04
l' agora	Agora	words	C2	noun	feminine	agora	0.04
l' anthologie	Anthologie	words	C2	noun	feminine	anthologie	0.04
l' approximation	Näherung	words	C2	noun	feminine	approximation	0.04
l' asocial	asozial	words	C2	noun	masculine	asocial	0.04
assagir	zähmen	words	C2	verb		assagir	0.04
avorter	abtreiben	words	C2	verb		avorter	0.04
le balayeur	Skanner	words	C2	noun	masculine	balayeur	0.04
barbare	Barbar	words	C2	noun		barbare	0.04
bimoteur	zweimotorig	words	C2	adjective		bimoteur	0.04
la blanche	halbe Note	words	C2	noun	feminine	blanche	0.04
le cabas	Strohkorb	words	C2	noun	masculine	cabas	0.04
le Canadien	Kanadier	words	C2	noun	masculine	canadien	0.04
la canule	Kanüle	words	C2	noun	feminine	canule	0.04
la cognition	Kognition	words	C2	noun	feminine	cognition	0.04
le commando	Kommando	words	C2	noun	masculine	commando	0.04
la componction	Reue	words	C2	noun	feminine	componction	0.04
concierge	Hauswart	words	C2	adjective		concierge	0.04
la conjugaison	Konjugation	words	C2	noun	feminine	conjugaison	0.04
le contretemps	Hindernis	words	C2	noun	masculine	contretemps	0.04
corpusculaire	korpuskular	words	C2	adjective		corpusculaire	0.04
distrait	zerstreut	words	C2	adjective		distrait	0.04
draguer	baggern	words	C2	verb		draguer	0.04
la fable	Fabel	words	C2	noun	feminine	fable	0.04
factice	künstlich	words	C2	adjective		factice	0.04
le figuier	Feige	words	C2	noun	masculine	figuier	0.04
la franchise	Selbstbeteiligung	words	C2	noun	feminine	franchise	0.04
le fronton	Stirnwand	words	C2	noun	masculine	fronton	0.04
la gamelle	Fressnapf	words	C2	noun	feminine	gamelle	0.04
l' homosexuel	Homosexueller	words	C2	noun	masculine	homosexuel	0.04
impair	ungerade	words	C2	noun		impair	0.04
jumeler	verbinden	words	C2	verb		jumeler	0.04
le lexique	Lexikon	words	C2	noun	masculine	lexique	0.04
lobotomiser	lobotomisieren	words	C2	verb		lobotomiser	0.04
louche	trüb	words	C2	adjective		louche	0.04
milliardaire	Milliardär	words	C2	noun		milliardaire	0.04
mime	Pantomime	words	C2	noun		mime	0.04
miteux	schäbig	words	C2	adjective		miteux	0.04
la modestie	Demut	words	C2	noun	feminine	modestie	0.04
la mouette	Möwe	words	C2	noun	feminine	mouette	0.04
la nana	Schnecke	words	C2	noun	feminine	nana	0.04
nuptial	hochzeitlich	words	C2	adjective		nuptial	0.04
l' orgue	Orgel	words	C2	noun	masculine	orgue	0.04
la pagode	Pagode	words	C2	noun	feminine	pagode	0.04
la Parme	Parma	words	C2	noun	feminine	parme	0.04
la pince	Zange	words	C2	noun	feminine	pince	0.04
pistache	Pistazie	words	C2	noun		pistache	0.04
puriste	puristisch	words	C2	adjective		puriste	0.04
le quiproquo	Verwechslung	words	C2	noun	masculine	quiproquo	0.04
le ravisseur	Entführer	words	C2	noun	masculine	ravisseur	0.04
le rudiment	Rudiment	words	C2	noun	masculine	rudiment	0.04
sauna	Sauna	words	C2	noun		sauna	0.04
tondre	scheren	words	C2	verb		tondre	0.04
la trituration	Zerkauen	words	C2	noun	feminine	trituration	0.04
le verger	Obstgarten	words	C2	noun	masculine	verger	0.04
vermoulu	wurmstichig	words	C2	adjective		vermoulu	0.04
virulent	heftig	words	C2	adjective		virulent	0.04
le poivre	Pfeffer	words	C2	noun	masculine	poivre	0.04
abonder	wimmeln	words	C2	verb		abonder	0.04
ajourner	fristen	words	C2	verb		ajourner	0.04
antagoniste	Widerpart	words	C2	adjective		antagoniste	0.04
antagoniste	Gegner	words	C2	noun		antagoniste	0.04
le bosquet	Wäldchen	words	C2	noun	masculine	bosquet	0.04
la bottine	Stiefelette	words	C2	noun	feminine	bottine	0.04
bourru	Sauser	words	C2	adjective	masculine	bourru	0.04
braconner	wildern	words	C2	verb		braconner	0.04
brillant	brillant	words	C2	noun		brillant	0.04
la cagoule	Kapuze	words	C2	noun	feminine	cagoule	0.04
la cartouche	Karton	words	C2	noun	feminine	cartouche	0.04
chanceler	schwanken	words	C2	verb		chanceler	0.04
le combiné	Hörer	words	C2	noun	masculine	combine	0.04
complet	komplett	words	C2	noun		complet	0.04
la conjecture	Mutmaßung	words	C2	noun	feminine	conjecture	0.04
le crochet	Haken	words	C2	noun	masculine	crochet	0.04
le cubisme	Kubismus	words	C2	noun	masculine	cubisme	0.04
cynique	zynisch	words	C2	adjective		cynique	0.04
dehors	draußen	words	C2	preposition		dehors	0.04
l' espionnage	Spionage	words	C2	noun	masculine	espionnage	0.04
l' expressionnisme	Expressionismus	words	C2	noun	masculine	expressionnisme	0.04
factotum	Mädchen für alles	words	C2	noun		factotum	0.04
le grillage	Gatter	words	C2	noun	masculine	grillage	0.04
hargneux	sauer	words	C2	adjective		hargneux	0.04
immobiliser	stehenbleiben	words	C2	verb		immobiliser	0.04
l' incarnation	Inbegriff	words	C2	noun	feminine	incarnation	0.04
incomplet	unvollständig	words	C2	adjective	masculine	incomplet	0.04
la martingale	Martingal	words	C2	noun	feminine	martingale	0.04
la physionomie	Physiognomie	words	C2	noun	feminine	physionomie	0.04
le pointillisme	Pointillismus	words	C2	noun	masculine	pointillisme	0.04
le polar	Krimi	words	C2	noun	masculine	polar	0.04
presbyte	weitsichtig	words	C2	adjective		presbyte	0.04
la prunelle	Pupille	words	C2	noun	feminine	prunelle	0.04
le signalement	Personenbeschreibung	words	C2	noun	masculine	signalement	0.04
spectral	gespenstisch	words	C2	adjective	masculine	spectral	0.04
sucer	saugen	words	C2	verb		sucer	0.04
surplomber	überhängen	words	C2	verb		surplomber	0.04
la symbiose	Symbiose	words	C2	noun	feminine	symbiose	0.04
la torse	Rumpf	words	C2	noun	feminine	torse	0.04
l' accrochage	Aufhängen	words	C2	noun	masculine	accrochage	0.03
acerbe	rau	words	C2	adjective		acerbe	0.03
affleurer	nivellieren	words	C2	verb		affleurer	0.03
l' aigreur	Azidität	words	C2	noun	feminine	aigreur	0.03
ardent	feurig	words	C2	adjective		ardent	0.03
l' arrivage	Ankunft	words	C2	noun	masculine	arrivage	0.03
assourdir	betäuben	words	C2	verb		assourdir	0.03
atavique	atavistisch	words	C2	adjective		atavique	0.03
ausculter	abhören	words	C2	verb		ausculter	0.03
la barbarie	Rohheit	words	C2	noun	feminine	barbarie	0.03
le blabla	Blabla	words	C2	noun	masculine	blabla	0.03
la boiserie	Getäfel	words	C2	noun	feminine	boiserie	0.03
bulle	Luftblase	words	C2	adjective	feminine	bulle	0.03
censurer	zensieren	words	C2	verb		censurer	0.03
chouchouter	verwöhnen	words	C2	verb		chouchouter	0.03
le culot	Frechheit	words	C2	noun	masculine	culot	0.03
divertir	umleiten	words	C2	verb		divertir	0.03
fantasmer	fantasieren	words	C2	verb		fantasmer	0.03
farouche	scheu	words	C2	adjective		farouche	0.03
flemmard	faul	words	C2	adjective		flemmard	0.03
la frise	Fries	words	C2	noun	feminine	frise	0.03
fumiste	Ofensetzer	words	C2	noun		fumiste	0.03
gagnant	Gewinner	words	C2	adjective	masculine	gagnant	0.03
gare	Bahnhof	phrases	C2	interjection	feminine	gare	0.03
immortaliser	verewigen	words	C2	verb		immortaliser	0.03
indolore	schmerzlos	words	C2	adjective		indolore	0.03
ineffable	unsäglich	words	C2	adjective		ineffable	0.03
initialement	zunächst	words	C2	adverb		initialement	0.03
l' insuffisance	Manko	words	C2	noun	feminine	insuffisance	0.03
le kangourou	Känguru	words	C2	noun	masculine	kangourou	0.03
lie	Abschaum	words	C2	adjective	feminine	lie	0.03
magnifier	erheben	words	C2	verb		magnifier	0.03
la malle	Kofferraum	words	C2	noun	feminine	malle	0.03
menu	Speisekarte	words	C2	adverb	masculine	menu	0.03
monosyllabique	einsilbig	words	C2	adjective		monosyllabique	0.03
la musette	Dudelsack	words	C2	noun	feminine	musette	0.03
niquer	bumsen	words	C2	verb		niquer	0.03
obscurcir	verdunkeln	words	C2	verb		obscurcir	0.03
la paroisse	Pfarre	words	C2	noun	feminine	paroisse	0.03
paroissial	Gemeinde	words	C2	adjective		paroissial	0.03
le potage	Suppe	words	C2	noun	masculine	potage	0.03
raide	ungelenk	words	C2	noun		raide	0.03
ressenti	Empfinden	words	C2	adjective	masculine	ressenti	0.03
retrait	Abhebung	words	C2	adjective	masculine	retrait	0.03
retrancher	abholen	words	C2	verb		retrancher	0.03
rocailleux	steinig	words	C2	adjective		rocailleux	0.03
socialiser	sozialisieren	words	C2	verb		socialiser	0.03
le solstice	Solstitium	words	C2	noun	masculine	solstice	0.03
le stencil	Matrize	words	C2	noun	masculine	stencil	0.03
le sursis	Aufschub	words	C2	noun	masculine	sursis	0.03
tartare	tatarisch	words	C2	adjective		tartare	0.03
tarte	Tarte	words	C2	adjective	feminine	tarte	0.03
le torchon	Wischtuch	words	C2	noun	masculine	torchon	0.03
troquer	tauschen	words	C2	verb		troquer	0.03
la vachette	Rindleder	words	C2	noun	feminine	vachette	0.03
la valse	Walzer	words	C2	noun	feminine	valse	0.03
la vinaigrette	Vinaigrette	words	C2	noun	feminine	vinaigrette	0.03
affaler	niederholen	words	C2	verb		affaler	0.03
alanguir	ermatten	words	C2	verb		alanguir	0.03
le bachelier	Abiturient	words	C2	noun	masculine	bachelier	0.03
la dissertation	Aufsatz	words	C2	noun	feminine	dissertation	0.03
documenter	dokumentieren	words	C2	verb		documenter	0.03
l' entente	Klang	words	C2	noun	feminine	entente	0.03
fixe	fest	words	C2	noun		fixe	0.03
frileux	kälteempfindlich	words	C2	adjective	masculine	frileux	0.03
intello	intarbeiter	words	C2	noun		intello	0.03
jovial	jovial	words	C2	adjective	masculine	jovial	0.03
le Marocain	Marokkaner	words	C2	noun	masculine	marocain	0.03
merveilleux	wunderbar	words	C2	noun		merveilleux	0.03
pareillement	gleich	words	C2	adverb		pareillement	0.03
le patin	Kufe	words	C2	noun	masculine	patin	0.03
le perfectionnisme	Perfektionismus	words	C2	noun	masculine	perfectionnisme	0.03
le projectile	Geschoss	words	C2	noun	masculine	projectile	0.03
le raï	Raï	words	C2	noun	masculine	rai	0.03
randonner	wandern	words	C2	verb		randonner	0.03
la redistribution	Umverteilung	words	C2	noun	feminine	redistribution	0.03
le suspens	Suspense	words	C2	noun	masculine	suspens	0.03
la suspension	Federung	words	C2	noun	feminine	suspension	0.03
l' yard	Yard	words	C2	noun	masculine	yard	0.03
la chevalerie	Rittertum	words	C2	noun	feminine	chevalerie	0.03
valeureux	mutig	words	C2	adjective		valeureux	0.03
le vassal	Vasall	words	C2	noun	masculine	vassal	0.03
le chaperon	Anstandsdame	words	C2	noun	masculine	chaperon	0.03
dormant	feste Part	words	C2	adjective	masculine	dormant	0.03
le louveteau	Wolfswelpe	words	C2	noun	masculine	louveteau	0.03
l' adoration	Anbetung	words	C2	noun	feminine	adoration	0.03
captivant	anregend	words	C2	adjective	masculine	captivant	0.03
le coassement	Quaken	words	C2	noun	masculine	coassement	0.03
le divan	Diwan	words	C2	noun	masculine	divan	0.03
le faste	Prunk	words	C2	noun	masculine	faste	0.03
le palefrenier	Stallknecht	words	C2	noun	masculine	palefrenier	0.03
poilu	haarig	words	C2	adjective		poilu	0.03
rococo	Rokoko	words	C2	adjective		rococo	0.03
superstitieux	abergläubig	words	C2	adjective		superstitieux	0.03
le surlendemain	Übermorgen	words	C2	noun	masculine	surlendemain	0.03
symphonique	sinfonisch	words	C2	adjective		symphonique	0.03
le terrassement	Erdarbeit	words	C2	noun	masculine	terrassement	0.03
violoniste	Geiger	words	C2	noun		violoniste	0.03
la gourde	Gourde	words	C2	noun	feminine	gourde	0.03
l' accolade	Akkolade	words	C2	noun	feminine	accolade	0.03
l' altesse	Hoheit	words	C2	noun	masculine	altesse	0.03
antiquaire	Antiquar	words	C2	noun		antiquaire	0.03
aquatique	wäßrig	words	C2	adjective		aquatique	0.03
autodidacte	autodidaktisch	words	C2	adjective		autodidacte	0.03
bicolore	zweifarbig	words	C2	adjective		bicolore	0.03
bonne	Mädchen	words	C2	adverb	feminine	bonne	0.03
le climatiseur	Klimaanlage	words	C2	noun	masculine	climatiseur	0.03
ergonomique	ergonomisch	words	C2	adjective		ergonomique	0.03
Florence	Florenz	words	C2	noun		florence	0.03
geler	eisen	words	C2	verb		geler	0.03
kaki	Khaki	words	C2	adjective		kaki	0.03
le kayak	Kajak	words	C2	noun	masculine	kayak	0.03
le laitier	Schlacke	words	C2	noun	masculine	laitier	0.03
montagneux	bergig	words	C2	adjective		montagneux	0.03
la motoneige	Schneemobil	words	C2	noun	feminine	motoneige	0.03
le pipi	Lulu	words	C2	noun	masculine	pipi	0.03
la raquette	Schläger	words	C2	noun	feminine	raquette	0.03
ultramoderne	hochmodern	words	C2	adjective		ultramoderne	0.03
voyager	reisen	words	C2	adjective		voyager	0.03
le watt	Watt	words	C2	noun	masculine	watt	0.03
impair	ungerade	words	C2	adjective		impair	0.03
le scaphandre	Skaphander	words	C2	noun	masculine	scaphandre	0.03
vaillant	brav	words	C2	adjective		vaillant	0.03
le raid	Raubzug	words	C2	noun	masculine	raid	0.03
la biche	Hinde	words	C2	noun	feminine	biche	0.03
la cigogne	Adebar	words	C2	noun	feminine	cigogne	0.03
gonflé	aufgeblasen	words	C2	adjective		gonfle	0.03
le plombier	Klempner	words	C2	noun	masculine	plombier	0.03
le rangement	Regal	words	C2	noun	masculine	rangement	0.03
tonner	donnern	words	C2	verb		tonner	0.03
l' indiscipline	Disziplinlosigkeit	words	C2	noun	feminine	indiscipline	0.02
klaxonner	hupen	words	C2	verb		klaxonner	0.02
le Manhattan	Manhattan	words	C2	noun	masculine	manhattan	0.02
mensuel	monatlich	words	C2	noun		mensuel	0.02
saquer	feuern	words	C2	verb		saquer	0.02
satisfait	zufrieden	words	C2	adjective		satisfait	0.02
le tatouage	Tattoo	words	C2	noun	masculine	tatouage	0.02
alcoolique	Alkohol	words	C2	noun		alcoolique	0.02
cambodgien	kambodschanisch	words	C2	adjective		cambodgien	0.02
Castillan	Kastilianer	words	C2	adjective	masculine	castillan	0.02
la cloison	Wand	words	C2	noun	feminine	cloison	0.02
le coke	Koks	words	C2	noun	masculine	coke	0.02
la dactylographie	Zehnfingersystem	words	C2	noun	feminine	dactylographie	0.02
fruitier	ergiebig	words	C2	adjective		fruitier	0.02
le jeton	Jeton	words	C2	noun	masculine	jeton	0.02
la langouste	Languste	words	C2	noun	feminine	langouste	0.02
ouah	Mensch	phrases	C2	interjection		ouah	0.02
la pizzeria	Pizzeria	words	C2	noun	feminine	pizzeria	0.02
le Renaud	Reinhold	words	C2	noun	masculine	renaud	0.02
le tahitien	Tahitianisch	words	C2	noun	masculine	tahitien	0.02
le traiteur	Partyservice	words	C2	noun	masculine	traiteur	0.02
l' aviron	Ruder	words	C2	noun	masculine	aviron	0.02
la bijouterie	Schmuckgeschäft	words	C2	noun	feminine	bijouterie	0.02
bijoutier	Juwelier	words	C2	adjective	masculine	bijoutier	0.02
le blason	Wappenschild	words	C2	noun	masculine	blason	0.02
le calvinisme	Calvinismus	words	C2	noun	masculine	calvinisme	0.02
la capuche	Kapuze	words	C2	noun	feminine	capuche	0.02
le cintre	Zug	words	C2	noun	masculine	cintre	0.02
hausser	heben	words	C2	verb		hausser	0.02
inflexible	rigide	words	C2	adjective		inflexible	0.02
influent	mächtig	words	C2	adjective		influent	0.02
le jais	Gagat	words	C2	noun	masculine	jais	0.02
la joaillerie	Juwelierladen	words	C2	noun	feminine	joaillerie	0.02
lapidaire	Steinschneider	words	C2	noun		lapidaire	0.02
minable	miserabel	words	C2	adjective		minable	0.02
myope	myop	words	C2	adjective		myope	0.02
opale	Opal	words	C2	adjective	feminine	opale	0.02
plaisant	spaßig	words	C2	adjective		plaisant	0.02
raclette	Rakel	words	C2	noun		raclette	0.02
raidir	spannen	words	C2	verb		raidir	0.02
le rhododendron	Alpenrose	words	C2	noun	masculine	rhododendron	0.02
saboter	sabotieren	words	C2	verb		saboter	0.02
saphir	Saphir	words	C2	adjective	masculine	saphir	0.02
le talisman	Talisman	words	C2	noun	masculine	talisman	0.02
le tombeau	Grab	words	C2	noun	masculine	tombeau	0.02
la toque	Haube	words	C2	noun	feminine	toque	0.02
turquoise	Türkis	words	C2	adjective	feminine	turquoise	0.02
automatiser	automatisieren	words	C2	verb		automatiser	0.02
Belge	Belgier	words	C2	noun		belge	0.02
la brochure	Broschur	words	C2	noun	feminine	brochure	0.02
le couvreur	Dachdecker	words	C2	noun	masculine	couvreur	0.02
danois	Dänisch	words	C2	adjective	masculine	danois	0.02
le dodo	Bett	words	C2	noun	masculine	dodo	0.02
dur	schwierig	words	C2	adverb		dur	0.02
Este	Tschude	words	C2	adjective		este	0.02
finlandais	finnisch	words	C2	adjective		finlandais	0.02
homosexuel	schwul	words	C2	adjective		homosexuel	0.02
mayonnaise	Majonäse	words	C2	adjective	feminine	mayonnaise	0.02
pluvieux	verregnet	words	C2	adjective		pluvieux	0.02
prune	Pflaume	words	C2	adjective	feminine	prune	0.02
le rachat	Auslösen	words	C2	noun	masculine	rachat	0.02
romanche	Rätoromanisch	words	C2	adjective	masculine	romanche	0.02
le suspense	Suspense	words	C2	noun	masculine	suspense	0.02
le toc	Kitsch	words	C2	noun	masculine	toc	0.02
le Vietnamien	Vietnamese	words	C2	noun	masculine	vietnamien	0.02
zut	Scheiße	phrases	C2	interjection		zut	0.02
l' adduction	Adduktion	words	C2	noun	feminine	adduction	0.02
agripper	greifen	words	C2	verb		agripper	0.02
aigrelet	säuerlich	words	C2	adjective		aigrelet	0.02
anthropologue	Anthropologe	words	C2	noun		anthropologue	0.02
arabesque	Arabeske	words	C2	adjective	feminine	arabesque	0.02
le battant	Macher	words	C2	noun	masculine	battant	0.02
le communard	Kommunard	words	C2	noun	masculine	communard	0.02
le Corbeau	Rabe	words	C2	noun	masculine	corbeau	0.02
la cryptographie	Kryptografie	words	C2	noun	feminine	cryptographie	0.02
funiculaire	Standseilbahn	words	C2	adjective	masculine	funiculaire	0.02
hollandais	holländisch	words	C2	adjective		hollandais	0.02
imbuvable	untrinkbar	words	C2	adjective		imbuvable	0.02
insalubre	ungesund	words	C2	adjective		insalubre	0.02
le lyrisme	Lyrik	words	C2	noun	masculine	lyrisme	0.02
macabre	makaber	words	C2	adjective		macabre	0.02
omnibus	Omnibus	words	C2	adjective	masculine	omnibus	0.02
penchant	Neigung	words	C2	adjective	masculine	penchant	0.02
populeux	volkreich	words	C2	adjective		populeux	0.02
le Prussien	Preuße	words	C2	noun	masculine	prussien	0.02
la ratiocination	Ratiocination	words	C2	noun	feminine	ratiocination	0.02
ronger	nagen	words	C2	verb		ronger	0.02
rouiller	rosten	words	C2	verb		rouiller	0.02
saccadé	plötzlich	words	C2	noun		saccade	0.02
le sacre	Krönung	words	C2	noun	masculine	sacre	0.02
le sommier	Säumer	words	C2	noun	masculine	sommier	0.02
la suie	Ruß	words	C2	noun	feminine	suie	0.02
la syphilis	Syphilis	words	C2	noun	feminine	syphilis	0.02
tordu	krumm	words	C2	adjective		tordu	0.02
la touffe	Tuff	words	C2	noun	feminine	touffe	0.02
touffu	trübe	words	C2	adjective	masculine	touffu	0.02
la vacherie	Kuhstall	words	C2	noun	feminine	vacherie	0.02
le vilebrequin	Kurbelwelle	words	C2	noun	masculine	vilebrequin	0.02
Croate	Kroatin	words	C2	adjective		croate	0.02
la crosse	Kolben	words	C2	noun	feminine	crosse	0.02
la douve	Daube	words	C2	noun	feminine	douve	0.02
empoigner	greifen	words	C2	verb		empoigner	0.02
l' esquimau	Eis am Stiel	words	C2	noun	masculine	esquimau	0.02
la friterie	Frittenbude	words	C2	noun	feminine	friterie	0.02
la gondole	Gondel	words	C2	noun	feminine	gondole	0.02
la tribulation	Leiden	words	C2	noun	feminine	tribulation	0.02
vagabond	Vagabund	words	C2	adjective	masculine	vagabond	0.02
autrichien	österreichisch	words	C2	adjective	masculine	autrichien	0.02
la craie	Kreide	words	C2	noun	feminine	craie	0.02
l' imprimante	Drucker	words	C2	noun	feminine	imprimante	0.02
optimiste	optimistisch	words	C2	noun		optimiste	0.02
le violon	Geige	words	C2	noun	masculine	violon	0.02
beurk	eckelig	phrases	C2	interjection		beurk	0.02
casquer	blechen	words	C2	verb		casquer	0.02
la grimace	Grimasse	words	C2	noun	feminine	grimace	0.02
jumeau	paarig	words	C2	adjective		jumeau	0.02
le planeur	Segler	words	C2	noun	masculine	planeur	0.02
la prune	Ticket	words	C2	noun	feminine	prune	0.02
rangé	ordentlich	words	C2	noun		range	0.02
abreuver	wässern	words	C2	verb		abreuver	0.02
antipelliculaire	Schuppen	words	C2	adjective		antipelliculaire	0.02
approximatif	ungefähr	words	C2	adjective		approximatif	0.02
le caveau	Gruft	words	C2	noun	masculine	caveau	0.02
la contenance	Fläche	words	C2	noun	feminine	contenance	0.02
devenir	werden	words	C2	noun		devenir	0.02
divaguer	irren	words	C2	verb		divaguer	0.02
l' enterrement	Begräbnis	words	C2	noun	masculine	enterrement	0.02
le forfait	Pauschale	words	C2	noun	masculine	forfait	0.02
le fromager	Ceiba	words	C2	noun	masculine	fromager	0.02
homo	Homo	words	C2	adjective		homo	0.02
le mammouth	Mammut	words	C2	noun	masculine	mammouth	0.02
milliardaire	Milliardär	words	C2	adjective		milliardaire	0.02
modeler	bilden	words	C2	verb		modeler	0.02
l' offensive	Offensive	words	C2	noun	feminine	offensive	0.02
pupille	Mündel	words	C2	noun		pupille	0.02
le shampooing	Shampoo	words	C2	noun	masculine	shampooing	0.02
somnoler	dösen	words	C2	verb		somnoler	0.02
le suicide	Suizid	words	C2	noun	masculine	suicide	0.02
la tournure	Wendung	words	C2	noun	feminine	tournure	0.02
Vietnamien	Vietnamese	words	C2	adjective	masculine	vietnamien	0.02
le sermon	Predigt	words	C2	noun	masculine	sermon	0.02
le kaolin	Kaolin	words	C2	noun	masculine	kaolin	0.02
la potion	Trank	words	C2	noun	feminine	potion	0.02
le promontoire	Kap	words	C2	noun	masculine	promontoire	0.02
le bridge	Bridge	words	C2	noun	masculine	bridge	0.02
minutieux	minuziös	words	C2	adjective		minutieux	0.02
perquisitionner	durchsuchen	words	C2	verb		perquisitionner	0.02
le sot	Tor	words	C2	noun	masculine	sot	0.02
tricoter	wirken	words	C2	verb		tricoter	0.02
clignoter	blinken	words	C2	verb		clignoter	0.02
le prochain	Nächste	words	C2	noun	masculine	prochain	0.02
l' aspirine	Aspirin	words	C2	noun	feminine	aspirine	0.02
viennois	wienerisch	words	C2	adjective		viennois	0.02
avidement	begierig	words	C2	adverb		avidement	0.02
la fugue	Fuge	words	C2	noun	feminine	fugue	0.02
lamenter	jammern	words	C2	verb		lamenter	0.02
tranchant	scharf	words	C2	noun		tranchant	0.02
barber	anöden	words	C2	verb		barber	0.01
le bidon	Kanister	words	C2	noun	masculine	bidon	0.01
le fourgon	Gepäckwagen	words	C2	noun	masculine	fourgon	0.01
inerte	inert	words	C2	adjective		inerte	0.01
ingrat	undankbar	words	C2	noun		ingrat	0.01
l' anchois	Anchovis	words	C2	noun	masculine	anchois	0.01
l' avarice	Geiz	words	C2	noun	feminine	avarice	0.01
l' avoine	Haber	words	C2	noun	feminine	avoine	0.01
la Chandeleur	Lichtmess	words	C2	noun	feminine	chandeleur	0.01
la daube	Schmoren	words	C2	noun	feminine	daube	0.01
l' ensoleillement	Sonnenschein	words	C2	noun	masculine	ensoleillement	0.01
hue	hü	phrases	C2	interjection		hue	0.01
insolent	frech	words	C2	adjective		insolent	0.01
irrespectueux	respektlos	words	C2	adjective		irrespectueux	0.01
orientable	einstellbar	words	C2	adjective		orientable	0.01
renommer	umbenennen	words	C2	verb		renommer	0.01
textile	Gewebe	words	C2	adjective	masculine	textile	0.01
la guirlande	Girlande	words	C2	noun	feminine	guirlande	0.01
ricaner	kichern	words	C2	verb		ricaner	0.01
incroyable	lächerlich	words	C2	noun		incroyable	0.01
le poster	Poster	words	C2	noun	masculine	poster	0.01
surnaturel	übernatürlich	words	C2	noun		surnaturel	0.01
le montagnard	Bergler	words	C2	noun	masculine	montagnard	0.01
le cactus	Kaktus	words	C2	noun	masculine	cactus	0.01
la crique	Bucht	words	C2	noun	feminine	crique	0.01
le district	Bezirk	words	C2	noun	masculine	district	0.01
le fjord	Fjord	words	C2	noun	masculine	fjord	0.01
la losange	Raute	words	C2	noun	feminine	losange	0.01
le Mexicain	Mexikaner	words	C2	noun	masculine	mexicain	0.01
ovale	oval	words	C2	adjective		ovale	0.01
le stuc	Stuck	words	C2	noun	masculine	stuc	0.01
vivre	leben	words	C2	noun		vivre	0.01
dingue	bekloppt	words	C2	noun		dingue	0.01
la bourrache	Borretsch	words	C2	noun	feminine	bourrache	0.01
femelle	Weibchen	words	C2	noun		femelle	0.01
framboise	Himbeere	words	C2	noun		framboise	0.01
le pelage	Fell	words	C2	noun	masculine	pelage	0.01
le ravin	Schlucht	words	C2	noun	masculine	ravin	0.01
ronfler	schnarchen	words	C2	verb		ronfler	0.01
l' armoiries	Wappen	words	C2	noun	feminine	armoiries	0.01
le coussin	Kissen	words	C2	noun	masculine	coussin	0.01
le Lynx	Luchs	words	C2	noun	masculine	lynx	0.01
politicien	Politiker	words	C2	adjective	masculine	politicien	0.01
sonder	ergründen	words	C2	verb		sonder	0.01
bouillant	heiß	words	C2	adjective	masculine	bouillant	0.01
la chevelure	Haar	words	C2	noun	feminine	chevelure	0.01
la constellation	Sternbild	words	C2	noun	feminine	constellation	0.01
le faucon	Falke	words	C2	noun	masculine	faucon	0.01
l' hutte	Hütte	words	C2	noun	feminine	hutte	0.01
jaillir	spritzen	words	C2	verb		jaillir	0.01
la palissade	Palisade	words	C2	noun	feminine	palissade	0.01
plisser	plissieren	words	C2	verb		plisser	0.01
le tremble	Aspe	words	C2	noun	masculine	tremble	0.01
le couchant	Abendhimmel	words	C2	noun	masculine	couchant	0.01
courageux	beherzt	words	C2	noun		courageux	0.01
engourdir	dämpfen	words	C2	verb		engourdir	0.01
la gousse	Knoblauchzehe	words	C2	noun	feminine	gousse	0.01
mousse	stumpf	words	C2	adjective		mousse	0.01
poivrer	pfeffern	words	C2	verb		poivrer	0.01
quart	vierstündige Wache	words	C2	adjective	masculine	quart	0.01
l' archipel	Archipel	words	C2	noun	masculine	archipel	0.01
l' incandescence	Rotglut	words	C2	noun	feminine	incandescence	0.01
