source_display	target	card_type	level	word_class	gender	topic	flelex_word	freq_total
être	sein	words	A1	verb		Allgemein	être	28371.47
avoir	haben	words	A1	verb		Allgemein	avoir	19212.14
dans	in	words	A1	preposition		Allgemein	dans	8885.44
pour	für	words	A1	preposition		Allgemein	pour	6865.43
elle	sie	words	A1	pronoun		Allgemein	elle	6038.16
faire	machen	words	A1	verb		Allgemein	faire	5619.66
plus	mehr	words	A1	adverb		Allgemein	plus	5590.72
mais	aber	words	A1	conjunction		Allgemein	mais	5297.00
tout	alles	words	A1	pronoun		Allgemein	tout	4065.53
avec	mit	words	A1	preposition		Allgemein	avec	4037.92
aller	gehen	words	A1	verb		Allgemein	aller	3931.76
dire	sagen	words	A1	verb		Allgemein	dire	3665.34
pouvoir	können	words	A1	verb		Allgemein	pouvoir	3423.85
lui	ihm	words	A1	pronoun		Allgemein	lui	3343.49
bien	gut	words	A1	adverb		Allgemein	bien	2682.03
très	sehr	words	A1	adverb		Allgemein	très	2458.41
voir	sehen	words	A1	verb		Allgemein	voir	2293.67
autre	anderer	words	A1	adjective		Allgemein	autre	2237.40
cela	das	words	A1	pronoun		Allgemein	cela	2094.53
vouloir	wollen	words	A1	verb		Allgemein	vouloir	1940.96
moi	mich	words	A1	pronoun		Allgemein	moi	1867.69
aussi	auch	words	A1	adverb		Allgemein	aussi	1838.20
un	ein	words	A1	noun	m	Allgemein	an	1795.66
homme	der Mann	words	A1	noun	m	Allgemein	homme	1776.87
grand	groß	words	A1	adjective		Allgemein	grand	1751.44
savoir	wissen	words	A1	verb		Allgemein	savoir	1693.81
comme	wie	words	A1	conjunction		Allgemein	comme	1620.40
jour	der Tag	words	A1	noun	m	Allgemein	jour	1619.83
venir	kommen	words	A1	verb		Allgemein	venir	1546.97
où	wo	words	A1	pronoun		Allgemein	où	1545.30
petit	klein	words	A1	adjective		Allgemein	petit	1516.64
prendre	nehmen	words	A1	verb		Allgemein	prendre	1440.60
devoir	müssen	words	A1	verb		Allgemein	devoir	1433.04
passer	verbringen	words	A1	verb		Allgemein	passer	1363.36
sans	ohne	words	A1	preposition		Allgemein	sans	1347.79
femme	die Frau	words	A1	noun	f	Allgemein	femme	1346.62
alors	dann	words	A1	adverb		Allgemein	alors	1338.66
là	da	words	A1	adverb		Allgemein	là	1314.51
quelque	einige	words	A1	pronoun		Allgemein	quelque	1290.85
quand	wann	words	A1	conjunction		Allgemein	quand	1284.78
heure	die Stunde	words	A1	noun	f	Allgemein	heure	1270.74
peu	wenig	words	A1	adverb		Allgemein	peu	1245.57
trouver	finden	words	A1	verb		Allgemein	trouver	1239.41
parler	sprechen	words	A1	verb		Allgemein	parler	1230.16
temps	die Zeit	words	A1	noun	m	Allgemein	temps	1202.58
encore	noch	words	A1	adverb		Allgemein	encore	1200.95
falloir	müssen	words	A1	verb		Allgemein	falloir	1196.26
mettre	setzen	words	A1	verb		Allgemein	mettre	1179.72
non	nein	words	A1	adverb		Allgemein	non	1155.97
bon	gut	words	A1	adjective		Allgemein	bon	1140.03
le monde	die Welt	words	A1	noun	m	Allgemein	monde	1132.93
la vie	das Leben	words	A1	noun	f	Allgemein	vie	1109.07
celui	derjenige	words	A1	pronoun		Allgemein	celui	1108.84
donner	geben	words	A1	verb		Allgemein	donner	1087.95
aimer	lieben	words	A1	verb		Allgemein	aimer	1083.57
nouveau	neu	words	A1	adjective		Allgemein	nouveau	1079.54
l'enfant	das Kind	words	A1	noun	m	Allgemein	enfant	1071.26
toujours	immer	words	A1	adverb		Allgemein	toujours	1070.37
puis	dann	words	A1	adverb		Allgemein	puis	1061.53
chez	bei	words	A1	preposition		Allgemein	chez	1058.68
demander	fragen	words	A1	verb		Allgemein	demander	1037.21
entre	zwischen	words	A1	preposition		Allgemein	entre	1032.37
beaucoup	viel	words	A1	adverb		Allgemein	beaucoup	1018.76
oui	ja	words	A1	interjection		Allgemein	oui	1006.72
arriver	ankommen	words	A1	verb		Allgemein	arriver	998.61
penser	denken	words	A1	verb		Allgemein	penser	988.91
la chose	die Sache	words	A1	noun	f	Allgemein	chose	984.73
regarder	sehen	words	A1	verb		Allgemein	regarder	975.66
rester	bleiben	words	A1	verb		Allgemein	rester	967.93
connaître	kennen	words	A1	verb		Allgemein	connaître	965.66
la personne	die Person	words	A1	noun	f	Allgemein	personne	934.21
même	selbst	words	A1	adjective		Allgemein	même	900.84
partir	gehen	words	A1	verb		Allgemein	partir	895.18
l'année	das Jahr	words	A1	noun	f	Allgemein	année	891.21
jeune	jung	words	A1	adjective		Allgemein	jeune	878.32
la maison	das Haus	words	A1	noun	f	Allgemein	maison	855.34
depuis	seit	words	A1	preposition		Allgemein	depuis	854.70
moins	weniger	words	A1	adverb		Allgemein	moins	841.75
devenir	werden	words	A1	verb		Allgemein	devenir	822.34
seul	allein	words	A1	adjective		Allgemein	seul	821.64
après	nach	words	A1	preposition		Allgemein	après	797.94
donc	also	words	A1	adverb		Allgemein	donc	785.80
rien	nichts	words	A1	adverb		Allgemein	rien	780.55
le pays	das Land	words	A1	noun	m	Allgemein	pays	771.72
vers	zu	words	A1	preposition		Allgemein	vers	750.50
répondre	antworten	words	A1	verb		Allgemein	répondre	745.96
entendre	hören	words	A1	verb		Allgemein	entendre	743.44
monsieur	der Herr	words	A1	noun	m	Allgemein	monsieur	732.34
appeler	rufen	words	A1	verb		Allgemein	appeler	727.76
aujourd'hui	heute	words	A1	adverb		Allgemein	aujourd'hui	711.08
français	französisch	words	A1	adjective		Allgemein	français	709.88
le travail	die Arbeit	words	A1	noun	m	Allgemein	travail	703.91
beau	schön	words	A1	adjective		Allgemein	beau	701.99
attendre	warten	words	A1	verb		Allgemein	attendre	701.46
sortir	ausgehen	words	A1	verb		Allgemein	sortir	694.10
la ville	die Stadt	words	A1	noun	f	Allgemein	ville	693.58
l'ami	der Freund	words	A1	noun	m	Allgemein	ami	674.89
vivre	leben	words	A1	verb		Allgemein	vivre	667.58
pendant	während	words	A1	preposition		Allgemein	pendant	663.78
croire	glauben	words	A1	verb		Allgemein	croire	641.51
jamais	nie	words	A1	adverb		Allgemein	jamais	637.95
avant	vor	words	A1	preposition		Allgemein	avant	632.90
comprendre	verstehen	words	A1	verb		Allgemein	comprendre	627.85
trop	zu	words	A1	adverb		Allgemein	trop	626.73
la fille	die Tochter	words	A1	noun	f	Allgemein	fille	625.70
souvent	oft	words	A1	adverb		Allgemein	souvent	621.63
comment	wie	words	A1	adverb		Allgemein	comment	618.32
quel	welcher	words	A1	pronoun		Allgemein	quel	614.39
chercher	suchen	words	A1	verb		Allgemein	chercher	603.58
le père	der Vater	words	A1	noun	m	Allgemein	père	602.45
ici	hier	words	A1	adverb		Allgemein	ici	602.14
contre	gegen	words	A1	preposition		Allgemein	contre	601.61
la main	die Hand	words	A1	noun	f	Allgemein	main	595.91
la porte	die Tür	words	A1	noun	f	Allgemein	porte	595.86
travailler	arbeiten	words	A1	verb		Allgemein	travailler	587.87
laisser	lassen	words	A1	verb		Allgemein	laisser	578.92
devant	vor	words	A1	preposition		Allgemein	devant	573.31
la place	der Platz	words	A1	noun	f	Allgemein	place	572.02
jusque	bis	words	A1	preposition		Allgemein	jusque	567.78
la famille	die Familie	words	A1	noun	f	Allgemein	famille	566.91
parce	weil	words	A1	conjunction		Allgemein	parce	562.85
pourquoi	warum	words	A1	adverb		Allgemein	pourquoi	561.21
maintenant	jetzt	words	A1	adverb		Allgemein	maintenant	561.06
car	denn	words	A1	conjunction		Allgemein	car	558.77
dernier	letzter	words	A1	adjective		Allgemein	dernier	554.12
les gens	die Leute	words	A1	noun	m	Allgemein	gens	551.90
le soir	der Abend	words	A1	noun	m	Allgemein	soir	548.21
l'œil	das Auge	words	A1	noun	n	Allgemein	oeil	543.75
sûr	sicher	words	A1	adjective		Allgemein	sûr	542.90
la nuit	die Nacht	words	A1	noun	f	Allgemein	nuit	538.53
entrer	eintreten	words	A1	verb		Allgemein	entrer	535.33
toi	du	words	A1	pronoun		Allgemein	toi	532.65
la rue	die Straße	words	A1	noun	f	Allgemein	rue	532.46
l'histoire	die Geschichte	words	A1	noun	f	Allgemein	histoire	526.77
le moment	der Moment	words	A1	noun	m	Allgemein	moment	525.75
eux	sie	words	A1	pronoun		Allgemein	eux	525.63
près	nahe	words	A1	adverb		Allgemein	près	522.19
déjà	schon	words	A1	adverb		Allgemein	déjà	520.68
peut-être	vielleicht	words	A1	adverb		Allgemein	peut-être	518.22
commencer	anfangen	words	A1	verb		Allgemein	commencer	509.31
la chambre	das Zimmer	words	A1	noun	f	Allgemein	chambre	507.58
sous	unter	words	A1	preposition		Allgemein	sous	498.90
le coup	der Schlag	words	A1	noun	m	Allgemein	coup	498.90
la tête	der Kopf	words	A1	noun	f	Allgemein	tête	498.26
retrouver	wiederfinden	words	A1	verb		Allgemein	retrouver	495.81
certain	gewiss	words	A1	pronoun		Allgemein	certain	493.18
tard	spät	words	A1	adverb		Allgemein	tard	488.01
le côté	die Seite	words	A1	noun	m	Allgemein	côté	486.88
le nom	der Name	words	A1	noun	m	Allgemein	nom	482.21
la mère	die Mutter	words	A1	noun	f	Allgemein	mère	479.82
revenir	kommen	words	A1	verb		Allgemein	revenir	466.61
chaque	jede	words	A1	pronoun		Allgemein	chaque	456.61
la voiture	das Auto	words	A1	noun	f	Allgemein	voiture	456.45
le matin	der Morgen	words	A1	noun	m	Allgemein	matin	451.29
la question	die Frage	words	A1	noun	f	Allgemein	question	450.33
écrire	schreiben	words	A1	verb		Allgemein	écrire	445.66
permettre	erlauben	words	A1	verb		Allgemein	permettre	436.80
arrêter	anhalten	words	A1	verb		Allgemein	arrêter	436.43
vieux	alt	words	A1	adjective		Allgemein	vieux	433.06
porter	tragen	words	A1	verb		Allgemein	porter	429.77
le lieu	der Ort	words	A1	noun	m	Allgemein	lieu	429.45
l'idée	die Idee	words	A1	noun	f	Allgemein	idée	428.55
seulement	nur	words	A1	adverb		Allgemein	seulement	426.66
vrai	wahr	words	A1	adjective		Allgemein	VRAI	419.84
l'exemple	das Beispiel	words	A1	noun	m	Allgemein	exemple	417.89
rendre	zurückgeben	words	A1	verb		Allgemein	rendre	416.78
suivre	folgen	words	A1	verb		Allgemein	suivre	416.47
expliquer	erklären	words	A1	verb		Allgemein	expliquer	414.42
tenir	halten	words	A1	verb		Allgemein	tenir	409.71
madame	die Frau	words	A1	noun	f	Allgemein	madame	406.95
lire	lesen	words	A1	verb		Allgemein	lire	405.73
enfin	endlich	words	A1	adverb		Allgemein	enfin	401.19
nombreux	zahlreich	words	A1	adjective		Allgemein	nombreux	398.72
montrer	zeigen	words	A1	verb		Allgemein	montrer	394.55
l'eau	das Wasser	words	A1	noun	f	Allgemein	eau	387.10
ni	weder	words	A1	conjunction		Allgemein	ni	382.03
ainsi	so	words	A1	adverb		Allgemein	ainsi	378.97
plusieurs	mehrere	words	A1	pronoun		Allgemein	plusieurs	376.50
manger	essen	words	A1	verb		Allgemein	manger	374.28
mieux	besser	words	A1	adverb		Allgemein	mieux	372.44
continuer	fortfahren	words	A1	verb		Allgemein	continuer	372.08
la peur	die Angst	words	A1	noun	f	Allgemein	peur	367.26
l'école	die Schule	words	A1	noun	f	Allgemein	école	367.20
l'air	die Luft	words	A1	noun	m	Allgemein	air	366.20
l'effet	der Effekt	words	A1	noun	m	Allgemein	effet	366.06
le siècle	das Jahrhundert	words	A1	noun	m	Allgemein	siècle	361.75
la voix	die Stimme	words	A1	noun	f	Allgemein	voix	359.09
le mot	das Wort	words	A1	noun	m	Allgemein	mot	357.42
vite	schnell	words	A1	adverb		Allgemein	vite	355.01
jouer	spielen	words	A1	verb		Allgemein	jouer	353.19
voilà	da ist	words	A1	adverb		Allgemein	voilà	352.84
surtout	vor allem	words	A1	adverb		Allgemein	surtout	352.40
la terre	die Erde	words	A1	noun	f	Allgemein	terre	351.96
loin	weit	words	A1	adverb		Allgemein	loin	350.95
la langue	die Sprache	words	A1	noun	f	Allgemein	langue	349.12
sembler	scheinen	words	A1	verb		Allgemein	sembler	348.71
rentrer	zurückkehren	words	A1	verb		Allgemein	rentrer	337.21
ah	ah	words	A1	interjection		Allgemein	ah	335.56
la salle	der Raum	words	A1	noun	f	Allgemein	salle	334.21
aider	helfen	words	A1	verb		Allgemein	aider	332.73
mourir	sterben	words	A1	verb		Allgemein	mourir	332.35
fort	stark	words	A1	adjective		Allgemein	fort	330.91
ouvrir	öffnen	words	A1	verb		Allgemein	ouvrir	330.64
longtemps	lange	words	A1	adverb		Allgemein	longtemps	329.33
l'argent	das Geld	words	A1	noun	n	Allgemein	argent	327.36
perdre	verlieren	words	A1	verb		Allgemein	perdre	326.70
habiter	wohnen	words	A1	verb		Allgemein	habiter	325.31
aucun	keiner	words	A1	pronoun		Allgemein	aucun	320.50
la semaine	die Woche	words	A1	noun	f	Allgemein	semaine	320.45
la fin	das Ende	words	A1	noun	f	Allgemein	fin	320.12
tomber	fallen	words	A1	verb		Allgemein	tomber	319.24
d'abord	zuerst	words	A1	adverb		Allgemein	d'abord	318.48
la raison	der Grund	words	A1	noun	f	Allgemein	raison	316.19
sentir	fühlen	words	A1	verb		Allgemein	sentir	313.72
vraiment	wirklich	words	A1	adverb		Allgemein	vraiment	313.27
décider	entscheiden	words	A1	verb		Allgemein	décider	312.66
gros	dick	words	A1	adjective		Allgemein	gros	312.02
quitter	verlassen	words	A1	verb		Allgemein	quitter	311.89
blanc	weiß	words	A1	adjective		Allgemein	blanc	311.81
oublier	vergessen	words	A1	verb		Allgemein	oublier	308.39
important	wichtig	words	A1	adjective		Allgemein	important	306.79
la fête	das Fest	words	A1	noun	f	Allgemein	fête	305.20
raconter	erzählen	words	A1	verb		Allgemein	raconter	304.36
plein	voll	words	A1	adjective		Allgemein	plein	304.31
le problème	das Problem	words	A1	noun	m	Allgemein	problème	301.42
finir	beenden	words	A1	verb		Allgemein	finir	297.87
changer	ändern	words	A1	verb		Allgemein	changer	297.41
la pièce	das Stück	words	A1	noun	f	Allgemein	pièce	295.24
la recherche	die Forschung	words	A1	noun	f	Allgemein	recherche	294.61
rencontrer	treffen	words	A1	verb		Allgemein	rencontrer	292.99
crier	schreien	words	A1	verb		Allgemein	crier	292.70
le besoin	das Bedürfnis	words	A1	noun	m	Allgemein	besoin	290.91
le droit	das Recht	words	A1	noun	m	Allgemein	droit	288.96
découvrir	entdecken	words	A1	verb		Allgemein	découvrir	288.84
la tour	der Turm	words	A1	noun	f	Allgemein	tour	288.20
un million	eine Million	words	A1	noun	m	Allgemein	million	286.93
assez	genug	words	A1	adverb		Allgemein	assez	286.65
l'étude	das Studium	words	A1	noun	f	Allgemein	étude	286.36
l'affaire	die Angelegenheit	words	A1	noun	f	Allgemein	affaire	285.24
quoi	was	words	A1	pronoun		Allgemein	quoi	283.91
créer	erschaffen	words	A1	verb		Allgemein	créer	282.18
ensuite	danach	words	A1	adverb		Allgemein	ensuite	280.43
proposer	vorschlagen	words	A1	verb		Allgemein	proposer	279.43
lever	heben	words	A1	verb		Allgemein	lever	278.52
le jeu	das Spiel	words	A1	noun	m	Allgemein	jeu	278.39
occuper	besetzen	words	A1	verb		Allgemein	occuper	277.16
la mort	der Tod	words	A1	noun	f	Allgemein	mort	275.49
le pied	der Fuß	words	A1	noun	m	Allgemein	pied	275.40
choisir	wählen	words	A1	verb		Allgemein	choisir	275.19
l'euro	der Euro	words	A1	noun	m	Allgemein	euro	274.86
monter	steigen	words	A1	verb		Allgemein	monter	274.45
le roi	der König	words	A1	noun	m	Allgemein	roi	273.34
le livre	das Buch	words	A1	noun	n	Allgemein	livre	273.13
le fait	die Tatsache	words	A1	noun	f	Allgemein	fait	273.02
reconnaître	erkennen	words	A1	verb		Allgemein	reconnaître	271.22
le cas	der Fall	words	A1	noun	m	Allgemein	cas	270.46
naître	geboren werden	words	A1	verb		Allgemein	naître	267.51
la journée	der Tag	words	A1	noun	f	Allgemein	journée	267.45
le garçon	der Junge	words	A1	noun	m	Allgemein	garçon	264.25
le film	der Film	words	A1	noun	m	Allgemein	film	264.10
mal	schlecht	words	A1	adverb		Allgemein	mal	262.75
la partie	der Teil	words	A1	noun	f	Allgemein	partie	261.41
l'âge	das Alter	words	A1	noun	n	Allgemein	âge	260.08
différent	anders	words	A1	adjective		Allgemein	différent	259.62
possible	möglich	words	A1	adjective		Allgemein	possible	258.22
la société	die Gesellschaft	words	A1	noun	f	Allgemein	société	258.02
quelqu'un	jemand	words	A1	pronoun		Allgemein	quelqu'un	257.46
recevoir	erhalten	words	A1	verb		Allgemein	recevoir	257.43
la musique	die Musik	words	A1	noun	f	Allgemein	musique	256.21
écouter	zuhören	words	A1	verb		Allgemein	écouter	255.30
la suite	die Fortsetzung	words	A1	noun	f	Allgemein	suite	252.81
boire	trinken	words	A1	verb		Allgemein	boire	252.77
la fenêtre	das Fenster	words	A1	noun	f	Allgemein	fenêtre	251.12
le café	der Kaffee	words	A1	noun	m	Allgemein	café	249.80
présenter	vorstellen	words	A1	verb		Allgemein	présenter	249.44
tourner	drehen	words	A1	verb		Allgemein	tourner	249.29
le milieu	die Mitte	words	A1	noun	n	Allgemein	milieu	248.83
pourtant	dennoch	words	A1	adverb		Allgemein	pourtant	248.81
asseoir	sitzen	words	A1	verb		Allgemein	asseoir	248.53
heureux	glücklich	words	A1	adjective		Allgemein	heureux	248.05
autour	herum	words	A1	adverb		Allgemein	autour	247.71
exister	existieren	words	A1	verb		Allgemein	exister	247.51
apprendre	lernen	words	A1	verb		Allgemein	apprendre	245.95
la minute	die Minute	words	A1	noun	f	Allgemein	minute	245.91
marcher	gehen	words	A1	verb		Allgemein	marcher	245.11
le visage	das Gesicht	words	A1	noun	n	Allgemein	visage	244.85
l'activité	die Aktivität	words	A1	noun	f	Allgemein	activité	243.99
la façon	die Art	words	A1	noun	f	Allgemein	façon	242.74
presque	fast	words	A1	adverb		Allgemein	presque	239.90
poser	legen	words	A1	verb		Allgemein	poser	239.55
le village	das Dorf	words	A1	noun	n	Allgemein	village	238.72
le voyage	die Reise	words	A1	noun	m	Allgemein	voyage	238.04
plaire	gefallen	words	A1	verb		Allgemein	plaire	236.72
la grâce	die Gnade	words	A1	noun	f	Allgemein	grâce	235.38
la part	der Teil	words	A1	noun	f	Allgemein	part	235.36
l'amour	die Liebe	words	A1	noun	m	Allgemein	amour	235.10
le quartier	das Viertel	words	A1	noun	m	Allgemein	quartier	234.89
envoyer	senden	words	A1	verb		Allgemein	envoyer	234.29
l'entreprise	die Firma	words	A1	noun	f	Allgemein	entreprise	234.24
rire	lachen	words	A1	verb		Allgemein	rire	233.71
la police	die Polizei	words	A1	noun	f	Allgemein	police	233.33
préparer	vorbereiten	words	A1	verb		Allgemein	préparer	231.50
la table	der Tisch	words	A1	noun	f	Allgemein	table	231.17
eh	eh	words	A1	interjection		Allgemein	eh	231.07
le bureau	das Büro	words	A1	noun	m	Allgemein	bureau	229.43
meilleur	besser	words	A1	adjective		Allgemein	meilleur	228.63
chacun	jeder	words	A1	pronoun		Allgemein	chacun	228.52
difficile	schwierig	words	A1	adjective		Allgemein	difficile	228.34
le projet	das Projekt	words	A1	noun	m	Allgemein	projet	227.43
parfois	manchmal	words	A1	adverb		Allgemein	parfois	226.56
acheter	kaufen	words	A1	verb		Allgemein	acheter	225.00
le mari	der Ehemann	words	A1	noun	m	Allgemein	mari	224.62
gagner	gewinnen	words	A1	verb		Allgemein	gagner	223.67
l'habitude	die Gewohnheit	words	A1	noun	f	Allgemein	habitude	222.15
le cheval	das Pferd	words	A1	noun	m	Allgemein	cheval	221.64
la vacance	der Urlaub	words	A1	noun	f	Allgemein	vacance	221.22
noir	schwarz	words	A1	adjective		Allgemein	noir	220.53
demain	morgen	words	A1	adverb		Allgemein	demain	220.07
apporter	bringen	words	A1	verb		Allgemein	apporter	219.63
le train	der Zug	words	A1	noun	m	Allgemein	train	219.58
derrière	hinter	words	A1	preposition		Allgemein	derrière	219.21
rappeler	erinnern	words	A1	verb		Allgemein	rappeler	218.99
selon	laut	words	A1	preposition		Allgemein	selon	217.64
dormir	schlafen	words	A1	verb		Allgemein	dormir	217.59
le bruit	der Lärm	words	A1	noun	m	Allgemein	bruit	217.35
général	allgemein	words	A1	adjective		Allgemein	général	217.35
ancien	alt	words	A1	adjective		Allgemein	ancien	217.05
bonjour	guten Tag	words	A1	noun		Allgemein	bonjour	216.65
merci	danke	words	A1	noun		Allgemein	merci	216.06
servir	dienen	words	A1	verb		Allgemein	servir	214.50
l'envie	der Wunsch	words	A1	noun	f	Allgemein	envie	213.30
anglais	englisch	words	A1	adjective		Allgemein	anglais	213.26
la lettre	der Brief	words	A1	noun	f	Allgemein	lettre	212.41
utiliser	benutzen	words	A1	verb		Allgemein	utiliser	212.35
la région	die Region	words	A1	noun	f	Allgemein	région	212.31
simple	einfach	words	A1	adjective		Allgemein	simple	212.01
intéresser	interessieren	words	A1	verb		Allgemein	intéresser	209.24
cacher	verstecken	words	A1	verb		Allgemein	cacher	208.99
le prix	der Preis	words	A1	noun	m	Allgemein	prix	208.24
également	ebenfalls	words	A1	adverb		Allgemein	également	207.92
d'accord	einverstanden	words	A1	adverb		Allgemein	d'accord	206.58
la couleur	die Farbe	words	A1	noun	f	Allgemein	couleur	206.24
le groupe	der Gruppe	words	A1	noun	m	Allgemein	groupe	205.47
ensemble	zusammen	words	A1	adverb		Allgemein	ensemble	205.26
étranger	fremd	words	A1	adjective		Allgemein	étranger	205.22
offrir	anbieten	words	A1	verb		Allgemein	offrir	204.45
le lit	das Bett	words	A1	noun	m	Allgemein	lit	203.35
la face	das Gesicht	words	A1	noun	f	Allgemein	face	201.45
plutôt	eher	words	A1	adverb		Allgemein	plutôt	201.43
la carte	die Karte	words	A1	noun	f	Allgemein	carte	201.27
préférer	bevorzugen	words	A1	verb		Allgemein	préférer	201.25
juste	gerecht	words	A1	adjective		Allgemein	juste	200.33
politique	politisch	words	A1	adjective		Allgemein	politique	200.15
retourner	zurückkehren	words	A1	verb		Allgemein	retourner	199.96
le coeur	das Herz	words	A1	noun	m	Allgemein	coeur	199.88
la demande	die Anfrage	words	A1	noun	f	Allgemein	demande	198.12
jeter	werfen	words	A1	verb		Allgemein	jeter	198.07
l'attention	die Aufmerksamkeit	words	A1	noun	f	Allgemein	attention	196.52
triste	traurig	words	A1	adjective		Allgemein	triste	194.47
tirer	ziehen	words	A1	verb		Allgemein	tirer	194.00
le téléphone	das Telefon	words	A1	noun	m	Allgemein	téléphone	193.93
le château	das Schloss	words	A1	noun	m	Allgemein	château	193.45
l'information	die Information	words	A1	noun	f	Allgemein	information	193.38
reprendre	wieder aufnehmen	words	A1	verb		Allgemein	reprendre	193.24
la cause	die Ursache	words	A1	noun	f	Allgemein	cause	192.54
la forme	die Form	words	A1	noun	f	Allgemein	forme	191.90
compter	zählen	words	A1	verb		Allgemein	compter	191.86
rouge	rot	words	A1	adjective		Allgemein	rouge	190.54
le bout	das Ende	words	A1	noun	m	Allgemein	bout	188.47
courir	laufen	words	A1	verb		Allgemein	courir	188.30
descendre	hinuntergehen	words	A1	verb		Allgemein	descendre	185.37
le bras	der Arm	words	A1	noun	m	Allgemein	bras	184.38
national	national	words	A1	adjective		Allgemein	national	183.07
long	lang	words	A1	adjective		Allgemein	long	182.63
le mariage	die Ehe	words	A1	noun	m	Allgemein	mariage	182.49
l'origine	der Ursprung	words	A1	noun	f	Allgemein	origine	181.81
l'hôtel	das Hotel	words	A1	noun	n	Allgemein	hôtel	181.12
la montagne	der Berg	words	A1	noun	f	Allgemein	montagne	180.49
le début	der Anfang	words	A1	noun	m	Allgemein	début	177.94
bientôt	bald	words	A1	adverb		Allgemein	bientôt	177.64
ajouter	hinzufügen	words	A1	verb		Allgemein	ajouter	177.39
oh	oh	words	A1	interjection		Allgemein	oh	177.31
l'arbre	der Baum	words	A1	noun	m	Allgemein	arbre	175.73
disparaître	verschwinden	words	A1	verb		Allgemein	disparaître	175.15
l'endroit	der Ort	words	A1	noun	m	Allgemein	endroit	175.05
marier	heiraten	words	A1	verb		Allgemein	marier	174.96
soit	sei	words	A1	conjunction		Allgemein	soit	174.62
le chemin	der Weg	words	A1	noun	m	Allgemein	chemin	174.57
la route	die Straße	words	A1	noun	f	Allgemein	route	174.42
battre	schlagen	words	A1	verb		Allgemein	battre	174.32
le succès	der Erfolg	words	A1	noun	m	Allgemein	succès	174.19
l'association	die Vereinigung	words	A1	noun	f	Allgemein	association	173.84
le service	der Dienst	words	A1	noun	m	Allgemein	service	173.45
le feu	das Feuer	words	A1	noun	m	Allgemein	feu	172.83
la soeur	die Schwester	words	A1	noun	f	Allgemein	soeur	172.70
le cheveu	das Haar	words	A1	noun	m	Allgemein	cheveu	172.49
l'ordre	die Ordnung	words	A1	noun	m	Allgemein	ordre	171.97
le soleil	die Sonne	words	A1	noun	m	Allgemein	soleil	171.53
européen	europäisch	words	A1	adjective		Allgemein	européen	171.39
le plaisir	das Vergnügen	words	A1	noun	m	Allgemein	plaisir	171.38
installer	installieren	words	A1	verb		Allgemein	installer	171.11
organiser	organisieren	words	A1	verb		Allgemein	organiser	170.77
longue	lang	words	A1	adjective		Allgemein	longue	170.42
le jardin	der Garten	words	A1	noun	m	Allgemein	jardin	170.41
réussir	erfolgreich sein	words	A1	verb		Allgemein	réussir	170.28
l'animal	das Tier	words	A1	noun	m	Allgemein	animal	169.69
fermer	schließen	words	A1	verb		Allgemein	fermer	169.63
l'après-midi	der Nachmittag	words	A1	noun	m	Allgemein	après-midi	168.95
le musée	das Museum	words	A1	noun	m	Allgemein	musée	167.94
la photo	das Foto	words	A1	noun	f	Allgemein	photo	167.46
la peine	der Schmerz	words	A1	noun	f	Allgemein	peine	167.05
le professeur	der Lehrer	words	A1	noun	m	Allgemein	professeur	166.93
libre	frei	words	A1	adjective		Allgemein	libre	166.19
l'objet	der Gegenstand	words	A1	noun	m	Allgemein	objet	166.13
riche	reich	words	A1	adjective		Allgemein	riche	165.87
vendre	verkaufen	words	A1	verb		Allgemein	vendre	165.14
célèbre	berühmt	words	A1	adjective		Allgemein	célèbre	164.61
la télévision	das Fernsehen	words	A1	noun	f	Allgemein	télévision	164.10
propre	sauber	words	A1	adjective		Allgemein	propre	163.61
la mode	die Mode	words	A1	noun	f	Allgemein	mode	163.50
pleurer	weinen	words	A1	verb		Allgemein	pleurer	163.48
le frère	der Bruder	words	A1	noun	m	Allgemein	frère	162.22
garder	behalten	words	A1	verb		Allgemein	garder	160.55
sourire	lächeln	words	A1	verb		Allgemein	sourire	160.13
approcher	näher kommen	words	A1	verb		Allgemein	approcher	160.10
la situation	die Situation	words	A1	noun	f	Allgemein	situation	159.36
le client	der Kunde	words	A1	noun	m	Allgemein	client	159.19
le cinéma	das Kino	words	A1	noun	m	Allgemein	cinéma	158.77
prêt	bereit	words	A1	adjective		Allgemein	prêt	157.53
le retour	die Rückkehr	words	A1	noun	m	Allgemein	retour	157.26
la cuisine	die Küche	words	A1	noun	f	Allgemein	cuisine	156.73
l'époque	die Epoche	words	A1	noun	f	Allgemein	époque	156.03
partout	überall	words	A1	adverb		Allgemein	partout	155.66
refuser	ablehnen	words	A1	verb		Allgemein	refuser	155.07
le lendemain	der nächste Tag	words	A1	noun	m	Allgemein	lendemain	154.20
internet	das Internet	words	A1	noun		Allgemein	internet	153.92
apparaître	erscheinen	words	A1	verb		Allgemein	apparaître	152.18
le nombre	die Zahl	words	A1	noun	m	Allgemein	nombre	152.04
content	zufrieden	words	A1	adjective		Allgemein	content	151.91
le moyen	das Mittel	words	A1	noun	m	Allgemein	moyen	151.37
le restaurant	das Restaurant	words	A1	noun	m	Allgemein	restaurant	148.66
la liberté	die Freiheit	words	A1	noun	f	Allgemein	liberté	148.47
le vêtement	das Kleidungsstück	words	A1	noun	m	Allgemein	vêtement	148.21
le marché	der Markt	words	A1	noun	m	Allgemein	marché	148.19
la chance	das Glück	words	A1	noun	f	Allgemein	chance	148.17
le journaliste	der Journalist	words	A1	noun	m	Allgemein	journaliste	148.16
le produit	das Produkt	words	A1	noun	m	Allgemein	produit	147.90
apercevoir	erblicken	words	A1	verb		Allgemein	apercevoir	147.77
l'habitant	der Bewohner	words	A1	noun	m	Allgemein	habitant	146.22
l'art	die Kunst	words	A1	noun	m	Allgemein	art	145.83
revoir	wiedersehen	words	A1	verb		Allgemein	revoir	145.69
international	international	words	A1	adjective		Allgemein	international	145.39
la fleur	die Blume	words	A1	noun	f	Allgemein	fleur	145.11
l'image	das Bild	words	A1	noun	f	Allgemein	image	144.80
tant	so viel	words	A1	adverb		Allgemein	tant	144.50
coucher	liegen	words	A1	verb		Allgemein	coucher	144.39
bleu	blau	words	A1	adjective		Allgemein	bleu	143.67
réaliser	realisieren	words	A1	verb		Allgemein	réaliser	143.63
frapper	schlagen	words	A1	verb		Allgemein	frapper	143.41
la mer	das Meer	words	A1	noun	f	Allgemein	mer	143.17
accepter	akzeptieren	words	A1	verb		Allgemein	accepter	143.00
la classe	die Klasse	words	A1	noun	f	Allgemein	classe	142.98
conduire	fahren	words	A1	verb		Allgemein	conduire	141.64
la reine	die Königin	words	A1	noun	f	Allgemein	reine	141.32
joli	hübsch	words	A1	adjective		Allgemein	joli	140.75
représenter	darstellen	words	A1	verb		Allgemein	représenter	140.56
le médecin	der Arzt	words	A1	noun	m	Allgemein	médecin	140.30
adorer	lieben	words	A1	verb		Allgemein	adorer	139.89
mauvais	schlecht	words	A1	adjective		Allgemein	mauvais	139.70
le vin	der Wein	words	A1	noun	m	Allgemein	vin	139.24
le sport	der Sport	words	A1	noun	m	Allgemein	sport	138.85
inviter	einladen	words	A1	verb		Allgemein	inviter	137.13
la manière	die Art	words	A1	noun	f	Allgemein	manière	136.64
accompagner	begleiten	words	A1	verb		Allgemein	accompagner	136.48
hier	gestern	words	A1	adverb		Allgemein	hier	136.21
manquer	fehlen	words	A1	verb		Allgemein	manquer	135.78
sauver	retten	words	A1	verb		Allgemein	sauver	135.64
le choix	die Wahl	words	A1	noun	m	Allgemein	choix	135.48
le centre	das Zentrum	words	A1	noun	m	Allgemein	centre	135.42
voici	hier ist	words	A1	adverb		Allgemein	voici	135.21
le mur	die Wand	words	A1	noun	m	Allgemein	mur	134.60
l'œuvre	das Werk	words	A1	noun	f	Allgemein	oeuvre	134.36
traverser	überqueren	words	A1	verb		Allgemein	traverser	134.20
le site	die Seite	words	A1	noun	m	Allgemein	site	133.93
le roman	der Roman	words	A1	noun	m	Allgemein	roman	133.15
le verre	das Glas	words	A1	noun	m	Allgemein	verre	133.10
froid	kalt	words	A1	adjective		Allgemein	froid	133.08
l'entrée	der Eingang	words	A1	noun	f	Allgemein	entrée	133.07
la santé	die Gesundheit	words	A1	noun	f	Allgemein	santé	132.60
avancer	vorankommen	words	A1	verb		Allgemein	avancer	132.40
visiter	besuchen	words	A1	verb		Allgemein	visiter	132.39
impossible	unmöglich	words	A1	adjective		Allgemein	impossible	132.22
dieu	Gott	words	A1	noun	m	Allgemein	dieu	131.37
partager	teilen	words	A1	verb		Allgemein	partager	131.21
le chien	der Hund	words	A1	noun	m	Allgemein	chien	130.41
le bord	der Rand	words	A1	noun	m	Allgemein	bord	130.30
la guerre	der Krieg	words	A1	noun	f	Allgemein	guerre	130.30
la campagne	die Landschaft	words	A1	noun	f	Allgemein	campagne	129.93
réveiller	wecken	words	A1	verb		Allgemein	réveiller	129.70
le bois	das Holz	words	A1	noun	m	Allgemein	bois	129.27
l'écrivain	der Schriftsteller	words	A1	noun	m	Allgemein	écrivain	129.25
le mètre	der Meter	words	A1	noun	m	Allgemein	mètre	128.93
construire	bauen	words	A1	verb		Allgemein	construire	128.66
considérer	betrachten	words	A1	verb		Allgemein	considérer	128.59
souhaiter	wünschen	words	A1	verb		Allgemein	souhaiter	128.25
habiller	anziehen	words	A1	verb		Allgemein	habiller	127.97
le théâtre	das Theater	words	A1	noun	m	Allgemein	théâtre	127.66
le personnage	die Figur	words	A1	noun	m	Allgemein	personnage	127.35
l'appartement	die Wohnung	words	A1	noun	n	Allgemein	appartement	126.86
la qualité	die Qualität	words	A1	noun	f	Allgemein	qualité	126.55
terrible	schrecklich	words	A1	adjective		Allgemein	terrible	125.40
l'ordinateur	der Computer	words	A1	noun	m	Allgemein	ordinateur	125.10
mondial	weltweit	words	A1	adjective		Allgemein	mondial	124.84
la course	das Rennen	words	A1	noun	f	Allgemein	course	124.33
le programme	das Programm	words	A1	noun	m	Allgemein	programme	124.29
culturel	kulturell	words	A1	adjective		Allgemein	culturel	123.83
le cri	der Schrei	words	A1	noun	m	Allgemein	cri	123.76
rêver	träumen	words	A1	verb		Allgemein	rêver	123.44
l'été	der Sommer	words	A1	noun	m	Allgemein	été	123.42
le passage	der Durchgang	words	A1	noun	m	Allgemein	passage	123.33
la réponse	die Antwort	words	A1	noun	f	Allgemein	réponse	123.32
l'élève	der Schüler	words	A1	noun	m	Allgemein	élève	123.19
la population	die Bevölkerung	words	A1	noun	f	Allgemein	population	123.17
espérer	hoffen	words	A1	verb		Allgemein	espérer	123.08
juillet	Juli	words	A1	noun		Allgemein	juillet	122.78
magnifique	wunderschön	words	A1	adjective		Allgemein	magnifique	122.64
l'espace	der Raum	words	A1	noun	m	Allgemein	espace	122.22
la forêt	der Wald	words	A1	noun	f	Allgemein	forêt	122.19
le sac	die Tasche	words	A1	noun	m	Allgemein	sac	122.09
tranquille	ruhig	words	A1	adjective		Allgemein	tranquille	121.06
le directeur	der Direktor	words	A1	noun	m	Allgemein	directeur	120.83
le premier	der Erste	words	A1	noun	m	Allgemein	premier	120.67
toucher	berühren	words	A1	verb		Allgemein	toucher	120.36
la visite	der Besuch	words	A1	noun	f	Allgemein	visite	120.02
scientifique	wissenschaftlich	words	A1	adjective		Allgemein	scientifique	119.42
imaginer	vorstellen	words	A1	verb		Allgemein	imaginer	119.04
réfléchir	nachdenken	words	A1	verb		Allgemein	réfléchir	118.39
le maître	der Lehrer	words	A1	noun	m	Allgemein	maître	118.14
humain	menschlich	words	A1	adjective		Allgemein	humain	117.53
interroger	befragen	words	A1	verb		Allgemein	interroger	117.31
dimanche	Sonntag	words	A1	noun		Allgemein	dimanche	117.29
la colère	die Wut	words	A1	noun	f	Allgemein	colère	117.23
le rôle	die Rolle	words	A1	noun	m	Allgemein	rôle	117.22
là-bas	dort drüben	words	A1	adverb		Allgemein	là-bas	117.03
le type	der Typ	words	A1	noun	m	Allgemein	type	117.00
l'aide	die Hilfe	words	A1	noun	f	Allgemein	aide	116.56
situer	situieren	words	A1	verb		Allgemein	situer	116.56
l'intérieur	das Innere	words	A1	noun	n	Allgemein	intérieur	115.24
l'avis	die Meinung	words	A1	noun	m	Allgemein	avis	115.06
la prison	das Gefängnis	words	A1	noun	f	Allgemein	prison	114.52
combien	wie viel	words	A1	adverb		Allgemein	combien	114.08
promener	spazieren	words	A1	verb		Allgemein	promener	114.04
l'oreille	das Ohr	words	A1	noun	f	Allgemein	oreille	113.71
essayer	versuchen	words	A1	verb		Allgemein	essayer	113.56
tôt	früh	words	A1	adverb		Allgemein	tôt	113.54
véritable	echt	words	A1	adjective		Allgemein	véritable	113.18
chaud	warm	words	A1	adjective		Allgemein	chaud	112.93
posséder	besitzen	words	A1	verb		Allgemein	posséder	112.89
l'université	die Universität	words	A1	noun	f	Allgemein	université	112.87
vert	grün	words	A1	adjective		Allgemein	vert	112.80
produire	produzieren	words	A1	verb		Allgemein	produire	112.42
clair	klar	words	A1	adjective		Allgemein	clair	112.34
soudain	plötzlich	words	A1	adverb		Allgemein	soudain	111.76
se souvenir	sich erinnern	words	A1	verb		Allgemein	souvenir	111.68
la lumière	das Licht	words	A1	noun	f	Allgemein	lumière	111.52
ressembler	ähneln	words	A1	verb		Allgemein	ressembler	111.15
le journal	die Zeitung	words	A1	noun	m	Allgemein	journal	110.47
étudier	studieren	words	A1	verb		Allgemein	étudier	110.38
le plan	der Plan	words	A1	noun	m	Allgemein	plan	109.64
bas	niedrig	words	A1	adjective		Allgemein	bas	109.46
mai	Mai	words	A1	noun		Allgemein	mai	109.20
l'étudiant	der Student	words	A1	noun	m	Allgemein	étudiant	108.93
embrasser	umarmen	words	A1	verb		Allgemein	embrasser	108.92
la culture	die Kultur	words	A1	noun	f	Allgemein	culture	108.88
le voisin	der Nachbar	words	A1	noun	m	Allgemein	voisin	108.45
cher	teuer	words	A1	adverb		Allgemein	cher	107.57
particulier	besonders	words	A1	adjective		Allgemein	particulier	107.46
le magasin	der Laden	words	A1	noun	m	Allgemein	magasin	107.42
le ciel	der Himmel	words	A1	noun	m	Allgemein	ciel	107.25
le conseil	der Rat	words	A1	noun	m	Allgemein	conseil	107.17
responsable	verantwortlich	words	A1	adjective		Allgemein	responsable	106.94
la vérité	die Wahrheit	words	A1	noun	f	Allgemein	vérité	106.93
prochain	nächster	words	A1	adjective		Allgemein	prochain	106.80
le repas	die Mahlzeit	words	A1	noun	n	Allgemein	repas	106.76
chanter	singen	words	A1	verb		Allgemein	chanter	106.03
le métier	der Beruf	words	A1	noun	m	Allgemein	métier	105.89
principal	haupt-	words	A1	adjective		Allgemein	principal	105.03
facile	einfach	words	A1	adjective		Allgemein	facile	104.59
le bonheur	das Glück	words	A1	noun	m	Allgemein	bonheur	104.41
annoncer	ankündigen	words	A1	verb		Allgemein	annoncer	104.03
gentil	freundlich	words	A1	adjective		Allgemein	gentil	103.80
le rêve	der Traum	words	A1	noun	m	Allgemein	rêve	103.56
le goût	der Geschmack	words	A1	noun	m	Allgemein	goût	103.45
le poste	der Posten	words	A1	noun	m	Allgemein	poste	103.28
le départ	der Abflug	words	A1	noun	m	Allgemein	départ	103.27
local	lokal	words	A1	adjective		Allgemein	local	102.95
le couple	das Paar	words	A1	noun	m	Allgemein	couple	102.87
l'aventure	das Abenteuer	words	A1	noun	f	Allgemein	aventure	102.49
la matière	das Material	words	A1	noun	f	Allgemein	matière	101.89
le domaine	das Gebiet	words	A1	noun	m	Allgemein	domaine	101.77
voler	stehlen	words	A1	verb		Allgemein	voler	100.88
ma maman	meine Mama	words	A1	noun	f	Allgemein	maman	100.45
publier	veröffentlichen	words	A1	verb		Allgemein	publier	99.92
le chat	die Katze	words	A1	noun	m	Allgemein	chat	99.67
le texte	der Text	words	A1	noun	m	Allgemein	texte	99.26
tromper	betrügen	words	A1	verb		Allgemein	tromper	99.06
le coin	die Ecke	words	A1	noun	m	Allgemein	coin	98.85
l'exposition	die Ausstellung	words	A1	noun	f	Allgemein	exposition	98.37
septembre	September	words	A1	noun		Allgemein	septembre	98.37
le vent	der Wind	words	A1	noun	m	Allgemein	vent	97.92
la réalité	die Realität	words	A1	noun	f	Allgemein	réalité	97.88
la science	die Wissenschaft	words	A1	noun	f	Allgemein	science	97.80
promettre	versprechen	words	A1	verb		Allgemein	promettre	96.98
la nature	die Natur	words	A1	noun	f	Allgemein	nature	96.88
la cour	der Hof	words	A1	noun	f	Allgemein	cour	96.67
la vue	die Sicht	words	A1	noun	f	Allgemein	vue	96.58
répéter	wiederholen	words	A1	verb		Allgemein	répéter	96.20
la marche	der Gang	words	A1	noun	f	Allgemein	marche	96.04
le collège	die Schule	words	A1	noun	m	Allgemein	collège	95.96
le sud	der Süden	words	A1	noun	m	Allgemein	sud	95.79
juin	Juni	words	A1	noun		Allgemein	juin	95.65
amuser	amüsieren	words	A1	verb		Allgemein	amuser	95.21
janvier	der Januar	words	A1	noun	m	Allgemein	janvier	95.14
l'étage	das Stockwerk	words	A1	noun	n	Allgemein	étage	95.07
la soirée	der Abend	words	A1	noun	f	Allgemein	soirée	94.91
court	kurz	words	A1	adjective		Allgemein	court	94.85
aussitôt	sofort	words	A1	adverb		Allgemein	aussitôt	94.67
l'hiver	der Winter	words	A1	noun	m	Allgemein	hiver	94.45
la pierre	der Stein	words	A1	noun	f	Allgemein	pierre	93.80
octobre	der Oktober	words	A1	noun	m	Allgemein	octobre	93.68
la compagnie	die Gesellschaft	words	A1	noun	f	Allgemein	compagnie	93.65
portable	tragbar	words	A1	adjective		Allgemein	portable	93.55
le rendez-vous	der Termin	words	A1	noun	m	Allgemein	rendez-vous	93.25
scolaire	schulisch	words	A1	adjective		Allgemein	scolaire	93.24
l'oiseau	der Vogel	words	A1	noun	m	Allgemein	oiseau	92.72
interdire	verbieten	words	A1	verb		Allgemein	interdire	92.05
l'île	die Insel	words	A1	noun	f	Allgemein	île	91.94
le parc	der Park	words	A1	noun	m	Allgemein	parc	91.84
dangereux	gefährlich	words	A1	adjective		Allgemein	dangereux	91.28
tellement	so sehr	words	A1	adverb		Allgemein	tellement	91.22
la dame	die Dame	words	A1	noun	f	Allgemein	dame	90.68
le reste	der Rest	words	A1	noun	m	Allgemein	reste	90.58
amoureux	verliebt	words	A1	adjective		Allgemein	amoureux	90.43
le silence	die Stille	words	A1	noun	m	Allgemein	silence	89.95
le dos	der Rücken	words	A1	noun	m	Allgemein	dos	89.62
former	formen	words	A1	verb		Allgemein	former	89.43
calme	ruhig	words	A1	adjective		Allgemein	calme	88.84
emmener	mitnehmen	words	A1	verb		Allgemein	emmener	88.80
gauche	links	words	A1	adjective		Allgemein	gauche	88.74
la génération	die Generation	words	A1	noun	f	Allgemein	génération	88.48
observer	beobachten	words	A1	verb		Allgemein	observer	88.27
le séjour	der Aufenthalt	words	A1	noun	m	Allgemein	séjour	87.74
février	der Februar	words	A1	noun	m	Allgemein	février	87.69
la fonction	die Funktion	words	A1	noun	f	Allgemein	fonction	87.49
téléphoner	telefonieren	words	A1	verb		Allgemein	téléphoner	87.44
l'ouvrier	der Arbeiter	words	A1	noun	m	Allgemein	ouvrier	87.38
diriger	leiten	words	A1	verb		Allgemein	diriger	87.03
finalement	schließlich	words	A1	adverb		Allgemein	finalement	86.72
voyager	reisen	words	A1	verb		Allgemein	voyager	86.55
le nord	der Norden	words	A1	noun	m	Allgemein	nord	86.08
participer	teilnehmen	words	A1	verb		Allgemein	participer	86.08
couper	schneiden	words	A1	verb		Allgemein	couper	85.73
le morceau	das Stück	words	A1	noun	n	Allgemein	morceau	85.21
le commerce	der Handel	words	A1	noun	m	Allgemein	commerce	85.00
le copain	der Freund	words	A1	noun	m	Allgemein	copain	84.77
reposer	ausruhen	words	A1	verb		Allgemein	reposer	84.76
le pain	das Brot	words	A1	noun	n	Allgemein	pain	84.62
profiter	profitieren	words	A1	verb		Allgemein	profiter	84.58
surprendre	überraschen	words	A1	verb		Allgemein	surprendre	84.58
le vélo	das Fahrrad	words	A1	noun	n	Allgemein	vélo	84.51
le bain	das Bad	words	A1	noun	n	Allgemein	bain	84.36
remarquer	bemerken	words	A1	verb		Allgemein	remarquer	84.25
le passé	die Vergangenheit	words	A1	noun	m	Allgemein	passé	84.00
la boîte	die Box	words	A1	noun	f	Allgemein	boîte	83.94
grave	ernst	words	A1	adjective		Allgemein	grave	83.78
la chanson	das Lied	words	A1	noun	f	Allgemein	chanson	83.75
large	breit	words	A1	adjective		Allgemein	large	83.49
midi	der Mittag	words	A1	noun	m	Allgemein	midi	83.42
la rencontre	das Treffen	words	A1	noun	f	Allgemein	rencontre	83.30
fatiguer	ermüden	words	A1	verb		Allgemein	fatiguer	83.17
réserver	reservieren	words	A1	verb		Allgemein	réserver	82.82
le papa	der Papa	words	A1	noun	m	Allgemein	papa	82.69
le numéro	die Nummer	words	A1	noun	m	Allgemein	numéro	82.58
l'église	die Kirche	words	A1	noun	f	Allgemein	église	82.36
mademoiselle	das Fräulein	words	A1	noun		Allgemein	mademoiselle	82.10
l'écran	der Bildschirm	words	A1	noun	m	Allgemein	écran	81.94
protéger	schützen	words	A1	verb		Allgemein	protéger	81.84
le fruit	die Frucht	words	A1	noun	m	Allgemein	fruit	81.46
la gare	der Bahnhof	words	A1	noun	f	Allgemein	gare	81.08
couvrir	decken	words	A1	verb		Allgemein	couvrir	80.42
énorme	enorm	words	A1	adjective		Allgemein	énorme	80.17
la connaissance	das Wissen	words	A1	noun	f	Allgemein	connaissance	79.96
la communication	die Kommunikation	words	A1	noun	f	Allgemein	communication	79.78
est	ist	words	A1	noun		Allgemein	est	79.27
la solution	die Lösung	words	A1	noun	f	Allgemein	solution	79.11
terminer	beenden	words	A1	verb		Allgemein	terminer	79.10
remercier	danken	words	A1	verb		Allgemein	remercier	78.87
immédiatement	sofort	words	A1	adverb		Allgemein	immédiatement	78.70
doux	sanft	words	A1	adjective		Allgemein	doux	78.68
normal	normal	words	A1	adjective		Allgemein	normal	77.90
dur	hart	words	A1	adjective		Allgemein	dur	77.86
samedi	der Samstag	words	A1	noun	m	Allgemein	samedi	77.72
l'écoute	das Zuhören	words	A1	noun	f	Allgemein	écoute	77.32
noter	notieren	words	A1	verb		Allgemein	noter	77.25
durer	dauern	words	A1	verb		Allgemein	durer	77.16
la zone	die Zone	words	A1	noun	f	Allgemein	zone	76.77
marquer	markieren	words	A1	verb		Allgemein	marquer	76.72
la découverte	die Entdeckung	words	A1	noun	f	Allgemein	découverte	76.46
l'environnement	die Umwelt	words	A1	noun	m	Allgemein	environnement	76.45
l'organisation	die Organisation	words	A1	noun	f	Allgemein	organisation	76.01
le couloir	der Flur	words	A1	noun	m	Allgemein	couloir	75.76
le kilomètre	der Kilometer	words	A1	noun	m	Allgemein	kilomètre	75.34
rapide	schnell	words	A1	adjective		Allgemein	rapide	75.28
l'identité	die Identität	words	A1	noun	f	Allgemein	identité	75.24
commun	gemeinsam	words	A1	adjective		Allgemein	commun	74.72
neuf	neu	words	A1	adjective		Allgemein	neuf	74.64
sérieux	ernst	words	A1	adjective		Allgemein	sérieux	74.62
prier	beten	words	A1	verb		Allgemein	prier	74.39
intéressant	interessant	words	A1	adjective		Allgemein	intéressant	74.32
prévoir	vorhersehen	words	A1	verb		Allgemein	prévoir	74.29
extraordinaire	außergewöhnlich	words	A1	adjective		Allgemein	extraordinaire	74.13
moderne	modern	words	A1	adjective		Allgemein	moderne	73.78
lundi	der Montag	words	A1	noun	m	Allgemein	lundi	73.72
fumer	rauchen	words	A1	verb		Allgemein	fumer	73.55
réunir	versammeln	words	A1	verb		Allgemein	réunir	73.50
le salon	das Wohnzimmer	words	A1	noun	m	Allgemein	salon	73.39
remplacer	ersetzen	words	A1	verb		Allgemein	remplacer	73.37
dîner	zu Abend essen	words	A1	verb		Allgemein	dîner	73.28
la différence	der Unterschied	words	A1	noun	f	Allgemein	différence	73.13
le bateau	das Boot	words	A1	noun	m	Allgemein	bateau	73.10
le pont	die Brücke	words	A1	noun	m	Allgemein	pont	72.94
fou	verrückt	words	A1	adjective		Allgemein	fou	72.90
le poisson	der Fisch	words	A1	noun	m	Allgemein	poisson	72.86
composer	komponieren	words	A1	verb		Allgemein	composer	72.62
intelligent	intelligent	words	A1	adjective		Allgemein	intelligent	72.48
le déjeuner	das Mittagessen	words	A1	noun	m	Allgemein	déjeuner	72.47
le paysage	die Landschaft	words	A1	noun	m	Allgemein	paysage	72.44
pratiquer	üben	words	A1	verb		Allgemein	pratiquer	72.35
danser	tanzen	words	A1	verb		Allgemein	danser	72.25
le week-end	das Wochenende	words	A1	noun	n	Allgemein	week-end	72.01
saluer	grüßen	words	A1	verb		Allgemein	saluer	71.87
l'appareil	das Gerät	words	A1	noun	n	Allgemein	appareil	71.86
malade	krank	words	A1	adjective		Allgemein	malade	71.70
l'accident	der Unfall	words	A1	noun	m	Allgemein	accident	71.50
le parfum	das Parfüm	words	A1	noun	m	Allgemein	parfum	71.49
remonter	wieder hochgehen	words	A1	verb		Allgemein	remonter	71.36
rapidement	schnell	words	A1	adverb		Allgemein	rapidement	71.29
la lecture	das Lesen	words	A1	noun	f	Allgemein	lecture	71.15
lentement	langsam	words	A1	adverb		Allgemein	lentement	71.08
environ	ungefähr	words	A1	preposition		Allgemein	environ	70.54
transformer	verwandeln	words	A1	verb		Allgemein	transformer	70.44
excuser	entschuldigen	words	A1	verb		Allgemein	excuser	70.08
accueillir	empfangen	words	A1	verb		Allgemein	accueillir	70.04
décembre	Dezember	words	A1	noun		Allgemein	décembre	69.68
la sortie	der Ausgang	words	A1	noun	f	Allgemein	sortie	69.48
frais	frisch	words	A1	adjective		Allgemein	frais	69.25
la page	die Seite	words	A1	noun	f	Allgemein	page	68.89
le spectacle	das Schauspiel	words	A1	noun	n	Allgemein	spectacle	68.79
le chevalier	der Ritter	words	A1	noun	m	Allgemein	chevalier	68.42
excellent	ausgezeichnet	words	A1	adjective		Allgemein	excellent	68.36
le cadeau	das Geschenk	words	A1	noun	n	Allgemein	cadeau	68.29
l'hôpital	das Krankenhaus	words	A1	noun	n	Allgemein	hôpital	67.38
sympa	nett	words	A1	adjective		Allgemein	sympa	67.35
inventer	erfinden	words	A1	verb		Allgemein	inventer	67.27
coûter	kosten	words	A1	verb		Allgemein	coûter	66.97
le nez	die Nase	words	A1	noun	m	Allgemein	nez	66.89
le secret	das Geheimnis	words	A1	noun	n	Allgemein	secret	66.71
l'adresse	die Adresse	words	A1	noun	f	Allgemein	adresse	66.69
la chaussure	der Schuh	words	A1	noun	f	Allgemein	chaussure	66.60
auprès	bei	words	A1	adverb		Allgemein	auprès	66.38
le salut	der Gruß	words	A1	noun	m	Allgemein	salut	66.26
l'enfance	die Kindheit	words	A1	noun	f	Allgemein	enfance	66.26
assister	teilnehmen	words	A1	verb		Allgemein	assister	66.02
le courage	der Mut	words	A1	noun	m	Allgemein	courage	65.27
jeudi	Donnerstag	words	A1	noun		Allgemein	jeudi	65.17
pendre	hängen	words	A1	verb		Allgemein	pendre	64.80
défendre	verteidigen	words	A1	verb		Allgemein	défendre	64.78
avril	April	words	A1	noun		Allgemein	avril	64.66
gris	grau	words	A1	adjective		Allgemein	gris	64.62
âgé	alt	words	A1	adjective		Allgemein	âgé	64.53
le bar	die Bar	words	A1	noun	m	Allgemein	bar	64.14
attacher	befestigen	words	A1	verb		Allgemein	attacher	64.00
la bouteille	die Flasche	words	A1	noun	f	Allgemein	bouteille	63.81
la rivière	der Fluss	words	A1	noun	f	Allgemein	rivière	63.74
la jambe	das Bein	words	A1	noun	f	Allgemein	jambe	63.60
endormir	einschläfern	words	A1	verb		Allgemein	endormir	62.87
curieux	neugierig	words	A1	adjective		Allgemein	curieux	62.03
inquiéter	beunruhigen	words	A1	verb		Allgemein	inquiéter	62.02
l'avion	das Flugzeug	words	A1	noun	m	Allgemein	avion	61.98
la direction	die Richtung	words	A1	noun	f	Allgemein	direction	61.96
sûrement	sicherlich	words	A1	adverb		Allgemein	sûrement	61.73
le magazine	das Magazin	words	A1	noun	m	Allgemein	magazine	61.39
facilement	einfach	words	A1	adverb		Allgemein	facilement	61.35
la télé	der Fernseher	words	A1	noun	f	Allgemein	télé	60.77
sportif	sportlich	words	A1	adjective		Allgemein	sportif	60.56
vendredi	der Freitag	words	A1	noun	m	Allgemein	vendredi	60.37
l'honneur	die Ehre	words	A1	noun	m	Allgemein	honneur	60.35
la clé	der Schlüssel	words	A1	noun	f	Allgemein	clé	60.12
le billet	das Ticket	words	A1	noun	m	Allgemein	billet	59.96
l'émotion	die Emotion	words	A1	noun	f	Allgemein	émotion	59.85
supérieur	überlegen	words	A1	adjective		Allgemein	supérieur	59.80
la littérature	die Literatur	words	A1	noun	f	Allgemein	littérature	59.56
dessiner	zeichnen	words	A1	verb		Allgemein	dessiner	59.29
espagnol	spanisch	words	A1	adjective		Allgemein	espagnol	59.28
discuter	diskutieren	words	A1	verb		Allgemein	discuter	59.28
sonner	läuten	words	A1	verb		Allgemein	sonner	58.95
retirer	entfernen	words	A1	verb		Allgemein	retirer	58.85
laver	waschen	words	A1	verb		Allgemein	laver	58.83
la passion	die Leidenschaft	words	A1	noun	f	Allgemein	passion	58.78
le retard	die Verspätung	words	A1	noun	m	Allgemein	retard	58.62
la note	die Note	words	A1	noun	f	Allgemein	note	58.33
la paix	der Frieden	words	A1	noun	f	Allgemein	paix	58.19
le collègue	der Kollege	words	A1	noun	m	Allgemein	collègue	58.05
la feuille	das Blatt	words	A1	noun	f	Allgemein	feuille	57.60
la capitale	die Hauptstadt	words	A1	noun	f	Allgemein	capitale	57.38
vide	leer	words	A1	adjective		Allgemein	vide	57.02
l'explication	die Erklärung	words	A1	noun	f	Allgemein	explication	56.92
le loisir	die Freizeit	words	A1	noun	m	Allgemein	loisir	56.87
le contrôle	die Kontrolle	words	A1	noun	m	Allgemein	contrôle	56.18
l'ouverture	die Öffnung	words	A1	noun	f	Allgemein	ouverture	56.17
la confiance	das Vertrauen	words	A1	noun	f	Allgemein	confiance	55.77
le monument	das Denkmal	words	A1	noun	m	Allgemein	monument	55.65
super	super	words	A1	adjective		Allgemein	super	55.54
respecter	respektieren	words	A1	verb		Allgemein	respecter	55.47
la mairie	das Rathaus	words	A1	noun	f	Allgemein	mairie	55.21
repartir	wieder gehen	words	A1	verb		Allgemein	repartir	55.05
la neige	der Schnee	words	A1	noun	f	Allgemein	neige	54.99
ennuyer	langweilen	words	A1	verb		Allgemein	ennuyer	54.89
justement	gerade	words	A1	adverb		Allgemein	justement	54.71
l'herbe	das Gras	words	A1	noun	f	Allgemein	herbe	54.71
l'immeuble	das Gebäude	words	A1	noun	n	Allgemein	immeuble	54.60
épouser	heiraten	words	A1	verb		Allgemein	épouser	54.43
le chômage	die Arbeitslosigkeit	words	A1	noun	m	Allgemein	chômage	54.35
indiquer	anzeigen	words	A1	verb		Allgemein	indiquer	54.29
le tableau	die Tafel	words	A1	noun	m	Allgemein	tableau	54.29
mercredi	Mittwoch	words	A1	noun		Allgemein	mercredi	54.22
la pluie	der Regen	words	A1	noun	f	Allgemein	pluie	54.14
la tradition	die Tradition	words	A1	noun	f	Allgemein	tradition	54.03
la république	die Republik	words	A1	noun	f	Allgemein	république	54.02
la plage	der Strand	words	A1	noun	f	Allgemein	plage	53.94
désirer	wünschen	words	A1	verb		Allgemein	désirer	53.80
évidemment	offensichtlich	words	A1	adverb		Allgemein	évidemment	53.76
la technologie	die Technologie	words	A1	noun	f	Allgemein	technologie	53.46
l'erreur	der Fehler	words	A1	noun	f	Allgemein	erreur	53.35
passionner	begeistern	words	A1	verb		Allgemein	passionner	53.11
le quart	das Viertel	words	A1	noun	m	Allgemein	quart	53.06
le plat	das Gericht	words	A1	noun	m	Allgemein	plat	52.93
certainement	sicherlich	words	A1	adverb		Allgemein	certainement	52.53
le message	die Nachricht	words	A1	noun	m	Allgemein	message	52.30
la banque	die Bank	words	A1	noun	f	Allgemein	banque	52.27
gratuit	kostenlos	words	A1	adjective		Allgemein	gratuit	52.08
novembre	der November	words	A1	noun	m	Allgemein	novembre	51.57
agréable	angenehm	words	A1	adjective		Allgemein	agréable	51.33
le peintre	der Maler	words	A1	noun	m	Allgemein	peintre	51.09
la grand-mère	die Großmutter	words	A1	noun	f	Allgemein	grand-mère	50.97
l'ombre	der Schatten	words	A1	noun	f	Allgemein	ombre	50.93
jaune	gelb	words	A1	adjective		Allgemein	jaune	50.83
rouler	rollen	words	A1	verb		Allgemein	rouler	50.71
FAUX	falsch	words	A1	adjective		Allgemein	FAUX	50.56
regretter	bedauern	words	A1	verb		Allgemein	regretter	50.50
le dessin	die Zeichnung	words	A1	noun	m	Allgemein	dessin	50.47
sinon	sonst	words	A1	conjunction		Allgemein	sinon	50.33
au-dessus	darüber	words	A1	adverb		Allgemein	au-dessus	50.12
la joie	die Freude	words	A1	noun	f	Allgemein	joie	50.03
le propriétaire	der Eigentümer	words	A1	noun	m	Allgemein	propriétaire	49.87
détester	hassen	words	A1	verb		Allgemein	détester	49.84
le printemps	der Frühling	words	A1	noun	m	Allgemein	printemps	49.63
messieurs	meine Herren	words	A1	noun		Allgemein	messieurs	49.31
exactement	genau	words	A1	adverb		Allgemein	exactement	49.18
futur	zukunftlich	words	A1	adjective		Allgemein	futur	48.83
la date	das Datum	words	A1	noun	f	Allgemein	date	48.76
rechercher	suchen	words	A1	verb		Allgemein	rechercher	48.31
le quai	der Bahnsteig	words	A1	noun	m	Allgemein	quai	47.88
l'oncle	der Onkel	words	A1	noun	m	Allgemein	oncle	47.78
le bâtiment	das Gebäude	words	A1	noun	m	Allgemein	bâtiment	47.31
fabriquer	herstellen	words	A1	verb		Allgemein	fabriquer	47.17
italien	italienisch	words	A1	adjective		Allgemein	italien	46.84
la glace	das Eis	words	A1	noun	f	Allgemein	glace	46.71
août	August	words	A1	noun		Allgemein	août	46.66
la dent	der Zahn	words	A1	noun	f	Allgemein	dent	46.52
la tante	die Tante	words	A1	noun	f	Allgemein	tante	46.47
recommencer	wieder anfangen	words	A1	verb		Allgemein	recommencer	46.35
la danse	der Tanz	words	A1	noun	f	Allgemein	danse	46.31
une opération	die Operation	words	A1	noun	f	Allgemein	opération	44.78
un cousin	der Cousin	words	A1	noun	m	Allgemein	cousin	44.75
africain	afrikanisch	words	A1	adjective		Allgemein	africain	44.69
admirer	bewundern	words	A1	verb		Allgemein	admirer	44.67
une surprise	die Überraschung	words	A1	noun	f	Allgemein	surprise	44.23
une proposition	der Vorschlag	words	A1	noun	f	Allgemein	proposition	44.19
un prince	der Prinz	words	A1	noun	m	Allgemein	prince	44.12
un bus	der Bus	words	A1	noun	m	Allgemein	bus	44.05
blond	blond	words	A1	adjective		Allgemein	blond	43.98
une bande	die Bande	words	A1	noun	f	Allgemein	bande	43.92
une pomme	der Apfel	words	A1	noun	f	Allgemein	pomme	43.90
une odeur	der Geruch	words	A1	noun	f	Allgemein	odeur	43.73
brun	braun	words	A1	adjective		Allgemein	brun	43.32
un lycée	das Gymnasium	words	A1	noun	m	Allgemein	lycée	43.25
le toit	das Dach	words	A1	noun	n	Allgemein	toit	43.08
directement	direkt	words	A1	adverb		Allgemein	directement	43.01
la cité	die Stadt	words	A1	noun	f	Allgemein	cité	42.96
le secrétaire	der Sekretär	words	A1	noun	m	Allgemein	secrétaire	42.92
fêter	feiern	words	A1	verb		Allgemein	fêter	42.65
la réunion	das Treffen	words	A1	noun	f	Allgemein	réunion	42.35
briller	leuchten	words	A1	verb		Allgemein	briller	42.20
sale	schmutzig	words	A1	adjective		Allgemein	sale	42.07
le paquet	das Paket	words	A1	noun	n	Allgemein	paquet	41.84
l'adulte	der Erwachsene	words	A1	noun	m	Allgemein	adulte	41.81
la moyenne	der Durchschnitt	words	A1	noun	f	Allgemein	moyenne	41.76
la faim	der Hunger	words	A1	noun	f	Allgemein	faim	41.58
allumer	anzünden	words	A1	verb		Allgemein	allumer	41.27
euh	äh	words	A1	interjection		Allgemein	euh	40.45
drôle	lustig	words	A1	adjective		Allgemein	drôle	40.44
officiel	offiziell	words	A1	adjective		Allgemein	officiel	40.20
la taille	die Größe	words	A1	noun	f	Allgemein	taille	40.16
le sommet	der Gipfel	words	A1	noun	m	Allgemein	sommet	40.12
la température	die Temperatur	words	A1	noun	f	Allgemein	température	40.09
le touriste	der Tourist	words	A1	noun	m	Allgemein	touriste	39.87
le vol	der Flug	words	A1	noun	m	Allgemein	vol	39.45
mince	dünn	words	A1	adjective		Allgemein	mince	39.43
quelquefois	manchmal	words	A1	adverb		Allgemein	quelquefois	39.36
presser	drücken	words	A1	verb		Allgemein	presser	39.06
la province	die Provinz	words	A1	noun	f	Allgemein	province	38.99
commercial	kommerziell	words	A1	adjective		Arbeit & Beruf	commercial	38.73
génial	genial	words	A1	adjective		Allgemein	génial	38.68
la banlieue	die Vorstadt	words	A1	noun	f	Wohnen & Haus	banlieue	38.52
la lampe	die Lampe	words	A1	noun	f	Allgemein	lampe	38.27
doucement	sanft	words	A1	adverb		Allgemein	doucement	38.23
l'invité	der Gast	words	A1	noun	m	Allgemein	invité	38.00
le ménage	der Haushalt	words	A1	noun	m	Allgemein	ménage	38.00
le genou	das Knie	words	A1	noun	m	Allgemein	genou	37.97
la cheminée	der Kamin	words	A1	noun	f	Allgemein	cheminée	37.97
le gâteau	der Kuchen	words	A1	noun	m	Allgemein	gâteau	37.67
courageux	mutig	words	A1	adjective		Allgemein	courageux	37.62
la jeunesse	die Jugend	words	A1	noun	f	Allgemein	jeunesse	37.26
l'arme	die Waffe	words	A1	noun	f	Allgemein	arme	37.18
le métro	die U-Bahn	words	A1	noun	m	Allgemein	métro	37.04
heureusement	zum Glück	words	A1	adverb		Allgemein	heureusement	36.72
la collection	die Sammlung	words	A1	noun	f	Allgemein	collection	36.69
informer	informieren	words	A1	verb		Allgemein	informer	36.24
le document	das Dokument	words	A1	noun	m	Allgemein	document	36.17
le chanteur	der Sänger	words	A1	noun	m	Allgemein	chanteur	36.12
allemand	deutsch	words	A1	adjective		Allgemein	allemand	35.79
original	original	words	A1	adjective		Allgemein	original	35.75
le département	das Département	words	A1	noun	m	Allgemein	département	35.65
commander	bestellen	words	A1	verb		Allgemein	commander	35.62
nul	null	words	A1	adjective		Allgemein	nul	35.41
l'accueil	der Empfang	words	A1	noun	m	Allgemein	accueil	35.34
la peinture	die Malerei	words	A1	noun	f	Allgemein	peinture	35.30
bizarre	seltsam	words	A1	adjective		Allgemein	bizarre	35.23
le détail	das Detail	words	A1	noun	m	Allgemein	détail	35.19
analyser	analysieren	words	A1	verb		Allgemein	analyser	35.14
indépendant	unabhängig	words	A1	adjective		Allgemein	indépendant	35.00
la plante	die Pflanze	words	A1	noun	f	Allgemein	plante	34.93
la terrasse	die Terrasse	words	A1	noun	f	Allgemein	terrasse	34.89
la demi-heure	die halbe Stunde	words	A1	noun	f	Allgemein	demi-heure	34.69
pleuvoir	regnen	words	A1	verb		Allgemein	pleuvoir	34.66
l'atelier	die Werkstatt	words	A1	noun	m	Allgemein	atelier	34.62
désoler	leid tun	words	A1	verb		Allgemein	désoler	34.61
le légume	das Gemüse	words	A1	noun	m	Allgemein	légume	34.58
le concert	das Konzert	words	A1	noun	n	Allgemein	concert	34.16
francophone	französischsprachig	words	A1	adjective		Allgemein	francophone	33.78
la viande	das Fleisch	words	A1	noun	f	Allgemein	viande	33.35
la côte	die Küste	words	A1	noun	f	Allgemein	côte	33.33
le chocolat	die Schokolade	words	A1	noun	m	Allgemein	chocolat	33.23
parfait	perfekt	words	A1	adjective		Allgemein	parfait	33.18
l'agence	die Agentur	words	A1	noun	f	Allgemein	agence	33.12
l'étoile	der Stern	words	A1	noun	f	Allgemein	étoile	32.79
la boule	die Kugel	words	A1	noun	f	Allgemein	boule	32.67
idéal	ideal	words	A1	adjective		Allgemein	idéal	32.62
l'usine	die Fabrik	words	A1	noun	f	Allgemein	usine	32.55
allô	Hallo	words	A1	interjection		Allgemein	allô	32.00
l'assurance	die Versicherung	words	A1	noun	f	Allgemein	assurance	31.97
échanger	tauschen	words	A1	verb		Allgemein	échanger	31.96
l'œuf	das Ei	words	A1	noun	m	Allgemein	oeuf	31.76
le climat	das Klima	words	A1	noun	m	Allgemein	climat	31.76
éteindre	ausschalten	words	A1	verb		Allgemein	éteindre	31.71
le club	der Club	words	A1	noun	m	Allgemein	club	31.70
formidable	großartig	words	A1	adjective		Allgemein	formidable	31.59
déranger	stören	words	A1	verb		Allgemein	déranger	31.57
la copine	die Freundin	words	A1	noun	f	Allgemein	copine	31.52
ranger	aufräumen	words	A1	verb		Allgemein	ranger	31.20
la piste	die Spur	words	A1	noun	f	Allgemein	piste	30.84
la promenade	der Spaziergang	words	A1	noun	f	Allgemein	promenade	30.42
l'exercice	die Übung	words	A1	noun	m	Allgemein	exercice	30.10
mardi	der Dienstag	words	A1	noun	m	Allgemein	mardi	30.10
l'automne	der Herbst	words	A1	noun	m	Allgemein	automne	30.03
continu	fortlaufend	words	A1	adjective		Allgemein	continu	29.78
tiens	hier	words	A1	interjection		Allgemein	tiens	29.75
l'aéroport	der Flughafen	words	A1	noun	m	Allgemein	aéroport	29.67
le lait	die Milch	words	A1	noun	m	Allgemein	lait	29.62
la coopération	die Zusammenarbeit	words	A1	noun	f	Allgemein	coopération	29.49
spécial	besonders	words	A1	adjective		Allgemein	spécial	29.35
la nationalité	die Nationalität	words	A1	noun	f	Allgemein	nationalité	29.18
l'humeur	die Stimmung	words	A1	noun	f	Allgemein	humeur	28.98
le fromage	der Käse	words	A1	noun	m	Allgemein	fromage	28.88
le prof	der Lehrer	words	A1	noun	m	Allgemein	prof	28.70
la grotte	die Höhle	words	A1	noun	f	Allgemein	grotte	28.69
merveilleux	wunderbar	words	A1	adjective		Allgemein	merveilleux	28.64
complet	vollständig	words	A1	adjective		Allgemein	complet	28.55
obligatoire	pflichtig	words	A1	adjective		Allgemein	obligatoire	28.47
les maths	die Mathe	words	A1	noun	f	Allgemein	maths	28.22
la voile	die Segel	words	A1	noun	f	Allgemein	voile	28.06
la bière	die Bier	words	A1	noun	f	Allgemein	bière	28.06
varier	variieren	words	A1	verb		Allgemein	varier	27.96
le sucre	der Zucker	words	A1	noun	m	Allgemein	sucre	27.79
compliquer	komplizieren	words	A1	verb		Allgemein	compliquer	27.75
prêter	leihen	words	A1	verb		Allgemein	prêter	27.71
les grands-parents	die Großeltern	words	A1	noun		Allgemein	grands-parents	27.63
la nouvelle	die Nachricht	words	A1	noun	f	Allgemein	nouvelle	27.60
la piscine	das Schwimmbad	words	A1	noun	f	Allgemein	piscine	27.28
le disque	die Platte	words	A1	noun	m	Allgemein	disque	27.17
le boulevard	der Boulevard	words	A1	noun	m	Allgemein	boulevard	26.98
incroyable	unglaublich	words	A1	adjective		Allgemein	incroyable	26.97
le pardon	die Entschuldigung	words	A1	noun	m	Allgemein	pardon	26.83
la roue	das Rad	words	A1	noun	f	Allgemein	roue	26.81
direct	direkt	words	A1	adjective		Allgemein	direct	26.69
le tourisme	der Tourismus	words	A1	noun	m	Allgemein	tourisme	26.56
l'examen	die Prüfung	words	A1	noun	m	Allgemein	examen	26.34
le prénom	der Vorname	words	A1	noun	m	Allgemein	prénom	26.20
dynamique	dynamisch	words	A1	adjective		Allgemein	dynamique	26.16
la boutique	der Laden	words	A1	noun	f	Allgemein	boutique	25.90
le musicien	der Musiker	words	A1	noun	m	Allgemein	musicien	25.88
horrible	horribel	words	A1	adjective		Allgemein	horrible	25.54
la caisse	die Kasse	words	A1	noun	f	Allgemein	caisse	25.53
le sort	das Schicksal	words	A1	noun	m	Allgemein	sort	25.47
le port	der Hafen	words	A1	noun	m	Allgemein	port	25.18
la station	die Station	words	A1	noun	f	Allgemein	station	25.15
l'électricité	der Strom	words	A1	noun	f	Allgemein	électricité	25.06
l'arrondissement	der Bezirk	words	A1	noun	m	Allgemein	arrondissement	24.94
la chère	die Liebe	words	A1	noun	f	Allgemein	chère	24.92
sympathique	sympathisch	words	A1	adjective		Allgemein	sympathique	24.73
régler	regeln	words	A1	verb		Allgemein	régler	24.57
la vallée	das Tal	words	A1	noun	f	Allgemein	vallée	24.41
la corde	das Seil	words	A1	noun	f	Allgemein	corde	23.71
l'anniversaire	der Geburtstag	words	A1	noun	m	Allgemein	anniversaire	23.68
l'huile	das Öl	words	A1	noun	f	Allgemein	huile	23.67
belge	belgisch	words	A1	adjective		Allgemein	belge	23.60
le palais	der Palast	words	A1	noun	m	Allgemein	palais	23.50
le menu	das Menü	words	A1	noun	m	Allgemein	menu	23.15
le beurre	die Butter	words	A1	noun	m	Allgemein	beurre	23.06
gras	fett	words	A1	adjective		Allgemein	gras	22.92
l'horreur	der Horror	words	A1	noun	f	Allgemein	horreur	22.58
le studio	das Studio	words	A1	noun	m	Allgemein	studio	22.30
le supermarché	der Supermarkt	words	A1	noun	m	Allgemein	supermarché	21.89
la destination	das Ziel	words	A1	noun	f	Allgemein	destination	21.88
le pantalon	die Hose	words	A1	noun	m	Allgemein	pantalon	21.86
le solde	der Saldo	words	A1	noun	m	Allgemein	solde	21.79
l'informatique	die Informatik	words	A1	noun	f	Allgemein	informatique	21.73
dépêcher	eilen	words	A1	verb		Allgemein	dépêcher	21.60
la légende	die Legende	words	A1	noun	f	Allgemein	légende	21.39
timide	schüchtern	words	A1	adjective		Allgemein	timide	21.18
le chèque	der Scheck	words	A1	noun	m	Allgemein	chèque	21.07
l'accent	der Akzent	words	A1	noun	m	Allgemein	accent	20.73
le kilo	das Kilo	words	A1	noun	n	Allgemein	kilo	20.67
le demi	der Halb	words	A1	noun	m	Allgemein	demi	20.13
le bébé	das Baby	words	A1	noun	n	Allgemein	bébé	20.04
sec	trocken	words	A1	adjective		Allgemein	sec	20.00
le taxi	das Taxi	words	A1	noun	n	Allgemein	taxi	19.93
la salade	der Salat	words	A1	noun	f	Allgemein	salade	19.92
pire	schlimmster	words	A1	adjective		Allgemein	pire	19.91
charmant	charmant	words	A1	adjective		Allgemein	charmant	19.64
le serveur	der Kellner	words	A1	noun	m	Allgemein	serveur	19.57
l'agriculture	die Landwirtschaft	words	A1	noun	f	Allgemein	agriculture	19.41
le rock	der Rock	words	A1	noun	m	Allgemein	rock	19.36
bonsoir	guten Abend	words	A1	noun		Allgemein	bonsoir	19.18
la toilette	die Toilette	words	A1	noun	f	Allgemein	toilette	19.16
romantique	romantisch	words	A1	adjective		Allgemein	romantique	19.10
l'invitation	die Einladung	words	A1	noun	f	Allgemein	invitation	18.87
le parking	der Parkplatz	words	A1	noun	m	Allgemein	parking	18.66
le mec	der Typ	words	A1	noun	m	Allgemein	mec	18.43
amusant	lustig	words	A1	adjective		Allgemein	amusant	18.14
la planche	das Brett	words	A1	noun	f	Allgemein	planche	17.34
fantastique	fantastisch	words	A1	adjective		Allgemein	fantastique	17.12
la messe	die Messe	words	A1	noun	f	Allgemein	messe	16.96
l'âne	der Esel	words	A1	noun	m	Allgemein	âne	16.95
le ski	der Ski	words	A1	noun	m	Allgemein	ski	16.79
la soupe	die Suppe	words	A1	noun	f	Allgemein	soupe	16.67
joyeux	fröhlich	words	A1	adjective		Allgemein	joyeux	16.60
généreux	großzügig	words	A1	adjective		Allgemein	généreux	16.49
l'avenue	die Allee	words	A1	noun	f	Allgemein	avenue	16.23
le continent	der Kontinent	words	A1	noun	m	Allgemein	continent	16.16
le thé	der Tee	words	A1	noun	m	Allgemein	thé	16.13
baigner	baden	words	A1	verb		Allgemein	baigner	16.09
le jean	die Jeans	words	A1	noun	m	Allgemein	jean	15.87
l'office	das Büro	words	A1	noun	m	Allgemein	office	15.82
le fleuve	der Fluss	words	A1	noun	m	Allgemein	fleuve	15.60
décorer	dekorieren	words	A1	verb		Allgemein	décorer	15.41
l'animateur	der Animateur	words	A1	noun	m	Allgemein	animateur	15.37
la boisson	das Getränk	words	A1	noun	f	Allgemein	boisson	15.28
le dessert	der Nachtisch	words	A1	noun	m	Allgemein	dessert	15.28
le paradis	das Paradies	words	A1	noun	n	Allgemein	paradis	15.28
le grand-père	der Großvater	words	A1	noun	m	Allgemein	grand-père	15.23
l'aile	der Flügel	words	A1	noun	f	Allgemein	aile	15.18
le tennis	der Tennis	words	A1	noun	m	Allgemein	tennis	15.05
goûter	kosten	words	A1	verb		Allgemein	goûter	14.98
l'inscription	die Anmeldung	words	A1	noun	f	Allgemein	inscription	14.70
le pull	der Pullover	words	A1	noun	m	Allgemein	pull	14.67
le plateau	das Tablett	words	A1	noun	m	Allgemein	plateau	14.67
le jus	der Saft	words	A1	noun	m	Allgemein	jus	14.49
le cimetière	der Friedhof	words	A1	noun	m	Allgemein	cimetière	14.45
bravo	Bravo	words	A1	interjection		Allgemein	bravo	14.40
la confiture	die Marmelade	words	A1	noun	f	Allgemein	confiture	14.33
la bicyclette	das Fahrrad	words	A1	noun	f	Allgemein	bicyclette	14.26
délicieux	köstlich	words	A1	adjective		Allgemein	délicieux	13.89
le moulin	die Mühle	words	A1	noun	m	Allgemein	moulin	13.87
féliciter	gratulieren	words	A1	verb		Allgemein	féliciter	13.66
l'ascenseur	der Aufzug	words	A1	noun	m	Allgemein	ascenseur	13.48
le riz	der Reis	words	A1	noun	m	Allgemein	riz	13.41
la décoration	die Dekoration	words	A1	noun	f	Allgemein	décoration	13.27
la balade	der Spaziergang	words	A1	noun	f	Allgemein	balade	12.99
la tomate	die Tomate	words	A1	noun	f	Allgemein	tomate	12.15
le tiroir	der Schublade	words	A1	noun	m	Allgemein	tiroir	11.90
la spécialité	die Spezialität	words	A1	noun	f	Allgemein	spécialité	11.56
la bise	der Kuss	words	A1	noun	f	Allgemein	bise	11.42
la cathédrale	die Kathedrale	words	A1	noun	f	Allgemein	cathédrale	11.39
la blague	der Witz	words	A1	noun	f	Allgemein	blague	11.34
le sapin	der Tannenbaum	words	A1	noun	m	Allgemein	sapin	11.07
l'antiquité	die Antike	words	A1	noun	f	Allgemein	antiquité	10.78
la pâte	der Teig	words	A1	noun	f	Allgemein	pâte	10.72
superbe	wunderbar	words	A1	adjective		Allgemein	superbe	10.66
préféré	bevorzugt	words	A1	adjective		Allgemein	préféré	10.39
souffler	blasen	words	A1	verb		Allgemein	souffler	10.22
bienvenir	willkommen heißen	words	A1	verb		Allgemein	bienvenir	10.11
le boeuf	das Rindfleisch	words	A1	noun	m	Allgemein	boeuf	9.80
le litre	der Liter	words	A1	noun	m	Allgemein	litre	9.68
le champagne	der Champagner	words	A1	noun	m	Allgemein	champagne	9.35
le pâté	der Aufstrich	words	A1	noun	m	Allgemein	pâté	9.33
la zoé	die Zoé	words	A1	noun	f	Allgemein	zoé	9.29
la tente	das Zelt	words	A1	noun	f	Allgemein	tente	9.02
l'informaticien	der Informatiker	words	A1	noun	m	Allgemein	informaticien	8.96
la pyramide	die Pyramide	words	A1	noun	f	Allgemein	pyramide	8.91
chinois	chinesisch	words	A1	adjective		Allgemein	chinois	8.81
le foot	der Fußball	words	A1	noun	m	Allgemein	foot	8.67
le camping	das Camping	words	A1	noun	m	Allgemein	camping	8.55
bis	zweimal	words	A1	adjective		Allgemein	bis	8.55
la farine	das Mehl	words	A1	noun	f	Allgemein	farine	8.23
le serpent	die Schlange	words	A1	noun	m	Allgemein	serpent	8.20
le buffet	das Buffet	words	A1	noun	m	Allgemein	buffet	8.15
adorable	liebenswert	words	A1	adjective		Allgemein	adorable	8.07
la falaise	die Klippe	words	A1	noun	f	Allgemein	falaise	8.03
la félicitation	die Gratulation	words	A1	noun	f	Allgemein	félicitation	7.90
l'apéritif	der Aperitif	words	A1	noun	m	Allgemein	apéritif	7.76
la crêpe	der Crêpe	words	A1	noun	f	Allgemein	crêpe	7.03
divorcer	scheiden	words	A1	verb		Allgemein	divorcer	6.95
boulanger	Bäcker	words	A1	adjective		Allgemein	boulanger	6.67
l'inauguration	die Einweihung	words	A1	noun	f	Allgemein	inauguration	6.63
ouais	ja	words	A1	interjection		Allgemein	ouais	6.59
une cantine	die Kantine	words	A1	noun	f	Allgemein	cantine	5.52
le mail	die E-Mail	words	A1	noun	f	Allgemein	mail	5.26
le pape	der Papst	words	A1	noun	m	Allgemein	pape	5.07
le réveillon	der Silvesterabend	words	A1	noun	m	Allgemein	réveillon	5.04
le blouson	die Jacke	words	A1	noun	m	Allgemein	blouson	4.99
pers	dunkel	words	A1	adjective		Farben & Formen	pers	3.64
la mule	die Maultier	words	A1	noun	f	Tiere & Natur	mule	3.29
la tartine	die Brotscheibe	words	A1	noun	f	Essen & Trinken	tartine	2.19
le tommy	der Tommy	words	A1	noun	m	Allgemein	tommy	0.79
tuer	töten	words	A2	verb		Allgemein	tuer	261.09
lorsque	als	words	A2	conjunction		Allgemein	lorsque	252.87
agir	handeln	words	A2	verb		Allgemein	agir	241.90
tel	solch	words	A2	pronoun		Allgemein	tel	223.00
lequel	welcher	words	A2	pronoun		Allgemein	lequel	221.22
le point	der Punkt	words	A2	noun	m	Allgemein	point	216.31
dès	ab	words	A2	preposition		Allgemein	dès	211.57
social	sozial	words	A2	adjective		Allgemein	social	208.65
le corps	der Körper	words	A2	noun	m	Allgemein	corps	200.87
pousser	drücken	words	A2	verb		Allgemein	pousser	166.30
le doute	der Zweifel	words	A2	noun	m	Allgemein	doute	157.91
cependant	jedoch	words	A2	adverb		Allgemein	cependant	150.17
la loi	das Gesetz	words	A2	noun	f	Allgemein	loi	149.85
le fond	der Grund	words	A2	noun	m	Allgemein	fond	147.29
autant	ebenso viel	words	A2	adverb		Allgemein	autant	143.59
l'emploi	die Anstellung	words	A2	noun	m	Allgemein	emploi	142.34
le développement	die Entwicklung	words	A2	noun	m	Allgemein	développement	141.40
l'instant	der Moment	words	A2	noun	m	Allgemein	instant	141.22
lancer	werfen	words	A2	verb		Allgemein	lancer	140.79
mener	führen	words	A2	verb		Allgemein	mener	139.08
l'or	das Gold	words	A2	noun	m	Allgemein	or	139.04
haut	hoch	words	A2	adjective		Allgemein	haut	138.06
l'auteur	der Autor	words	A2	noun	m	Allgemein	auteur	136.30
parmi	unter	words	A2	preposition		Allgemein	parmi	129.94
déclarer	erklären	words	A2	verb		Allgemein	déclarer	125.45
la valeur	der Wert	words	A2	noun	f	Allgemein	valeur	122.73
développer	entwickeln	words	A2	verb		Allgemein	développer	117.00
le sujet	das Thema	words	A2	noun	m	Allgemein	sujet	114.46
l'enquête	die Untersuchung	words	A2	noun	f	Allgemein	enquête	114.03
le sentiment	das Gefühl	words	A2	noun	n	Allgemein	sentiment	113.44
la moitié	die Hälfte	words	A2	noun	f	Allgemein	moitié	113.26
le président	der Präsident	words	A2	noun	m	Allgemein	président	111.48
le papier	das Papier	words	A2	noun	n	Allgemein	papier	110.71
le garde	der Wächter	words	A2	noun	m	Allgemein	garde	109.94
suffire	ausreichen	words	A2	verb		Allgemein	suffire	109.84
la force	die Kraft	words	A2	noun	f	Allgemein	force	109.54
obliger	verpflichten	words	A2	verb		Allgemein	obliger	107.87
présent	präsent	words	A2	adjective		Allgemein	présent	105.73
la condition	die Bedingung	words	A2	noun	f	Allgemein	condition	105.01
la scène	die Szene	words	A2	noun	f	Allgemein	scène	104.83
le gouvernement	die Regierung	words	A2	noun	m	Allgemein	gouvernement	104.69
le niveau	das Niveau	words	A2	noun	m	Allgemein	niveau	104.01
simplement	einfach	words	A2	adverb		Allgemein	simplement	103.52
la parole	das Wort	words	A2	noun	f	Allgemein	parole	99.01
naturel	natürlich	words	A2	adjective		Allgemein	naturel	97.52
économique	wirtschaftlich	words	A2	adjective		Allgemein	économique	97.41
le patron	der Chef	words	A2	noun	m	Allgemein	patron	97.17
la presse	die Presse	words	A2	noun	f	Allgemein	presse	96.05
étonner	überraschen	words	A2	verb		Allgemein	étonner	94.86
l'énergie	die Energie	words	A2	noun	f	Allgemein	énergie	94.73
entier	ganz	words	A2	adjective		Allgemein	entier	93.58
le maire	der Bürgermeister	words	A2	noun	m	Allgemein	maire	93.44
la pratique	die Praxis	words	A2	noun	f	Allgemein	pratique	92.60
le juge	der Richter	words	A2	noun	m	Allgemein	juge	91.89
parisien	pariser	words	A2	adjective		Allgemein	parisien	90.19
l'impression	der Eindruck	words	A2	noun	f	Allgemein	impression	89.14
concerner	betreffen	words	A2	verb		Allgemein	concerner	88.71
le genre	das Genre	words	A2	noun	n	Allgemein	genre	88.23
particulièrement	besonders	words	A2	adverb		Allgemein	particulièrement	86.63
l'équipe	die Mannschaft	words	A2	noun	f	Allgemein	équipe	86.59
le sang	das Blut	words	A2	noun	m	Allgemein	sang	86.21
mars	der März	words	A2	noun	m	Allgemein	mars	86.17
placer	platzieren	words	A2	verb		Allgemein	placer	86.16
inquiet	unruhig	words	A2	adjective		Allgemein	inquiet	86.04
ailleurs	anderswo	words	A2	adverb		Allgemein	ailleurs	85.96
entraîner	trainieren	words	A2	verb		Allgemein	entraîner	85.87
le soldat	der Soldat	words	A2	noun	m	Allgemein	soldat	85.80
la peau	die Haut	words	A2	noun	f	Allgemein	peau	85.43
l'émission	die Sendung	words	A2	noun	f	Allgemein	émission	83.99
la marque	die Marke	words	A2	noun	f	Allgemein	marque	83.61
le signe	das Zeichen	words	A2	noun	m	Allgemein	signe	83.28
notamment	insbesondere	words	A2	adverb		Allgemein	notamment	82.88
personnel	persönlich	words	A2	adjective		Allgemein	personnel	82.46
la difficulté	die Schwierigkeit	words	A2	noun	f	Allgemein	difficulté	81.93
remplir	füllen	words	A2	verb		Allgemein	remplir	81.34
hésiter	zögern	words	A2	verb		Allgemein	hésiter	81.09
l'échange	der Austausch	words	A2	noun	m	Allgemein	échange	80.06
la relation	die Beziehung	words	A2	noun	f	Allgemein	relation	79.69
appartenir	gehören	words	A2	verb		Allgemein	appartenir	79.69
le terrain	das Gelände	words	A2	noun	m	Allgemein	terrain	79.03
l'occasion	die Gelegenheit	words	A2	noun	f	Allgemein	occasion	78.93
la chaîne	die Kette	words	A2	noun	f	Allgemein	chaîne	78.01
la robe	das Kleid	words	A2	noun	f	Allgemein	robe	77.88
abandonner	aufgeben	words	A2	verb		Allgemein	abandonner	77.82
immense	immens	words	A2	adjective		Allgemein	immense	77.72
publique	öffentlich	words	A2	adjective		Allgemein	publique	77.69
la période	die Periode	words	A2	noun	f	Allgemein	période	76.76
lui-même	selbst	words	A2	pronoun		Allgemein	lui-même	75.72
constater	feststellen	words	A2	verb		Allgemein	constater	74.92
le doigt	der Finger	words	A2	noun	m	Allgemein	doigt	73.99
le contact	der Kontakt	words	A2	noun	m	Allgemein	contact	72.32
l'union	die Union	words	A2	noun	f	Allgemein	union	72.19
l'économie	die Wirtschaft	words	A2	noun	f	Allgemein	économie	71.93
le chiffre	die Zahl	words	A2	noun	m	Allgemein	chiffre	71.16
lourd	schwer	words	A2	adjective		Allgemein	lourd	70.36
l'élément	das Element	words	A2	noun	n	Allgemein	élément	70.17
consacrer	widmen	words	A2	verb		Allgemein	consacrer	69.76
suivant	nächster	words	A2	adjective		Allgemein	suivant	69.34
quotidien	täglich	words	A2	adjective		Allgemein	quotidien	69.26
américain	amerikanisch	words	A2	adjective		Allgemein	américain	69.09
le prisonnier	der Gefangene	words	A2	noun	m	Allgemein	prisonnier	69.05
la naissance	die Geburt	words	A2	noun	f	Allgemein	naissance	68.79
engager	engagieren	words	A2	verb		Allgemein	engager	68.46
la bouche	der Mund	words	A2	noun	f	Allgemein	bouche	68.33
l'escalier	die Treppe	words	A2	noun	f	Allgemein	escalier	67.70
la retraite	die Rente	words	A2	noun	f	Allgemein	retraite	67.38
les médias	die Medien	words	A2	noun		Allgemein	médias	67.02
le transport	der Transport	words	A2	noun	m	Allgemein	transport	66.35
taire	schweigen	words	A2	verb		Allgemein	taire	65.25
l'auberge	die Herberge	words	A2	noun	f	Allgemein	auberge	64.95
se moquer	sich lustig machen	words	A2	verb		Allgemein	moquer	63.96
proche	nah	words	A2	adjective		Allgemein	proche	63.51
enlever	entfernen	words	A2	verb		Allgemein	enlever	63.42
nécessaire	notwendig	words	A2	adjective		Allgemein	nécessaire	62.09
la construction	die Konstruktion	words	A2	noun	f	Allgemein	construction	61.96
rare	selten	words	A2	adjective		Allgemein	rare	61.77
sauter	springen	words	A2	verb		Allgemein	sauter	61.62
le fer	das Eisen	words	A2	noun	m	Allgemein	fer	61.56
malheureux	unglücklich	words	A2	adjective		Allgemein	malheureux	61.17
la production	die Produktion	words	A2	noun	f	Allgemein	production	60.91
l'article	der Artikel	words	A2	noun	m	Allgemein	article	60.17
le titre	der Titel	words	A2	noun	m	Allgemein	titre	59.68
séparer	trennen	words	A2	verb		Allgemein	séparer	59.18
actuellement	derzeit	words	A2	adverb		Allgemein	actuellement	58.76
l'achat	der Kauf	words	A2	noun	m	Allgemein	achat	58.39
précis	genau	words	A2	adjective		Allgemein	précis	57.64
la justice	die Gerechtigkeit	words	A2	noun	f	Allgemein	justice	57.59
le logement	die Unterkunft	words	A2	noun	m	Allgemein	logement	57.47
la possibilité	die Möglichkeit	words	A2	noun	f	Allgemein	possibilité	57.21
brûler	brennen	words	A2	verb		Allgemein	brûler	56.90
le territoire	das Gebiet	words	A2	noun	m	Allgemein	territoire	56.87
le style	der Stil	words	A2	noun	m	Allgemein	style	56.83
la beauté	die Schönheit	words	A2	noun	f	Allgemein	beauté	56.65
divers	verschieden	words	A2	adjective		Allgemein	divers	56.44
l'artiste	der Künstler	words	A2	noun	m	Allgemein	artiste	56.17
la chaise	der Stuhl	words	A2	noun	f	Allgemein	chaise	55.78
surveiller	überwachen	words	A2	verb		Allgemein	surveiller	55.47
la sécurité	die Sicherheit	words	A2	noun	f	Allgemein	sécurité	55.11
le chapeau	der Hut	words	A2	noun	m	Allgemein	chapeau	55.07
ramener	zurückbringen	words	A2	verb		Allgemein	ramener	54.17
payer	bezahlen	words	A2	verb		Allgemein	payer	53.81
la larme	die Träne	words	A2	noun	f	Allgemein	larme	53.31
la communauté	die Gemeinschaft	words	A2	noun	f	Allgemein	communauté	53.10
la décision	die Entscheidung	words	A2	noun	f	Allgemein	décision	53.06
traditionnel	traditionell	words	A2	adjective		Allgemein	traditionnel	52.84
prouver	beweisen	words	A2	verb		Allgemein	prouver	52.21
fixer	festlegen	words	A2	verb		Allgemein	fixer	52.16
actif	aktiv	words	A2	adjective		Allgemein	actif	51.89
la galerie	die Galerie	words	A2	noun	f	Allgemein	galerie	51.84
historique	historisch	words	A2	adjective		Allgemein	historique	51.74
conseiller	beraten	words	A2	verb		Allgemein	conseiller	51.57
la liste	die Liste	words	A2	noun	f	Allgemein	liste	51.11
l'ingénieur	der Ingenieur	words	A2	noun	m	Allgemein	ingénieur	51.09
la conversation	das Gespräch	words	A2	noun	f	Allgemein	conversation	50.32
la carrière	die Karriere	words	A2	noun	f	Allgemein	carrière	50.21
le discours	die Rede	words	A2	noun	m	Allgemein	discours	49.97
décrire	beschreiben	words	A2	verb		Allgemein	décrire	49.75
le secteur	der Sektor	words	A2	noun	m	Allgemein	secteur	49.74
la profession	der Beruf	words	A2	noun	f	Allgemein	profession	49.64
ceci	dies	words	A2	pronoun		Allgemein	ceci	49.56
inspirer	inspirieren	words	A2	verb		Allgemein	inspirer	49.34
le progrès	der Fortschritt	words	A2	noun	m	Allgemein	progrès	49.20
le champ	das Feld	words	A2	noun	n	Allgemein	champ	48.91
l'enseignement	die Lehre	words	A2	noun	m	Allgemein	enseignement	48.69
l'évolution	die Entwicklung	words	A2	noun	f	Allgemein	évolution	48.26
adapter	anpassen	words	A2	verb		Allgemein	adapter	48.19
convaincre	überzeugen	words	A2	verb		Allgemein	convaincre	48.15
populaire	beliebt	words	A2	adjective		Allgemein	populaire	47.29
la publicité	die Werbung	words	A2	noun	f	Allgemein	publicité	47.27
l'adolescent	der Jugendliche	words	A2	noun	m	Allgemein	adolescent	47.16
capable	fähig	words	A2	adjective		Allgemein	capable	47.11
casser	brechen	words	A2	verb		Allgemein	casser	47.10
sauf	außer	words	A2	preposition		Allgemein	sauf	46.19
exprimer	ausdrücken	words	A2	verb		Allgemein	exprimer	46.06
le voyageur	der Reisende	words	A2	noun	m	Allgemein	voyageur	46.01
utile	nützlich	words	A2	adjective		Allgemein	utile	45.91
confirmer	bestätigen	words	A2	verb		Allgemein	confirmer	45.35
vif	lebhaft	words	A2	adjective		Allgemein	vif	45.34
un voleur	der Dieb	words	A2	noun	m	Allgemein	voleur	45.20
retenir	behalten	words	A2	verb		Allgemein	retenir	44.82
une épée	das Schwert	words	A2	noun	f	Allgemein	épée	43.97
louer	mieten	words	A2	verb		Allgemein	louer	43.62
un outil	das Werkzeug	words	A2	noun	m	Allgemein	outil	43.54
un institut	das Institut	words	A2	noun	m	Allgemein	institut	43.19
enfermer	einsperren	words	A2	verb		Allgemein	enfermer	42.91
le joueur	der Spieler	words	A2	noun	m	Allgemein	joueur	42.87
attaquer	angreifen	words	A2	verb		Allgemein	attaquer	42.84
la veste	die Jacke	words	A2	noun	f	Allgemein	veste	42.58
planter	pflanzen	words	A2	verb		Allgemein	planter	42.55
le sommeil	der Schlaf	words	A2	noun	m	Allgemein	sommeil	42.44
mystérieux	mysteriös	words	A2	adjective		Allgemein	mystérieux	42.05
la base	die Basis	words	A2	noun	f	Allgemein	base	41.65
la richesse	der Reichtum	words	A2	noun	f	Allgemein	richesse	40.85
l'avantage	der Vorteil	words	A2	noun	m	Allgemein	avantage	40.62
le spectateur	der Zuschauer	words	A2	noun	m	Allgemein	spectateur	40.60
précieux	wertvoll	words	A2	adjective		Allgemein	précieux	40.38
dépendre	abhängen	words	A2	verb		Allgemein	dépendre	40.19
le visiteur	der Besucher	words	A2	noun	m	Allgemein	visiteur	40.16
fonctionner	funktionieren	words	A2	verb		Allgemein	fonctionner	40.15
l'organisme	das Organismus	words	A2	noun	m	Allgemein	organisme	39.96
rapprocher	näher bringen	words	A2	verb		Allgemein	rapprocher	39.92
évoquer	erwähnen	words	A2	verb		Allgemein	évoquer	39.89
industriel	industriell	words	A2	adjective		Allgemein	industriel	39.66
le stage	das Praktikum	words	A2	noun	m	Allgemein	stage	39.59
féminin	weiblich	words	A2	adjective		Allgemein	féminin	39.52
universitaire	universitär	words	A2	adjective		Schule & Bildung	universitaire	38.75
autoriser	erlauben	words	A2	verb		Allgemein	autoriser	38.73
déposer	abgeben	words	A2	verb		Allgemein	déposer	38.45
classique	klassisch	words	A2	adjective		Allgemein	classique	38.07
vérifier	überprüfen	words	A2	verb		Allgemein	vérifier	38.04
le camarade	der Kamerad	words	A2	noun	m	Allgemein	camarade	37.93
coller	kleben	words	A2	verb		Allgemein	coller	37.77
la version	die Version	words	A2	noun	f	Allgemein	version	37.51
la crise	die Krise	words	A2	noun	f	Allgemein	crise	37.24
le véhicule	das Fahrzeug	words	A2	noun	n	Allgemein	véhicule	36.75
l'amateur	der Amateur	words	A2	noun	m	Allgemein	amateur	36.39
étroit	eng	words	A2	adjective		Allgemein	étroit	36.19
l'institution	die Institution	words	A2	noun	f	Allgemein	institution	35.98
appuyer	unterstützen	words	A2	verb		Allgemein	appuyer	35.73
évoluer	evolvieren	words	A2	verb		Allgemein	évoluer	35.34
double	doppelt	words	A2	adjective		Allgemein	double	35.29
sauvage	wild	words	A2	adjective		Allgemein	sauvage	35.27
musical	musikalisch	words	A2	adjective		Allgemein	musical	35.25
le congé	der Urlaub	words	A2	noun	m	Allgemein	congé	35.04
la phrase	der Satz	words	A2	noun	f	Allgemein	phrase	34.96
la radio	das Radio	words	A2	noun	f	Allgemein	radio	34.72
le combat	der Kampf	words	A2	noun	m	Allgemein	combat	34.63
le foyer	das Heim	words	A2	noun	m	Allgemein	foyer	34.56
cinquante	fünfzig	words	A2	adjective		Allgemein	cinquante	34.50
le code	der Code	words	A2	noun	m	Allgemein	code	34.41
exposer	ausstellen	words	A2	verb		Allgemein	exposer	34.38
définir	definieren	words	A2	verb		Allgemein	définir	34.17
exclamer	ausrufen	words	A2	verb		Allgemein	exclamer	34.16
l'alcool	der Alkohol	words	A2	noun	m	Allgemein	alcool	34.00
glisser	gleiten	words	A2	verb		Allgemein	glisser	33.76
le candidat	der Kandidat	words	A2	noun	m	Allgemein	candidat	33.72
léger	leicht	words	A2	adjective		Allgemein	léger	33.52
la solidarité	die Solidarität	words	A2	noun	f	Allgemein	solidarité	33.51
l'album	das Album	words	A2	noun	n	Allgemein	album	33.05
avouer	zugeben	words	A2	verb		Allgemein	avouer	32.90
le mystère	das Geheimnis	words	A2	noun	n	Allgemein	mystère	32.80
malheureusement	leider	words	A2	adverb		Allgemein	malheureusement	32.67
mesurer	messen	words	A2	verb		Allgemein	mesurer	32.66
l'architecte	der Architekt	words	A2	noun	m	Allgemein	architecte	32.56
l'alimentation	die Ernährung	words	A2	noun	f	Allgemein	alimentation	32.36
rassurer	beruhigen	words	A2	verb		Allgemein	rassurer	31.95
inscrire	einschreiben	words	A2	verb		Allgemein	inscrire	31.63
le réalisateur	der Regisseur	words	A2	noun	m	Allgemein	réalisateur	31.55
diviser	teilen	words	A2	verb		Allgemein	diviser	31.47
citer	zitieren	words	A2	verb		Allgemein	citer	31.34
conserver	bewahren	words	A2	verb		Allgemein	conserver	31.16
la blessure	die Verletzung	words	A2	noun	f	Allgemein	blessure	30.38
la discussion	die Diskussion	words	A2	noun	f	Allgemein	discussion	30.19
le chant	der Gesang	words	A2	noun	m	Allgemein	chant	30.17
ramasser	aufheben	words	A2	verb		Allgemein	ramasser	30.07
le symbole	das Symbol	words	A2	noun	m	Allgemein	symbole	30.03
mentir	lügen	words	A2	verb		Allgemein	mentir	30.03
la religion	die Religion	words	A2	noun	f	Allgemein	religion	29.52
la comédie	die Komödie	words	A2	noun	f	Allgemein	comédie	29.40
le concours	der Wettbewerb	words	A2	noun	m	Allgemein	concours	29.33
l'amitié	die Freundschaft	words	A2	noun	f	Allgemein	amitié	29.07
ignorer	ignorieren	words	A2	verb		Allgemein	ignorer	28.96
l'océan	der Ozean	words	A2	noun	m	Allgemein	océan	28.88
la nourriture	die Nahrung	words	A2	noun	f	Allgemein	nourriture	28.65
le commerçant	der Händler	words	A2	noun	m	Allgemein	commerçant	28.65
domestique	haus-	words	A2	adjective		Allgemein	domestique	28.45
fonder	gründen	words	A2	verb		Allgemein	fonder	28.45
électrique	elektrisch	words	A2	adjective		Allgemein	électrique	28.43
le loup	der Wolf	words	A2	noun	m	Allgemein	loup	28.37
privilégier	bevorzugen	words	A2	verb		Allgemein	privilégier	28.26
le conte	das Märchen	words	A2	noun	m	Allgemein	conte	28.19
la réserve	die Reserve	words	A2	noun	f	Allgemein	réserve	27.64
l'accord	die Vereinbarung	words	A2	noun	m	Allgemein	accord	27.64
la montre	die Uhr	words	A2	noun	f	Allgemein	montre	27.27
rond	rund	words	A2	adjective		Allgemein	rond	27.13
la balle	der Ball	words	A2	noun	f	Allgemein	balle	26.79
l'humour	der Humor	words	A2	noun	m	Allgemein	humour	26.66
le charme	der Charme	words	A2	noun	m	Allgemein	charme	26.34
fidèle	treu	words	A2	adjective		Allgemein	fidèle	26.24
l'inspecteur	der Inspektor	words	A2	noun	m	Allgemein	inspecteur	26.20
le nuage	die Wolke	words	A2	noun	m	Allgemein	nuage	26.03
le laboratoire	das Labor	words	A2	noun	n	Allgemein	laboratoire	25.85
la poussière	der Staub	words	A2	noun	f	Allgemein	poussière	25.79
le bac	das Abitur	words	A2	noun	m	Allgemein	bac	25.65
consommer	konsumieren	words	A2	verb		Allgemein	consommer	25.52
le royaume	das Königreich	words	A2	noun	m	Allgemein	royaume	25.46
le degré	der Grad	words	A2	noun	m	Allgemein	degré	25.26
la lune	der Mond	words	A2	noun	f	Allgemein	lune	24.82
nerveux	nervös	words	A2	adjective	m	Allgemein	nerveux	24.70
l'affiche	das Plakat	words	A2	noun	f	Allgemein	affiche	24.68
insister	bestehen	words	A2	verb		Allgemein	insister	24.59
administratif	verwaltend	words	A2	adjective		Allgemein	administratif	24.53
l'actualité	die Aktualität	words	A2	noun	f	Allgemein	actualité	24.52
inconnu	unbekannt	words	A2	adjective		Allgemein	inconnu	24.31
le diable	der Teufel	words	A2	noun	m	Allgemein	diable	24.28
violent	gewalttätig	words	A2	adjective		Allgemein	violent	24.19
cultiver	anbauen	words	A2	verb		Allgemein	cultiver	24.06
linguistique	sprachlich	words	A2	adjective		Allgemein	linguistique	23.97
libérer	befreien	words	A2	verb		Allgemein	libérer	23.83
le décor	die Dekoration	words	A2	noun	m	Allgemein	décor	23.80
tranquillement	ruhig	words	A2	adverb		Allgemein	tranquillement	23.61
le poulet	das Huhn	words	A2	noun	m	Allgemein	poulet	23.59
animer	beleben	words	A2	verb		Allgemein	animer	23.58
royal	königlich	words	A2	adjective		Allgemein	royal	23.54
la diversité	die Vielfalt	words	A2	noun	f	Allgemein	diversité	23.25
l'infirmier	der Krankenpfleger	words	A2	noun	m	Allgemein	infirmier	23.10
allonger	verlängern	words	A2	verb		Allgemein	allonger	22.88
illustrer	illustrieren	words	A2	verb		Allgemein	illustrer	22.85
la responsabilité	die Verantwortung	words	A2	noun	f	Allgemein	responsabilité	22.77
applaudir	applaudieren	words	A2	verb		Allgemein	applaudir	22.64
la proximité	die Nähe	words	A2	noun	f	Allgemein	proximité	22.22
le fan	der Fan	words	A2	noun	m	Allgemein	fan	22.18
la position	die Position	words	A2	noun	f	Allgemein	position	22.13
la saison	die Saison	words	A2	noun	f	Allgemein	saison	22.06
élégant	elegant	words	A2	adjective		Allgemein	élégant	22.01
critiquer	kritisieren	words	A2	verb		Allgemein	critiquer	21.91
la queue	die Schlange	words	A2	noun	f	Allgemein	queue	21.70
le commissariat	das Polizeirevier	words	A2	noun	n	Allgemein	commissariat	21.38
la bêtise	der Unsinn	words	A2	noun	f	Allgemein	bêtise	21.18
accomplir	machen	words	A2	verb		Allgemein	accomplir	21.11
le comédien	der Schauspieler	words	A2	noun	m	Allgemein	comédien	20.96
lointain	fern	words	A2	adjective		Allgemein	lointain	20.79
le garage	die Garage	words	A2	noun	m	Allgemein	garage	20.60
l'animation	die Animation	words	A2	noun	f	Allgemein	animation	20.53
désespérer	verzweifeln	words	A2	verb		Allgemein	désespérer	20.20
touristique	touristisch	words	A2	adjective		Allgemein	touristique	19.99
l'indice	der Hinweis	words	A2	noun	m	Allgemein	indice	19.97
le champion	der Champion	words	A2	noun	m	Allgemein	champion	19.82
la colline	der Hügel	words	A2	noun	f	Allgemein	colline	19.54
le moteur	der Motor	words	A2	noun	m	Allgemein	moteur	19.47
la soif	der Durst	words	A2	noun	f	Allgemein	soif	19.46
l'opéra	die Oper	words	A2	noun	m	Allgemein	opéra	19.43
solaire	solar	words	A2	adjective		Allgemein	solaire	19.41
l'ouest	der Westen	words	A2	noun	m	Allgemein	ouest	19.37
compléter	vollenden	words	A2	verb		Allgemein	compléter	19.26
le danseur	der Tänzer	words	A2	noun	m	Allgemein	danseur	19.13
jaloux	eifersüchtig	words	A2	adjective		Allgemein	jaloux	19.12
célébrer	feiern	words	A2	verb		Allgemein	célébrer	19.01
le sable	der Sand	words	A2	noun	m	Allgemein	sable	18.79
le photographe	der Fotograf	words	A2	noun	m	Allgemein	photographe	18.55
attraper	fangen	words	A2	verb		Allgemein	attraper	18.53
rattraper	einholen	words	A2	verb		Allgemein	rattraper	18.37
l'architecture	die Architektur	words	A2	noun	f	Allgemein	architecture	18.31
le plastique	der Kunststoff	words	A2	noun	m	Allgemein	plastique	18.29
la bibliothèque	die Bibliothek	words	A2	noun	f	Allgemein	bibliothèque	18.27
indien	indisch	words	A2	adjective		Allgemein	indien	18.25
la résidence	die Residenz	words	A2	noun	f	Allgemein	résidence	18.13
dater	datieren	words	A2	verb		Allgemein	dater	18.10
le lapin	der Hase	words	A2	noun	m	Allgemein	lapin	18.09
la faveur	der Gefallen	words	A2	noun	f	Allgemein	faveur	18.02
le dialogue	der Dialog	words	A2	noun	m	Allgemein	dialogue	18.01
spectaculaire	spektakulär	words	A2	adjective		Allgemein	spectaculaire	18.00
peindre	malen	words	A2	verb		Allgemein	peindre	17.94
l'installation	die Installation	words	A2	noun	f	Allgemein	installation	17.80
contemporain	zeitgenössisch	words	A2	adjective		Allgemein	contemporain	17.78
la sculpture	die Skulptur	words	A2	noun	f	Allgemein	sculpture	17.58
l'invention	die Erfindung	words	A2	noun	f	Allgemein	invention	17.42
la cave	der Keller	words	A2	noun	f	Allgemein	cave	17.39
le masque	die Maske	words	A2	noun	m	Allgemein	masque	17.33
le football	der Fußball	words	A2	noun	m	Allgemein	football	17.29
la coupe	der Schnitt	words	A2	noun	f	Allgemein	coupe	17.17
la monnaie	das Geld	words	A2	noun	f	Allgemein	monnaie	16.96
la plume	die Feder	words	A2	noun	f	Allgemein	plume	16.89
l'ambiance	die Stimmung	words	A2	noun	f	Allgemein	ambiance	16.80
fatigué	müde	words	A2	adjective		Allgemein	fatigué	16.77
intense	intensiv	words	A2	adjective		Allgemein	intense	16.63
téléviser	fernsehen	words	A2	verb		Allgemein	téléviser	16.46
mélanger	mischen	words	A2	verb		Allgemein	mélanger	16.45
la libération	die Befreiung	words	A2	noun	f	Allgemein	libération	16.24
russe	russisch	words	A2	adjective		Allgemein	russe	16.21
la baguette	das Baguette	words	A2	noun	f	Allgemein	baguette	16.20
le poète	der Dichter	words	A2	adjective	m	Allgemein	poète	16.15
le gardien	der Wächter	words	A2	noun	m	Allgemein	gardien	16.13
le bouquet	der Blumenstrauß	words	A2	noun	m	Allgemein	bouquet	16.13
perdu	verloren	words	A2	adjective		Allgemein	perdu	15.94
la médecine	die Medizin	words	A2	noun	f	Allgemein	médecine	15.94
la fac	die Uni	words	A2	noun	f	Allgemein	fac	15.91
le montant	der Betrag	words	A2	noun	m	Allgemein	montant	15.77
confortable	bequem	words	A2	adjective		Allgemein	confortable	15.73
élire	wählen	words	A2	verb		Allgemein	élire	15.59
le vendeur	der Verkäufer	words	A2	noun	m	Allgemein	vendeur	15.53
le ballon	der Ball	words	A2	noun	m	Allgemein	ballon	15.41
la coutume	die Gewohnheit	words	A2	noun	f	Allgemein	coutume	15.34
sensible	sensibel	words	A2	adjective		Allgemein	sensible	15.31
japonais	japanisch	words	A2	adjective		Allgemein	japonais	15.26
la leçon	die Lektion	words	A2	noun	f	Allgemein	leçon	15.17
exotique	exotisch	words	A2	adjective		Allgemein	exotique	15.16
le neveu	der Neffe	words	A2	noun	m	Allgemein	neveu	15.06
maternel	mütterlich	words	A2	adjective		Allgemein	maternel	15.04
romain	römisch	words	A2	adjective		Allgemein	romain	15.02
la poésie	die Poesie	words	A2	noun	f	Allgemein	poésie	14.83
contacter	kontaktieren	words	A2	verb		Allgemein	contacter	14.58
l'écharpe	der Schal	words	A2	noun	f	Allgemein	écharpe	14.25
vain	eitel	words	A2	adjective		Allgemein	vain	14.02
la douche	die Dusche	words	A2	noun	f	Allgemein	douche	13.99
plaisanter	spaßen	words	A2	verb		Allgemein	plaisanter	13.99
nettoyer	reinigen	words	A2	verb		Allgemein	nettoyer	13.99
commenter	kommentieren	words	A2	verb		Allgemein	commenter	13.90
la crème	die Creme	words	A2	noun	f	Allgemein	crème	13.67
la randonnée	die Wanderung	words	A2	noun	f	Allgemein	randonnée	13.65
la merveille	das Wunder	words	A2	noun	f	Allgemein	merveille	13.62
sévère	streng	words	A2	adjective		Allgemein	sévère	13.57
la francophonie	die Frankophonie	words	A2	noun	f	Allgemein	francophonie	13.39
héler	rufen	words	A2	verb		Allgemein	héler	13.37
le métal	das Metall	words	A2	noun	m	Allgemein	métal	13.33
exagérer	übertreiben	words	A2	verb		Allgemein	exagérer	13.22
la mathématique	die Mathematik	words	A2	noun	f	Allgemein	mathématique	13.16
brave	tapfer	words	A2	adjective		Allgemein	brave	13.01
le conducteur	der Fahrer	words	A2	noun	m	Allgemein	conducteur	12.92
le blé	der Weizen	words	A2	noun	m	Allgemein	blé	12.80
l'hygiène	die Hygiene	words	A2	noun	f	Allgemein	hygiène	12.48
le motif	das Motiv	words	A2	noun	m	Allgemein	motif	12.44
restaurer	restaurieren	words	A2	verb		Allgemein	restaurer	12.35
remporter	gewinnen	words	A2	verb		Allgemein	remporter	12.30
mixte	gemischt	words	A2	adjective		Allgemein	mixte	12.26
l'équipement	die Ausrüstung	words	A2	noun	m	Allgemein	équipement	12.18
le soulier	der Schuh	words	A2	noun	m	Allgemein	soulier	12.04
l'épisode	die Episode	words	A2	noun	m	Allgemein	épisode	12.03
sincère	aufrichtig	words	A2	adjective		Allgemein	sincère	11.98
hein	hä?	words	A2	interjection		Allgemein	hein	11.69
le bulletin	der Bericht	words	A2	noun	m	Allgemein	bulletin	11.68
l'héritage	das Erbe	words	A2	noun	m	Allgemein	héritage	11.66
l'addition	die Rechnung	words	A2	noun	f	Allgemein	addition	11.62
hé	hey	words	A2	interjection		Allgemein	hé	11.57
polonais	polnisch	words	A2	adjective		Allgemein	polonais	11.51
la botte	der Stiefel	words	A2	noun	f	Allgemein	botte	11.40
l'aliment	das Lebensmittel	words	A2	noun	m	Allgemein	aliment	11.34
la salutation	der Gruß	words	A2	noun	f	Allgemein	salutation	11.29
l'autoroute	die Autobahn	words	A2	noun	f	Allgemein	autoroute	11.28
effondrer	einstürzen	words	A2	verb		Allgemein	effondrer	11.23
la réception	der Empfang	words	A2	noun	f	Allgemein	réception	11.18
le commentaire	der Kommentar	words	A2	noun	m	Allgemein	commentaire	11.03
souriant	lächelnd	words	A2	adjective		Allgemein	souriant	11.01
renseigner	informieren	words	A2	verb		Allgemein	renseigner	11.00
la cérémonie	die Zeremonie	words	A2	noun	f	Allgemein	cérémonie	10.92
cuire	kochen	words	A2	verb		Allgemein	cuire	10.90
corriger	korrigieren	words	A2	verb		Allgemein	corriger	10.89
passionnant	spannend	words	A2	adjective		Allgemein	passionnant	10.72
la renaissance	die Renaissance	words	A2	noun	f	Allgemein	renaissance	10.70
le panorama	das Panorama	words	A2	noun	m	Allgemein	panorama	10.68
la pêche	der Fisch	words	A2	noun	f	Allgemein	pêche	10.66
chéri	geliebt	words	A2	noun		Allgemein	chéri	10.63
la fermeture	die Schließung	words	A2	noun	f	Allgemein	fermeture	10.52
l'horaire	der Fahrplan	words	A2	noun	m	Allgemein	horaire	10.45
colorer	färben	words	A2	verb		Allgemein	colorer	10.32
pis	schlechter	words	A2	adverb		Allgemein	pis	10.27
affoler	verwirren	words	A2	verb		Allgemein	affoler	10.24
le sud-ouest	der Südwesten	words	A2	noun	m	Allgemein	sud-ouest	9.99
traditionnellement	traditionell	words	A2	adverb		Allgemein	traditionnellement	9.91
culinaire	kulinarisch	words	A2	adjective		Allgemein	culinaire	9.91
le chômeur	der Arbeitslose	words	A2	noun	m	Allgemein	chômeur	9.86
bavarder	plaudern	words	A2	verb		Allgemein	bavarder	9.76
la colonie	die Kolonie	words	A2	noun	f	Allgemein	colonie	9.68
l'esclave	der Sklave	words	A2	noun	m	Allgemein	esclave	9.63
symboliser	symbolisieren	words	A2	verb		Allgemein	symboliser	9.60
déguiser	verkleiden	words	A2	verb		Allgemein	déguiser	9.51
le camion	der Lastwagen	words	A2	noun	m	Allgemein	camion	9.50
grand-chose	das große Ding	words	A2	noun	n	Allgemein	grand-chose	9.45
le bistrot	das Bistro	words	A2	noun	n	Allgemein	bistrot	9.40
le voeu	der Wunsch	words	A2	noun	m	Allgemein	voeu	9.38
inoubliable	unvergesslich	words	A2	adjective		Allgemein	inoubliable	9.37
le cahier	das Heft	words	A2	noun	m	Allgemein	cahier	9.34
le mouton	das Schaf	words	A2	noun	m	Allgemein	mouton	9.31
le panneau	das Schild	words	A2	noun	n	Allgemein	panneau	9.18
recouvrir	bedecken	words	A2	verb		Allgemein	recouvrir	9.16
le gamin	der Junge	words	A2	noun	m	Allgemein	gamin	9.14
la rive	das Ufer	words	A2	noun	f	Allgemein	rive	9.11
le basket	der Basketball	words	A2	noun	m	Allgemein	basket	9.03
l'éclairage	die Beleuchtung	words	A2	noun	m	Allgemein	éclairage	9.00
spécialement	speziell	words	A2	adverb		Allgemein	spécialement	8.93
abriter	unterbringen	words	A2	verb		Allgemein	abriter	8.74
décevoir	enttäuschen	words	A2	verb		Allgemein	décevoir	8.46
la canne	der Stock	words	A2	noun	f	Allgemein	canne	8.34
le sud-est	der Südosten	words	A2	noun	m	Allgemein	sud-est	8.29
la guitare	die Gitarre	words	A2	noun	f	Allgemein	guitare	8.16
recomposer	neu zusammensetzen	words	A2	verb		Allgemein	recomposer	8.13
l'artifice	das Kunststück	words	A2	noun	m	Allgemein	artifice	8.11
rédiger	verfassen	words	A2	verb		Allgemein	rédiger	8.08
vexer	ärgern	words	A2	verb		Allgemein	vexer	8.03
cultivé	gebildet	words	A2	adjective		Allgemein	cultivé	7.99
marocain	marokkanisch	words	A2	adjective		Allgemein	marocain	7.93
l'illustration	die Illustration	words	A2	noun	f	Allgemein	illustration	7.61
innocent	unschuldig	words	A2	adjective		Allgemein	innocent	7.52
le centre-ville	die Innenstadt	words	A2	noun	m	Allgemein	centre-ville	7.49
le pré	die Wiese	words	A2	noun	m	Allgemein	pré	7.48
la crèche	die Krippe	words	A2	noun	f	Allgemein	crèche	7.40
dévorer	verschlingen	words	A2	verb		Allgemein	dévorer	7.38
illuminer	beleuchten	words	A2	verb		Allgemein	illuminer	7.37
le carnet	das Notizbuch	words	A2	noun	m	Allgemein	carnet	7.37
le yaourt	der Joghurt	words	A2	noun	m	Allgemein	yaourt	7.34
canadien	kanadisch	words	A2	adjective		Allgemein	canadien	7.26
la perle	die Perle	words	A2	noun	f	Allgemein	perle	7.26
polluant	umweltverschmutzend	words	A2	adjective		Allgemein	polluant	7.24
l'assistant	der Assistent	words	A2	noun	m	Allgemein	assistant	7.19
le feuilleton	die Serie	words	A2	noun	m	Allgemein	feuilleton	7.13
le resto	das Restaurant	words	A2	noun	m	Allgemein	resto	6.96
le foie	die Leber	words	A2	noun	m	Allgemein	foie	6.91
le cuisinier	der Koch	words	A2	noun	m	Allgemein	cuisinier	6.87
la boulangerie	die Bäckerei	words	A2	noun	f	Allgemein	boulangerie	6.86
le porc	das Schwein	words	A2	noun	m	Allgemein	porc	6.85
médiéval	mittelalterlich	words	A2	adjective		Allgemein	médiéval	6.80
le dessinateur	der Zeichner	words	A2	noun	m	Allgemein	dessinateur	6.71
enchanter	verzaubern	words	A2	verb		Allgemein	enchanter	6.68
la tarte	die Torte	words	A2	noun	f	Allgemein	tarte	6.65
le dentiste	der Zahnarzt	words	A2	noun	m	Allgemein	dentiste	6.59
insupportable	unerträglich	words	A2	adjective		Allgemein	insupportable	6.49
chic	schick	words	A2	adjective		Allgemein	chic	6.44
la fontaine	der Brunnen	words	A2	noun	f	Allgemein	fontaine	6.42
luire	leuchten	words	A2	verb		Allgemein	luire	6.41
grillé	gegrillt	words	A2	adjective		Allgemein	grillé	6.22
ennuyeux	langweilig	words	A2	adjective		Allgemein	ennuyeux	5.97
chaleureux	herzlich	words	A2	adjective		Allgemein	chaleureux	5.97
coiffer	frisieren	words	A2	verb		Allgemein	coiffer	5.97
le jouet	das Spielzeug	words	A2	noun	n	Allgemein	jouet	5.94
le bisou	der Kuss	words	A2	noun	m	Allgemein	bisou	5.89
l'angle	der Winkel	words	A2	noun	m	Allgemein	angle	5.86
québécois	quebeker	words	A2	adjective		Allgemein	québécois	5.84
la fidélité	die Treue	words	A2	noun	f	Allgemein	fidélité	5.61
un créole	der Kreole	words	A2	noun	m	Allgemein	créole	5.49
la gendarmerie	die Gendarmerie	words	A2	noun	f	Allgemein	gendarmerie	5.43
la charcuterie	die Wurstwaren	words	A2	noun	f	Allgemein	charcuterie	5.38
la chèvre	die Ziege	words	A2	noun	f	Allgemein	chèvre	5.37
admirable	bewundernswert	words	A2	adjective		Allgemein	admirable	5.35
sage	weise	words	A2	adjective		Allgemein	sage	5.33
la poupée	die Puppe	words	A2	noun	f	Allgemein	poupée	5.32
le micro	das Mikro	words	A2	noun	n	Allgemein	micro	5.21
le parapluie	der Regenschirm	words	A2	noun	m	Allgemein	parapluie	5.18
piéton	fußgänger	words	A2	adjective		Allgemein	piéton	5.09
fatigant	anstrengend	words	A2	adjective		Allgemein	fatigant	5.07
brésilien	brasilianisch	words	A2	adjective		Allgemein	brésilien	5.06
déménager	umziehen	words	A2	verb		Allgemein	déménager	5.03
le vestige	der Überrest	words	A2	noun	m	Allgemein	vestige	4.96
la console	die Konsole	words	A2	noun	f	Allgemein	console	4.96
mignon	niedlich	words	A2	adjective		Allgemein	mignon	4.93
la dinde	die Truthenne	words	A2	noun	f	Allgemein	dinde	4.84
nocturne	nächtlich	words	A2	adjective		Allgemein	nocturne	4.77
le beau-frère	der Schwager	words	A2	noun	m	Allgemein	beau-frère	4.72
la grenouille	der Frosch	words	A2	noun	f	Allgemein	grenouille	4.61
la traversée	die Überfahrt	words	A2	noun	f	Allgemein	traversée	4.59
la sympathie	die Sympathie	words	A2	noun	f	Allgemein	sympathie	4.58
terrifiant	erschreckend	words	A2	adjective		Allgemein	terrifiant	4.51
le ciné	das Kino	words	A2	noun	m	Allgemein	ciné	4.42
la tapisserie	der Wandteppich	words	A2	noun	f	Allgemein	tapisserie	4.38
le secrétariat	das Sekretariat	words	A2	noun	n	Allgemein	secrétariat	4.35
comique	komisch	words	A2	adjective		Allgemein	comique	4.26
le rosier	der Rosenstrauch	words	A2	noun	m	Allgemein	rosier	4.20
australien	australisch	words	A2	adjective		Allgemein	australien	4.16
la petite-fille	die Enkelin	words	A2	noun	f	Allgemein	petite-fille	4.15
déguster	kosten	words	A2	verb		Allgemein	déguster	4.12
le gramme	das Gramm	words	A2	noun	n	Allgemein	gramme	4.06
le saucisson	die Wurst	words	A2	noun	m	Essen & Trinken	saucisson	3.93
la maquette	das Modell	words	A2	noun	f	Allgemein	maquette	3.85
l'itinéraire	die Route	words	A2	noun	m	Reisen & Urlaub	itinéraire	3.85
bancaire	bank-	words	A2	adjective		Einkaufen & Geld	bancaire	3.84
le pourboire	das Trinkgeld	words	A2	noun	m	Essen & Trinken	pourboire	3.83
la métropole	die Metropole	words	A2	noun	f	Stadt & Verkehr	métropole	3.79
la cire	das Wachs	words	A2	noun	f	Allgemein	cire	3.78
l'escargot	die Schnecke	words	A2	noun	m	Tiere & Natur	escargot	3.77
le jazz	der Jazz	words	A2	noun	m	Allgemein	jazz	3.71
la natation	die Schwimmerei	words	A2	noun	f	Sport	natation	3.70
stupide	stupid	words	A2	adjective		Gefühle & Charakter	stupide	3.70
l'écurie	der Stall	words	A2	noun	f	Tiere & Natur	écurie	3.60
hum	hm	words	A2	interjection		Allgemein	hum	3.59
le présentateur	der Moderator	words	A2	noun	m	Allgemein	présentateur	3.55
ouf	uff	words	A2	interjection		Allgemein	ouf	3.53
le saumon	der Lachs	words	A2	noun	m	Essen & Trinken	saumon	3.51
l'ajoute	der Zusatz	words	A2	noun	m	Allgemein	ajoute	3.50
la banane	die Banane	words	A2	noun	f	Essen & Trinken	banane	3.48
épicer	würzen	words	A2	verb		Essen & Trinken	épicer	3.41
les beaux-arts	die schönen Künste	words	A2	noun		Allgemein	beaux-arts	3.39
l'hélicoptère	der Hubschrauber	words	A2	noun	m	Allgemein	hélicoptère	3.37
la céréale	die Getreide	words	A2	noun	f	Essen & Trinken	céréale	3.30
raide	steif	words	A2	adjective		Allgemein	raide	3.29
le collectionneur	der Sammler	words	A2	noun	m	Freizeit & Hobbys	collectionneur	3.17
marron	braun	words	A2	adjective		Farben & Formen	marron	3.07
le bowling	das Bowling	words	A2	noun	m	Freizeit & Hobbys	bowling	3.06
la comptabilité	die Buchhaltung	words	A2	noun	f	Arbeit & Beruf	comptabilité	3.00
la belle-mère	die Schwiegermutter	words	A2	noun	f	Familie & Freunde	belle-mère	2.97
le caissier	der Kassierer	words	A2	noun	m	Arbeit & Beruf	caissier	2.93
la pharmacie	die Apotheke	words	A2	noun	f	Körper & Gesundheit	pharmacie	2.77
l'olive	die Olive	words	A2	noun	f	Essen & Trinken	olive	2.74
marre	genug	words	A2	adverb		Allgemein	marre	2.71
margot	die Margot	words	A2	noun	f	Allgemein	margot	2.59
l'abricot	die Aprikose	words	A2	noun	m	Essen & Trinken	abricot	2.56
muser	träumen	words	A2	verb		Freizeit & Hobbys	muser	2.56
le casque	der Helm	words	A2	noun	m	Allgemein	casque	2.47
l'hors-d'oeuvre	der Snack	words	A2	noun	m	Essen & Trinken	hors-d'oeuvre	2.47
bof	naja	words	A2	interjection		Allgemein	bof	2.46
la photocopie	die Fotokopie	words	A2	noun	f	Allgemein	photocopie	2.46
fumé	geräuchert	words	A2	adjective		Essen & Trinken	fumé	2.44
férié	feiertags	words	A2	adjective		Allgemein	férié	2.41
le répondeur	der Anrufbeantworter	words	A2	noun	m	Medien & Technik	répondeur	2.40
décontracter	entspannen	words	A2	verb		Allgemein	décontracter	2.37
l'hypermarché	der Hypermarché	words	A2	noun	m	Einkaufen & Geld	hypermarché	2.30
monumental	monumental	words	A2	adjective		Allgemein	monumental	2.29
les spaghetti	die Spaghetti	words	A2	noun		Essen & Trinken	spaghetti	2.27
l'oubli	das Vergessen	words	A2	noun	n	Allgemein	oublie	2.19
mural	wand-	words	A2	adjective		Wohnen & Haus	mural	2.18
la pétanque	die Pétanque	words	A2	noun	f	Freizeit & Hobbys	pétanque	2.14
le sirop	der Sirup	words	A2	noun	m	Essen & Trinken	sirop	2.13
le rhum	der Rum	words	A2	noun	m	Essen & Trinken	rhum	2.02
le ré	das Re	words	A2	noun	m	Allgemein	ré	1.92
chut	psst	words	A2	interjection		Kommunikation	chut	1.83
marrant	lustig	words	A2	adjective		Allgemein	marrant	1.76
la pâtisserie	die Konditorei	words	A2	noun	f	Essen & Trinken	pâtisserie	1.74
le mistral	der Mistral	words	A2	noun	m	Wetter & Jahreszeiten	mistral	1.71
le mi	der Mi	words	A2	noun	m	Allgemein	mi	1.69
le cidre	der Cidre	words	A2	noun	m	Essen & Trinken	cidre	1.63
musulman	muslimisch	words	A2	adjective		Allgemein	musulman	1.59
l'écu	der Schild	words	A2	noun	m	Allgemein	écu	1.53
ensoleiller	bescheinen	words	A2	verb		Wetter & Jahreszeiten	ensoleiller	1.50
outre-mer	übersee	words	A2	adverb		Reisen & Urlaub	outre-mer	1.49
quatre	vier	words	A2	noun		Zahlen & Mengen	quatre	1.47
minéral	mineralisch	words	A2	adjective		Allgemein	minéral	1.46
éplucher	schälen	words	A2	verb		Essen & Trinken	éplucher	1.42
l'oignon	die Zwiebel	words	A2	noun	m	Essen & Trinken	oignon	1.42
l'archéologue	der Archäologe	words	A2	noun	m	Allgemein	archéologue	1.38
numéroter	nummerieren	words	A2	verb		Allgemein	numéroter	1.33
laitier	milchig	words	A2	adjective		Essen & Trinken	laitier	1.31
collectionner	sammeln	words	A2	verb		Freizeit & Hobbys	collectionner	1.28
la menthe	die Minze	words	A2	noun	f	Essen & Trinken	menthe	1.26
le couscous	der Couscous	words	A2	noun	m	Essen & Trinken	couscous	1.21
le restau	das Restaurant	words	A2	noun	n	Essen & Trinken	restau	1.14
l'épice	das Gewürz	words	A2	noun	f	Essen & Trinken	épice	1.12
châtain	kastanienbraun	words	A2	adjective		Farben & Formen	châtain	1.00
le jumeau	der Zwilling	words	A2	noun	m	Familie & Freunde	jumeau	1.00
la sardine	die Sardine	words	A2	noun	f	Essen & Trinken	sardine	0.95
l'apprenti	der Lehrling	words	A2	noun	m	Arbeit & Beruf	apprenti	0.91
tchao	tschüss	words	A2	interjection		Begrüßung & Höflichkeit	tchao	0.90
skier	skifahren	words	A2	verb		Sport	skier	0.89
l'ambassade	die Botschaft	words	A2	noun	f	Allgemein	ambassade	0.76
le pamplemousse	die Grapefruit	words	A2	noun	m	Essen & Trinken	pamplemousse	0.64
le rabat	der Umschlag	words	A2	noun	m	Allgemein	rabat	0.63
épeler	buchstabieren	words	A2	verb		Schule & Bildung	épeler	0.62
le concombre	die Gurke	words	A2	noun	m	Essen & Trinken	concombre	0.62
le zoo	der Zoo	words	A2	noun	m	Tiere & Natur	zoo	0.60
la charité	die Wohltätigkeit	words	A2	noun	f	Allgemein	charité	0.49
pat	weich	words	A2	adjective		Allgemein	pat	0.20
dont	dessen	words	B1	pronoun		Allgemein	dont	382.97
le rapport	der Bericht	words	B1	noun	m	Allgemein	rapport	143.14
le regard	der Blick	words	B1	noun	m	Allgemein	regard	141.51
pauvre	arm	words	B1	adjective		Allgemein	pauvre	139.21
le chef	der Chef	words	B1	noun	m	Allgemein	chef	131.30
le travers	der Durchgang	words	B1	noun	m	Allgemein	travers	129.72
la sorte	die Art	words	B1	noun	f	Allgemein	sorte	129.48
lors	während	words	B1	adverb		Allgemein	lors	126.31
le public	das Publikum	words	B1	noun	m	Allgemein	public	125.66
obtenir	erhalten	words	B1	verb		Allgemein	obtenir	123.09
l'état	der Zustand	words	B1	noun	m	Allgemein	état	122.95
d'ailleurs	übrigens	words	B1	adverb		Allgemein	d'ailleurs	122.00
l'expérience	die Erfahrung	words	B1	noun	f	Allgemein	expérience	120.42
le commissaire	der Kommissar	words	B1	noun	m	Allgemein	commissaire	117.87
l'esprit	der Geist	words	B1	noun	m	Allgemein	esprit	117.83
remettre	zurückgeben	words	B1	verb		Allgemein	remettre	116.84
le système	das System	words	B1	noun	n	Allgemein	système	116.50
l'avenir	die Zukunft	words	B1	noun	m	Allgemein	avenir	110.30
paraître	erscheinen	words	B1	verb		Allgemein	paraître	109.95
la plupart	die meisten	words	B1	noun	f	Allgemein	plupart	108.36
professionnel	beruflich	words	B1	adjective		Allgemein	professionnel	107.61
élever	erziehen	words	B1	verb		Allgemein	élever	106.48
la ligne	die Linie	words	B1	noun	f	Allgemein	ligne	106.02
l'action	die Handlung	words	B1	noun	f	Allgemein	action	105.70
le compte	das Konto	words	B1	noun	m	Allgemein	compte	105.24
le cadre	der Rahmen	words	B1	noun	m	Allgemein	cadre	104.20
assurer	sichern	words	B1	verb		Allgemein	assurer	103.48
le résultat	das Ergebnis	words	B1	noun	m	Allgemein	résultat	102.56
le mouvement	die Bewegung	words	B1	noun	m	Allgemein	mouvement	102.17
actuel	aktuell	words	B1	adjective		Allgemein	actuel	99.26
physique	physisch	words	B1	adjective		Allgemein	physique	96.04
l'intérêt	das Interesse	words	B1	noun	n	Allgemein	intérêt	95.41
lier	verbinden	words	B1	verb		Allgemein	lier	93.38
le crime	das Verbrechen	words	B1	noun	m	Allgemein	crime	92.04
valoir	wert sein	words	B1	verb		Allgemein	valoir	91.38
échapper	entkommen	words	B1	verb		Allgemein	échapper	91.01
la maladie	die Krankheit	words	B1	noun	f	Allgemein	maladie	91.00
l'assassin	der Mörder	words	B1	noun	m	Allgemein	assassin	90.75
la victime	das Opfer	words	B1	noun	f	Allgemein	victime	89.66
la poche	die Tasche	words	B1	noun	f	Allgemein	poche	89.27
le contraire	das Gegenteil	words	B1	noun	m	Allgemein	contraire	88.30
empêcher	verhindern	words	B1	verb		Allgemein	empêcher	87.74
le phénomène	das Phänomen	words	B1	noun	n	Allgemein	phénomène	87.04
la mesure	das Maß	words	B1	noun	f	Allgemein	mesure	86.66
attirer	anziehen	words	B1	verb		Allgemein	attirer	86.47
afin	um	words	B1	conjunction		Allgemein	afin	86.26
importer	importieren	words	B1	verb		Allgemein	importer	84.31
la formation	die Ausbildung	words	B1	noun	f	Allgemein	formation	82.42
l'individu	das Individuum	words	B1	noun	m	Allgemein	individu	81.96
malgré	trotz	words	B1	preposition		Allgemein	malgré	81.71
augmenter	erhöhen	words	B1	verb		Allgemein	augmenter	80.79
l'événement	das Ereignis	words	B1	noun	m	Allgemein	événement	79.83
estimer	schätzen	words	B1	verb		Allgemein	estimer	79.71
éviter	vermeiden	words	B1	verb		Allgemein	éviter	79.49
l'édition	die Ausgabe	words	B1	noun	f	Allgemein	édition	79.31
adresser	adressieren	words	B1	verb		Allgemein	adresser	79.30
le risque	das Risiko	words	B1	noun	m	Allgemein	risque	78.09
le danger	die Gefahr	words	B1	noun	m	Allgemein	danger	77.53
familial	familiär	words	B1	adjective		Allgemein	familial	77.28
le couteau	das Messer	words	B1	noun	m	Allgemein	couteau	77.26
puisque	da	words	B1	conjunction		Allgemein	puisque	76.66
tendre	dehnen	words	B1	verb		Allgemein	tendre	76.63
tenter	versuchen	words	B1	verb		Allgemein	tenter	75.79
charger	laden	words	B1	verb		Allgemein	charger	75.48
rejoindre	beitreten	words	B1	verb		Allgemein	rejoindre	75.40
l'employé	der Angestellte	words	B1	noun	m	Allgemein	employé	74.27
la tendance	der Trend	words	B1	noun	f	Allgemein	tendance	73.55
affirmer	behaupten	words	B1	verb		Allgemein	affirmer	72.97
le comportement	das Verhalten	words	B1	noun	m	Allgemein	comportement	72.91
la consommation	der Verbrauch	words	B1	noun	f	Allgemein	consommation	72.66
imposer	auferlegen	words	B1	verb		Allgemein	imposer	72.21
le policier	der Polizist	words	B1	noun	m	Allgemein	policier	72.14
réduire	reduzieren	words	B1	verb		Allgemein	réduire	71.13
le franc	der Franc	words	B1	noun	m	Allgemein	franc	71.01
le courant	der Strom	words	B1	noun	m	Allgemein	courant	70.89
la majorité	die Mehrheit	words	B1	noun	f	Allgemein	majorité	70.44
étrange	seltsam	words	B1	adjective		Allgemein	étrange	70.20
la planète	der Planet	words	B1	noun	f	Allgemein	planète	69.93
la création	die Schaffung	words	B1	noun	f	Allgemein	création	69.50
la preuve	der Beweis	words	B1	noun	f	Allgemein	preuve	69.44
la révolution	die Revolution	words	B1	noun	f	Allgemein	révolution	69.42
est-à-dire	das heißt	words	B1	adverb		Allgemein	est-à-dire	69.11
la machine	die Maschine	words	B1	noun	f	Allgemein	machine	68.79
atteindre	erreichen	words	B1	verb		Allgemein	atteindre	67.65
le ministre	der Minister	words	B1	noun	m	Allgemein	ministre	67.55
hors	außer	words	B1	preposition		Allgemein	hors	67.24
entourer	umgeben	words	B1	verb		Allgemein	entourer	66.94
le but	das Ziel	words	B1	noun	m	Allgemein	but	66.63
littéraire	literarisch	words	B1	adjective		Allgemein	littéraire	66.56
le hasard	der Zufall	words	B1	noun	m	Allgemein	hasard	66.30
oser	wagen	words	B1	verb		Allgemein	oser	65.93
l'expression	der Ausdruck	words	B1	noun	f	Allgemein	expression	64.71
relever	erheben	words	B1	verb		Allgemein	relever	64.56
l'usage	der Gebrauch	words	B1	noun	m	Allgemein	usage	63.71
poursuivre	verfolgen	words	B1	verb		Allgemein	poursuivre	63.71
le contrat	der Vertrag	words	B1	noun	m	Allgemein	contrat	62.73
serrer	drücken	words	B1	verb		Allgemein	serrer	62.49
emporter	mitnehmen	words	B1	verb		Allgemein	emporter	62.48
la geste	die Geste	words	B1	noun	f	Allgemein	geste	62.35
opposer	entgegensetzen	words	B1	verb		Allgemein	opposer	62.23
la mise	die Mise	words	B1	noun	f	Allgemein	mise	62.22
la pensée	der Gedanke	words	B1	noun	f	Allgemein	pensée	61.81
condamner	verurteilen	words	B1	verb		Allgemein	condamner	61.77
la trace	die Spur	words	B1	noun	f	Allgemein	trace	61.27
profond	tief	words	B1	adjective		Allgemein	profond	61.26
juger	urteilen	words	B1	verb		Allgemein	juger	61.16
la centaine	die Hundert	words	B1	noun	f	Allgemein	centaine	61.07
l'écriture	das Schreiben	words	B1	noun	f	Allgemein	écriture	60.82
souffrir	leiden	words	B1	verb		Allgemein	souffrir	60.63
le peuple	das Volk	words	B1	noun	m	Allgemein	peuple	60.32
privé	privat	words	B1	adjective		Allgemein	privé	60.17
ouvert	offen	words	B1	adjective		Allgemein	ouvert	60.15
sombre	dunkel	words	B1	adjective		Allgemein	sombre	59.86
soi	sich	words	B1	pronoun		Allgemein	soi	58.97
employer	anwenden	words	B1	verb		Allgemein	employer	58.70
faible	schwach	words	B1	adjective		Allgemein	faible	58.43
cesser	aufhören	words	B1	verb		Allgemein	cesser	58.20
éclairer	erklären	words	B1	verb		Allgemein	éclairer	57.87
le rythme	der Rhythmus	words	B1	noun	m	Allgemein	rythme	57.75
la violence	die Gewalt	words	B1	noun	f	Allgemein	violence	57.61
l'espèce	die Art	words	B1	noun	f	Allgemein	espèce	57.52
quant	was	words	B1	preposition		Allgemein	quant	57.50
la voie	der Weg	words	B1	noun	f	Allgemein	voie	57.40
l'éducation	die Bildung	words	B1	noun	f	Allgemein	éducation	57.30
révéler	offenbaren	words	B1	verb		Allgemein	révéler	57.06
signifier	bedeuten	words	B1	verb		Allgemein	signifier	57.05
le membre	das Mitglied	words	B1	noun	m	Allgemein	membre	56.96
menacer	bedrohen	words	B1	verb		Allgemein	menacer	56.90
la lutte	der Kampf	words	B1	noun	f	Allgemein	lutte	56.80
le sol	der Boden	words	B1	noun	m	Allgemein	sol	56.66
l'appel	der Aufruf	words	B1	noun	m	Allgemein	appel	56.60
déplacer	verschieben	words	B1	verb		Allgemein	déplacer	56.44
provoquer	verursachen	words	B1	verb		Allgemein	provoquer	56.29
la durée	die Dauer	words	B1	noun	f	Allgemein	durée	56.22
limiter	begrenzen	words	B1	verb		Allgemein	limiter	55.97
la bête	das Tier	words	B1	noun	f	Allgemein	bête	55.84
complètement	vollständig	words	B1	adverb		Allgemein	complètement	55.37
récent	neu	words	B1	adjective		Allgemein	récent	55.00
s'enfuir	fliehen	words	B1	verb		Allgemein	enfuir	54.99
unique	einzigartig	words	B1	adjective		Allgemein	unique	54.61
le consommateur	der Verbraucher	words	B1	noun	m	Allgemein	consommateur	54.25
blesser	verletzen	words	B1	verb		Allgemein	blesser	54.09
prononcer	aussprechen	words	B1	verb		Allgemein	prononcer	54.04
le modèle	das Modell	words	B1	noun	m	Allgemein	modèle	53.81
dépasser	überholen	words	B1	verb		Allgemein	dépasser	53.34
l'épaule	die Schulter	words	B1	noun	f	Allgemein	épaule	53.19
l'effort	der Aufwand	words	B1	noun	m	Allgemein	effort	53.15
le spécialiste	der Spezialist	words	B1	noun	m	Allgemein	spécialiste	52.65
bouger	bewegen	words	B1	verb		Allgemein	bouger	52.25
le trou	das Loch	words	B1	noun	n	Allgemein	trou	52.00
baisser	senken	words	B1	verb		Allgemein	baisser	51.60
debout	stehend	words	B1	adverb		Allgemein	debout	51.57
l'existence	die Existenz	words	B1	noun	f	Allgemein	existence	51.56
le fil	der Faden	words	B1	noun	m	Allgemein	fil	51.35
apprécier	schätzen	words	B1	verb		Allgemein	apprécier	50.84
le lecteur	der Leser	words	B1	noun	m	Allgemein	lecteur	50.43
l'opinion	die Meinung	words	B1	noun	f	Allgemein	opinion	49.88
adopter	adoptieren	words	B1	verb		Allgemein	adopter	49.74
le sein	die Brust	words	B1	noun	m	Allgemein	sein	49.70
pencher	neigen	words	B1	verb		Allgemein	pencher	49.36
traiter	behandeln	words	B1	verb		Allgemein	traiter	49.26
priver	berauben	words	B1	verb		Allgemein	priver	49.12
la propriété	das Eigentum	words	B1	noun	f	Allgemein	propriété	48.65
contenir	enthalten	words	B1	verb		Allgemein	contenir	48.61
exercer	ausüben	words	B1	verb		Allgemein	exercer	48.60
l'utilisation	die Nutzung	words	B1	noun	f	Allgemein	utilisation	48.38
l'acteur	der Schauspieler	words	B1	noun	m	Allgemein	acteur	48.31
le principe	das Prinzip	words	B1	noun	m	Allgemein	principe	48.28
minuit	Mitternacht	words	B1	noun		Allgemein	minuit	48.18
la présence	die Anwesenheit	words	B1	noun	f	Allgemein	présence	48.12
établir	einrichten	words	B1	verb		Allgemein	établir	48.10
voire	sogar	words	B1	adverb		Allgemein	voire	47.85
le désir	der Wunsch	words	B1	noun	m	Allgemein	désir	47.85
l'acte	der Akt	words	B1	noun	m	Allgemein	acte	47.59
la charge	die Last	words	B1	noun	f	Allgemein	charge	47.37
la mémoire	das Gedächtnis	words	B1	noun	f	Allgemein	mémoire	47.21
la dizaine	die Zehn	words	B1	noun	f	Allgemein	dizaine	47.15
la foule	die Menge	words	B1	noun	f	Allgemein	foule	47.11
la faute	der Fehler	words	B1	noun	f	Allgemein	faute	47.09
rapporter	bringen	words	B1	verb		Allgemein	rapporter	46.69
le caractère	der Charakter	words	B1	noun	m	Allgemein	caractère	46.57
le propos	der Vorschlag	words	B1	noun	m	Allgemein	propos	46.26
transmettre	übertragen	words	B1	verb		Allgemein	transmettre	45.99
séduire	verführen	words	B1	verb		Allgemein	séduire	45.77
un millier	der Tausend	words	B1	noun	m	Allgemein	millier	45.74
une absence	die Abwesenheit	words	B1	noun	f	Allgemein	absence	45.69
un agent	der Agent	words	B1	noun	m	Allgemein	agent	45.63
électronique	elektronisch	words	B1	adjective		Allgemein	électronique	45.43
une conséquence	die Konsequenz	words	B1	noun	f	Allgemein	conséquence	45.19
parvenir	erreichen	words	B1	verb		Allgemein	parvenir	44.82
un salaire	das Gehalt	words	B1	noun	m	Allgemein	salaire	44.74
une conscience	das Bewusstsein	words	B1	noun	f	Allgemein	conscience	44.71
modifier	ändern	words	B1	verb		Allgemein	modifier	44.67
une revanche	die Rache	words	B1	noun	f	Allgemein	revanche	44.56
une importance	die Bedeutung	words	B1	noun	f	Allgemein	importance	44.47
un changement	die Veränderung	words	B1	noun	m	Allgemein	changement	44.39
diminuer	verringern	words	B1	verb		Allgemein	diminuer	44.36
accorder	gewähren	words	B1	verb		Allgemein	accorder	44.31
amener	bringen	words	B1	verb		Allgemein	amener	44.08
tandis	während	words	B1	conjunction		Allgemein	tandis	44.00
technique	technisch	words	B1	adjective		Allgemein	technique	43.73
supposer	annehmen	words	B1	verb		Allgemein	supposer	43.69
une annonce	die Ankündigung	words	B1	noun	f	Allgemein	annonce	43.62
destiner	bestimmen	words	B1	verb		Allgemein	destiner	43.61
précipiter	beschleunigen	words	B1	verb		Allgemein	précipiter	43.60
artistique	künstlerisch	words	B1	adjective		Allgemein	artistique	43.17
financier	finanziell	words	B1	adjective		Allgemein	financier	43.16
autrefois	einst	words	B1	adverb		Allgemein	autrefois	43.15
davantage	mehr	words	B1	adverb		Allgemein	davantage	43.09
la princesse	die Prinzessin	words	B1	noun	f	Allgemein	princesse	43.01
l'âme	die Seele	words	B1	noun	f	Allgemein	âme	42.84
le citoyen	der Bürger	words	B1	noun	m	Allgemein	citoyen	42.44
le malheur	das Unglück	words	B1	noun	n	Allgemein	malheur	42.40
la méthode	die Methode	words	B1	noun	f	Allgemein	méthode	42.40
l'avance	der Fortschritt	words	B1	noun	f	Allgemein	avance	42.36
le cerveau	das Gehirn	words	B1	noun	n	Allgemein	cerveau	41.82
correspondre	entsprechen	words	B1	verb		Allgemein	correspondre	41.70
le cent	der Cent	words	B1	noun	m	Allgemein	cent	41.57
intégrer	integrieren	words	B1	verb		Allgemein	intégrer	41.57
l'avocat	der Anwalt	words	B1	noun	m	Allgemein	avocat	41.48
l'objectif	das Ziel	words	B1	noun	m	Allgemein	objectif	41.31
le tabac	der Tabak	words	B1	noun	m	Allgemein	tabac	41.30
la source	die Quelle	words	B1	noun	f	Allgemein	source	41.02
la manifestation	die Veranstaltung	words	B1	noun	f	Allgemein	manifestation	40.98
la puissance	die Kraft	words	B1	noun	f	Allgemein	puissance	40.97
l'attente	die Erwartung	words	B1	noun	f	Allgemein	attente	40.90
parfaitement	perfekt	words	B1	adverb		Allgemein	parfaitement	40.89
effectuer	durchführen	words	B1	verb		Allgemein	effectuer	40.72
signer	unterschreiben	words	B1	verb		Allgemein	signer	40.54
régulièrement	regelmäßig	words	B1	adverb		Allgemein	régulièrement	40.51
l'aspect	der Aspekt	words	B1	noun	m	Allgemein	aspect	40.30
la disparition	das Verschwinden	words	B1	noun	f	Allgemein	disparition	40.13
réel	real	words	B1	adjective		Allgemein	réel	40.01
contribuer	beitragen	words	B1	verb		Allgemein	contribuer	40.00
absolument	absolut	words	B1	adverb		Allgemein	absolument	39.98
le festival	das Festival	words	B1	noun	m	Allgemein	festival	39.89
l'augmentation	die Erhöhung	words	B1	noun	f	Allgemein	augmentation	39.68
le thème	das Thema	words	B1	noun	m	Allgemein	thème	39.68
acquérir	erwerben	words	B1	verb		Allgemein	acquérir	39.19
l'espoir	die Hoffnung	words	B1	noun	m	Allgemein	espoir	39.11
livrer	liefern	words	B1	verb		Arbeit & Beruf	livrer	39.02
l'atmosphère	die Atmosphäre	words	B1	noun	f	Allgemein	atmosphère	38.95
le cou	der Hals	words	B1	noun	m	Körper & Gesundheit	cou	38.82
le gendarme	der Polizist	words	B1	noun	m	Stadt & Verkehr	gendarme	38.81
la réflexion	die Reflexion	words	B1	noun	f	Allgemein	réflexion	38.44
le manteau	der Mantel	words	B1	noun	m	Allgemein	manteau	38.34
éloigner	entfernen	words	B1	verb		Allgemein	éloigner	38.27
la lèvre	die Lippe	words	B1	noun	f	Allgemein	lèvre	38.24
le récit	der Bericht	words	B1	noun	m	Allgemein	récit	38.05
améliorer	verbessern	words	B1	verb		Allgemein	améliorer	38.01
collectif	kollektiv	words	B1	adjective		Allgemein	collectif	37.94
la personnalité	die Persönlichkeit	words	B1	noun	f	Allgemein	personnalité	37.90
l'assemblée	die Versammlung	words	B1	noun	f	Allgemein	assemblée	37.77
le compagnon	der Gefährte	words	B1	noun	m	Allgemein	compagnon	37.68
le tiers	der Dritte	words	B1	noun	m	Allgemein	tiers	37.65
distinguer	unterscheiden	words	B1	verb		Allgemein	distinguer	37.48
dehors	draußen	words	B1	noun		Allgemein	dehors	37.34
inutile	nutzlos	words	B1	adjective		Allgemein	inutile	37.27
risquer	riskieren	words	B1	verb		Allgemein	risquer	37.18
totalement	vollständig	words	B1	adverb		Allgemein	totalement	37.12
la vitesse	die Geschwindigkeit	words	B1	noun	f	Allgemein	vitesse	37.02
traduire	übersetzen	words	B1	verb		Allgemein	traduire	36.96
la revue	die Zeitschrift	words	B1	noun	f	Allgemein	revue	36.78
obéir	gehorchen	words	B1	verb		Allgemein	obéir	36.73
le salarié	der Angestellte	words	B1	noun	m	Allgemein	salarié	36.69
le témoin	der Zeuge	words	B1	noun	m	Allgemein	témoin	36.58
civil	zivil	words	B1	adjective		Allgemein	civil	36.57
plaindre	beklagen	words	B1	verb		Allgemein	plaindre	36.52
dérouler	abrollen	words	B1	verb		Allgemein	dérouler	36.27
le paysan	der Bauer	words	B1	noun	m	Allgemein	paysan	36.24
pareil	gleich	words	B1	adjective		Allgemein	pareil	36.23
religieux	religiös	words	B1	adjective		Allgemein	religieux	36.14
la veille	die Wachsamkeit	words	B1	noun	f	Allgemein	veille	36.11
contrôler	kontrollieren	words	B1	verb		Allgemein	contrôler	36.06
le front	die Front	words	B1	noun	m	Allgemein	front	35.92
le lac	der See	words	B1	noun	m	Allgemein	lac	35.91
maigre	dünn	words	B1	adjective		Allgemein	maigre	35.90
prévenir	warnen	words	B1	verb		Allgemein	prévenir	35.79
consister	bestehen	words	B1	verb		Allgemein	consister	35.75
la vente	der Verkauf	words	B1	noun	f	Allgemein	vente	35.69
le dossier	die Akte	words	B1	noun	m	Allgemein	dossier	35.59
grandir	wachsen	words	B1	verb		Allgemein	grandir	35.54
le manque	der Mangel	words	B1	noun	m	Allgemein	manque	35.44
l'entretien	das Gespräch	words	B1	noun	m	Allgemein	entretien	35.10
total	gesamt	words	B1	adjective		Allgemein	total	35.02
la chemise	das Hemd	words	B1	noun	f	Allgemein	chemise	35.01
le coût	die Kosten	words	B1	noun	m	Allgemein	coût	35.00
silencieux	still	words	B1	adjective		Allgemein	silencieux	34.96
impliquer	einbeziehen	words	B1	verb		Allgemein	impliquer	34.91
le mien	meiner	words	B1	pronoun		Allgemein	mien	34.90
couler	fließen	words	B1	verb		Allgemein	couler	34.88
multiplier	multiplizieren	words	B1	verb		Allgemein	multiplier	34.49
associer	assoziieren	words	B1	verb		Allgemein	associer	34.31
le gaz	das Gas	words	B1	noun	n	Allgemein	gaz	34.19
la cigarette	die Zigarette	words	B1	noun	f	Allgemein	cigarette	34.16
la critique	die Kritik	words	B1	noun	f	Allgemein	critique	33.66
le témoignage	das Zeugnis	words	B1	noun	n	Allgemein	témoignage	33.55
soulever	heben	words	B1	verb		Allgemein	soulever	33.34
le soin	die Pflege	words	B1	noun	m	Allgemein	soin	33.27
accuser	beschuldigen	words	B1	verb		Allgemein	accuser	33.07
préciser	präzisieren	words	B1	verb		Allgemein	préciser	33.06
magique	magisch	words	B1	adjective		Allgemein	magique	32.97
le respect	der Respekt	words	B1	noun	m	Allgemein	respect	32.88
l'armée	die Armee	words	B1	noun	f	Allgemein	armée	32.86
le siège	der Sitz	words	B1	noun	m	Allgemein	siège	32.82
généralement	generell	words	B1	adverb		Allgemein	généralement	32.71
municipal	kommunal	words	B1	adjective		Allgemein	municipal	32.64
le milliard	die Milliarde	words	B1	noun	m	Allgemein	milliard	32.63
l'offre	das Angebot	words	B1	noun	f	Allgemein	offre	32.61
guérir	heilen	words	B1	verb		Allgemein	guérir	32.54
puissant	mächtig	words	B1	adjective		Allgemein	puissant	32.54
la surface	die Oberfläche	words	B1	noun	f	Allgemein	surface	32.49
la star	der Star	words	B1	noun	f	Allgemein	star	32.45
l'accès	der Zugang	words	B1	noun	m	Allgemein	accès	32.40
voter	wählen	words	B1	verb		Allgemein	voter	32.24
le tissu	der Stoff	words	B1	noun	m	Allgemein	tissu	32.23
solide	fest	words	B1	adjective		Allgemein	solide	32.16
le don	das Geschenk	words	B1	noun	m	Allgemein	don	32.16
la grève	der Streik	words	B1	noun	f	Allgemein	grève	32.10
répandre	verbreiten	words	B1	verb		Allgemein	répandre	32.07
le sexe	das Geschlecht	words	B1	noun	m	Allgemein	sexe	32.05
jurer	schwören	words	B1	verb		Allgemein	jurer	32.03
régional	regional	words	B1	adjective		Allgemein	régional	32.00
fréquenter	besuchen	words	B1	verb		Allgemein	fréquenter	31.93
le tort	das Unrecht	words	B1	noun	m	Allgemein	tort	31.92
certes	gewiss	words	B1	adverb		Allgemein	certes	31.86
l'arrière	der Rücken	words	B1	noun	m	Allgemein	arrière	31.85
saisir	ergreifen	words	B1	verb		Allgemein	saisir	31.76
renvoyer	entlassen	words	B1	verb		Allgemein	renvoyer	31.69
l'administration	die Verwaltung	words	B1	noun	f	Allgemein	administration	31.64
soigner	pflegen	words	B1	verb		Allgemein	soigner	31.60
rassembler	versammeln	words	B1	verb		Allgemein	rassembler	31.56
largement	weitgehend	words	B1	adverb		Allgemein	largement	31.55
l'urgence	der Notfall	words	B1	noun	f	Allgemein	urgence	31.52
le bouton	der Knopf	words	B1	noun	m	Allgemein	bouton	31.46
le diplôme	das Diplom	words	B1	noun	m	Allgemein	diplôme	31.36
disputer	streiten	words	B1	verb		Allgemein	disputer	31.33
urbain	städtisch	words	B1	adjective		Allgemein	urbain	31.13
détruire	zerstören	words	B1	verb		Allgemein	détruire	30.99
la curiosité	die Neugier	words	B1	noun	f	Allgemein	curiosité	30.96
l'intelligence	die Intelligenz	words	B1	noun	f	Allgemein	intelligence	30.77
naturellement	natürlich	words	B1	adverb		Allgemein	naturellement	30.59
circuler	zirkulieren	words	B1	verb		Allgemein	circuler	30.57
moi-même	ich selbst	words	B1	pronoun		Allgemein	moi-même	30.52
résister	widerstehen	words	B1	verb		Allgemein	résister	30.49
égal	gleich	words	B1	adjective		Allgemein	égal	30.42
témoigner	zeugen	words	B1	verb		Allgemein	témoigner	30.36
la volonté	der Wille	words	B1	noun	f	Allgemein	volonté	30.30
le robot	der Roboter	words	B1	noun	m	Allgemein	robot	30.26
hurler	heulen	words	B1	verb		Allgemein	hurler	30.21
comporter	beinhalten	words	B1	verb		Allgemein	comporter	30.17
le déplacement	die Verschiebung	words	B1	noun	m	Allgemein	déplacement	30.03
la remarque	die Bemerkung	words	B1	noun	f	Allgemein	remarque	30.01
le vivant	das Lebewesen	words	B1	noun	m	Allgemein	vivant	29.96
le partenaire	der Partner	words	B1	noun	m	Allgemein	partenaire	29.95
le sien	sein/ihr	words	B1	pronoun		Allgemein	sien	29.93
la catastrophe	die Katastrophe	words	B1	noun	f	Allgemein	catastrophe	29.76
l'attitude	die Einstellung	words	B1	noun	f	Allgemein	attitude	29.74
envahir	überfallen	words	B1	verb		Allgemein	envahir	29.67
la bataille	die Schlacht	words	B1	noun	f	Allgemein	bataille	29.57
l'arrêt	der Halt	words	B1	noun	m	Allgemein	arrêt	29.54
le fantôme	der Geist	words	B1	noun	m	Allgemein	fantôme	29.47
furieux	wütend	words	B1	adjective		Allgemein	furieux	29.43
pâle	blass	words	B1	adjective		Allgemein	pâle	29.36
nommer	nennen	words	B1	verb		Allgemein	nommer	29.33
renoncer	verzichten	words	B1	verb		Allgemein	renoncer	29.32
probablement	wahrscheinlich	words	B1	adverb		Allgemein	probablement	29.26
exiger	fordern	words	B1	verb		Allgemein	exiger	29.25
autrement	anders	words	B1	adverb		Allgemein	autrement	29.24
majeur	wichtig	words	B1	adjective		Allgemein	majeur	29.23
extraire	entnehmen	words	B1	verb		Allgemein	extraire	29.18
peser	wiegen	words	B1	verb		Allgemein	peser	29.17
supporter	unterstützen	words	B1	verb		Allgemein	supporter	29.17
le critère	das Kriterium	words	B1	noun	m	Allgemein	critère	29.04
le revenu	das Einkommen	words	B1	noun	m	Allgemein	revenu	28.90
reculer	zurückgehen	words	B1	verb		Allgemein	reculer	28.79
la limite	die Grenze	words	B1	noun	f	Allgemein	limite	28.62
la chasse	die Jagd	words	B1	noun	f	Allgemein	chasse	28.62
l'industrie	die Industrie	words	B1	noun	f	Allgemein	industrie	28.59
coupable	schuldig	words	B1	adjective		Allgemein	coupable	28.58
la mission	die Mission	words	B1	noun	f	Allgemein	mission	28.54
encourager	ermutigen	words	B1	verb		Allgemein	encourager	28.47
le courrier	die Post	words	B1	noun	m	Allgemein	courrier	28.33
bouleverser	umwälzen	words	B1	verb		Allgemein	bouleverser	28.20
l'épreuve	die Prüfung	words	B1	noun	f	Allgemein	épreuve	28.13
causer	reden	words	B1	verb		Allgemein	causer	28.03
transporter	transportieren	words	B1	verb		Allgemein	transporter	27.96
la formule	die Formel	words	B1	noun	f	Allgemein	formule	27.95
le ministère	das Ministerium	words	B1	noun	m	Allgemein	ministère	27.92
nourrir	ernähren	words	B1	verb		Allgemein	nourrir	27.90
intervenir	eingreifen	words	B1	verb		Allgemein	intervenir	27.86
l'éditeur	der Herausgeber	words	B1	noun	m	Allgemein	éditeur	27.76
confier	anvertrauen	words	B1	verb		Allgemein	confier	27.75
le docteur	der Arzt	words	B1	noun	m	Allgemein	docteur	27.73
méchant	gemein	words	B1	adjective		Allgemein	méchant	27.40
demeurer	wohnen	words	B1	verb		Allgemein	demeurer	27.32
le langage	die Sprache	words	B1	noun	m	Allgemein	langage	27.30
indispensable	unentbehrlich	words	B1	adjective		Allgemein	indispensable	27.29
l'initiative	die Initiative	words	B1	noun	f	Allgemein	initiative	27.27
l'assiette	der Teller	words	B1	noun	f	Allgemein	assiette	27.20
le boulot	der Job	words	B1	noun	m	Allgemein	boulot	27.17
deviner	erraten	words	B1	verb		Allgemein	deviner	27.13
récupérer	wiederbekommen	words	B1	verb		Allgemein	récupérer	27.09
durant	während	words	B1	preposition		Allgemein	durant	26.98
la tristesse	die Traurigkeit	words	B1	noun	f	Allgemein	tristesse	26.92
le meuble	das Möbel	words	B1	noun	m	Allgemein	meuble	26.87
mêler	mischen	words	B1	verb		Allgemein	mêler	26.85
les secours	die Hilfe	words	B1	noun		Allgemein	secours	26.80
dépenser	ausgeben	words	B1	verb		Allgemein	dépenser	26.78
profondément	tief	words	B1	adverb		Allgemein	profondément	26.72
supprimer	löschen	words	B1	verb		Allgemein	supprimer	26.70
le minimum	das Minimum	words	B1	noun	n	Allgemein	minimum	26.70
le costume	der Anzug	words	B1	noun	m	Allgemein	costume	26.66
la résistance	der Widerstand	words	B1	noun	f	Allgemein	résistance	26.62
admettre	zugeben	words	B1	verb		Allgemein	admettre	26.61
respirer	atmen	words	B1	verb		Allgemein	respirer	26.57
la réalisation	die Umsetzung	words	B1	noun	f	Allgemein	réalisation	26.55
la réussite	der Erfolg	words	B1	noun	f	Allgemein	réussite	26.54
la couverture	die Decke	words	B1	noun	f	Allgemein	couverture	26.41
enregistrer	aufzeichnen	words	B1	verb		Allgemein	enregistrer	26.38
le rideau	der Vorhang	words	B1	noun	m	Allgemein	rideau	26.37
réclamer	fordern	words	B1	verb		Allgemein	réclamer	26.34
universel	universell	words	B1	adjective		Allgemein	universel	26.34
dresser	aufstellen	words	B1	verb		Allgemein	dresser	26.29
la victoire	der Sieg	words	B1	noun	f	Allgemein	victoire	26.24
aborder	ansprechen	words	B1	verb		Allgemein	aborder	26.18
écraser	zerdrücken	words	B1	verb		Allgemein	écraser	26.06
réagir	reagieren	words	B1	verb		Allgemein	réagir	26.06
médical	medizinisch	words	B1	adjective		Allgemein	médical	26.03
la poitrine	die Brust	words	B1	noun	f	Allgemein	poitrine	25.99
contrairement	im Gegensatz	words	B1	adverb		Allgemein	contrairement	25.94
figurer	figuriert	words	B1	verb		Allgemein	figurer	25.94
brillant	brillant	words	B1	adjective		Allgemein	brillant	25.93
examiner	untersuchen	words	B1	verb		Allgemein	examiner	25.89
l'apprentissage	das Lernen	words	B1	noun	m	Allgemein	apprentissage	25.89
le pot	der Topf	words	B1	noun	m	Allgemein	pot	25.86
efficace	effektiv	words	B1	adjective		Allgemein	efficace	25.80
communiquer	kommunizieren	words	B1	verb		Allgemein	communiquer	25.77
entièrement	vollständig	words	B1	adverb		Allgemein	entièrement	25.73
la hauteur	die Höhe	words	B1	noun	f	Allgemein	hauteur	25.72
disponible	verfügbar	words	B1	adjective		Allgemein	disponible	25.60
la série	die Serie	words	B1	noun	f	Allgemein	série	25.55
la structure	die Struktur	words	B1	noun	f	Allgemein	structure	25.49
l'imagination	die Vorstellung	words	B1	noun	f	Allgemein	imagination	25.39
accrocher	hängen	words	B1	verb		Allgemein	accrocher	25.24
interrompre	unterbrechen	words	B1	verb		Allgemein	interrompre	25.17
elle-même	sie selbst	words	B1	pronoun		Allgemein	elle-même	25.16
la figure	die Figur	words	B1	noun	f	Allgemein	figure	25.13
la misère	die Not	words	B1	noun	f	Allgemein	misère	25.10
psychologique	psychologisch	words	B1	adjective		Allgemein	psychologique	25.07
le parcours	der Weg	words	B1	noun	m	Allgemein	parcours	25.04
la fiction	die Fiktion	words	B1	noun	f	Allgemein	fiction	25.02
émouvoir	berühren	words	B1	verb		Allgemein	émouvoir	24.97
le rayon	der Strahl	words	B1	noun	m	Allgemein	rayon	24.94
le marchand	der Händler	words	B1	noun	m	Allgemein	marchand	24.93
prétendre	behaupten	words	B1	verb		Allgemein	prétendre	24.71
l'influence	der Einfluss	words	B1	noun	f	Allgemein	influence	24.67
la vision	die Vision	words	B1	noun	f	Allgemein	vision	24.62
la tâche	die Aufgabe	words	B1	noun	f	Allgemein	tâche	24.55
alimentaire	lebensmittel-	words	B1	adjective		Allgemein	alimentaire	24.50
le conflit	der Konflikt	words	B1	noun	m	Allgemein	conflit	24.42
le guide	der Führer	words	B1	noun	m	Allgemein	guide	24.37
provenir	stammen	words	B1	verb		Allgemein	provenir	24.27
refermer	wieder schließen	words	B1	verb		Allgemein	refermer	24.25
toutefois	dennoch	words	B1	adverb		Allgemein	toutefois	24.24
gai	fröhlich	words	B1	adjective		Allgemein	gai	24.23
distribuer	verteilen	words	B1	verb		Allgemein	distribuer	24.19
la frontière	die Grenze	words	B1	noun	f	Allgemein	frontière	24.02
satisfaire	befriedigen	words	B1	verb		Allgemein	satisfaire	24.01
central	zentral	words	B1	adjective		Allgemein	central	24.00
croiser	kreuzen	words	B1	verb		Allgemein	croiser	24.00
rose	rosa	words	B1	adjective		Allgemein	rose	23.98
parcourir	durchqueren	words	B1	verb		Allgemein	parcourir	23.95
recommander	empfehlen	words	B1	verb		Allgemein	recommander	23.91
identifier	identifizieren	words	B1	verb		Allgemein	identifier	23.82
réellement	tatsächlich	words	B1	adverb		Allgemein	réellement	23.79
l'extérieur	das Äußere	words	B1	noun	n	Allgemein	extérieur	23.68
la fièvre	das Fieber	words	B1	noun	f	Allgemein	fièvre	23.66
la ressource	die Ressource	words	B1	noun	f	Allgemein	ressource	23.51
consulter	beraten	words	B1	verb		Allgemein	consulter	23.34
la disposition	die Verfügung	words	B1	noun	f	Allgemein	disposition	23.32
le destin	das Schicksal	words	B1	noun	m	Allgemein	destin	23.31
gêner	stören	words	B1	verb		Allgemein	gêner	23.20
la baisse	der Rückgang	words	B1	noun	f	Allgemein	baisse	23.14
équiper	ausstatten	words	B1	verb		Allgemein	équiper	23.11
bénéficier	profitieren	words	B1	verb		Allgemein	bénéficier	23.11
le créateur	der Schöpfer	words	B1	noun	m	Allgemein	créateur	23.10
la présentation	die Präsentation	words	B1	noun	f	Allgemein	présentation	23.06
la philosophie	die Philosophie	words	B1	noun	f	Allgemein	philosophie	23.06
la commune	die Gemeinde	words	B1	noun	f	Allgemein	commune	23.05
modeste	bescheiden	words	B1	adjective		Allgemein	modeste	23.03
l'intention	die Absicht	words	B1	noun	f	Allgemein	intention	23.00
positif	positiv	words	B1	adjective		Allgemein	positif	23.00
la pollution	die Verschmutzung	words	B1	noun	f	Allgemein	pollution	22.97
le producteur	der Produzent	words	B1	noun	m	Allgemein	producteur	22.94
le géant	der Riese	words	B1	noun	m	Allgemein	géant	22.93
maintenir	beibehalten	words	B1	verb		Allgemein	maintenir	22.86
l'établissement	das Unternehmen	words	B1	noun	n	Allgemein	établissement	22.80
le tribunal	das Gericht	words	B1	noun	m	Allgemein	tribunal	22.73
refaire	wieder machen	words	B1	verb		Allgemein	refaire	22.73
le cabinet	das Kabinett	words	B1	noun	m	Allgemein	cabinet	22.70
briser	brechen	words	B1	verb		Allgemein	briser	22.67
la catégorie	die Kategorie	words	B1	noun	f	Allgemein	catégorie	22.59
enseigner	unterrichten	words	B1	verb		Allgemein	enseigner	22.52
la convention	die Vereinbarung	words	B1	noun	f	Allgemein	convention	22.45
conclure	abschließen	words	B1	verb		Allgemein	conclure	22.40
la trentaine	die Dreißig	words	B1	noun	f	Allgemein	trentaine	22.40
la gorge	der Hals	words	B1	noun	f	Allgemein	gorge	22.33
maîtriser	beherrschen	words	B1	verb		Allgemein	maîtriser	22.32
troubler	stören	words	B1	verb		Allgemein	troubler	22.26
le trésor	der Schatz	words	B1	noun	m	Allgemein	trésor	22.20
immobile	unbeweglich	words	B1	adjective		Allgemein	immobile	22.18
la bague	der Ring	words	B1	noun	f	Allgemein	bague	22.11
l'habitation	die Wohnung	words	B1	noun	f	Allgemein	habitation	22.09
lent	langsam	words	B1	adjective		Allgemein	lent	22.05
le talent	das Talent	words	B1	noun	n	Allgemein	talent	22.00
emprunter	ausleihen	words	B1	verb		Allgemein	emprunter	21.99
l'impôt	die Steuer	words	B1	noun	m	Allgemein	impôt	21.92
réparer	reparieren	words	B1	verb		Allgemein	réparer	21.85
sacré	heilig	words	B1	adjective		Allgemein	sacré	21.83
l'autorité	die Autorität	words	B1	noun	f	Allgemein	autorité	21.83
la haine	der Hass	words	B1	noun	f	Allgemein	haine	21.78
légèrement	leicht	words	B1	adverb		Allgemein	légèrement	21.78
creuser	graben	words	B1	verb		Allgemein	creuser	21.69
brusquement	plötzlich	words	B1	adverb		Allgemein	brusquement	21.64
étonnant	erstaunlich	words	B1	adjective		Allgemein	étonnant	21.63
user	benutzen	words	B1	verb		Allgemein	user	21.62
honnête	ehrlich	words	B1	adjective		Allgemein	honnête	21.57
l'évidence	die Evidenz	words	B1	noun	f	Allgemein	évidence	21.56
contenter	zufriedenstellen	words	B1	verb		Allgemein	contenter	21.48
la chaleur	die Wärme	words	B1	noun	f	Allgemein	chaleur	21.48
précédent	vorhergehend	words	B1	adjective		Allgemein	précédent	21.44
calmer	beruhigen	words	B1	verb		Allgemein	calmer	21.42
combattre	kämpfen	words	B1	verb		Allgemein	combattre	21.24
chasser	jagen	words	B1	verb		Allgemein	chasser	21.18
dessus	darüber	words	B1	adverb		Allgemein	dessus	21.12
enrichir	bereichern	words	B1	verb		Allgemein	enrichir	21.09
la transformation	die Transformation	words	B1	noun	f	Allgemein	transformation	21.03
la distance	die Distanz	words	B1	noun	f	Allgemein	distance	20.87
le trottoir	der Bürgersteig	words	B1	noun	m	Allgemein	trottoir	20.77
isoler	isolieren	words	B1	verb		Allgemein	isoler	20.75
la matinée	der Vormittag	words	B1	noun	f	Allgemein	matinée	20.63
initier	einführen	words	B1	verb		Allgemein	initier	20.58
rejeter	ablehnen	words	B1	verb		Allgemein	rejeter	20.58
fuir	fliehen	words	B1	verb		Allgemein	fuir	20.57
comparer	vergleichen	words	B1	verb		Allgemein	comparer	20.53
fier	stolz	words	B1	adjective		Allgemein	fier	20.45
fortement	stark	words	B1	adverb		Allgemein	fortement	20.41
la circulation	der Verkehr	words	B1	noun	f	Allgemein	circulation	20.40
affronter	konfrontieren	words	B1	verb		Allgemein	affronter	20.39
le plafond	die Decke	words	B1	noun	m	Allgemein	plafond	20.37
la prise	der Griff	words	B1	noun	f	Allgemein	prise	20.37
l'enthousiasme	die Begeisterung	words	B1	noun	m	Allgemein	enthousiasme	20.32
la notion	der Begriff	words	B1	noun	f	Allgemein	notion	20.28
trembler	zittern	words	B1	verb		Allgemein	trembler	20.24
l'ennui	die Langeweile	words	B1	noun	m	Allgemein	ennui	20.23
la fée	die Fee	words	B1	noun	f	Allgemein	fée	20.20
la publication	die Veröffentlichung	words	B1	noun	f	Allgemein	publication	20.09
le seigneur	der Herr	words	B1	noun	m	Allgemein	seigneur	20.09
dominer	dominieren	words	B1	verb		Allgemein	dominer	20.07
le poing	die Faust	words	B1	noun	m	Allgemein	poing	20.04
déchirer	reißen	words	B1	verb		Allgemein	déchirer	19.94
l'habit	das Kleid	words	B1	noun	n	Allgemein	habit	19.92
le chasseur	der Jäger	words	B1	noun	m	Allgemein	chasseur	19.91
la joue	die Wange	words	B1	noun	f	Allgemein	joue	19.87
la référence	der Verweis	words	B1	noun	f	Allgemein	référence	19.84
végétal	pflanzlich	words	B1	adjective		Allgemein	végétal	19.75
la fortune	das Vermögen	words	B1	noun	f	Allgemein	fortune	19.72
exceptionnel	außergewöhnlich	words	B1	adjective		Allgemein	exceptionnel	19.69
annuel	jährlich	words	B1	adjective		Allgemein	annuel	19.69
là-haut	da oben	words	B1	adverb		Allgemein	là-haut	19.67
l'apparence	das Aussehen	words	B1	noun	f	Allgemein	apparence	19.65
redescendre	herunterkommen	words	B1	verb		Allgemein	redescendre	19.62
la toile	die Leinwand	words	B1	noun	f	Allgemein	toile	19.42
fréquent	häufig	words	B1	adjective		Allgemein	fréquent	19.40
le contenu	der Inhalt	words	B1	noun	m	Allgemein	contenu	19.40
la civilisation	die Zivilisation	words	B1	noun	f	Allgemein	civilisation	19.39
le dommage	der Schaden	words	B1	noun	m	Allgemein	dommage	19.36
rarement	selten	words	B1	adverb		Allgemein	rarement	19.35
ferme	fest	words	B1	adverb		Allgemein	ferme	19.32
l'ennemi	der Feind	words	B1	noun	m	Allgemein	ennemi	19.30
guider	führen	words	B1	verb		Allgemein	guider	19.29
considérable	erheblich	words	B1	adjective		Allgemein	considérable	19.27
l'entourage	das Umfeld	words	B1	noun	m	Allgemein	entourage	19.25
la motivation	die Motivation	words	B1	noun	f	Allgemein	motivation	19.25
éclater	explodieren	words	B1	verb		Allgemein	éclater	19.19
filmer	filmen	words	B1	verb		Allgemein	filmer	19.19
la douceur	die Sanftheit	words	B1	noun	f	Allgemein	douceur	19.12
la sensation	die Empfindung	words	B1	noun	f	Allgemein	sensation	19.09
le choc	der Schock	words	B1	noun	m	Allgemein	choc	19.06
mobiliser	mobilisieren	words	B1	verb		Allgemein	mobiliser	19.04
semblable	ähnlich	words	B1	adjective		Allgemein	semblable	19.00
le miroir	der Spiegel	words	B1	noun	m	Allgemein	miroir	18.97
la lance	die Lanze	words	B1	noun	f	Allgemein	lance	18.96
le piège	die Falle	words	B1	noun	m	Allgemein	piège	18.95
uniquement	ausschließlich	words	B1	adverb		Allgemein	uniquement	18.93
la caméra	die Kamera	words	B1	noun	f	Allgemein	caméra	18.92
accéder	zugreifen	words	B1	verb		Allgemein	accéder	18.87
agiter	schütteln	words	B1	verb		Allgemein	agiter	18.85
le téléspectateur	der Zuschauer	words	B1	noun	m	Allgemein	téléspectateur	18.84
roux	rot	words	B1	adjective		Allgemein	roux	18.81
la barbe	der Bart	words	B1	noun	f	Allgemein	barbe	18.79
le stade	das Stadion	words	B1	noun	m	Allgemein	stade	18.71
douter	zweifeln	words	B1	verb		Allgemein	douter	18.70
technologique	technologisch	words	B1	adjective		Allgemein	technologique	18.68
la masse	die Masse	words	B1	noun	f	Allgemein	masse	18.66
moral	moralisch	words	B1	adjective		Allgemein	moral	18.59
volontiers	gerne	words	B1	adverb		Allgemein	volontiers	18.57
mineur	minderjährig	words	B1	adjective		Allgemein	mineur	18.52
dramatique	dramatisch	words	B1	adjective		Allgemein	dramatique	18.48
la tombe	das Grab	words	B1	noun	f	Allgemein	tombe	18.47
envers	gegenüber	words	B1	preposition		Allgemein	envers	18.45
afficher	anzeigen	words	B1	verb		Allgemein	afficher	18.44
supplémentaire	zusätzlich	words	B1	adjective		Allgemein	supplémentaire	18.43
l'exemplaire	das Exemplar	words	B1	noun	m	Allgemein	exemplaire	18.42
misérable	elendig	words	B1	adjective		Allgemein	misérable	18.39
le banc	die Bank	words	B1	noun	m	Allgemein	banc	18.36
le sentier	der Pfad	words	B1	noun	m	Allgemein	sentier	18.36
une vingtaine	zwanzig	words	B1	noun	f	Allgemein	vingtaine	18.33
la grippe	die Grippe	words	B1	noun	f	Allgemein	grippe	18.32
le stress	der Stress	words	B1	noun	m	Allgemein	stress	18.31
ordonner	anordnen	words	B1	verb		Allgemein	ordonner	18.30
la menace	die Bedrohung	words	B1	noun	f	Allgemein	menace	18.20
la séance	die Sitzung	words	B1	noun	f	Allgemein	séance	18.15
rompre	brechen	words	B1	verb		Allgemein	rompre	18.11
l'intervention	die Intervention	words	B1	noun	f	Allgemein	intervention	18.02
débuter	beginnen	words	B1	verb		Allgemein	débuter	17.98
le linge	die Wäsche	words	B1	noun	m	Allgemein	linge	17.93
la recette	das Rezept	words	B1	noun	f	Allgemein	recette	17.93
traîner	herumhängen	words	B1	verb		Allgemein	traîner	17.93
marin	maritim	words	B1	adjective		Allgemein	marin	17.93
le contexte	der Kontext	words	B1	noun	m	Allgemein	contexte	17.91
l'illusion	die Illusion	words	B1	noun	f	Allgemein	illusion	17.83
la goutte	der Tropfen	words	B1	noun	f	Allgemein	goutte	17.82
l'enjeu	das Anliegen	words	B1	noun	m	Allgemein	enjeu	17.81
occidental	westlich	words	B1	adjective		Allgemein	occidental	17.80
le portrait	das Porträt	words	B1	noun	m	Allgemein	portrait	17.71
le dollar	der Dollar	words	B1	noun	m	Allgemein	dollar	17.61
remuer	rühren	words	B1	verb		Allgemein	remuer	17.54
la plaisanterie	der Scherz	words	B1	noun	f	Allgemein	plaisanterie	17.49
la réaction	die Reaktion	words	B1	noun	f	Allgemein	réaction	17.47
le circuit	der Kreis	words	B1	noun	m	Allgemein	circuit	17.39
la vocation	die Berufung	words	B1	noun	f	Allgemein	vocation	17.38
la défense	die Verteidigung	words	B1	noun	f	Allgemein	défense	17.33
regrouper	gruppieren	words	B1	verb		Allgemein	regrouper	17.26
la maîtrise	die Beherrschung	words	B1	noun	f	Allgemein	maîtrise	17.22
effacer	löschen	words	B1	verb		Allgemein	effacer	17.16
évaluer	bewerten	words	B1	verb		Allgemein	évaluer	17.12
redevenir	wieder werden	words	B1	verb		Allgemein	redevenir	17.05
la souris	die Maus	words	B1	noun	f	Allgemein	souris	17.01
le dragon	der Drache	words	B1	noun	m	Allgemein	dragon	16.96
épais	dick	words	B1	adjective		Allgemein	épais	16.93
repousser	zurückdrängen	words	B1	verb		Allgemein	repousser	16.93
l'ours	der Bär	words	B1	noun	m	Allgemein	ours	16.88
banal	banal	words	B1	adjective		Allgemein	banal	16.87
la prière	das Gebet	words	B1	noun	f	Allgemein	prière	16.86
le retraité	der Rentner	words	B1	noun	m	Allgemein	retraité	16.86
raisonnable	vernünftig	words	B1	adjective		Allgemein	raisonnable	16.80
le trajet	der Weg	words	B1	noun	m	Allgemein	trajet	16.79
l'ange	der Engel	words	B1	noun	m	Allgemein	ange	16.79
progresser	fortschreiten	words	B1	verb		Allgemein	progresser	16.78
la fatigue	die Müdigkeit	words	B1	noun	f	Allgemein	fatigue	16.77
la tonne	die Tonne	words	B1	noun	f	Allgemein	tonne	16.64
le second	der Zweite	words	B1	noun	m	Allgemein	second	16.64
l'élection	die Wahl	words	B1	noun	f	Allgemein	élection	16.62
évident	offensichtlich	words	B1	adjective		Allgemein	évident	16.62
l'essence	die Essenz	words	B1	noun	f	Allgemein	essence	16.61
le psychologue	der Psychologe	words	B1	noun	m	Allgemein	psychologue	16.60
exploser	explodieren	words	B1	verb		Allgemein	exploser	16.52
désert	wüst	words	B1	adjective		Allgemein	désert	16.45
progressivement	schrittweise	words	B1	adverb		Allgemein	progressivement	16.41
le profil	das Profil	words	B1	noun	m	Allgemein	profil	16.41
vieillir	altern	words	B1	verb		Allgemein	vieillir	16.39
négatif	negativ	words	B1	adjective		Allgemein	négatif	16.39
constamment	ständig	words	B1	adverb		Allgemein	constamment	16.32
publicitaire	werblich	words	B1	adjective		Allgemein	publicitaire	16.25
faciliter	erleichtern	words	B1	verb		Allgemein	faciliter	16.24
la profondeur	die Tiefe	words	B1	noun	f	Allgemein	profondeur	16.23
longuement	lange	words	B1	adverb		Allgemein	longuement	16.22
le domicile	der Wohnsitz	words	B1	noun	m	Allgemein	domicile	16.19
la proportion	der Anteil	words	B1	noun	f	Allgemein	proportion	16.18
la transmission	die Übertragung	words	B1	noun	f	Allgemein	transmission	16.16
la règle	die Regel	words	B1	noun	f	Allgemein	règle	16.16
bref	kurz	words	B1	adverb		Allgemein	bref	16.12
rougir	erröten	words	B1	verb		Allgemein	rougir	16.12
le régime	die Diät	words	B1	noun	m	Allgemein	régime	16.07
pénétrer	eindringen	words	B1	verb		Allgemein	pénétrer	16.01
militaire	militärisch	words	B1	adjective		Allgemein	militaire	16.00
calculer	berechnen	words	B1	verb		Allgemein	calculer	16.00
l'officier	der Offizier	words	B1	noun	m	Allgemein	officier	15.99
convenir	vereinbaren	words	B1	verb		Allgemein	convenir	15.94
matériel	material	words	B1	adjective		Allgemein	matériel	15.93
l'orage	das Gewitter	words	B1	noun	m	Allgemein	orage	15.89
la réputation	der Ruf	words	B1	noun	f	Allgemein	réputation	15.85
enterrer	begraben	words	B1	verb		Allgemein	enterrer	15.84
le déchet	der Abfall	words	B1	noun	m	Allgemein	déchet	15.83
précisément	genau	words	B1	adverb		Allgemein	précisément	15.81
le logiciel	die Software	words	B1	noun	m	Allgemein	logiciel	15.74
vaste	weit	words	B1	adjective		Allgemein	vaste	15.74
le capitaine	der Kapitän	words	B1	noun	m	Allgemein	capitaine	15.74
la vache	die Kuh	words	B1	noun	f	Allgemein	vache	15.72
la fumée	der Rauch	words	B1	noun	f	Allgemein	fumée	15.71
le repos	die Ruhe	words	B1	noun	m	Allgemein	repos	15.71
l'excès	der Überschuss	words	B1	noun	m	Allgemein	excès	15.68
le concierge	der Hausmeister	words	B1	noun	m	Allgemein	concierge	15.66
le tas	der Haufen	words	B1	noun	m	Allgemein	tas	15.55
la pointe	die Spitze	words	B1	noun	f	Allgemein	pointe	15.51
le lion	der Löwe	words	B1	noun	m	Allgemein	lion	15.50
le nucléaire	das Nuklear	words	B1	noun	n	Allgemein	nucléaire	15.49
interpréter	interpretieren	words	B1	verb		Allgemein	interpréter	15.45
le pompier	der Feuerwehrmann	words	B1	noun	m	Allgemein	pompier	15.37
concentrer	konzentrieren	words	B1	verb		Allgemein	concentrer	15.34
conquérir	erobern	words	B1	verb		Allgemein	conquérir	15.33
la mine	die Mine	words	B1	noun	f	Allgemein	mine	15.33
le fumeur	der Raucher	words	B1	noun	m	Allgemein	fumeur	15.33
le passager	der Passagier	words	B1	noun	m	Allgemein	passager	15.31
la patience	die Geduld	words	B1	noun	f	Allgemein	patience	15.27
le poème	das Gedicht	words	B1	noun	n	Allgemein	poème	15.27
venger	rächen	words	B1	verb		Allgemein	venger	15.26
le bijou	der Schmuck	words	B1	noun	m	Allgemein	bijou	15.19
joindre	beigefügen	words	B1	verb		Allgemein	joindre	15.18
qualifier	qualifizieren	words	B1	verb		Allgemein	qualifier	15.18
revendiquer	beanspruchen	words	B1	verb		Allgemein	revendiquer	15.17
le curé	der Pfarrer	words	B1	noun	m	Allgemein	curé	15.17
l'amélioration	die Verbesserung	words	B1	noun	f	Allgemein	amélioration	15.15
éternel	ewig	words	B1	adjective		Allgemein	éternel	15.14
la dépense	die Ausgabe	words	B1	noun	f	Allgemein	dépense	15.11
renouveler	erneuern	words	B1	verb		Allgemein	renouveler	15.11
la fédération	die Föderation	words	B1	noun	f	Allgemein	fédération	15.10
loger	unterbringen	words	B1	verb		Allgemein	loger	15.02
artificiel	künstlich	words	B1	adjective		Allgemein	artificiel	15.00
la jupe	der Rock	words	B1	noun	f	Allgemein	jupe	15.00
muet	stumm	words	B1	adjective		Allgemein	muet	14.96
explorer	erkunden	words	B1	verb		Allgemein	explorer	14.90
effectivement	tatsächlich	words	B1	adverb		Allgemein	effectivement	14.88
l'adaptation	die Anpassung	words	B1	noun	f	Allgemein	adaptation	14.84
le poids	das Gewicht	words	B1	noun	m	Allgemein	poids	14.82
attribuer	zuweisen	words	B1	verb		Allgemein	attribuer	14.81
le trouble	die Störung	words	B1	noun	m	Allgemein	trouble	14.81
la branche	der Zweig	words	B1	noun	f	Allgemein	branche	14.77
unir	vereinen	words	B1	verb		Allgemein	unir	14.77
dégager	freisetzen	words	B1	verb		Allgemein	dégager	14.75
sourd	taub	words	B1	adjective		Allgemein	sourd	14.65
catholique	katholisch	words	B1	adjective		Allgemein	catholique	14.64
habituer	gewöhnen	words	B1	verb		Allgemein	habituer	14.61
familier	vertraut	words	B1	adjective		Allgemein	familier	14.59
le fichier	die Datei	words	B1	noun	m	Allgemein	fichier	14.58
la manche	der Ärmel	words	B1	noun	f	Allgemein	manche	14.57
la caractéristique	das Merkmal	words	B1	noun	f	Allgemein	caractéristique	14.53
énerver	nervös machen	words	B1	verb		Allgemein	énerver	14.51
la répétition	die Wiederholung	words	B1	noun	f	Allgemein	répétition	14.50
l'écart	der Abstand	words	B1	noun	m	Allgemein	écart	14.39
le carton	der Karton	words	B1	noun	m	Allgemein	carton	14.34
la silhouette	die Silhouette	words	B1	noun	f	Allgemein	silhouette	14.34
l'éclair	der Blitz	words	B1	noun	m	Allgemein	éclair	14.33
le souffle	der Atem	words	B1	noun	m	Allgemein	souffle	14.33
le test	der Test	words	B1	noun	m	Allgemein	test	14.32
le jugement	das Urteil	words	B1	noun	m	Allgemein	jugement	14.32
la compétition	der Wettbewerb	words	B1	noun	f	Allgemein	compétition	14.30
automobile	automobil	words	B1	adjective		Allgemein	automobile	14.30
s'emparer	sich bemächtigen	words	B1	verb		Allgemein	emparer	14.25
le col	der Kragen	words	B1	noun	m	Allgemein	col	14.23
songer	nachdenken	words	B1	verb		Allgemein	songer	14.22
l'auditeur	der Zuhörer	words	B1	noun	m	Allgemein	auditeur	14.22
débarrasser	befreien	words	B1	verb		Allgemein	débarrasser	14.22
la croix	das Kreuz	words	B1	noun	f	Allgemein	croix	14.21
l'obligation	die Verpflichtung	words	B1	noun	f	Allgemein	obligation	14.19
arranger	arrangieren	words	B1	verb		Allgemein	arranger	14.17
l'empire	das Empire	words	B1	noun	m	Allgemein	empire	14.11
grimper	klettern	words	B1	verb		Allgemein	grimper	14.10
s'envoler	davonfliegen	words	B1	verb		Allgemein	envoler	14.06
ethnique	ethnisch	words	B1	adjective		Allgemein	ethnique	14.05
véritablement	wirklich	words	B1	adverb		Allgemein	véritablement	14.03
régulier	regelmäßig	words	B1	adjective		Allgemein	régulier	14.01
l'adieu	der Abschied	words	B1	noun	m	Allgemein	adieu	13.96
la pousse	der Schössling	words	B1	noun	f	Allgemein	pousse	13.93
tantôt	bald	words	B1	adverb		Allgemein	tantôt	13.92
la commande	die Bestellung	words	B1	noun	f	Allgemein	commande	13.90
financer	finanzieren	words	B1	verb		Allgemein	financer	13.84
fixe	fest	words	B1	adjective		Allgemein	fixe	13.82
correct	korrekt	words	B1	adjective		Allgemein	correct	13.80
dénoncer	anzeigen	words	B1	verb		Allgemein	dénoncer	13.78
la contrainte	die Einschränkung	words	B1	noun	f	Allgemein	contrainte	13.75
l'épouse	die Ehefrau	words	B1	noun	f	Allgemein	épouse	13.75
renverser	umkippen	words	B1	verb		Allgemein	renverser	13.72
le romancier	der Romanautor	words	B1	noun	m	Allgemein	romancier	13.67
l'espérance	die Hoffnung	words	B1	noun	f	Allgemein	espérance	13.66
le berger	der Schäfer	words	B1	noun	m	Allgemein	berger	13.65
conséquent	konsequent	words	B1	adjective		Allgemein	conséquent	13.65
la rentrée	der Schulanfang	words	B1	noun	f	Allgemein	rentrée	13.61
habituel	gewöhnlich	words	B1	adjective		Allgemein	habituel	13.60
le duc	der Herzog	words	B1	noun	m	Allgemein	duc	13.56
la description	die Beschreibung	words	B1	noun	f	Allgemein	description	13.51
la discipline	die Disziplin	words	B1	noun	f	Allgemein	discipline	13.48
la gestion	das Management	words	B1	noun	f	Allgemein	gestion	13.45
la honte	die Scham	words	B1	noun	f	Allgemein	honte	13.45
l'armoire	der Schrank	words	B1	noun	f	Allgemein	armoire	13.43
saint	heilig	words	B1	adjective		Allgemein	saint	13.43
le loyer	die Miete	words	B1	noun	m	Allgemein	loyer	13.42
choquer	schockieren	words	B1	verb		Allgemein	choquer	13.41
dessous	darunter	words	B1	adverb		Allgemein	dessous	13.32
le monstre	das Monster	words	B1	noun	m	Allgemein	monstre	13.30
celer	verbergen	words	B1	verb		Allgemein	celer	13.19
l'indépendance	die Unabhängigkeit	words	B1	noun	f	Allgemein	indépendance	13.17
le serviteur	der Diener	words	B1	noun	m	Allgemein	serviteur	13.14
détacher	lösen	words	B1	verb		Allgemein	détacher	13.10
procurer	beschaffen	words	B1	verb		Allgemein	procurer	13.08
la diffusion	die Verbreitung	words	B1	noun	f	Allgemein	diffusion	13.05
la marchandise	die Ware	words	B1	noun	f	Allgemein	marchandise	13.02
l'interview	das Interview	words	B1	noun	f	Allgemein	interview	12.99
résider	wohnen	words	B1	verb		Allgemein	résider	12.99
le drame	das Drama	words	B1	noun	m	Allgemein	drame	12.98
intituler	betiteln	words	B1	verb		Allgemein	intituler	12.92
la plaine	die Ebene	words	B1	noun	f	Allgemein	plaine	12.87
aimable	freundlich	words	B1	adjective		Allgemein	aimable	12.85
le mélange	die Mischung	words	B1	noun	m	Allgemein	mélange	12.83
laid	hässlich	words	B1	adjective		Allgemein	laid	12.79
l'horloge	die Uhr	words	B1	noun	f	Allgemein	horloge	12.73
la concurrence	der Wettbewerb	words	B1	noun	f	Allgemein	concurrence	12.73
sélectionner	auswählen	words	B1	verb		Allgemein	sélectionner	12.70
immigrer	einwandern	words	B1	verb		Allgemein	immigrer	12.67
la promotion	die Förderung	words	B1	noun	f	Allgemein	promotion	12.66
éducatif	pädagogisch	words	B1	adjective		Allgemein	éducatif	12.65
la serviette	das Handtuch	words	B1	noun	f	Allgemein	serviette	12.65
la convivialité	die Geselligkeit	words	B1	noun	f	Allgemein	convivialité	12.63
le recours	das Mittel	words	B1	noun	m	Allgemein	recours	12.63
le coq	der Hahn	words	B1	noun	m	Allgemein	coq	12.54
franchir	überqueren	words	B1	verb		Allgemein	franchir	12.52
noble	edel	words	B1	adjective		Allgemein	noble	12.51
incapable	unfähig	words	B1	adjective		Allgemein	incapable	12.49
la démonstration	die Demonstration	words	B1	noun	f	Allgemein	démonstration	12.48
la médaille	die Medaille	words	B1	noun	f	Allgemein	médaille	12.48
la patte	die Pfote	words	B1	noun	f	Allgemein	patte	12.47
réaliste	realistisch	words	B1	adjective		Allgemein	réaliste	12.46
le passe	der Pass	words	B1	noun	m	Allgemein	passe	12.42
principalement	hauptsächlich	words	B1	adverb		Allgemein	principalement	12.40
la ceinture	der Gürtel	words	B1	noun	f	Allgemein	ceinture	12.38
le tailleur	der Schneider	words	B1	noun	m	Allgemein	tailleur	12.34
varié	vielfältig	words	B1	adjective		Allgemein	varié	12.29
doubler	verdoppeln	words	B1	verb		Allgemein	doubler	12.22
le miracle	das Wunder	words	B1	noun	m	Allgemein	miracle	12.21
le drapeau	die Flagge	words	B1	noun	m	Allgemein	drapeau	12.20
la statue	die Statue	words	B1	noun	f	Allgemein	statue	12.13
le fiancé	der Verlobte	words	B1	noun	m	Allgemein	fiancé	12.12
signaler	melden	words	B1	verb		Allgemein	signaler	12.12
la quête	die Suche	words	B1	noun	f	Allgemein	quête	12.10
opérer	operieren	words	B1	verb		Allgemein	opérer	12.08
pénible	mühsam	words	B1	adjective		Allgemein	pénible	12.04
pardonner	verzeihen	words	B1	verb		Allgemein	pardonner	12.04
ressentir	fühlen	words	B1	verb		Allgemein	ressentir	12.01
apparemment	offensichtlich	words	B1	adverb		Allgemein	apparemment	11.96
la façade	die Fassade	words	B1	noun	f	Allgemein	façade	11.95
le budget	das Budget	words	B1	noun	m	Allgemein	budget	11.95
bruire	rauschen	words	B1	verb		Allgemein	bruire	11.85
révolutionnaire	revolutionär	words	B1	adjective		Allgemein	révolutionnaire	11.85
le bilan	der Bericht	words	B1	noun	m	Allgemein	bilan	11.83
le volet	der Fensterladen	words	B1	noun	m	Allgemein	volet	11.80
la garantie	die Garantie	words	B1	noun	f	Allgemein	garantie	11.78
le fauteuil	der Sessel	words	B1	noun	m	Allgemein	fauteuil	11.76
méfier	misstrauen	words	B1	verb		Allgemein	méfier	11.76
cracher	spucken	words	B1	verb		Allgemein	cracher	11.73
forcer	zwingen	words	B1	verb		Allgemein	forcer	11.73
le mensonge	die Lüge	words	B1	noun	m	Allgemein	mensonge	11.71
relier	verbinden	words	B1	verb		Allgemein	relier	11.70
basque	baskisch	words	B1	adjective		Allgemein	basque	11.66
la cloche	die Glocke	words	B1	noun	f	Allgemein	cloche	11.66
la rage	die Wut	words	B1	noun	f	Allgemein	rage	11.65
inquiétant	beunruhigend	words	B1	adjective		Allgemein	inquiétant	11.62
la candidature	die Bewerbung	words	B1	noun	f	Allgemein	candidature	11.61
le souhait	der Wunsch	words	B1	noun	m	Allgemein	souhait	11.59
le drap	das Bettlaken	words	B1	noun	m	Allgemein	drap	11.58
décourager	entmutigen	words	B1	verb		Allgemein	décourager	11.57
britannique	britisch	words	B1	adjective		Allgemein	britannique	11.56
éveiller	wecken	words	B1	verb		Allgemein	éveiller	11.56
le prêtre	der Priester	words	B1	noun	m	Allgemein	prêtre	11.54
émerveiller	verzaubern	words	B1	verb		Allgemein	émerveiller	11.54
sérieusement	ernsthaft	words	B1	adverb		Allgemein	sérieusement	11.52
la nouveauté	die Neuheit	words	B1	noun	f	Allgemein	nouveauté	11.51
global	global	words	B1	adjective		Allgemein	global	11.51
la clef	der Schlüssel	words	B1	noun	f	Allgemein	clef	11.50
difficilement	schwierig	words	B1	adverb		Allgemein	difficilement	11.46
le centimètre	der Zentimeter	words	B1	noun	m	Allgemein	centimètre	11.40
la particularité	die Besonderheit	words	B1	noun	f	Allgemein	particularité	11.39
la ruine	die Ruine	words	B1	noun	f	Allgemein	ruine	11.33
armer	bewaffnen	words	B1	verb		Allgemein	armer	11.32
l'insulte	die Beleidigung	words	B1	noun	f	Allgemein	insulte	11.31
mordre	beißen	words	B1	verb		Allgemein	mordre	11.31
insolite	ungewöhnlich	words	B1	adjective		Allgemein	insolite	11.26
brancher	anschließen	words	B1	verb		Allgemein	brancher	11.24
murmurer	murmel	words	B1	verb		Allgemein	murmurer	11.22
mériter	verdienen	words	B1	verb		Allgemein	mériter	11.22
la satisfaction	die Zufriedenheit	words	B1	noun	f	Allgemein	satisfaction	11.20
l'autorisation	die Genehmigung	words	B1	noun	f	Allgemein	autorisation	11.20
auparavant	zuvor	words	B1	adverb		Allgemein	auparavant	11.18
le ventre	der Bauch	words	B1	noun	m	Allgemein	ventre	11.17
le délai	die Frist	words	B1	noun	m	Allgemein	délai	11.08
impressionnant	beeindruckend	words	B1	adjective		Allgemein	impressionnant	11.04
le passant	der Passant	words	B1	noun	m	Allgemein	passant	11.04
le record	der Rekord	words	B1	noun	m	Allgemein	record	11.04
l'attaque	der Angriff	words	B1	noun	f	Allgemein	attaque	11.01
chauffer	heizen	words	B1	verb		Allgemein	chauffer	10.97
quelques-uns	einige	words	B1	pronoun		Allgemein	quelques-uns	10.97
la portée	die Reichweite	words	B1	noun	f	Allgemein	portée	10.95
le vote	die Abstimmung	words	B1	noun	m	Allgemein	vote	10.92
le charbon	die Kohle	words	B1	noun	m	Allgemein	charbon	10.91
hélas	leider	words	B1	interjection		Allgemein	hélas	10.90
la plainte	die Beschwerde	words	B1	noun	f	Allgemein	plainte	10.89
la reprise	die Wiederaufnahme	words	B1	noun	f	Allgemein	reprise	10.86
retomber	wieder fallen	words	B1	verb		Allgemein	retomber	10.85
respectueux	respektvoll	words	B1	adjective		Allgemein	respectueux	10.82
le bâton	der Stock	words	B1	noun	m	Allgemein	bâton	10.80
la licence	die Lizenz	words	B1	noun	f	Allgemein	licence	10.73
le murmure	das Murmeln	words	B1	noun	m	Allgemein	murmure	10.70
le confort	der Komfort	words	B1	noun	m	Allgemein	confort	10.70
la plaque	das Schild	words	B1	noun	f	Allgemein	plaque	10.70
la troupe	die Truppe	words	B1	noun	f	Allgemein	troupe	10.65
la hausse	der Anstieg	words	B1	noun	f	Allgemein	hausse	10.63
ailler	fliegen	words	B1	verb		Allgemein	ailler	10.61
l'efficacité	die Effizienz	words	B1	noun	f	Allgemein	efficacité	10.55
normalement	normalerweise	words	B1	adverb		Allgemein	normalement	10.53
inaugurer	einweihen	words	B1	verb		Allgemein	inaugurer	10.52
la pauvreté	die Armut	words	B1	noun	f	Allgemein	pauvreté	10.48
fâcher	ärgern	words	B1	verb		Allgemein	fâcher	10.47
la variété	die Vielfalt	words	B1	noun	f	Allgemein	variété	10.47
le marié	der Bräutigam	words	B1	noun	m	Allgemein	marié	10.45
récompenser	belohnen	words	B1	verb		Allgemein	récompenser	10.45
l'autobus	der Bus	words	B1	noun	m	Allgemein	autobus	10.38
le seuil	die Schwelle	words	B1	noun	m	Allgemein	seuil	10.35
la colocation	die Wohngemeinschaft	words	B1	noun	f	Allgemein	colocation	10.32
la possession	der Besitz	words	B1	noun	f	Allgemein	possession	10.29
le rez-de-chaussée	das Erdgeschoss	words	B1	noun	n	Allgemein	rez-de-chaussée	10.29
supplier	bitten	words	B1	verb		Allgemein	supplier	10.28
mensuel	monatlich	words	B1	adjective		Allgemein	mensuel	10.27
le sculpteur	der Bildhauer	words	B1	noun	m	Allgemein	sculpteur	10.25
la constitution	die Verfassung	words	B1	noun	f	Allgemein	constitution	10.21
rater	verpassen	words	B1	verb		Allgemein	rater	10.19
la touche	die Berührung	words	B1	noun	f	Allgemein	touche	10.17
la tenue	die Kleidung	words	B1	noun	f	Allgemein	tenue	10.13
envier	beneiden	words	B1	verb		Allgemein	envier	10.09
la politesse	die Höflichkeit	words	B1	noun	f	Allgemein	politesse	10.09
l'arrêté	der Beschluss	words	B1	noun	m	Allgemein	arrêté	10.08
intriguer	intrigieren	words	B1	verb		Allgemein	intriguer	10.06
tarder	sich verspäten	words	B1	verb		Allgemein	tarder	10.03
l'échec	der Misserfolg	words	B1	noun	m	Allgemein	échec	10.01
survivre	überleben	words	B1	verb		Allgemein	survivre	10.00
gaulois	gallisch	words	B1	adjective		Allgemein	gaulois	9.93
la folie	der Wahnsinn	words	B1	noun	f	Allgemein	folie	9.92
prestigieux	prestigeträchtig	words	B1	adjective		Allgemein	prestigieux	9.88
par-dessus	darüber	words	B1	adverb		Allgemein	par-dessus	9.87
évanouir	ohnmächtig werden	words	B1	verb		Allgemein	évanouir	9.86
photographier	fotografieren	words	B1	verb		Allgemein	photographier	9.82
le bond	der Sprung	words	B1	noun	m	Allgemein	bond	9.82
le cirque	der Zirkus	words	B1	noun	m	Allgemein	cirque	9.79
pratiquement	praktisch	words	B1	adverb		Allgemein	pratiquement	9.75
la dispute	der Streit	words	B1	noun	f	Allgemein	dispute	9.75
le permis	die Erlaubnis	words	B1	noun	m	Allgemein	permis	9.74
le taureau	der Stier	words	B1	noun	m	Allgemein	taureau	9.72
énormément	enorm	words	B1	adverb		Allgemein	énormément	9.69
le poison	das Gift	words	B1	noun	m	Allgemein	poison	9.69
sexuel	sexuell	words	B1	adjective		Allgemein	sexuel	9.64
le tambour	die Trommel	words	B1	noun	m	Allgemein	tambour	9.63
taper	tippen	words	B1	verb		Allgemein	taper	9.61
tragique	tragisch	words	B1	adjective		Allgemein	tragique	9.61
l'obscurité	die Dunkelheit	words	B1	noun	f	Allgemein	obscurité	9.60
le mérite	der Verdienst	words	B1	noun	m	Allgemein	mérite	9.60
routier	Straßen-	words	B1	adjective		Allgemein	routier	9.57
la barque	das Boot	words	B1	noun	f	Allgemein	barque	9.56
le brevet	das Patent	words	B1	noun	m	Allgemein	brevet	9.55
la clientèle	die Kundschaft	words	B1	noun	f	Allgemein	clientèle	9.54
l'os	der Knochen	words	B1	noun	m	Allgemein	os	9.54
la récompense	die Belohnung	words	B1	noun	f	Allgemein	récompense	9.53
gâcher	verderben	words	B1	verb		Allgemein	gâcher	9.51
la préférence	die Vorliebe	words	B1	noun	f	Allgemein	préférence	9.50
vague	vage	words	B1	adjective		Allgemein	vague	9.49
le poil	das Haar	words	B1	noun	m	Allgemein	poil	9.48
agricole	landwirtschaftlich	words	B1	adjective		Allgemein	agricole	9.47
téléphonique	telefonisch	words	B1	adjective		Allgemein	téléphonique	9.47
librement	frei	words	B1	adverb		Allgemein	librement	9.45
empoisonner	vergiften	words	B1	verb		Allgemein	empoisonner	9.45
le pic	der Gipfel	words	B1	noun	m	Allgemein	pic	9.45
le fonctionnaire	der Beamte	words	B1	noun	m	Allgemein	fonctionnaire	9.44
mouiller	nass machen	words	B1	verb		Allgemein	mouiller	9.43
la cachette	das Versteck	words	B1	noun	f	Allgemein	cachette	9.41
la villa	die Villa	words	B1	noun	f	Allgemein	villa	9.37
la tranche	die Scheibe	words	B1	noun	f	Allgemein	tranche	9.33
le char	der Panzer	words	B1	noun	m	Allgemein	char	9.31
le décès	der Tod	words	B1	noun	m	Allgemein	décès	9.27
l'originalité	die Originalität	words	B1	noun	f	Allgemein	originalité	9.25
le poumon	die Lunge	words	B1	noun	m	Allgemein	poumon	9.20
l'incendie	das Feuer	words	B1	noun	m	Allgemein	incendie	9.18
confondre	verwechseln	words	B1	verb		Allgemein	confondre	9.16
la tasse	die Tasse	words	B1	noun	f	Allgemein	tasse	9.14
avertir	warnen	words	B1	verb		Allgemein	avertir	9.14
le camp	das Lager	words	B1	noun	m	Allgemein	camp	9.11
concret	konkret	words	B1	adjective		Allgemein	concret	9.11
agrandir	vergrößern	words	B1	verb		Allgemein	agrandir	9.10
le sourcil	die Augenbraue	words	B1	noun	m	Allgemein	sourcil	9.09
invisible	unsichtbar	words	B1	adjective		Allgemein	invisible	9.07
le passeport	der Reisepass	words	B1	noun	m	Allgemein	passeport	9.05
le cavalier	der Reiter	words	B1	noun	m	Allgemein	cavalier	9.03
gigantesque	gigantisch	words	B1	adjective		Allgemein	gigantesque	9.01
le carburant	der Kraftstoff	words	B1	noun	m	Allgemein	carburant	9.00
essuyer	abwischen	words	B1	verb		Allgemein	essuyer	8.97
la quinzaine	die zwei Wochen	words	B1	noun	f	Allgemein	quinzaine	8.95
la dimension	die Dimension	words	B1	noun	f	Allgemein	dimension	8.94
l'emplacement	der Standort	words	B1	noun	m	Allgemein	emplacement	8.92
la cinquantaine	die fünfzig	words	B1	noun	f	Allgemein	cinquantaine	8.90
strict	streng	words	B1	adjective		Allgemein	strict	8.90
la pitié	das Mitleid	words	B1	noun	f	Allgemein	pitié	8.89
retracer	nachzeichnen	words	B1	verb		Allgemein	retracer	8.89
au-dessous	darunter	words	B1	adverb		Allgemein	au-dessous	8.88
le cocher	der Kutscher	words	B1	noun	m	Allgemein	cocher	8.88
natal	gebürtig	words	B1	adjective		Allgemein	natal	8.86
numérique	digital	words	B1	adjective		Allgemein	numérique	8.85
le fossé	der Graben	words	B1	noun	m	Allgemein	fossé	8.83
la révélation	die Offenbarung	words	B1	noun	f	Allgemein	révélation	8.78
le temple	der Tempel	words	B1	noun	m	Allgemein	temple	8.74
le tri	die Sortierung	words	B1	noun	m	Allgemein	tri	8.72
maghrébin	maghrebin	words	B1	adjective		Allgemein	maghrébin	8.71
décrocher	abnehmen	words	B1	verb		Allgemein	décrocher	8.68
le règne	das Reich	words	B1	noun	m	Allgemein	règne	8.67
sélectif	selektiv	words	B1	adjective		Allgemein	sélectif	8.63
l'écrit	das Geschriebene	words	B1	noun	m	Allgemein	écrit	8.62
le fusil	das Gewehr	words	B1	noun	m	Allgemein	fusil	8.61
l'aîné	der Älteste	words	B1	noun	m	Allgemein	aîné	8.60
la restauration	die Restaurierung	words	B1	noun	f	Allgemein	restauration	8.58
l'aisé	die Leichtigkeit	words	B1	noun	f	Allgemein	aise	8.55
envelopper	einwickeln	words	B1	verb		Allgemein	envelopper	8.55
brutal	brutal	words	B1	adjective		Allgemein	brutal	8.55
le vase	die Vase	words	B1	noun	m	Allgemein	vase	8.54
le cycle	der Zyklus	words	B1	noun	m	Allgemein	cycle	8.52
exact	genau	words	B1	adjective		Allgemein	exact	8.51
le frein	die Bremse	words	B1	noun	m	Allgemein	frein	8.49
aménager	einrichten	words	B1	verb		Allgemein	aménager	8.45
la fuite	die Flucht	words	B1	noun	f	Allgemein	fuite	8.44
cueillir	pflücken	words	B1	verb		Allgemein	cueillir	8.41
discret	diskret	words	B1	adjective		Allgemein	discret	8.39
plier	falten	words	B1	verb		Allgemein	plier	8.37
humanitaire	humanitär	words	B1	adjective		Allgemein	humanitaire	8.36
l'uniforme	die Uniform	words	B1	noun	n	Allgemein	uniforme	8.34
verbal	verbal	words	B1	adjective		Allgemein	verbal	8.26
le commencement	der Beginn	words	B1	noun	m	Allgemein	commencement	8.25
le solo	das Solo	words	B1	noun	m	Allgemein	solo	8.16
le bagage	das Gepäck	words	B1	noun	m	Allgemein	bagage	8.15
indifférent	gleichgültig	words	B1	adjective		Allgemein	indifférent	8.15
craquer	knacken	words	B1	verb		Allgemein	craquer	8.13
agréer	zustimmen	words	B1	verb		Allgemein	agréer	8.13
imiter	imitieren	words	B1	verb		Allgemein	imiter	8.07
implanter	einpflanzen	words	B1	verb		Allgemein	implanter	8.06
olympique	olympisch	words	B1	adjective		Allgemein	olympique	8.05
frotter	reiben	words	B1	verb		Allgemein	frotter	8.05
l'arène	die Arena	words	B1	noun	f	Allgemein	arène	8.04
motiver	motivieren	words	B1	verb		Allgemein	motiver	8.02
la flamme	die Flamme	words	B1	noun	f	Allgemein	flamme	8.02
étouffer	ersticken	words	B1	verb		Allgemein	étouffer	8.01
la reconnaissance	die Anerkennung	words	B1	noun	f	Allgemein	reconnaissance	8.01
le renseignement	die Auskunft	words	B1	noun	m	Allgemein	renseignement	8.01
caresser	streicheln	words	B1	verb		Allgemein	caresser	8.00
la valise	der Koffer	words	B1	noun	f	Allgemein	valise	7.99
absolu	absolut	words	B1	adjective		Allgemein	absolu	7.97
le sénéchal	der Seneschall	words	B1	noun	m	Allgemein	sénéchal	7.96
le mouchoir	das Taschentuch	words	B1	noun	m	Allgemein	mouchoir	7.96
interpeller	ansprechen	words	B1	verb		Allgemein	interpeller	7.95
vivement	lebhaft	words	B1	adverb		Allgemein	vivement	7.92
le grenier	der Dachboden	words	B1	noun	m	Allgemein	grenier	7.91
dedans	drinnen	words	B1	adverb		Allgemein	dedans	7.89
aboyer	bellen	words	B1	verb		Allgemein	aboyer	7.89
émettre	ausstrahlen	words	B1	verb		Allgemein	émettre	7.87
le tournant	die Wende	words	B1	noun	m	Allgemein	tournant	7.84
affreux	schrecklich	words	B1	adjective		Allgemein	affreux	7.84
l'agriculteur	der Landwirt	words	B1	noun	m	Allgemein	agriculteur	7.82
la tolérance	die Toleranz	words	B1	noun	f	Allgemein	tolérance	7.81
la photographie	die Fotografie	words	B1	noun	f	Allgemein	photographie	7.81
la négociation	die Verhandlung	words	B1	noun	f	Allgemein	négociation	7.80
la pause	die Pause	words	B1	noun	f	Allgemein	pause	7.78
le sou	der Cent	words	B1	noun	m	Allgemein	sou	7.77
la fiche	die Karte	words	B1	noun	f	Allgemein	fiche	7.76
le cochon	das Schwein	words	B1	noun	m	Allgemein	cochon	7.75
l'imbécile	der Idiot	words	B1	noun	m	Allgemein	imbécile	7.72
l'embouteillage	der Stau	words	B1	noun	m	Allgemein	embouteillage	7.69
primaire	primär	words	B1	adjective		Allgemein	primaire	7.64
la frappe	der Schlag	words	B1	noun	f	Allgemein	frappe	7.64
le tournoi	das Turnier	words	B1	noun	m	Allgemein	tournoi	7.63
garer	parken	words	B1	verb		Allgemein	garer	7.63
soulager	erleichtern	words	B1	verb		Allgemein	soulager	7.62
la magie	die Magie	words	B1	noun	f	Allgemein	magie	7.61
la jalousie	die Eifersucht	words	B1	noun	f	Allgemein	jalousie	7.57
l'exotisme	der Exotismus	words	B1	noun	m	Allgemein	exotisme	7.56
l'initiation	die Einweihung	words	B1	noun	f	Allgemein	initiation	7.56
la file	die Schlange	words	B1	noun	f	Allgemein	file	7.55
l'étonnement	das Erstaunen	words	B1	noun	m	Allgemein	étonnement	7.54
absurde	absurd	words	B1	adjective		Allgemein	absurde	7.52
variable	variabel	words	B1	adjective		Allgemein	variable	7.51
la dentelle	die Spitze	words	B1	noun	f	Allgemein	dentelle	7.50
la faiblesse	die Schwäche	words	B1	noun	f	Allgemein	faiblesse	7.50
la palme	die Palme	words	B1	noun	f	Allgemein	palme	7.43
le diamètre	der Durchmesser	words	B1	noun	m	Allgemein	diamètre	7.43
glacer	einfrieren	words	B1	verb		Allgemein	glacer	7.41
l'enveloppe	der Umschlag	words	B1	noun	f	Allgemein	enveloppe	7.39
clairement	deutlich	words	B1	adverb		Allgemein	clairement	7.35
l'incident	der Vorfall	words	B1	noun	m	Allgemein	incident	7.35
le rocher	der Felsen	words	B1	noun	m	Allgemein	rocher	7.29
exiler	exilieren	words	B1	verb		Allgemein	exiler	7.26
le nu	der Nackte	words	B1	noun	m	Allgemein	nu	7.25
l'hommage	die Hommage	words	B1	noun	m	Allgemein	hommage	7.23
le bûcheron	der Holzfäller	words	B1	noun	m	Allgemein	bûcheron	7.22
la conquête	die Eroberung	words	B1	noun	f	Allgemein	conquête	7.21
le gars	der Typ	words	B1	noun	m	Allgemein	gars	7.18
le défenseur	der Verteidiger	words	B1	noun	m	Allgemein	défenseur	7.17
le bassin	der Becken	words	B1	noun	m	Allgemein	bassin	7.17
le ruban	das Band	words	B1	noun	m	Allgemein	ruban	7.17
le job	der Job	words	B1	noun	m	Allgemein	job	7.16
le placard	der Schrank	words	B1	noun	m	Allgemein	placard	7.13
tousser	husten	words	B1	verb		Allgemein	tousser	7.13
ménager	haushaltlich	words	B1	adjective		Allgemein	ménager	7.13
le panier	der Korb	words	B1	noun	m	Allgemein	panier	7.12
symbolique	symbolisch	words	B1	adjective		Allgemein	symbolique	7.11
écouler	verkaufen	words	B1	verb		Allgemein	écouler	7.11
le ticket	das Ticket	words	B1	noun	m	Allgemein	ticket	7.09
la clôture	der Zaun	words	B1	noun	f	Allgemein	clôture	7.09
quasiment	fast	words	B1	adverb		Allgemein	quasiment	7.06
partiel	teilweise	words	B1	adjective		Allgemein	partiel	7.05
le désordre	die Unordnung	words	B1	noun	m	Allgemein	désordre	7.04
ressortir	herauskommen	words	B1	verb		Allgemein	ressortir	7.03
le jury	die Jury	words	B1	noun	m	Allgemein	jury	7.01
le sandwich	das Sandwich	words	B1	noun	m	Allgemein	sandwich	7.00
le pilote	der Pilot	words	B1	noun	m	Allgemein	pilote	6.95
l'écologie	die Ökologie	words	B1	noun	f	Allgemein	écologie	6.92
dominant	dominant	words	B1	adjective		Allgemein	dominant	6.90
là-dedans	da drin	words	B1	adverb		Allgemein	là-dedans	6.87
gouvernemental	regierungs-	words	B1	adjective		Allgemein	gouvernemental	6.86
gêné	verlegen	words	B1	adjective		Allgemein	gêné	6.85
fabuleux	fabelhaft	words	B1	adjective		Allgemein	fabuleux	6.85
l'orange	die Orange	words	B1	noun	f	Allgemein	orange	6.85
arroser	gießen	words	B1	verb		Allgemein	arroser	6.84
secouer	schütteln	words	B1	verb		Allgemein	secouer	6.83
payant	kostenpflichtig	words	B1	adjective		Allgemein	payant	6.83
la servante	die Dienerin	words	B1	noun	f	Allgemein	servante	6.79
boucher	zerlegen	words	B1	verb		Allgemein	boucher	6.79
l'ancêtre	der Vorfahr	words	B1	noun	m	Allgemein	ancêtre	6.78
le détective	der Detektiv	words	B1	noun	m	Allgemein	détective	6.77
la lenteur	die Langsamkeit	words	B1	noun	f	Allgemein	lenteur	6.75
la grandeur	die Größe	words	B1	noun	f	Allgemein	grandeur	6.71
l'adepte	der Anhänger	words	B1	noun	m	Allgemein	adepte	6.70
la cabane	die Hütte	words	B1	noun	f	Allgemein	cabane	6.65
attentivement	aufmerksam	words	B1	adverb		Allgemein	attentivement	6.62
la fécondité	die Fruchtbarkeit	words	B1	noun	f	Allgemein	fécondité	6.58
la cravate	die Krawatte	words	B1	noun	f	Allgemein	cravate	6.57
le classement	die Rangliste	words	B1	noun	m	Allgemein	classement	6.56
la panne	die Panne	words	B1	noun	f	Allgemein	panne	6.55
la fantaisie	die Fantasie	words	B1	noun	f	Allgemein	fantaisie	6.54
le millénaire	das Jahrtausend	words	B1	noun	m	Allgemein	millénaire	6.54
la vitre	das Fenster	words	B1	noun	f	Allgemein	vitre	6.54
idiot	idiot	words	B1	adjective	m	Allgemein	idiot	6.51
l'auto	das Auto	words	B1	noun	f	Allgemein	auto	6.50
la boue	der Schlamm	words	B1	noun	f	Allgemein	boue	6.47
suffisant	ausreichend	words	B1	adjective		Allgemein	suffisant	6.41
l'abbaye	die Abtei	words	B1	noun	f	Allgemein	abbaye	6.41
la vigne	der Weinberg	words	B1	noun	f	Allgemein	vigne	6.40
le calendrier	der Kalender	words	B1	noun	m	Allgemein	calendrier	6.37
le désespoir	die Verzweiflung	words	B1	noun	m	Allgemein	désespoir	6.37
tester	testen	words	B1	verb		Allgemein	tester	6.34
le sire	der Herr	words	B1	noun	m	Allgemein	sire	6.33
le support	die Unterstützung	words	B1	noun	m	Allgemein	support	6.32
l'acier	der Stahl	words	B1	noun	m	Allgemein	acier	6.31
toute	alle	words	B1	adverb		Allgemein	toute	6.29
les petits-enfants	die Enkelkinder	words	B1	noun	m	Allgemein	petits-enfants	6.28
le talon	der Absatz	words	B1	noun	m	Allgemein	talon	6.28
la cohabitation	die Wohngemeinschaft	words	B1	noun	f	Allgemein	cohabitation	6.28
l'exploration	die Erkundung	words	B1	noun	f	Allgemein	exploration	6.28
l'évêque	der Bischof	words	B1	noun	m	Allgemein	évêque	6.28
douer	begabten	words	B1	verb		Allgemein	douer	6.26
l'inconvénient	der Nachteil	words	B1	noun	m	Allgemein	inconvénient	6.23
la paille	der Strohhalm	words	B1	noun	f	Allgemein	paille	6.23
anticiper	vorwegnehmen	words	B1	verb		Allgemein	anticiper	6.21
le trafic	der Verkehr	words	B1	noun	m	Allgemein	trafic	6.21
le cauchemar	der Albtraum	words	B1	noun	m	Allgemein	cauchemar	6.18
l'envoi	die Sendung	words	B1	noun	m	Allgemein	envoi	6.17
formuler	formulieren	words	B1	verb		Allgemein	formuler	6.13
la générosité	die Großzügigkeit	words	B1	noun	f	Allgemein	générosité	6.13
la barrière	die Barriere	words	B1	noun	f	Allgemein	barrière	6.12
le ballet	das Ballett	words	B1	noun	n	Allgemein	ballet	6.11
la mouche	die Fliege	words	B1	noun	f	Allgemein	mouche	6.06
fleurir	blühen	words	B1	verb		Allgemein	fleurir	6.06
le gant	der Handschuh	words	B1	noun	m	Allgemein	gant	6.04
l'injustice	die Ungerechtigkeit	words	B1	noun	f	Allgemein	injustice	6.00
le pair	das Paar	words	B1	noun	m	Allgemein	pair	5.98
le technicien	der Techniker	words	B1	noun	m	Allgemein	technicien	5.98
l'époux	der Ehemann	words	B1	noun	m	Allgemein	époux	5.96
la prévision	die Vorhersage	words	B1	noun	f	Allgemein	prévision	5.96
interactif	interaktiv	words	B1	adjective		Allgemein	interactif	5.96
mamie	die Oma	words	B1	noun	f	Allgemein	mamie	5.96
la corrida	der Stierkampf	words	B1	noun	f	Allgemein	corrida	5.94
révolutionner	revolutionieren	words	B1	verb		Allgemein	révolutionner	5.92
la conduite	das Verhalten	words	B1	noun	f	Allgemein	conduite	5.92
le reproche	der Vorwurf	words	B1	noun	m	Allgemein	reproche	5.91
le sabot	der Holzschuh	words	B1	noun	m	Allgemein	sabot	5.90
le recueil	der Sammelband	words	B1	noun	m	Allgemein	recueil	5.90
le cycliste	der Radfahrer	words	B1	noun	m	Allgemein	cycliste	5.89
loyal	loyal	words	B1	adjective		Allgemein	loyal	5.88
violet	violett	words	B1	adjective		Allgemein	violet	5.88
imprimer	drucken	words	B1	verb		Allgemein	imprimer	5.87
le regret	das Bedauern	words	B1	noun	m	Allgemein	regret	5.87
l'aveugle	der Blinde	words	B1	noun	m	Allgemein	aveugle	5.87
le couturier	der Schneider	words	B1	noun	m	Allgemein	couturier	5.86
le tigre	der Tiger	words	B1	noun	m	Allgemein	tigre	5.85
algérien	algerisch	words	B1	adjective		Allgemein	algérien	5.83
la rédaction	die Redaktion	words	B1	noun	f	Allgemein	rédaction	5.80
programmer	programmieren	words	B1	verb		Allgemein	programmer	5.77
cinématographique	filmisch	words	B1	adjective		Allgemein	cinématographique	5.76
l'élégance	die Eleganz	words	B1	noun	f	Allgemein	élégance	5.75
la bagarre	die Schlägerei	words	B1	noun	f	Allgemein	bagarre	5.75
mesdames	die Damen	words	B1	noun	f	Allgemein	mesdames	5.74
la réservation	die Reservierung	words	B1	noun	f	Allgemein	réservation	5.74
la facture	die Rechnung	words	B1	noun	f	Allgemein	facture	5.74
le refuge	der Zufluchtsort	words	B1	noun	m	Allgemein	refuge	5.74
le frigo	der Kühlschrank	words	B1	noun	m	Allgemein	frigo	5.73
le veau	das Kalb	words	B1	noun	m	Allgemein	veau	5.73
nôtre	unser	words	B1	pronoun		Allgemein	nôtre	5.72
la dette	die Schuld	words	B1	noun	f	Allgemein	dette	5.71
le carrefour	die Kreuzung	words	B1	noun	m	Allgemein	carrefour	5.70
le brigadier	der Brigadier	words	B1	noun	m	Allgemein	brigadier	5.69
mécher	anzünden	words	B1	verb		Allgemein	mécher	5.69
une excuse	die Entschuldigung	words	B1	noun	f	Allgemein	excuse	5.63
une punition	die Bestrafung	words	B1	noun	f	Allgemein	punition	5.61
une lame	die Klinge	words	B1	noun	f	Allgemein	lame	5.59
régaler	verwöhnen	words	B1	verb		Allgemein	régaler	5.56
un abri	der Schutz	words	B1	noun	m	Allgemein	abri	5.53
une comparaison	der Vergleich	words	B1	noun	f	Allgemein	comparaison	5.52
la préfecture	die Präfektur	words	B1	noun	f	Allgemein	préfecture	5.50
un tee-shirt	das T-Shirt	words	B1	noun	m	Allgemein	tee-shirt	5.49
déborder	überlaufen	words	B1	verb		Allgemein	déborder	5.49
alentour	Umgebung	words	B1	noun		Allgemein	alentour	5.49
éblouir	blenden	words	B1	verb		Allgemein	éblouir	5.47
le coach	der Coach	words	B1	noun	m	Allgemein	coach	5.47
le rhume	die Erkältung	words	B1	noun	m	Allgemein	rhume	5.44
habile	geschickt	words	B1	adjective		Allgemein	habile	5.43
l'élan	der Elan	words	B1	noun	m	Allgemein	élan	5.42
frôler	streifen	words	B1	verb		Allgemein	frôler	5.42
l'enregistrement	die Aufnahme	words	B1	noun	n	Allgemein	enregistrement	5.39
le bonnet	die Mütze	words	B1	noun	m	Allgemein	bonnet	5.37
le pique-nique	das Picknick	words	B1	noun	m	Allgemein	pique-nique	5.33
réjouir	erfreuen	words	B1	verb		Allgemein	réjouir	5.33
l'héroïne	die Heldin	words	B1	noun	f	Allgemein	héroïne	5.32
la flore	die Flora	words	B1	noun	f	Allgemein	flore	5.30
le reportage	der Bericht	words	B1	noun	m	Allgemein	reportage	5.30
bah	bah	words	B1	interjection		Allgemein	bah	5.30
l'insécurité	die Unsicherheit	words	B1	noun	f	Allgemein	insécurité	5.30
la paternité	die Vaterschaft	words	B1	noun	f	Allgemein	paternité	5.30
automatiquement	automatisch	words	B1	adverb		Allgemein	automatiquement	5.29
l'exil	das Exil	words	B1	noun	n	Allgemein	exil	5.28
déshabiller	entkleiden	words	B1	verb		Allgemein	déshabiller	5.28
le cinquième	der fünfte	words	B1	noun	m	Allgemein	cinquième	5.25
le mythe	der Mythos	words	B1	noun	m	Allgemein	mythe	5.25
le bonbon	der Bonbon	words	B1	noun	m	Allgemein	bonbon	5.24
rattacher	anhängen	words	B1	verb		Allgemein	rattacher	5.21
solitaire	einsam	words	B1	adjective		Allgemein	solitaire	5.19
la cabine	die Kabine	words	B1	noun	f	Allgemein	cabine	5.18
la saucisse	die Wurst	words	B1	noun	f	Allgemein	saucisse	5.17
le monte	der Aufzug	words	B1	noun	m	Allgemein	monte	5.17
la faune	die Fauna	words	B1	noun	f	Allgemein	faune	5.16
cassé	kaputt	words	B1	adjective		Allgemein	cassé	5.14
la bougie	die Kerze	words	B1	noun	f	Allgemein	bougie	5.14
siffler	pfeifen	words	B1	verb		Allgemein	siffler	5.12
ironique	ironisch	words	B1	adjective		Allgemein	ironique	5.12
hisser	hissen	words	B1	verb		Allgemein	hisser	5.12
tristement	traurig	words	B1	adverb		Allgemein	tristement	5.09
fièrement	stolz	words	B1	adverb		Allgemein	fièrement	5.09
l'étagère	das Regal	words	B1	noun	f	Allgemein	étagère	5.09
le bricolage	das Basteln	words	B1	noun	m	Allgemein	bricolage	5.06
la distinction	die Auszeichnung	words	B1	noun	f	Allgemein	distinction	5.04
l'ogre	der Ogre	words	B1	noun	m	Allgemein	ogre	5.04
la projection	die Projektion	words	B1	noun	f	Allgemein	projection	5.04
la fierté	der Stolz	words	B1	noun	f	Allgemein	fierté	5.02
l'option	die Option	words	B1	noun	f	Allgemein	option	5.00
breton	bretonisch	words	B1	adjective		Allgemein	breton	4.97
le marathon	der Marathon	words	B1	noun	m	Allgemein	marathon	4.97
vocal	vokal	words	B1	adjective		Allgemein	vocal	4.97
ronde	rund	words	B1	noun		Allgemein	ronde	4.95
le chandelier	der Kerzenständer	words	B1	noun	m	Allgemein	chandelier	4.94
déserter	desertieren	words	B1	verb		Allgemein	déserter	4.88
détendre	entspannen	words	B1	verb		Allgemein	détendre	4.88
le championnat	die Meisterschaft	words	B1	noun	m	Allgemein	championnat	4.87
le sel	das Salz	words	B1	noun	m	Allgemein	sel	4.86
physiquement	körperlich	words	B1	adverb		Allgemein	physiquement	4.84
le cliché	das Klischee	words	B1	noun	m	Allgemein	cliché	4.84
la case	das Feld	words	B1	noun	f	Allgemein	case	4.83
le provincial	der Provinzler	words	B1	noun	m	Allgemein	provincial	4.82
coudre	nähen	words	B1	verb		Allgemein	coudre	4.82
curieusement	merkwürdigerweise	words	B1	adverb		Allgemein	curieusement	4.80
tourmenter	quälen	words	B1	verb		Allgemein	tourmenter	4.79
replier	falten	words	B1	verb		Allgemein	replier	4.76
la jungle	der Dschungel	words	B1	noun	f	Allgemein	jungle	4.75
la vaisselle	das Geschirr	words	B1	noun	f	Allgemein	vaisselle	4.73
violemment	gewaltsam	words	B1	adverb		Allgemein	violemment	4.69
la coïncidence	der Zufall	words	B1	noun	f	Allgemein	coïncidence	4.68
prudent	vorsichtig	words	B1	adjective		Allgemein	prudent	4.66
repasser	bügeln	words	B1	verb		Allgemein	repasser	4.66
l'interprète	der Dolmetscher	words	B1	noun	m	Allgemein	interprète	4.65
la couronne	die Krone	words	B1	noun	f	Allgemein	couronne	4.65
présider	vorsitzen	words	B1	verb		Allgemein	présider	4.61
réapparaître	wieder erscheinen	words	B1	verb		Allgemein	réapparaître	4.61
la blouse	die Bluse	words	B1	noun	f	Allgemein	blouse	4.61
le cigare	der Zigarre	words	B1	noun	m	Allgemein	cigare	4.60
la hache	die Axt	words	B1	noun	f	Allgemein	hache	4.54
le ressort	die Feder	words	B1	noun	m	Allgemein	ressort	4.53
désespérément	verzweifelt	words	B1	adverb		Allgemein	désespérément	4.51
le vainqueur	der Sieger	words	B1	noun	m	Allgemein	vainqueur	4.51
la pizza	die Pizza	words	B1	noun	f	Allgemein	pizza	4.51
grecque	griechisch	words	B1	adjective		Allgemein	grecque	4.51
accélérer	beschleunigen	words	B1	verb		Allgemein	accélérer	4.49
repenser	überdenken	words	B1	verb		Allgemein	repenser	4.48
dorer	vergolden	words	B1	verb		Allgemein	dorer	4.46
terriblement	furchtbar	words	B1	adverb		Allgemein	terriblement	4.46
haïr	hassen	words	B1	verb		Allgemein	haïr	4.45
convertir	umwandeln	words	B1	verb		Allgemein	convertir	4.44
foncer	rasen	words	B1	verb		Allgemein	foncer	4.39
imposant	imposant	words	B1	adjective		Allgemein	imposant	4.39
chérir	lieben	words	B1	verb		Allgemein	chérir	4.38
le vieillard	der Greis	words	B1	noun	m	Allgemein	vieillard	4.38
le tube	das Rohr	words	B1	noun	n	Allgemein	tube	4.34
fatal	tödlich	words	B1	adjective		Allgemein	fatal	4.34
gênant	peinlich	words	B1	adjective		Allgemein	gênant	4.33
l'invite	der Gast	words	B1	noun	m	Allgemein	invite	4.32
le match	das Spiel	words	B1	noun	n	Allgemein	match	4.32
le dramaturge	der Dramatiker	words	B1	noun	m	Allgemein	dramaturge	4.32
l'équipage	die Besatzung	words	B1	noun	f	Allgemein	équipage	4.30
frissonner	frösteln	words	B1	verb		Allgemein	frissonner	4.30
la boucle	die Schleife	words	B1	noun	f	Allgemein	boucle	4.30
différemment	anders	words	B1	adverb		Allgemein	différemment	4.29
pêcher	fischen	words	B1	verb		Allgemein	pêcher	4.27
l'aiguille	die Nadel	words	B1	noun	f	Allgemein	aiguille	4.26
la permission	die Erlaubnis	words	B1	noun	f	Allgemein	permission	4.26
vôtre	Ihr	words	B1	pronoun		Allgemein	vôtre	4.25
la science-fiction	die Science-Fiction	words	B1	noun	f	Allgemein	science-fiction	4.24
soigneusement	sorgfältig	words	B1	adverb		Allgemein	soigneusement	4.23
décerné	verleihen	words	B1	verb		Allgemein	décerner	4.19
paresseux	faul	words	B1	adjective		Allgemein	paresseux	4.17
la médiathèque	die Mediathek	words	B1	noun	f	Allgemein	médiathèque	4.16
désarmer	entwaffnen	words	B1	verb		Allgemein	désarmer	4.14
le pli	der Falten	words	B1	noun	m	Allgemein	pli	4.13
le maillot	das Trikot	words	B1	noun	m	Allgemein	maillot	4.12
sursauter	zusammenzucken	words	B1	verb		Allgemein	sursauter	4.12
patiemment	geduldig	words	B1	adverb		Allgemein	patiemment	4.10
le pneu	der Reifen	words	B1	noun	m	Allgemein	pneu	4.08
la demoiselle	das Fräulein	words	B1	noun	f	Allgemein	demoiselle	4.07
le documentaire	der Dokumentarfilm	words	B1	noun	m	Allgemein	documentaire	4.06
attentif	aufmerksam	words	B1	adjective		Allgemein	attentif	4.06
la respiration	die Atmung	words	B1	noun	f	Allgemein	respiration	4.06
le baccalauréat	das Abitur	words	B1	noun	m	Allgemein	baccalauréat	4.05
la caresse	die Streicheleinheit	words	B1	noun	f	Allgemein	caresse	4.05
faillir	versagen	words	B1	verb		Allgemein	faillir	4.05
l'opposition	die Opposition	words	B1	noun	f	Allgemein	opposition	4.04
Cendrillon	Aschenputtel	words	B1	noun		Allgemein	cendrillon	4.03
nommé	benannt	words	B1	adjective		Allgemein	nommé	4.03
le coton	die Baumwolle	words	B1	noun	m	Allgemein	coton	4.01
revivre	wieder leben	words	B1	verb		Allgemein	revivre	3.99
la monarchie	die Monarchie	words	B1	noun	f	Allgemein	monarchie	3.98
le nettoyage	die Reinigung	words	B1	noun	m	Allgemein	nettoyage	3.94
le souper	das Abendessen	words	B1	noun	m	Essen & Trinken	souper	3.94
la nappe	das Tischtuch	words	B1	noun	f	Essen & Trinken	nappe	3.94
le loto	das Lotto	words	B1	noun	m	Freizeit & Hobbys	loto	3.92
le four	der Ofen	words	B1	noun	m	Essen & Trinken	four	3.92
mille	tausend	words	B1	noun		Zahlen & Mengen	mille	3.90
le design	das Design	words	B1	noun	m	Allgemein	design	3.89
sèche	trocken	words	B1	adjective		Allgemein	sèche	3.88
la caserne	die Kaserne	words	B1	noun	f	Allgemein	caserne	3.87
le tuyau	das Rohr	words	B1	noun	m	Allgemein	tuyau	3.87
le marteau	der Hammer	words	B1	noun	m	Allgemein	marteau	3.86
le mets	das Gericht	words	B1	noun	m	Essen & Trinken	mets	3.85
le brouillard	der Nebel	words	B1	noun	m	Wetter & Jahreszeiten	brouillard	3.85
la simplicité	die Einfachheit	words	B1	noun	f	Allgemein	simplicité	3.84
économiser	sparen	words	B1	verb		Einkaufen & Geld	économiser	3.82
le feuillage	das Laub	words	B1	noun	m	Tiere & Natur	feuillage	3.82
l'excursion	die Exkursion	words	B1	noun	f	Freizeit & Hobbys	excursion	3.82
la corne	das Horn	words	B1	noun	f	Tiere & Natur	corne	3.82
le gagnant	der Gewinner	words	B1	noun	m	Allgemein	gagnant	3.82
piquer	stechen	words	B1	verb		Allgemein	piquer	3.79
bruyant	laut	words	B1	adjective		Allgemein	bruyant	3.76
préhistorique	prähistorisch	words	B1	adjective		Allgemein	préhistorique	3.75
le répertoire	das Verzeichnis	words	B1	noun	m	Allgemein	répertoire	3.73
la tournée	die Tour	words	B1	noun	f	Freizeit & Hobbys	tournée	3.72
dissiper	vertreiben	words	B1	verb		Allgemein	dissiper	3.71
robotique	robotisch	words	B1	noun		Allgemein	robotique	3.71
le barreau	der Stab	words	B1	noun	m	Allgemein	barreau	3.70
l'écureuil	das Eichhörnchen	words	B1	noun	m	Tiere & Natur	écureuil	3.70
le coffret	der Kasten	words	B1	noun	m	Allgemein	coffret	3.68
la roche	der Felsen	words	B1	noun	f	Tiere & Natur	roche	3.67
le fût	das Fass	words	B1	noun	m	Allgemein	fût	3.67
surmonter	überwinden	words	B1	verb		Allgemein	surmonter	3.67
le littoral	die Küste	words	B1	noun	m	Geografie	littoral	3.67
guerrier	kriegerisch	words	B1	adjective		Allgemein	guerrier	3.67
l'orthographe	die Rechtschreibung	words	B1	noun	f	Schule & Bildung	orthographe	3.66
la poubelle	der Mülleimer	words	B1	noun	f	Allgemein	poubelle	3.66
la porcelaine	das Porzellan	words	B1	noun	f	Allgemein	porcelaine	3.66
littéralement	wörtlich	words	B1	adverb		Allgemein	littéralement	3.66
la mobylette	das Moped	words	B1	noun	f	Allgemein	mobylette	3.64
lourdement	schwer	words	B1	adverb		Allgemein	lourdement	3.63
l'abbé	der Abt	words	B1	noun	m	Allgemein	abbé	3.63
agresser	angreifen	words	B1	verb		Allgemein	agresser	3.63
débrouiller	zurechtkommen	words	B1	verb		Allgemein	débrouiller	3.63
le conservateur	der Konservator	words	B1	noun	m	Allgemein	conservateur	3.62
le champignon	der Pilz	words	B1	noun	m	Tiere & Natur	champignon	3.62
la halte	der Halt	words	B1	noun	f	Reisen & Urlaub	halte	3.61
les mesdemoiselles	die Fräuleins	words	B1	noun	f	Familie & Freunde	mesdemoiselles	3.60
le périple	die Reise	words	B1	noun	m	Reisen & Urlaub	périple	3.59
la communion	die Kommunion	words	B1	noun	f	Allgemein	communion	3.58
la batterie	die Batterie	words	B1	noun	f	Allgemein	batterie	3.57
isolé	isoliert	words	B1	adjective		Allgemein	isolé	3.57
spatial	räumlich	words	B1	adjective		Allgemein	spatial	3.56
la bonté	die Güte	words	B1	noun	f	Gefühle & Charakter	bonté	3.55
le bonhomme	der Mann	words	B1	noun	m	Familie & Freunde	bonhomme	3.54
déçu	enttäuscht	words	B1	adjective		Gefühle & Charakter	déçu	3.52
le mac	der Typ	words	B1	noun	m	Familie & Freunde	mac	3.52
le semblant	der Schein	words	B1	noun	m	Allgemein	semblant	3.51
la propreté	die Sauberkeit	words	B1	noun	f	Allgemein	propreté	3.51
pique-niquer	picknicken	words	B1	verb		Freizeit & Hobbys	pique-niquer	3.51
la tombée	der Fall	words	B1	noun	f	Allgemein	tombée	3.51
démolir	abreißen	words	B1	verb		Allgemein	démolir	3.49
le protestant	der Protestant	words	B1	noun	m	Allgemein	protestant	3.49
le couvercle	der Deckel	words	B1	noun	m	Allgemein	couvercle	3.48
intensif	intensiv	words	B1	adjective		Allgemein	intensif	3.47
successif	aufeinanderfolgend	words	B1	adjective		Allgemein	successif	3.44
l'étiquette	das Etikett	words	B1	noun	f	Allgemein	étiquette	3.44
incendier	anzünden	words	B1	verb		Allgemein	incendier	3.43
le bronze	das Bronze	words	B1	noun	m	Allgemein	bronze	3.43
tendrement	zärtlich	words	B1	adverb		Allgemein	tendrement	3.43
le crayon	der Bleistift	words	B1	noun	m	Schule & Bildung	crayon	3.43
la frite	die Pommes	words	B1	noun	f	Essen & Trinken	frite	3.42
la section	der Abschnitt	words	B1	noun	f	Allgemein	section	3.41
la fraîcheur	die Frische	words	B1	noun	f	Essen & Trinken	fraîcheur	3.41
la pureté	die Reinheit	words	B1	noun	f	Allgemein	pureté	3.40
lâche	feige	words	B1	adjective		Gefühle & Charakter	lâche	3.40
convaincant	überzeugend	words	B1	adjective		Allgemein	convaincant	3.39
la moto	das Motorrad	words	B1	noun	f	Allgemein	moto	3.39
impatient	ungeduldig	words	B1	adjective		Gefühle & Charakter	impatient	3.38
la serrure	das Schloss	words	B1	noun	f	Wohnen & Haus	serrure	3.37
le golf	der Golf	words	B1	noun	m	Allgemein	golf	3.37
sucrer	zucker	words	B1	verb		Essen & Trinken	sucrer	3.37
le ménestrel	der Minnesänger	words	B1	noun	m	Allgemein	ménestrel	3.37
le lavabo	das Waschbecken	words	B1	noun	m	Wohnen & Haus	lavabo	3.36
uni	einfarbig	words	B1	adjective		Kleidung & Mode	uni	3.35
l'aspirateur	der Staubsauger	words	B1	noun	m	Wohnen & Haus	aspirateur	3.31
joyeusement	fröhlich	words	B1	adverb		Allgemein	joyeusement	3.31
contagieux	ansteckend	words	B1	adjective		Körper & Gesundheit	contagieux	3.29
choquant	schockierend	words	B1	adjective		Allgemein	choquant	3.28
bizarrement	seltsamerweise	words	B1	adverb		Allgemein	bizarrement	3.25
la panique	die Panik	words	B1	noun	f	Körper & Gesundheit	panique	3.25
illégal	illegal	words	B1	adjective		Allgemein	illégal	3.25
durcir	härten	words	B1	verb		Allgemein	durcir	3.23
quotidiennement	täglich	words	B1	adverb		Allgemein	quotidiennement	3.20
aérer	lüften	words	B1	verb		Wohnen & Haus	aérer	3.19
le stand	der Stand	words	B1	noun	m	Einkaufen & Geld	stand	3.18
le féminisme	der Feminismus	words	B1	noun	m	Allgemein	féminisme	3.18
la moralité	die Moralität	words	B1	noun	f	Allgemein	moralité	3.18
parier	wetten	words	B1	verb		Allgemein	parier	3.17
injuste	ungerecht	words	B1	adjective		Allgemein	injuste	3.16
le colocataire	der Mitbewohner	words	B1	noun	m	Wohnen & Haus	colocataire	3.16
métallique	metallisch	words	B1	adjective		Allgemein	métallique	3.15
la provision	die Vorräte	words	B1	noun	f	Essen & Trinken	provision	3.15
l'escalade	die Kletterei	words	B1	noun	f	Sport	escalade	3.12
exprès	absichtlich	words	B1	adverb		Allgemein	exprès	3.12
le bohémien	der Bohemien	words	B1	noun	m	Allgemein	bohémien	3.12
la condamnation	die Verurteilung	words	B1	noun	f	Allgemein	condamnation	3.12
le hall	die Halle	words	B1	noun	m	Wohnen & Haus	hall	3.12
inclure	einschließen	words	B1	verb		Allgemein	inclure	3.11
le citadin	der Stadtbewohner	words	B1	noun	m	Stadt & Verkehr	citadin	3.11
le cinéaste	der Filmemacher	words	B1	noun	m	Medien & Technik	cinéaste	3.10
l'épingle	die Nadel	words	B1	noun	f	Allgemein	épingle	3.08
la lessive	die Wäsche	words	B1	noun	f	Essen & Trinken	lessive	3.08
regagner	zurückgewinnen	words	B1	verb		Allgemein	regagner	3.07
le paquebot	das Kreuzfahrtschiff	words	B1	noun	m	Reisen & Urlaub	paquebot	3.06
le songe	der Traum	words	B1	noun	m	Allgemein	songe	3.06
le renard	der Fuchs	words	B1	noun	m	Tiere & Natur	renard	3.04
intact	unberührt	words	B1	adjective		Allgemein	intact	3.01
l'indication	die Angabe	words	B1	noun	f	Allgemein	indication	3.01
la tragédie	die Tragödie	words	B1	noun	f	Allgemein	tragédie	3.00
habituellement	gewöhnlich	words	B1	adverb		Allgemein	habituellement	3.00
tous	alle	words	B1	noun		Allgemein	tous	2.99
le jambon	der Schinken	words	B1	noun	m	Essen & Trinken	jambon	2.97
l'arrestation	die Festnahme	words	B1	noun	f	Allgemein	arrestation	2.97
le doctorat	der Doktortitel	words	B1	noun	m	Schule & Bildung	doctorat	2.96
brûlant	brennend	words	B1	adjective		Allgemein	brûlant	2.96
la décharge	die Entladung	words	B1	noun	f	Allgemein	décharge	2.95
la stabilité	die Stabilität	words	B1	noun	f	Allgemein	stabilité	2.95
féministe	feministisch	words	B1	adjective		Allgemein	féministe	2.95
le coude	der Ellbogen	words	B1	noun	m	Körper & Gesundheit	coude	2.94
la rêverie	die Träumerei	words	B1	noun	f	Allgemein	rêverie	2.94
la prairie	die Wiese	words	B1	noun	f	Tiere & Natur	prairie	2.93
patienter	warten	words	B1	verb		Allgemein	patienter	2.90
la fillette	das Mädchen	words	B1	noun	f	Familie & Freunde	fillette	2.88
le ferment	der Ferment	words	B1	noun	m	Essen & Trinken	ferment	2.88
le square	der Platz	words	B1	noun	m	Stadt & Verkehr	square	2.87
indigner	empören	words	B1	verb		Gefühle & Charakter	indigner	2.87
débutant	anfängerm	words	B1	adjective		Allgemein	débutant	2.86
la présidence	die Präsidentschaft	words	B1	noun	f	Allgemein	présidence	2.85
la guillotine	die Guillotine	words	B1	noun	f	Allgemein	guillotine	2.85
le filtre	der Filter	words	B1	noun	m	Allgemein	filtre	2.83
la réparation	die Reparatur	words	B1	noun	f	Allgemein	réparation	2.81
abondant	reichlich	words	B1	adjective		Allgemein	abondant	2.78
le seau	der Eimer	words	B1	noun	m	Allgemein	seau	2.78
la belle-fille	die Schwiegertochter	words	B1	noun	f	Familie & Freunde	belle-fille	2.78
bouillir	kochen	words	B1	verb		Essen & Trinken	bouillir	2.77
faiblement	schwach	words	B1	adverb		Allgemein	faiblement	2.74
perfectionner	verbessern	words	B1	verb		Allgemein	perfectionner	2.73
le mi-temps	die Teilzeit	words	B1	noun	m	Allgemein	mi-temps	2.72
le flash	der Blitz	words	B1	noun	m	Allgemein	flash	2.72
déprimer	deprimieren	words	B1	verb		Allgemein	déprimer	2.71
redonner	zurückgeben	words	B1	verb		Allgemein	redonner	2.70
salir	verschmutzen	words	B1	verb		Allgemein	salir	2.69
la foudre	der Blitz	words	B1	noun	f	Wetter & Jahreszeiten	foudre	2.69
high-tech	hochmodern	words	B1	adjective		Medien & Technik	high-tech	2.68
l'embrasse	die Umarmung	words	B1	noun	f	Allgemein	embrasse	2.67
le magicien	der Zauberer	words	B1	noun	m	Allgemein	magicien	2.65
sortant	ausgehend	words	B1	noun		Allgemein	sortant	2.65
pressé	beeilt	words	B1	adjective		Allgemein	pressé	2.65
le short	die Shorts	words	B1	noun	m	Kleidung & Mode	short	2.64
spacieux	geräumig	words	B1	adjective		Wohnen & Haus	spacieux	2.64
subventionner	subventionieren	words	B1	verb		Arbeit & Beruf	subventionner	2.63
zéro	null	words	B1	noun	m	Zahlen & Mengen	zéro	2.62
le tonneau	das Fass	words	B1	noun	m	Allgemein	tonneau	2.62
carburer	laufen	words	B1	verb		Allgemein	carburer	2.60
la navette	der Shuttle	words	B1	noun	f	Stadt & Verkehr	navette	2.59
les castagnettes	die Kastagnetten	words	B1	noun		Musik	castagnettes	2.59
remarier	wieder heiraten	words	B1	verb		Familie & Freunde	remarier	2.58
le ruisseau	der Bach	words	B1	noun	m	Tiere & Natur	ruisseau	2.57
camper	campen	words	B1	verb		Reisen & Urlaub	camper	2.55
le lilas	der Flieder	words	B1	noun	m	Tiere & Natur	lilas	2.54
pressant	dringend	words	B1	adjective		Allgemein	pressant	2.53
premièrement	erstens	words	B1	adverb		Allgemein	premièrement	2.52
indemne	unbeschadet	words	B1	adjective		Allgemein	indemne	2.51
l'amande	die Mandel	words	B1	noun	f	Essen & Trinken	amande	2.51
la bourgade	das Dorf	words	B1	noun	f	Stadt & Verkehr	bourgade	2.49
rallumer	wiederanzünden	words	B1	verb		Allgemein	rallumer	2.49
celtique	keltisch	words	B1	adjective		Allgemein	celtique	2.48
la mélodie	die Melodie	words	B1	noun	f	Allgemein	mélodie	2.47
bavard	geschwätzig	words	B1	adjective		Allgemein	bavard	2.47
savoureux	schmackhaft	words	B1	adjective		Essen & Trinken	savoureux	2.47
transparent	transparent	words	B1	adjective		Allgemein	transparent	2.46
la déesse	die Göttin	words	B1	noun	f	Allgemein	déesse	2.46
chausser	anziehen	words	B1	verb		Kleidung & Mode	chausser	2.46
surgeler	einfrieren	words	B1	verb		Essen & Trinken	surgeler	2.45
la carafe	die Karaffe	words	B1	noun	f	Essen & Trinken	carafe	2.45
l'ordonnance	das Rezept	words	B1	noun	f	Körper & Gesundheit	ordonnance	2.44
la tempête	der Sturm	words	B1	noun	f	Wetter & Jahreszeiten	tempête	2.44
souple	flexibel	words	B1	adjective		Allgemein	souple	2.44
la fréquentation	der Besuch	words	B1	noun	f	Allgemein	fréquentation	2.43
lyonnais	lyonisch	words	B1	adjective		Allgemein	lyonnais	2.43
l'automobiliste	der Autofahrer	words	B1	noun	m	Stadt & Verkehr	automobiliste	2.43
l'aventurier	der Abenteurer	words	B1	noun	m	Freizeit & Hobbys	aventurier	2.42
solennel	feierlich	words	B1	adjective		Allgemein	solennel	2.42
silencieusement	still	words	B1	adverb		Allgemein	silencieusement	2.39
reconduire	zurückbringen	words	B1	verb		Allgemein	reconduire	2.39
le combattant	der Kämpfer	words	B1	noun	m	Allgemein	combattant	2.39
adoptif	adoptiv	words	B1	adjective		Familie & Freunde	adoptif	2.37
l'arrivée	die Ankunft	words	B1	noun	f	Reisen & Urlaub	arrivé	2.37
copieux	reichhaltig	words	B1	adjective		Essen & Trinken	copieux	2.37
gratter	kratzen	words	B1	verb		Allgemein	gratter	2.37
bienvenu	willkommen	words	B1	noun	m	Begrüßung & Höflichkeit	bienvenu	2.36
le carrosse	die Kutsche	words	B1	noun	m	Allgemein	carrosse	2.35
maigrir	abnehmen	words	B1	verb		Körper & Gesundheit	maigrir	2.35
tremblant	zitternd	words	B1	adjective		Allgemein	tremblant	2.35
le tambourin	das Tamburin	words	B1	noun	m	Allgemein	tambourin	2.35
l'indifférence	die Gleichgültigkeit	words	B1	noun	f	Gefühle & Charakter	indifférence	2.31
énigmatique	rätselhaft	words	B1	adjective		Allgemein	énigmatique	2.30
secrètement	heimlich	words	B1	adverb		Allgemein	secrètement	2.30
grossir	zunehmen	words	B1	verb		Körper & Gesundheit	grossir	2.28
l'agitation	die Aufregung	words	B1	noun	f	Gefühle & Charakter	agitation	2.28
adroit	geschickt	words	B1	adjective		Allgemein	adroit	2.26
le gîte	die Unterkunft	words	B1	noun	m	Reisen & Urlaub	gîte	2.25
le smoking	der Smoking	words	B1	noun	m	Kleidung & Mode	smoking	2.24
gallo-romain	gallo-römisch	words	B1	adjective		Allgemein	gallo-romain	2.24
la pirogue	das Einbaumboot	words	B1	noun	f	Allgemein	pirogue	2.19
le baiser	der Kuss	words	B1	noun	m	Familie & Freunde	baiser	2.16
l'armure	die Rüstung	words	B1	noun	f	Allgemein	armure	2.16
l'éternité	die Ewigkeit	words	B1	noun	f	Allgemein	éternité	2.16
la télécommande	die Fernbedienung	words	B1	noun	f	Medien & Technik	télécommande	2.14
républicain	republikanisch	words	B1	adjective		Allgemein	républicain	2.14
frire	frittieren	words	B1	verb		Essen & Trinken	frire	2.14
doré	golden	words	B1	adjective		Allgemein	doré	2.12
la pelote	der Ball	words	B1	noun	f	Freizeit & Hobbys	pelote	2.09
la sirène	die Sirene	words	B1	noun	f	Allgemein	sirène	2.08
la relique	die Reliquie	words	B1	noun	f	Allgemein	relique	2.06
le plongeur	der Taucher	words	B1	noun	m	Freizeit & Hobbys	plongeur	2.05
la fourchette	die Gabel	words	B1	noun	f	Essen & Trinken	fourchette	2.05
le menton	das Kinn	words	B1	noun	m	Körper & Gesundheit	menton	2.05
héberger	unterbringen	words	B1	verb		Wohnen & Haus	héberger	2.04
mourant	sterbend	words	B1	adjective		Allgemein	mourant	2.03
la camionnette	die Kleintransporter	words	B1	noun	f	Stadt & Verkehr	camionnette	2.02
le tilleul	die Linde	words	B1	noun	m	Tiere & Natur	tilleul	2.02
l'entraîneur	der Trainer	words	B1	noun	m	Sport	entraîneur	2.01
muscler	muskeln	words	B1	verb		Körper & Gesundheit	muscler	2.00
retraiter	rückziehen	words	B1	verb		Allgemein	retraiter	1.99
soigné	gepflegt	words	B1	adjective		Körper & Gesundheit	soigné	1.98
papi	der Opa	words	B1	noun	m	Familie & Freunde	papi	1.98
cadrer	rahmen	words	B1	verb		Allgemein	cadrer	1.97
la bourgeoisie	die Bourgeoisie	words	B1	noun	f	Allgemein	bourgeoisie	1.96
l'oreiller	das Kissen	words	B1	noun	n	Wohnen & Haus	oreiller	1.95
neiger	schneien	words	B1	verb		Wetter & Jahreszeiten	neiger	1.95
la laine	die Wolle	words	B1	noun	f	Essen & Trinken	laine	1.94
la moustache	der Schnurrbart	words	B1	noun	f	Körper & Gesundheit	moustache	1.94
dernièrement	kürzlich	words	B1	adverb		Zeit & Datum	dernièrement	1.94
la gratitude	die Dankbarkeit	words	B1	noun	f	Gefühle & Charakter	gratitude	1.94
la légion	die Legion	words	B1	noun	f	Allgemein	légion	1.92
le standard	der Standard	words	B1	noun	m	Allgemein	standard	1.92
cirer	wachsen	words	B1	verb		Allgemein	cirer	1.92
le bouclier	der Schild	words	B1	noun	m	Allgemein	bouclier	1.92
la gelée	die Gelee	words	B1	noun	f	Essen & Trinken	gelée	1.91
le volcan	der Vulkan	words	B1	noun	m	Tiere & Natur	volcan	1.91
le colonel	der Colonel	words	B1	noun	m	Allgemein	colonel	1.89
la poire	die Birne	words	B1	noun	f	Essen & Trinken	poire	1.88
l'électeur	der Wähler	words	B1	noun	m	Allgemein	électeur	1.88
le monastère	das Kloster	words	B1	noun	n	Allgemein	monastère	1.87
la brume	der Nebel	words	B1	noun	f	Wetter & Jahreszeiten	brume	1.87
celte	keltisch	words	B1	adjective		Allgemein	celte	1.87
foncier	grundlegend	words	B1	adjective		Allgemein	foncier	1.87
la stupéfaction	die Verblüffung	words	B1	noun	f	Gefühle & Charakter	stupéfaction	1.85
le caillou	der Kiesel	words	B1	noun	m	Tiere & Natur	caillou	1.85
le reggae	der Reggae	words	B1	noun	m	Allgemein	reggae	1.85
typiquement	typischerweise	words	B1	adverb		Allgemein	typiquement	1.83
le résidu	der Rest	words	B1	noun	m	Allgemein	résidu	1.80
centraliser	zentralisieren	words	B1	verb		Allgemein	centraliser	1.78
le déménagement	der Umzug	words	B1	noun	m	Allgemein	déménagement	1.77
le jet	der Jet	words	B1	noun	m	Allgemein	jet	1.75
l'épicerie	der Lebensmittelladen	words	B1	noun	f	Einkaufen & Geld	épicerie	1.75
le menteur	der Lügner	words	B1	noun	m	Allgemein	menteur	1.73
pop	pop	words	B1	adjective		Allgemein	pop	1.67
synthétique	synthetisch	words	B1	adjective		Allgemein	synthétique	1.66
la compassion	das Mitgefühl	words	B1	noun	f	Gefühle & Charakter	compassion	1.66
allons	gehen wir	words	B1	interjection		Allgemein	allons	1.66
édifier	errichten	words	B1	verb		Allgemein	édifier	1.66
le change	der Wechsel	words	B1	noun	m	Einkaufen & Geld	change	1.65
la fascination	die Faszination	words	B1	noun	f	Gefühle & Charakter	fascination	1.65
courageusement	mutig	words	B1	adverb		Allgemein	courageusement	1.65
dominical	sonntäglich	words	B1	adjective		Zeit & Datum	dominical	1.64
le terme	der Begriff	words	B2	noun	m	Allgemein	terme	89.47
constituer	bilden	words	B2	verb		Allgemein	constituer	67.84
le chercheur	der Forscher	words	B2	noun	m	Allgemein	chercheur	67.63
désormais	von jetzt an	words	B2	adverb		Allgemein	désormais	65.16
le réseau	das Netzwerk	words	B2	noun	n	Allgemein	réseau	64.17
le débat	die Debatte	words	B2	noun	m	Allgemein	débat	55.37
lutter	kämpfen	words	B2	verb		Allgemein	lutter	47.36
souligner	unterstreichen	words	B2	verb		Allgemein	souligner	46.50
disposer	verfügen	words	B2	verb		Allgemein	disposer	45.14
étendre	ausdehnen	words	B2	verb		Allgemein	étendre	42.76
soutenir	unterstützen	words	B2	verb		Allgemein	soutenir	42.19
la représentation	die Darstellung	words	B2	noun	f	Allgemein	représentation	39.73
le lien	die Verbindung	words	B2	noun	m	Allgemein	lien	39.48
appliquer	anwenden	words	B2	verb		Allgemein	appliquer	38.14
craindre	fürchten	words	B2	verb		Allgemein	craindre	37.64
au-delà	darüber hinaus	words	B2	adverb		Allgemein	au-delà	37.23
la cesse	die Unterbrechung	words	B2	noun	f	Allgemein	cesse	36.14
la capacité	die Fähigkeit	words	B2	noun	f	Allgemein	capacité	34.93
moindre	gering	words	B2	adjective		Allgemein	moindre	34.56
intellectuel	intellektuell	words	B2	adjective		Allgemein	intellectuel	33.70
issu	stammend	words	B2	adjective		Allgemein	issu	33.38
la protection	der Schutz	words	B2	noun	f	Allgemein	protection	33.36
criminel	kriminell	words	B2	noun		Allgemein	criminel	33.26
la quantité	die Menge	words	B2	noun	f	Allgemein	quantité	32.11
d'autant	umso	words	B2	adverb		Allgemein	d'autant	31.84
le sondage	die Umfrage	words	B2	noun	m	Allgemein	sondage	31.18
essentiel	wesentlich	words	B2	adjective		Allgemein	essentiel	30.90
l'univers	das Universum	words	B2	noun	n	Allgemein	univers	30.88
auquel	zu dem	words	B2	pronoun		Allgemein	auquel	30.70
le fonctionnement	die Funktionsweise	words	B2	noun	m	Allgemein	fonctionnement	30.69
éprouver	erfahren	words	B2	verb		Allgemein	éprouver	30.47
introduire	einführen	words	B2	verb		Allgemein	introduire	30.47
l'égalité	die Gleichheit	words	B2	noun	f	Allgemein	égalité	30.34
l'échelle	die Leiter	words	B2	noun	f	Allgemein	échelle	29.67
favoriser	begünstigen	words	B2	verb		Allgemein	favoriser	29.62
forcément	zwangsläufig	words	B2	adverb		Allgemein	forcément	29.56
le sociologue	der Soziologe	words	B2	noun	m	Allgemein	sociologue	29.29
fameux	berühmt	words	B2	adjective		Allgemein	fameux	28.80
désigner	bezeichnen	words	B2	verb		Allgemein	désigner	28.32
la perte	der Verlust	words	B2	noun	f	Allgemein	perte	28.26
individuel	individuell	words	B2	adjective		Allgemein	individuel	28.18
le statut	der Status	words	B2	noun	m	Allgemein	statut	28.04
essentiellement	wesentlich	words	B2	adverb		Allgemein	essentiellement	27.55
l'ouvrage	das Werk	words	B2	noun	m	Allgemein	ouvrage	27.47
mobile	mobil	words	B2	adjective		Allgemein	mobile	27.37
le bal	der Ball	words	B2	noun	m	Allgemein	bal	27.22
susciter	auslösen	words	B2	verb		Allgemein	susciter	27.08
la démocratie	die Demokratie	words	B2	noun	f	Allgemein	démocratie	26.83
soumettre	unterwerfen	words	B2	verb		Allgemein	soumettre	26.70
la réduction	die Reduzierung	words	B2	noun	f	Allgemein	réduction	26.57
durable	nachhaltig	words	B2	adjective		Allgemein	durable	26.35
récemment	kürzlich	words	B2	adverb		Allgemein	récemment	26.08
le soutien	die Unterstützung	words	B2	noun	m	Allgemein	soutien	25.95
l'exception	die Ausnahme	words	B2	noun	f	Allgemein	exception	25.28
le traitement	die Behandlung	words	B2	noun	m	Allgemein	traitement	25.18
percevoir	wahrnehmen	words	B2	verb		Allgemein	percevoir	25.09
le patrimoine	das Erbe	words	B2	noun	m	Allgemein	patrimoine	25.00
l'unité	die Einheit	words	B2	noun	f	Allgemein	unité	24.88
extrême	extrem	words	B2	adjective		Allgemein	extrême	24.78
le parti	die Partei	words	B2	noun	m	Allgemein	parti	24.62
le défaut	der Fehler	words	B2	noun	m	Allgemein	défaut	24.33
envisager	in Betracht ziehen	words	B2	verb		Allgemein	envisager	24.32
climatique	klimatisch	words	B2	adjective		Allgemein	climatique	23.99
l'analyse	die Analyse	words	B2	noun	f	Allgemein	analyse	23.70
la chute	der Fall	words	B2	noun	f	Allgemein	chute	23.27
déterminer	bestimmen	words	B2	verb		Allgemein	déterminer	22.55
la pipe	die Pfeife	words	B2	noun	f	Allgemein	pipe	22.52
l'apparition	die Erscheinung	words	B2	noun	f	Allgemein	apparition	22.50
le facteur	der Faktor	words	B2	noun	m	Allgemein	facteur	22.43
la participation	die Teilnahme	words	B2	noun	f	Allgemein	participation	22.42
la déclaration	die Erklärung	words	B2	noun	f	Allgemein	déclaration	22.38
le rang	der Rang	words	B2	noun	m	Allgemein	rang	22.21
subir	erleiden	words	B2	verb		Allgemein	subir	22.18
recueillir	sammeln	words	B2	verb		Allgemein	recueillir	22.14
complexe	komplex	words	B2	adjective		Allgemein	complexe	22.13
guère	kaum	words	B2	adverb		Allgemein	guère	22.06
résumer	zusammenfassen	words	B2	verb		Allgemein	résumer	22.06
persuader	überzeugen	words	B2	verb		Allgemein	persuader	22.00
l'interdiction	das Verbot	words	B2	noun	f	Allgemein	interdiction	21.96
la cellule	die Zelle	words	B2	noun	f	Allgemein	cellule	21.88
permanent	dauerhaft	words	B2	adjective		Allgemein	permanent	21.86
l'intégration	die Integration	words	B2	noun	f	Allgemein	intégration	21.81
judiciaire	gerichtlich	words	B2	adjective		Allgemein	judiciaire	21.72
la croissance	das Wachstum	words	B2	noun	f	Allgemein	croissance	21.72
doter	ausstatten	words	B2	verb		Allgemein	doter	21.56
l'immigration	die Einwanderung	words	B2	noun	f	Allgemein	immigration	21.51
gérer	verwalten	words	B2	verb		Allgemein	gérer	21.39
le médicament	das Medikament	words	B2	noun	n	Allgemein	médicament	21.39
renforcer	verstärken	words	B2	verb		Allgemein	renforcer	21.32
la circonstance	der Umstand	words	B2	noun	f	Allgemein	circonstance	21.30
l'approche	der Ansatz	words	B2	noun	f	Allgemein	approche	21.29
écologique	ökologisch	words	B2	adjective		Allgemein	écologique	20.78
la taxe	die Steuer	words	B2	noun	f	Allgemein	taxe	20.51
concevoir	entwerfen	words	B2	verb		Allgemein	concevoir	20.39
la pression	der Druck	words	B2	noun	f	Allgemein	pression	20.29
le souci	die Sorge	words	B2	noun	m	Allgemein	souci	20.22
l'application	die Anwendung	words	B2	noun	f	Allgemein	application	20.12
intime	intim	words	B2	adjective		Allgemein	intime	20.07
la priorité	die Priorität	words	B2	noun	f	Allgemein	priorité	20.05
viser	zielen	words	B2	verb		Allgemein	viser	19.97
fournir	liefern	words	B2	verb		Allgemein	fournir	19.81
fondamental	grundlegend	words	B2	adjective		Allgemein	fondamental	19.78
favorable	günstig	words	B2	adjective		Allgemein	favorable	19.72
l'observation	die Beobachtung	words	B2	noun	f	Allgemein	observation	19.70
la nation	die Nation	words	B2	noun	f	Allgemein	nation	19.57
le profit	der Gewinn	words	B2	noun	m	Allgemein	profit	19.42
l'égard	der Respekt	words	B2	noun	m	Allgemein	égard	19.33
entretenir	pflegen	words	B2	verb		Allgemein	entretenir	19.22
le porteur	der Träger	words	B2	noun	m	Allgemein	porteur	19.19
l'instrument	das Instrument	words	B2	noun	n	Allgemein	instrument	19.18
diffuser	verbreiten	words	B2	verb		Allgemein	diffuser	18.99
la démarche	der Ansatz	words	B2	noun	f	Allgemein	démarche	18.97
investir	investieren	words	B2	verb		Allgemein	investir	18.94
exploiter	ausbeuten	words	B2	verb		Allgemein	exploiter	18.80
arracher	reißen	words	B2	verb		Allgemein	arracher	18.64
la promesse	das Versprechen	words	B2	noun	f	Allgemein	promesse	18.62
associatif	assoziativ	words	B2	adjective		Allgemein	associatif	18.55
médiatique	medial	words	B2	adjective		Allgemein	médiatique	18.54
pur	rein	words	B2	adjective		Allgemein	pur	18.42
originaire	stammend	words	B2	adjective		Allgemein	originaire	18.41
céder	nachgeben	words	B2	verb		Allgemein	céder	18.28
l'amant	der Liebhaber	words	B2	noun	m	Allgemein	amant	18.25
la stratégie	die Strategie	words	B2	noun	f	Allgemein	stratégie	18.14
manifester	demonstrieren	words	B2	verb		Allgemein	manifester	18.14
équitable	gerecht	words	B2	adjective		Allgemein	équitable	18.13
la commission	die Kommission	words	B2	noun	f	Allgemein	commission	18.10
l'angoisse	die Angst	words	B2	noun	f	Allgemein	angoisse	18.09
l'impact	der Einfluss	words	B2	noun	m	Allgemein	impact	18.08
démontrer	demonstrieren	words	B2	verb		Allgemein	démontrer	18.08
le signal	das Signal	words	B2	noun	m	Allgemein	signal	18.07
l'engagement	das Engagement	words	B2	noun	n	Allgemein	engagement	18.01
la décennie	das Jahrzehnt	words	B2	noun	f	Allgemein	décennie	18.00
biologique	biologisch	words	B2	adjective		Allgemein	biologique	18.00
la conclusion	der Schluss	words	B2	noun	f	Allgemein	conclusion	17.93
extrêmement	äußerst	words	B2	adverb		Allgemein	extrêmement	17.90
la donnée	die Angabe	words	B2	noun	f	Allgemein	donnée	17.90
plonger	tauchen	words	B2	verb		Allgemein	plonger	17.89
l'audience	die Zuhörerschaft	words	B2	noun	f	Allgemein	audience	17.74
suggérer	vorschlagen	words	B2	verb		Allgemein	suggérer	17.66
le député	der Abgeordnete	words	B2	noun	m	Allgemein	député	17.64
la théorie	die Theorie	words	B2	noun	f	Allgemein	théorie	17.53
commettre	begehen	words	B2	verb		Allgemein	commettre	17.42
la rupture	der Bruch	words	B2	noun	f	Allgemein	rupture	17.38
postal	post-	words	B2	adjective		Allgemein	postal	17.21
visible	sichtbar	words	B2	adjective		Allgemein	visible	17.15
verser	gießen	words	B2	verb		Allgemein	verser	17.14
la compétence	die Kompetenz	words	B2	noun	f	Allgemein	compétence	17.07
orienter	orientieren	words	B2	verb		Allgemein	orienter	16.98
écarter	abweisen	words	B2	verb		Allgemein	écarter	16.96
l'élu	der Gewählte	words	B2	noun	m	Allgemein	élu	16.91
le luxe	der Luxus	words	B2	noun	m	Allgemein	luxe	16.82
outre	außer	words	B2	adverb		Allgemein	outre	16.80
le rat	der Ratte	words	B2	noun	m	Allgemein	rat	16.74
le fondateur	der Gründer	words	B2	noun	m	Allgemein	fondateur	16.64
le vieillissement	das Altern	words	B2	noun	m	Allgemein	vieillissement	16.48
exclure	ausschließen	words	B2	verb		Allgemein	exclure	16.47
le scandale	der Skandal	words	B2	noun	m	Allgemein	scandale	16.45
cérébral	cerebral	words	B2	adjective		Allgemein	cérébral	16.33
la mondialisation	die Globalisierung	words	B2	noun	f	Allgemein	mondialisation	16.23
le réchauffement	die Erwärmung	words	B2	noun	m	Allgemein	réchauffement	16.10
l'inégalité	die Ungleichheit	words	B2	noun	f	Allgemein	inégalité	16.05
prolonger	verlängern	words	B2	verb		Allgemein	prolonger	16.03
enfoncer	hineindrücken	words	B2	verb		Allgemein	enfoncer	16.00
l'édifice	das Gebäude	words	B2	noun	m	Allgemein	édifice	16.00
le meurtre	der Mord	words	B2	noun	m	Allgemein	meurtre	15.98
garantir	garantieren	words	B2	verb		Allgemein	garantir	15.92
l'expert	der Experte	words	B2	noun	m	Allgemein	expert	15.91
solliciter	anfordern	words	B2	verb		Allgemein	solliciter	15.85
caractériser	charakterisieren	words	B2	verb		Allgemein	caractériser	15.75
l'aube	die Dämmerung	words	B2	noun	f	Allgemein	aube	15.75
susceptible	empfindlich	words	B2	adjective		Allgemein	susceptible	15.69
l'employeur	der Arbeitgeber	words	B2	noun	m	Allgemein	employeur	15.50
assassiner	ermorden	words	B2	verb		Allgemein	assassiner	15.42
l'empereur	der Kaiser	words	B2	noun	m	Allgemein	empereur	15.35
l'adversaire	der Gegner	words	B2	noun	m	Allgemein	adversaire	15.21
le concept	das Konzept	words	B2	noun	n	Allgemein	concept	15.20
le génie	das Genie	words	B2	noun	m	Allgemein	génie	15.19
baptiser	taufen	words	B2	verb		Allgemein	baptiser	15.14
la distribution	die Verteilung	words	B2	noun	f	Allgemein	distribution	15.13
le processus	der Prozess	words	B2	noun	m	Allgemein	processus	14.99
l'empreinte	der Abdruck	words	B2	noun	f	Allgemein	empreinte	14.89
l'essai	der Versuch	words	B2	noun	m	Allgemein	essai	14.86
la multiplication	die Multiplikation	words	B2	noun	f	Allgemein	multiplication	14.83
la solitude	die Einsamkeit	words	B2	noun	f	Allgemein	solitude	14.81
justifier	rechtfertigen	words	B2	verb		Allgemein	justifier	14.77
l'ambition	die Ambition	words	B2	noun	f	Allgemein	ambition	14.74
le représentant	der Vertreter	words	B2	noun	m	Allgemein	représentant	14.73
le chauffeur	der Fahrer	words	B2	noun	m	Allgemein	chauffeur	14.72
spécifique	spezifisch	words	B2	adjective		Allgemein	spécifique	14.70
l'allure	das Aussehen	words	B2	noun	f	Allgemein	allure	14.67
le latin	das Latein	words	B2	noun	m	Allgemein	latin	14.63
le volume	das Volumen	words	B2	noun	m	Allgemein	volume	14.55
l'artisan	der Handwerker	words	B2	noun	m	Allgemein	artisan	14.51
l'interlocuteur	der Gesprächspartner	words	B2	noun	m	Allgemein	interlocuteur	14.50
massif	massiv	words	B2	adjective		Allgemein	massif	14.47
masculin	männlich	words	B2	adjective		Allgemein	masculin	14.44
le dispositif	das Gerät	words	B2	noun	m	Allgemein	dispositif	14.43
multiple	vielfach	words	B2	adjective		Allgemein	multiple	14.36
la signature	die Unterschrift	words	B2	noun	f	Allgemein	signature	14.30
le parlement	das Parlament	words	B2	noun	m	Allgemein	parlement	14.28
le mécanisme	der Mechanismus	words	B2	noun	m	Allgemein	mécanisme	14.26
néanmoins	dennoch	words	B2	adverb		Allgemein	néanmoins	14.13
la poignée	der Griff	words	B2	noun	f	Allgemein	poignée	14.11
reprocher	vorwerfen	words	B2	verb		Allgemein	reprocher	14.11
la colle	der Kleber	words	B2	noun	f	Allgemein	colle	14.09
le clou	der Nagel	words	B2	noun	m	Allgemein	clou	14.02
l'hôte	der Gastgeber	words	B2	noun	m	Allgemein	hôte	13.91
immédiat	sofort	words	B2	adjective		Allgemein	immédiat	13.90
assumer	übernehmen	words	B2	verb		Allgemein	assumer	13.79
esthétique	ästhetisch	words	B2	adjective		Allgemein	esthétique	13.78
le trait	der Strich	words	B2	noun	m	Allgemein	trait	13.74
douloureux	schmerzhaft	words	B2	adjective		Allgemein	douloureux	13.63
inférieur	unterlegen	words	B2	adjective		Allgemein	inférieur	13.61
suspendre	aufhängen	words	B2	verb		Allgemein	suspendre	13.60
la chimie	die Chemie	words	B2	noun	f	Allgemein	chimie	13.59
le racisme	der Rassismus	words	B2	noun	m	Allgemein	racisme	13.55
l'appartenance	die Zugehörigkeit	words	B2	noun	f	Allgemein	appartenance	13.51
la douleur	der Schmerz	words	B2	noun	f	Allgemein	douleur	13.45
la serre	das Gewächshaus	words	B2	noun	f	Allgemein	serre	13.35
relatif	relativ	words	B2	adjective		Allgemein	relatif	13.33
le travailleur	der Arbeiter	words	B2	noun	m	Allgemein	travailleur	13.32
résoudre	lösen	words	B2	verb		Allgemein	résoudre	13.31
la thèse	die These	words	B2	noun	f	Allgemein	thèse	13.30
le marketing	das Marketing	words	B2	noun	m	Allgemein	marketing	13.28
rural	ländlich	words	B2	adjective		Allgemein	rural	13.27
l'inquiétude	die Besorgnis	words	B2	noun	f	Allgemein	inquiétude	13.25
définitivement	definitiv	words	B2	adverb		Allgemein	définitivement	13.13
le pavillon	der Pavillon	words	B2	noun	m	Allgemein	pavillon	13.13
la conférence	die Konferenz	words	B2	noun	f	Allgemein	conférence	13.11
la précaution	die Vorsicht	words	B2	noun	f	Allgemein	précaution	13.10
environnemental	umwelt-	words	B2	adjective		Allgemein	environnemental	13.08
la précision	die Genauigkeit	words	B2	noun	f	Allgemein	précision	13.03
le pétrole	das Öl	words	B2	noun	m	Allgemein	pétrole	12.98
l'humanité	die Menschheit	words	B2	noun	f	Allgemein	humanité	12.96
l'horizon	der Horizont	words	B2	noun	m	Allgemein	horizon	12.91
l'issue	der Ausgang	words	B2	noun	f	Allgemein	issue	12.90
la volaille	das Geflügel	words	B2	noun	f	Allgemein	volaille	12.87
aérien	Luft-	words	B2	adjective		Allgemein	aérien	12.85
la tension	die Spannung	words	B2	noun	f	Allgemein	tension	12.77
lâcher	loslassen	words	B2	verb		Allgemein	lâcher	12.77
l'amende	die Geldstrafe	words	B2	noun	f	Allgemein	amende	12.68
éliminer	eliminieren	words	B2	verb		Allgemein	éliminer	12.63
trancher	schneiden	words	B2	verb		Allgemein	trancher	12.63
le diamant	der Diamant	words	B2	noun	m	Allgemein	diamant	12.61
l'éclat	der Glanz	words	B2	noun	m	Allgemein	éclat	12.58
la nostalgie	die Nostalgie	words	B2	noun	f	Allgemein	nostalgie	12.53
le paiement	die Zahlung	words	B2	noun	m	Allgemein	paiement	12.42
le comte	der Graf	words	B2	noun	m	Allgemein	comte	12.40
achever	vollenden	words	B2	verb		Allgemein	achever	12.34
nécessiter	benötigen	words	B2	verb		Allgemein	nécessiter	12.30
la poule	das Huhn	words	B2	noun	f	Allgemein	poule	12.23
la location	die Vermietung	words	B2	noun	f	Allgemein	location	12.22
stable	stabil	words	B2	adjective		Allgemein	stable	12.17
noyer	ertränken	words	B2	verb		Allgemein	noyer	12.09
recenser	zählen	words	B2	verb		Allgemein	recenser	12.08
veiller	wachen	words	B2	verb		Allgemein	veiller	12.04
confronter	konfrontieren	words	B2	verb		Allgemein	confronter	12.04
la perspective	die Perspektive	words	B2	noun	f	Allgemein	perspective	12.04
la demeure	die Wohnung	words	B2	noun	f	Allgemein	demeure	12.01
le cancer	der Krebs	words	B2	noun	m	Allgemein	cancer	11.99
le divorce	die Scheidung	words	B2	noun	m	Allgemein	divorce	11.96
urgent	dringend	words	B2	adjective		Allgemein	urgent	11.94
le procès	der Prozess	words	B2	noun	m	Allgemein	procès	11.91
baser	basieren	words	B2	verb		Allgemein	baser	11.90
la reproduction	die Reproduktion	words	B2	noun	f	Allgemein	reproduction	11.89
parer	abdecken	words	B2	verb		Allgemein	parer	11.86
stimuler	stimulieren	words	B2	verb		Allgemein	stimuler	11.83
détailler	detaillieren	words	B2	verb		Allgemein	détailler	11.82
les moeurs	die Sitten	words	B2	noun		Allgemein	moeurs	11.82
claquer	knallen	words	B2	verb		Allgemein	claquer	11.80
l'exclusion	die Ausgrenzung	words	B2	noun	f	Allgemein	exclusion	11.79
la foi	der Glaube	words	B2	noun	f	Allgemein	foi	11.76
la composition	die Zusammensetzung	words	B2	noun	f	Allgemein	composition	11.75
la cage	der Käfig	words	B2	noun	f	Allgemein	cage	11.70
la statistique	die Statistik	words	B2	noun	f	Allgemein	statistique	11.68
la sensibilité	die Sensibilität	words	B2	noun	f	Allgemein	sensibilité	11.62
la liaison	die Verbindung	words	B2	noun	f	Allgemein	liaison	11.60
l'admiration	die Bewunderung	words	B2	noun	f	Allgemein	admiration	11.58
chimique	chemisch	words	B2	adjective		Allgemein	chimique	11.47
ridicule	lächerlich	words	B2	adjective		Allgemein	ridicule	11.42
l'instituteur	der Lehrer	words	B2	noun	m	Allgemein	instituteur	11.39
surnommer	nennen	words	B2	verb		Allgemein	surnommer	11.38
net	sauber	words	B2	adjective		Allgemein	net	11.33
résulter	resultieren	words	B2	verb		Allgemein	résulter	11.33
le virus	das Virus	words	B2	noun	m	Allgemein	virus	11.32
protester	protestieren	words	B2	verb		Allgemein	protester	11.32
la logique	die Logik	words	B2	noun	f	Allgemein	logique	11.29
la couche	die Schicht	words	B2	noun	f	Allgemein	couche	11.26
punir	bestrafen	words	B2	verb		Allgemein	punir	11.25
le mépris	der Verachtung	words	B2	noun	m	Allgemein	mépris	11.19
l'impatience	die Ungeduld	words	B2	noun	f	Allgemein	impatience	11.18
l'obstacle	das Hindernis	words	B2	noun	m	Allgemein	obstacle	11.14
l'épidémie	die Epidemie	words	B2	noun	f	Allgemein	épidémie	11.10
spécialiser	spezialisieren	words	B2	verb		Allgemein	spécialiser	11.07
l'équilibre	das Gleichgewicht	words	B2	noun	m	Allgemein	équilibre	11.06
l'utilité	der Nutzen	words	B2	noun	f	Allgemein	utilité	11.06
la minorité	die Minderheit	words	B2	noun	f	Allgemein	minorité	11.06
la préparation	die Vorbereitung	words	B2	noun	f	Allgemein	préparation	11.04
capital	haupt-	words	B2	adjective		Allgemein	capital	11.02
anonyme	anonym	words	B2	adjective		Allgemein	anonyme	11.02
la longueur	die Länge	words	B2	noun	f	Allgemein	longueur	10.99
l'étape	die Etappe	words	B2	noun	f	Allgemein	étape	10.96
dégrader	verschlechtern	words	B2	verb		Allgemein	dégrader	10.90
obscur	dunkel	words	B2	adjective		Allgemein	obscur	10.89
le triomphe	der Triumph	words	B2	noun	m	Allgemein	triomphe	10.80
le réveil	der Wecker	words	B2	noun	m	Allgemein	réveil	10.79
via	über	words	B2	preposition		Allgemein	via	10.69
la discrimination	die Diskriminierung	words	B2	noun	f	Allgemein	discrimination	10.69
personnellement	persönlich	words	B2	adverb		Allgemein	personnellement	10.68
le patient	der Patient	words	B2	noun	m	Allgemein	patient	10.66
le refus	die Ablehnung	words	B2	noun	m	Allgemein	refus	10.66
la mutation	die Mutation	words	B2	noun	f	Allgemein	mutation	10.66
l'ère	die Ära	words	B2	noun	f	Allgemein	ère	10.65
influencer	beeinflussen	words	B2	verb		Allgemein	influencer	10.64
jouir	genießen	words	B2	verb		Allgemein	jouir	10.63
la conception	die Konzeption	words	B2	noun	f	Allgemein	conception	10.62
le participant	der Teilnehmer	words	B2	noun	m	Allgemein	participant	10.61
la sagesse	die Weisheit	words	B2	noun	f	Allgemein	sagesse	10.60
bousculer	stoßen	words	B2	verb		Allgemein	bousculer	10.58
la précarité	die Prekarität	words	B2	noun	f	Allgemein	précarité	10.52
incarner	verkörpern	words	B2	verb		Allgemein	incarner	10.49
le vaccin	der Impfstoff	words	B2	noun	m	Allgemein	vaccin	10.46
le bénéfice	der Gewinn	words	B2	noun	m	Allgemein	bénéfice	10.45
imaginaire	imaginär	words	B2	adjective		Allgemein	imaginaire	10.43
la modernité	die Modernität	words	B2	noun	f	Allgemein	modernité	10.43
le chantier	die Baustelle	words	B2	noun	m	Allgemein	chantier	10.41
l'assassinat	der Mord	words	B2	noun	m	Allgemein	assassinat	10.40
l'enseignant	der Lehrer	words	B2	noun	m	Allgemein	enseignant	10.37
valoriser	aufwerten	words	B2	verb		Allgemein	valoriser	10.37
classer	einordnen	words	B2	verb		Allgemein	classer	10.36
identique	identisch	words	B2	adjective		Allgemein	identique	10.35
approprier	aneignen	words	B2	verb		Allgemein	approprier	10.31
l'expansion	die Expansion	words	B2	noun	f	Allgemein	expansion	10.30
constant	konstant	words	B2	adjective		Allgemein	constant	10.29
délicat	delikat	words	B2	adjective		Allgemein	délicat	10.23
la performance	die Leistung	words	B2	noun	f	Allgemein	performance	10.21
préserver	bewahren	words	B2	verb		Allgemein	préserver	10.21
l'hectare	der Hektar	words	B2	noun	m	Allgemein	hectare	10.20
la créature	das Wesen	words	B2	noun	f	Allgemein	créature	10.17
ériger	errichten	words	B2	verb		Allgemein	ériger	10.15
précéder	vorangehen	words	B2	verb		Allgemein	précéder	10.13
la grille	die Gitter	words	B2	noun	f	Allgemein	grille	10.12
méditerranéen	mittelmeer	words	B2	adjective		Allgemein	méditerranéen	10.12
l'essor	der Aufschwung	words	B2	noun	m	Allgemein	essor	10.11
le dépit	der Groll	words	B2	noun	m	Allgemein	dépit	10.10
la fabrication	die Herstellung	words	B2	noun	f	Allgemein	fabrication	10.04
la barre	die Stange	words	B2	noun	f	Allgemein	barre	9.99
la bactérie	die Bakterie	words	B2	noun	f	Allgemein	bactérie	9.98
la charte	die Charta	words	B2	noun	f	Allgemein	charte	9.95
projeter	projizieren	words	B2	verb		Allgemein	projeter	9.94
le balcon	der Balkon	words	B2	noun	m	Allgemein	balcon	9.90
costumer	kostümieren	words	B2	verb		Allgemein	costumer	9.89
l'adhésion	die Mitgliedschaft	words	B2	noun	f	Allgemein	adhésion	9.89
la vertu	die Tugend	words	B2	noun	f	Allgemein	vertu	9.86
généraliser	verallgemeinern	words	B2	verb		Allgemein	généraliser	9.85
prélever	entnehmen	words	B2	verb		Allgemein	prélever	9.83
bourgeois	bürgerlich	words	B2	noun		Allgemein	bourgeois	9.82
la facilité	die Leichtigkeit	words	B2	noun	f	Allgemein	facilité	9.80
le cardinal	der Kardinal	words	B2	noun	m	Allgemein	cardinal	9.78
ravir	entzücken	words	B2	verb		Allgemein	ravir	9.76
la surveillance	die Überwachung	words	B2	noun	f	Allgemein	surveillance	9.74
la sélection	die Auswahl	words	B2	noun	f	Allgemein	sélection	9.74
juridique	rechtlich	words	B2	adjective		Allgemein	juridique	9.73
débarquer	anlegen	words	B2	verb		Allgemein	débarquer	9.72
le tarif	der Tarif	words	B2	noun	m	Allgemein	tarif	9.71
conjugal	ehelich	words	B2	adjective		Allgemein	conjugal	9.71
préoccuper	beschäftigen	words	B2	verb		Allgemein	préoccuper	9.70
la tranquillité	die Ruhe	words	B2	noun	f	Allgemein	tranquillité	9.68
l'interprétation	die Interpretation	words	B2	noun	f	Allgemein	interprétation	9.67
enfiler	anziehen	words	B2	verb		Allgemein	enfiler	9.66
le comité	das Komitee	words	B2	noun	m	Allgemein	comité	9.65
polir	polieren	words	B2	verb		Allgemein	polir	9.64
l'argument	das Argument	words	B2	noun	m	Allgemein	argument	9.63
déplaire	missfallen	words	B2	verb		Allgemein	déplaire	9.62
vider	leeren	words	B2	verb		Allgemein	vider	9.61
le pêcheur	der Fischer	words	B2	noun	m	Allgemein	pêcheur	9.61
l'organe	das Organ	words	B2	noun	m	Allgemein	organe	9.60
la signification	die Bedeutung	words	B2	noun	f	Allgemein	signification	9.59
allier	verbinden	words	B2	verb		Allgemein	allier	9.58
nettement	deutlich	words	B2	adverb		Allgemein	nettement	9.58
négocier	verhandeln	words	B2	verb		Allgemein	négocier	9.57
définitif	endgültig	words	B2	adjective		Allgemein	définitif	9.55
la bourse	das Stipendium	words	B2	noun	f	Allgemein	bourse	9.55
la coupole	die Kuppel	words	B2	noun	f	Allgemein	coupole	9.53
anglo-saxon	angelsächsisch	words	B2	adjective		Allgemein	anglo-saxon	9.53
promouvoir	fördern	words	B2	verb		Allgemein	promouvoir	9.50
insulter	beleidigen	words	B2	verb		Allgemein	insulter	9.49
la gamme	die Palette	words	B2	noun	f	Allgemein	gamme	9.48
la plantation	die Plantage	words	B2	noun	f	Allgemein	plantation	9.43
l'abandon	der Verzicht	words	B2	noun	m	Allgemein	abandon	9.42
l'embauche	die Einstellung	words	B2	noun	f	Allgemein	embauche	9.42
le prétexte	der Vorwand	words	B2	noun	m	Allgemein	prétexte	9.41
la quarantaine	die Quarantäne	words	B2	noun	f	Allgemein	quarantaine	9.40
adhérer	beitreten	words	B2	verb		Allgemein	adhérer	9.37
la vidéo	das Video	words	B2	noun	f	Allgemein	vidéo	9.35
le cercle	der Kreis	words	B2	noun	m	Allgemein	cercle	9.34
l'onde	die Welle	words	B2	noun	f	Allgemein	onde	9.33
le dégât	der Schaden	words	B2	noun	m	Allgemein	dégât	9.29
bloquer	blockieren	words	B2	verb		Allgemein	bloquer	9.28
le bouleversement	die Umwälzung	words	B2	noun	m	Allgemein	bouleversement	9.28
le crédit	der Kredit	words	B2	noun	m	Allgemein	crédit	9.27
déboucher	öffnen	words	B2	verb		Allgemein	déboucher	9.27
le défi	die Herausforderung	words	B2	noun	m	Allgemein	défi	9.27
la puce	der Floh	words	B2	noun	f	Allgemein	puce	9.21
inciter	anregen	words	B2	verb		Allgemein	inciter	9.18
nuire	schaden	words	B2	verb		Allgemein	nuire	9.09
la centrale	die Zentrale	words	B2	noun	f	Allgemein	centrale	9.06
la définition	die Definition	words	B2	noun	f	Allgemein	définition	9.06
coûteux	kostspielig	words	B2	adjective		Allgemein	coûteux	9.04
l'inverse	das Gegenteil	words	B2	noun	m	Allgemein	inverse	9.03
alimenter	versorgen	words	B2	verb		Allgemein	alimenter	9.01
colonial	kolonial	words	B2	adjective		Allgemein	colonial	8.98
la municipalité	die Gemeinde	words	B2	noun	f	Allgemein	municipalité	8.97
la préoccupation	die Sorge	words	B2	noun	f	Allgemein	préoccupation	8.96
la noce	die Hochzeit	words	B2	noun	f	Allgemein	noce	8.96
reproduire	wiederholen	words	B2	verb		Allgemein	reproduire	8.95
le suivi	die Nachverfolgung	words	B2	noun	m	Allgemein	suivi	8.90
la révolte	die Revolte	words	B2	noun	f	Allgemein	révolte	8.88
le slogan	der Slogan	words	B2	noun	m	Allgemein	slogan	8.86
le crâne	der Schädel	words	B2	noun	m	Allgemein	crâne	8.83
l'historien	der Historiker	words	B2	noun	m	Allgemein	historien	8.80
la tribu	der Stamm	words	B2	noun	f	Allgemein	tribu	8.80
remarquable	bemerkenswert	words	B2	adjective		Allgemein	remarquable	8.77
contradictoire	widersprüchlich	words	B2	adjective		Allgemein	contradictoire	8.77
révolter	revoltiert	words	B2	verb		Allgemein	révolter	8.76
l'inondation	die Überschwemmung	words	B2	noun	f	Allgemein	inondation	8.74
la gloire	die Ehre	words	B2	noun	f	Allgemein	gloire	8.72
asiatique	asiatisch	words	B2	adjective		Allgemein	asiatique	8.71
cognitif	kognitiv	words	B2	adjective		Allgemein	cognitif	8.71
succéder	nachfolgen	words	B2	verb		Allgemein	succéder	8.69
le carbone	der Kohlenstoff	words	B2	noun	m	Allgemein	carbone	8.68
l'instance	die Instanz	words	B2	noun	f	Allgemein	instance	8.67
autoritaire	autoritär	words	B2	adjective		Allgemein	autoritaire	8.66
maximum	maximal	words	B2	adjective		Allgemein	maximum	8.65
le journalisme	der Journalismus	words	B2	noun	m	Allgemein	journalisme	8.64
oriental	oriental	words	B2	adjective		Allgemein	oriental	8.63
précaire	prekär	words	B2	adjective		Allgemein	précaire	8.63
efforcer	sich bemühen	words	B2	verb		Allgemein	efforcer	8.62
le calcul	die Berechnung	words	B2	noun	m	Allgemein	calcul	8.62
la vigueur	die Kraft	words	B2	noun	f	Allgemein	vigueur	8.61
le constat	die Feststellung	words	B2	noun	m	Allgemein	constat	8.59
le matelas	die Matratze	words	B2	noun	m	Allgemein	matelas	8.58
le libraire	der Buchhändler	words	B2	noun	m	Allgemein	libraire	8.57
trahir	verraten	words	B2	verb		Allgemein	trahir	8.57
la descente	der Abstieg	words	B2	noun	f	Allgemein	descente	8.55
le rite	der Ritus	words	B2	noun	m	Allgemein	rite	8.52
le décalage	die Verschiebung	words	B2	noun	m	Allgemein	décalage	8.52
épuiser	erschöpfen	words	B2	verb		Allgemein	épuiser	8.50
paradoxalement	paradoxerweise	words	B2	adverb		Allgemein	paradoxalement	8.50
la législation	die Gesetzgebung	words	B2	noun	f	Allgemein	législation	8.50
la transparence	die Transparenz	words	B2	noun	f	Allgemein	transparence	8.47
authentique	authentisch	words	B2	adjective		Allgemein	authentique	8.47
l'intermédiaire	der Vermittler	words	B2	noun	m	Allgemein	intermédiaire	8.47
l'autonomie	die Autonomie	words	B2	noun	f	Allgemein	autonomie	8.41
le centime	der Cent	words	B2	noun	m	Allgemein	centime	8.40
bruir	rauschen	words	B2	verb		Allgemein	bruir	8.37
l'implantation	die Implantation	words	B2	noun	f	Allgemein	implantation	8.37
le préfet	der Präfekt	words	B2	noun	m	Allgemein	préfet	8.36
connecter	verbinden	words	B2	verb		Allgemein	connecter	8.30
calmement	ruhig	words	B2	adverb		Allgemein	calmement	8.26
démographique	demografisch	words	B2	adjective		Allgemein	démographique	8.25
la sûreté	die Sicherheit	words	B2	noun	f	Allgemein	sûreté	8.25
la dépendance	die Abhängigkeit	words	B2	noun	f	Allgemein	dépendance	8.24
la souffrance	das Leiden	words	B2	noun	f	Allgemein	souffrance	8.23
croître	wachsen	words	B2	verb		Allgemein	croître	8.22
ponctuel	pünktlich	words	B2	adjective		Allgemein	ponctuel	8.21
la majesté	die Majestät	words	B2	noun	f	Allgemein	majesté	8.21
la montée	der Anstieg	words	B2	noun	f	Allgemein	montée	8.20
le financement	die Finanzierung	words	B2	noun	m	Allgemein	financement	8.15
fédéral	föderal	words	B2	adjective		Allgemein	fédéral	8.14
seconder	unterstützen	words	B2	verb		Allgemein	seconder	8.11
la mobilisation	die Mobilisierung	words	B2	noun	f	Allgemein	mobilisation	8.08
diplômer	diplomieren	words	B2	verb		Allgemein	diplômer	8.08
sécher	trocknen	words	B2	verb		Allgemein	sécher	8.07
la croyance	der Glaube	words	B2	noun	f	Allgemein	croyance	8.07
l'antenne	die Antenne	words	B2	noun	f	Allgemein	antenne	8.05
la synthèse	die Synthese	words	B2	noun	f	Allgemein	synthèse	8.04
évader	entkommen	words	B2	verb		Allgemein	évader	8.03
le dirigeant	der Führer	words	B2	noun	m	Allgemein	dirigeant	8.00
la connexion	die Verbindung	words	B2	noun	f	Allgemein	connexion	7.99
le soja	die Sojabohne	words	B2	noun	m	Allgemein	soja	7.98
survenir	eintreten	words	B2	verb		Allgemein	survenir	7.97
la biodiversité	die Biodiversität	words	B2	noun	f	Allgemein	biodiversité	7.96
significatif	bedeutend	words	B2	adjective		Allgemein	significatif	7.96
l'abeille	die Biene	words	B2	noun	f	Allgemein	abeille	7.95
la marge	der Spielraum	words	B2	noun	f	Allgemein	marge	7.95
annuler	stornieren	words	B2	verb		Allgemein	annuler	7.94
l'enfer	die Hölle	words	B2	noun	m	Allgemein	enfer	7.93
visiblement	sichtbar	words	B2	adverb		Allgemein	visiblement	7.93
la tentative	der Versuch	words	B2	noun	f	Allgemein	tentative	7.92
vital	lebenswichtig	words	B2	adjective		Allgemein	vital	7.92
le fouet	der Peitsche	words	B2	noun	m	Allgemein	fouet	7.91
affectif	emotional	words	B2	adjective		Allgemein	affectif	7.91
le préjugé	das Vorurteil	words	B2	noun	m	Allgemein	préjugé	7.90
le timbre	die Briefmarke	words	B2	noun	m	Allgemein	timbre	7.89
la pension	die Pension	words	B2	noun	f	Allgemein	pension	7.89
l'adhérent	das Mitglied	words	B2	noun	m	Allgemein	adhérent	7.88
exciter	aufregen	words	B2	verb		Allgemein	exciter	7.86
la tache	der Fleck	words	B2	noun	f	Allgemein	tache	7.85
bénévole	ehrenamtlich	words	B2	adjective		Allgemein	bénévole	7.85
la créativité	die Kreativität	words	B2	noun	f	Allgemein	créativité	7.84
la cotisation	der Beitrag	words	B2	noun	f	Allgemein	cotisation	7.84
distingué	vornehm	words	B2	adjective		Allgemein	distingué	7.83
le partage	die Teilung	words	B2	noun	m	Allgemein	partage	7.82
l'évaluation	die Bewertung	words	B2	noun	f	Allgemein	évaluation	7.82
le moustique	der Moskito	words	B2	noun	m	Allgemein	moustique	7.80
prédire	vorhersagen	words	B2	verb		Allgemein	prédire	7.80
la criminalité	die Kriminalität	words	B2	noun	f	Allgemein	criminalité	7.78
l'opérateur	der Betreiber	words	B2	noun	m	Allgemein	opérateur	7.77
le dépôt	das Depot	words	B2	noun	m	Allgemein	dépôt	7.73
le gène	das Gen	words	B2	noun	m	Allgemein	gène	7.73
suspect	verdächtig	words	B2	adjective		Allgemein	suspect	7.72
le poignet	das Handgelenk	words	B2	noun	m	Allgemein	poignet	7.70
le trois	die drei	words	B2	noun	m	Allgemein	trois	7.70
équilibrer	ausgleichen	words	B2	verb		Allgemein	équilibrer	7.70
cerner	umreißen	words	B2	verb		Allgemein	cerner	7.69
l'insecte	das Insekt	words	B2	noun	m	Allgemein	insecte	7.66
ordinaire	gewöhnlich	words	B2	adjective		Allgemein	ordinaire	7.65
poétique	poetisch	words	B2	adjective		Allgemein	poétique	7.65
l'enceinte	die Umrandung	words	B2	noun	f	Allgemein	enceinte	7.64
répartir	verteilen	words	B2	verb		Allgemein	répartir	7.63
la chapelle	die Kapelle	words	B2	noun	f	Allgemein	chapelle	7.63
parfaire	vollenden	words	B2	verb		Allgemein	parfaire	7.61
l'orgueil	der Stolz	words	B2	noun	m	Allgemein	orgueil	7.60
heurter	stoßen	words	B2	verb		Allgemein	heurter	7.58
le label	das Label	words	B2	noun	m	Allgemein	label	7.57
substituer	ersetzen	words	B2	verb		Allgemein	substituer	7.56
la considération	die Berücksichtigung	words	B2	noun	f	Allgemein	considération	7.56
raciste	rassistisch	words	B2	adjective		Allgemein	raciste	7.55
le canton	der Kanton	words	B2	noun	m	Allgemein	canton	7.54
liquide	flüssig	words	B2	adjective		Allgemein	liquide	7.54
élargir	erweitern	words	B2	verb		Allgemein	élargir	7.54
le scénario	das Szenario	words	B2	noun	m	Allgemein	scénario	7.53
accroître	vergrößern	words	B2	verb		Allgemein	accroître	7.52
le savoir-faire	das Know-how	words	B2	noun	m	Allgemein	savoir-faire	7.50
la soie	die Seide	words	B2	noun	f	Allgemein	soie	7.50
la sphère	die Sphäre	words	B2	noun	f	Allgemein	sphère	7.50
la hiérarchie	die Hierarchie	words	B2	noun	f	Allgemein	hiérarchie	7.50
la chirurgie	die Chirurgie	words	B2	noun	f	Allgemein	chirurgie	7.48
suffisamment	ausreichend	words	B2	adverb		Allgemein	suffisamment	7.47
la revendication	die Forderung	words	B2	noun	f	Allgemein	revendication	7.44
le parent	der Elternteil	words	B2	noun	m	Allgemein	parent	7.44
l'innovation	die Innovation	words	B2	noun	f	Allgemein	innovation	7.44
l'allée	die Allee	words	B2	noun	f	Allgemein	allée	7.43
la progression	die Fortschritt	words	B2	noun	f	Allgemein	progression	7.42
le délinquant	der Straftäter	words	B2	noun	m	Allgemein	délinquant	7.38
valable	gültig	words	B2	adjective		Allgemein	valable	7.37
rembourser	erstatten	words	B2	verb		Allgemein	rembourser	7.35
la protéine	das Protein	words	B2	noun	f	Allgemein	protéine	7.35
la certitude	die Gewissheit	words	B2	noun	f	Allgemein	certitude	7.34
l'hypothèse	die Hypothese	words	B2	noun	f	Allgemein	hypothèse	7.33
vêtir	kleiden	words	B2	verb		Allgemein	vêtir	7.31
la prévention	die Prävention	words	B2	noun	f	Allgemein	prévention	7.30
audiovisuel	audiovisuell	words	B2	adjective		Allgemein	audiovisuel	7.29
la mécanique	die Mechanik	words	B2	noun	f	Allgemein	mécanique	7.28
le galop	der Galopp	words	B2	noun	m	Allgemein	galop	7.26
le procédé	das Verfahren	words	B2	noun	m	Allgemein	procédé	7.26
volontaire	freiwillig	words	B2	adjective		Allgemein	volontaire	7.23
masquer	verstecken	words	B2	verb		Allgemein	masquer	7.22
élaborer	ausarbeiten	words	B2	verb		Allgemein	élaborer	7.22
le philosophe	der Philosoph	words	B2	noun	m	Allgemein	philosophe	7.20
affecter	beeinflussen	words	B2	verb		Allgemein	affecter	7.19
légitime	legitim	words	B2	adjective		Allgemein	légitime	7.18
éditer	herausgeben	words	B2	verb		Allgemein	éditer	7.18
la molécule	die Molekül	words	B2	noun	f	Allgemein	molécule	7.18
la consultation	die Beratung	words	B2	noun	f	Allgemein	consultation	7.17
régner	regieren	words	B2	verb		Allgemein	régner	7.13
vaincre	besiegen	words	B2	verb		Allgemein	vaincre	7.12
suédois	schwedisch	words	B2	adjective		Allgemein	suédois	7.12
éventuel	eventuell	words	B2	adjective		Allgemein	éventuel	7.11
le manuscrit	das Manuskript	words	B2	noun	m	Allgemein	manuscrit	7.11
le rejet	die Ablehnung	words	B2	noun	m	Allgemein	rejet	7.10
enthousiaste	begeistert	words	B2	adjective		Allgemein	enthousiaste	7.08
l'excellence	die Exzellenz	words	B2	noun	f	Allgemein	excellence	7.07
fixement	starr	words	B2	adverb		Allgemein	fixement	7.06
vilain	hässlich	words	B2	adjective		Allgemein	vilain	7.04
fasciner	faszinieren	words	B2	verb		Allgemein	fasciner	7.04
polluer	verschmutzen	words	B2	verb		Allgemein	polluer	7.03
représentatif	repräsentativ	words	B2	adjective		Allgemein	représentatif	7.02
le terroir	das Terroir	words	B2	noun	m	Allgemein	terroir	7.02
trier	sortieren	words	B2	verb		Allgemein	trier	7.01
régir	regeln	words	B2	verb		Allgemein	régir	7.00
sanitaire	sanitär	words	B2	adjective		Allgemein	sanitaire	7.00
la rigueur	die Strenge	words	B2	noun	f	Allgemein	rigueur	7.00
la délinquance	die Kriminalität	words	B2	noun	f	Allgemein	délinquance	6.99
la confédération	die Konföderation	words	B2	noun	f	Allgemein	confédération	6.99
le senior	der Senior	words	B2	noun	m	Allgemein	senior	6.99
la cible	das Ziel	words	B2	noun	f	Allgemein	cible	6.98
l'émergence	das Auftreten	words	B2	noun	f	Allgemein	émergence	6.97
décliner	ablehnen	words	B2	verb		Allgemein	décliner	6.95
l'héritier	der Erbe	words	B2	noun	m	Allgemein	héritier	6.95
avérer	sich erweisen	words	B2	verb		Allgemein	avérer	6.94
malin	schlau	words	B2	adjective		Allgemein	malin	6.92
la paroi	die Wand	words	B2	noun	f	Allgemein	paroi	6.91
le reporter	der Reporter	words	B2	noun	m	Allgemein	reporter	6.90
l'estime	die Achtung	words	B2	noun	f	Allgemein	estime	6.88
la tendresse	die Zärtlichkeit	words	B2	noun	f	Allgemein	tendresse	6.88
parental	elterlich	words	B2	adjective		Allgemein	parental	6.86
l'instruction	die Anweisung	words	B2	noun	f	Allgemein	instruction	6.85
forestier	forstlich	words	B2	adjective		Allgemein	forestier	6.84
vanter	rühmen	words	B2	verb		Allgemein	vanter	6.83
solidaire	solidarisch	words	B2	adjective		Allgemein	solidaire	6.83
délivrer	ausliefern	words	B2	verb		Allgemein	délivrer	6.82
progressif	fortschrittlich	words	B2	adjective		Allgemein	progressif	6.81
contraindre	zwingen	words	B2	verb		Allgemein	contraindre	6.81
systématiquement	systematisch	words	B2	adverb		Allgemein	systématiquement	6.79
la vengeance	die Rache	words	B2	noun	f	Allgemein	vengeance	6.79
renouvelable	erneuerbar	words	B2	adjective		Allgemein	renouvelable	6.79
nécessairement	notwendigerweise	words	B2	adverb		Allgemein	nécessairement	6.78
la loge	die Loge	words	B2	noun	f	Allgemein	loge	6.78
l'atteinte	die Verletzung	words	B2	noun	f	Allgemein	atteinte	6.77
l'élite	die Elite	words	B2	noun	f	Allgemein	élite	6.75
convoiter	begehren	words	B2	verb		Allgemein	convoiter	6.74
exigeant	anspruchsvoll	words	B2	adjective		Allgemein	exigeant	6.74
désagréable	unangenehm	words	B2	adjective		Allgemein	désagréable	6.74
encadrer	rahmen	words	B2	verb		Allgemein	encadrer	6.74
le pouce	der Daumen	words	B2	noun	m	Allgemein	pouce	6.73
l'appétit	der Appetit	words	B2	noun	m	Allgemein	appétit	6.70
l'explosion	die Explosion	words	B2	noun	f	Allgemein	explosion	6.69
paisible	friedlich	words	B2	adjective		Allgemein	paisible	6.66
le locataire	der Mieter	words	B2	noun	m	Allgemein	locataire	6.66
l'utilisateur	der Benutzer	words	B2	noun	m	Allgemein	utilisateur	6.65
l'harmonie	die Harmonie	words	B2	noun	f	Allgemein	harmonie	6.65
secondaire	sekundär	words	B2	adjective		Allgemein	secondaire	6.65
la fondation	die Stiftung	words	B2	noun	f	Allgemein	fondation	6.65
ores	jetzt	words	B2	adverb		Allgemein	ores	6.64
la nécessité	die Notwendigkeit	words	B2	noun	f	Allgemein	nécessité	6.63
perturber	stören	words	B2	verb		Allgemein	perturber	6.62
inattendu	unerwartet	words	B2	adjective		Allgemein	inattendu	6.62
la souche	der Stamm	words	B2	noun	f	Allgemein	souche	6.62
le sous-sol	der Keller	words	B2	noun	m	Allgemein	sous-sol	6.61
pédagogique	pädagogisch	words	B2	adjective		Allgemein	pédagogique	6.60
l'occupation	die Besetzung	words	B2	noun	f	Allgemein	occupation	6.60
la poudre	das Pulver	words	B2	noun	f	Allgemein	poudre	6.60
l'alliance	die Allianz	words	B2	noun	f	Allgemein	alliance	6.59
émerger	auftauchen	words	B2	verb		Allgemein	émerger	6.58
apparenter	verwandt machen	words	B2	verb		Allgemein	apparenter	6.58
la soixantaine	die Sechziger	words	B2	noun	f	Allgemein	soixantaine	6.57
militer	kämpfen	words	B2	verb		Allgemein	militer	6.55
hostile	feindlich	words	B2	adjective		Allgemein	hostile	6.54
naviguer	navigieren	words	B2	verb		Allgemein	naviguer	6.54
génétique	genetisch	words	B2	adjective		Allgemein	génétique	6.53
sublime	erhaben	words	B2	adjective		Allgemein	sublime	6.51
duquel	von dem	words	B2	pronoun		Allgemein	duquel	6.51
chrétien	christlich	words	B2	adjective		Allgemein	chrétien	6.50
l'atout	der Trumpf	words	B2	noun	m	Allgemein	atout	6.50
l'incertitude	die Ungewissheit	words	B2	noun	f	Allgemein	incertitude	6.49
systématique	systematisch	words	B2	adjective		Allgemein	systématique	6.48
distraire	ablenken	words	B2	verb		Allgemein	distraire	6.48
dévoiler	enthüllen	words	B2	verb		Allgemein	dévoiler	6.48
la substance	die Substanz	words	B2	noun	f	Allgemein	substance	6.47
paradoxal	paradox	words	B2	adjective		Allgemein	paradoxal	6.46
la chair	das Fleisch	words	B2	noun	f	Allgemein	chair	6.44
sain	gesund	words	B2	adjective		Allgemein	sain	6.43
députer	deputieren	words	B2	verb		Allgemein	députer	6.43
l'exécution	die Ausführung	words	B2	noun	f	Allgemein	exécution	6.43
savant	gelehrt	words	B2	adjective		Allgemein	savant	6.42
l'instar	das Vorbild	words	B2	noun	m	Allgemein	instar	6.42
la tribune	die Tribüne	words	B2	noun	f	Allgemein	tribune	6.41
le symptôme	das Symptom	words	B2	noun	m	Allgemein	symptôme	6.41
la torture	die Folter	words	B2	noun	f	Allgemein	torture	6.41
passif	passiv	words	B2	adjective		Allgemein	passif	6.41
l'assaut	der Angriff	words	B2	noun	m	Allgemein	assaut	6.39
le troupeau	die Herde	words	B2	noun	m	Allgemein	troupeau	6.39
terrestre	irdisch	words	B2	adjective		Allgemein	terrestre	6.37
équivaloir	entsprechen	words	B2	verb		Allgemein	équivaloir	6.34
assimiler	asimilieren	words	B2	verb		Allgemein	assimiler	6.34
le satellite	der Satellit	words	B2	noun	m	Allgemein	satellite	6.34
le collaborateur	der Mitarbeiter	words	B2	noun	m	Allgemein	collaborateur	6.33
la séparation	die Trennung	words	B2	noun	f	Allgemein	séparation	6.33
exécuter	ausführen	words	B2	verb		Allgemein	exécuter	6.32
le neurone	der Neuron	words	B2	noun	m	Allgemein	neurone	6.32
ralentir	verlangsamen	words	B2	verb		Allgemein	ralentir	6.32
l'altitude	die Höhe	words	B2	noun	f	Allgemein	altitude	6.30
le fabricant	der Hersteller	words	B2	noun	m	Allgemein	fabricant	6.28
dense	dicht	words	B2	adjective		Allgemein	dense	6.26
dialoguer	dialogisieren	words	B2	verb		Allgemein	dialoguer	6.25
le bloc	der Block	words	B2	noun	m	Allgemein	bloc	6.25
munir	ausstatten	words	B2	verb		Allgemein	munir	6.25
bâiller	gähnen	words	B2	verb		Allgemein	bâiller	6.24
le top	der Höhepunkt	words	B2	noun	m	Allgemein	top	6.24
la mobilité	die Mobilität	words	B2	noun	f	Allgemein	mobilité	6.23
libéral	liberal	words	B2	adjective		Allgemein	libéral	6.23
présidentiel	präsidial	words	B2	adjective		Allgemein	présidentiel	6.23
clore	schließen	words	B2	verb		Allgemein	clore	6.22
l'inventeur	der Erfinder	words	B2	noun	m	Allgemein	inventeur	6.22
l'allocation	die Zuteilung	words	B2	noun	f	Allgemein	allocation	6.21
défavoriser	benachteiligen	words	B2	verb		Allgemein	défavoriser	6.21
l'oxygène	der Sauerstoff	words	B2	noun	m	Allgemein	oxygène	6.21
tracer	zeichnen	words	B2	verb		Allgemein	tracer	6.20
glacial	eisig	words	B2	adjective		Allgemein	glacial	6.20
le traître	der Verräter	words	B2	noun	m	Allgemein	traître	6.19
cardiaque	herz-	words	B2	adjective		Allgemein	cardiaque	6.19
l'élevage	die Zucht	words	B2	noun	m	Allgemein	élevage	6.18
synonyme	synonym	words	B2	adjective		Allgemein	synonyme	6.17
le diplômé	der Absolvent	words	B2	noun	m	Allgemein	diplômé	6.17
le banquier	der Banker	words	B2	noun	m	Allgemein	banquier	6.16
le portefeuille	das Portemonnaie	words	B2	noun	m	Allgemein	portefeuille	6.16
démocratique	demokratisch	words	B2	adjective		Allgemein	démocratique	6.16
la dégradation	die Verschlechterung	words	B2	noun	f	Allgemein	dégradation	6.16
tremper	tauchen	words	B2	verb		Allgemein	tremper	6.16
le lot	das Los	words	B2	noun	m	Allgemein	lot	6.16
l'appellation	die Bezeichnung	words	B2	noun	f	Allgemein	appellation	6.14
croissant	wachsend	words	B2	adjective		Allgemein	croissant	6.14
la colonne	die Säule	words	B2	noun	f	Allgemein	colonne	6.14
le syndicat	die Gewerkschaft	words	B2	noun	m	Allgemein	syndicat	6.12
archéologique	archäologisch	words	B2	adjective		Allgemein	archéologique	6.11
considérablement	erheblich	words	B2	adverb		Allgemein	considérablement	6.11
radical	radikal	words	B2	adjective		Allgemein	radical	6.11
la suggestion	die Vorschlag	words	B2	noun	f	Allgemein	suggestion	6.10
minuscule	winzig	words	B2	adjective		Allgemein	minuscule	6.09
sonore	klangvoll	words	B2	adjective		Allgemein	sonore	6.07
la paire	das Paar	words	B2	noun	f	Allgemein	paire	6.06
terroriser	terrorisieren	words	B2	verb		Allgemein	terroriser	6.05
l'indignation	die Empörung	words	B2	noun	f	Allgemein	indignation	6.04
incontournable	unvermeidlich	words	B2	adjective		Allgemein	incontournable	6.04
expédier	versenden	words	B2	verb		Allgemein	expédier	6.03
la diminution	die Verringerung	words	B2	noun	f	Allgemein	diminution	6.01
la réforme	die Reform	words	B2	noun	f	Allgemein	réforme	6.00
le conjoint	der Partner	words	B2	noun	m	Allgemein	conjoint	5.99
électoral	wahl-	words	B2	adjective		Allgemein	électoral	5.99
la gratuité	die Kostenlosigkeit	words	B2	noun	f	Allgemein	gratuité	5.99
ambitieux	ehrgeizig	words	B2	adjective		Allgemein	ambitieux	5.98
l'abîme	der Abgrund	words	B2	noun	m	Allgemein	abîme	5.97
le sida	die Aids	words	B2	noun	m	Allgemein	sida	5.97
le canal	der Kanal	words	B2	noun	m	Allgemein	canal	5.97
l'espion	der Spion	words	B2	noun	m	Allgemein	espion	5.96
instituer	einführen	words	B2	verb		Allgemein	instituer	5.96
l'écho	das Echo	words	B2	noun	n	Allgemein	écho	5.96
l'anecdote	die Anekdote	words	B2	noun	f	Allgemein	anecdote	5.95
courber	biegen	words	B2	verb		Allgemein	courber	5.94
créatif	kreativ	words	B2	adjective		Allgemein	créatif	5.94
virtuel	virtuell	words	B2	adjective		Allgemein	virtuel	5.93
entreprendre	unternehmen	words	B2	verb		Allgemein	entreprendre	5.93
la gravité	die Schwere	words	B2	noun	f	Allgemein	gravité	5.93
l'équivalent	das Äquivalent	words	B2	noun	n	Allgemein	équivalent	5.93
inonder	überfluten	words	B2	verb		Allgemein	inonder	5.91
l'accompagnement	die Begleitung	words	B2	noun	n	Allgemein	accompagnement	5.91
complémentaire	ergänzend	words	B2	adjective		Allgemein	complémentaire	5.91
le cocktail	der Cocktail	words	B2	noun	m	Allgemein	cocktail	5.91
reçu	empfangen	words	B2	adjective		Allgemein	reçu	5.90
le vocabulaire	der Wortschatz	words	B2	noun	m	Allgemein	vocabulaire	5.87
le velours	der Samt	words	B2	noun	m	Allgemein	velours	5.86
la pile	die Batterie	words	B2	noun	f	Allgemein	pile	5.85
le pôle	der Pol	words	B2	noun	m	Allgemein	pôle	5.85
la morale	die Moral	words	B2	noun	f	Allgemein	morale	5.85
commercialiser	vermarkten	words	B2	verb		Allgemein	commercialiser	5.84
la couture	die Schneiderei	words	B2	noun	f	Allgemein	couture	5.83
le certificat	das Zertifikat	words	B2	noun	m	Allgemein	certificat	5.82
la manipulation	die Manipulation	words	B2	noun	f	Allgemein	manipulation	5.81
l'aménagement	die Gestaltung	words	B2	noun	m	Allgemein	aménagement	5.81
la paie	die Bezahlung	words	B2	noun	f	Allgemein	paie	5.77
le pin	die Kiefer	words	B2	noun	m	Allgemein	pin	5.77
l'attachement	die Bindung	words	B2	noun	m	Allgemein	attachement	5.76
le résumé	die Zusammenfassung	words	B2	noun	m	Allgemein	résumé	5.76
géographique	geografisch	words	B2	adjective		Allgemein	géographique	5.75
le phare	das Leuchtturm	words	B2	noun	m	Allgemein	phare	5.74
la pilule	die Pille	words	B2	noun	f	Allgemein	pilule	5.73
la rumeur	das Gerücht	words	B2	noun	f	Allgemein	rumeur	5.73
nier	leugnen	words	B2	verb		Allgemein	nier	5.72
digne	würdig	words	B2	adjective		Allgemein	digne	5.72
réchauffer	wärmen	words	B2	verb		Allgemein	réchauffer	5.72
préconiser	empfehlen	words	B2	verb		Allgemein	préconiser	5.70
aviaire	vogel-	words	B2	adjective		Allgemein	aviaire	5.70
la poursuite	die Verfolgung	words	B2	noun	f	Allgemein	poursuite	5.70
strictement	streng	words	B2	adverb		Allgemein	strictement	5.69
stratégique	strategisch	words	B2	adjective		Allgemein	stratégique	5.67
absent	abwesend	words	B2	adjective		Allgemein	absent	5.67
agressif	aggressiv	words	B2	adjective		Allgemein	agressif	5.66
séjourner	verweilen	words	B2	verb		Allgemein	séjourner	5.66
réputer	annehmen	words	B2	verb		Allgemein	réputer	5.66
abuser	missbrauchen	words	B2	verb		Allgemein	abuser	5.66
un antibiotique	das Antibiotikum	words	B2	noun	m	Allgemein	antibiotique	5.65
un culte	der Kult	words	B2	noun	m	Allgemein	culte	5.65
une irruption	der Ausbruch	words	B2	noun	f	Allgemein	irruption	5.65
côtoyer	nebenbei leben	words	B2	verb		Allgemein	côtoyer	5.64
débattre	debattieren	words	B2	verb		Allgemein	débattre	5.63
métamorphoser	verwandeln	words	B2	verb		Allgemein	métamorphoser	5.62
une acquisition	die Erwerbung	words	B2	noun	f	Allgemein	acquisition	5.62
une foire	die Messe	words	B2	noun	f	Allgemein	foire	5.60
synthétiser	synthetisieren	words	B2	verb		Allgemein	synthétiser	5.60
un appui	die Unterstützung	words	B2	noun	m	Allgemein	appui	5.60
procéder	vorgehen	words	B2	verb		Allgemein	procéder	5.59
une transition	der Übergang	words	B2	noun	f	Allgemein	transition	5.59
mental	geistig	words	B2	adjective		Allgemein	mental	5.57
discrètement	diskret	words	B2	adverb		Allgemein	discrètement	5.54
le cuir	das Leder	words	B2	noun	m	Allgemein	cuir	5.54
le bien-être	das Wohlbefinden	words	B2	noun	m	Allgemein	bien-être	5.53
un parfumeur	der Parfümeur	words	B2	noun	m	Allgemein	parfumeur	5.53
une collectivité	die Gemeinschaft	words	B2	noun	f	Allgemein	collectivité	5.53
précoce	früh	words	B2	adjective		Allgemein	précoce	5.52
un cabaret	das Kabarett	words	B2	noun	m	Allgemein	cabaret	5.51
rouvrir	wieder öffnen	words	B2	verb		Allgemein	rouvrir	5.50
nue	nackt	words	B2	noun		Allgemein	nue	5.50
une permanence	die Dauer	words	B2	noun	f	Allgemein	permanence	5.49
la faculté	die Fakultät	words	B2	noun	f	Allgemein	faculté	5.48
officiellement	offiziell	words	B2	adverb		Allgemein	officiellement	5.48
le tirage	die Ziehung	words	B2	noun	m	Allgemein	tirage	5.46
final	final	words	B2	adjective		Allgemein	final	5.46
le gosse	der Junge	words	B2	noun	m	Allgemein	gosse	5.46
expatrier	ausweisen	words	B2	verb		Allgemein	expatrier	5.45
l'hégémonie	die Hegemonie	words	B2	noun	f	Allgemein	hégémonie	5.44
abolir	abschaffen	words	B2	verb		Allgemein	abolir	5.42
récolter	ernten	words	B2	verb		Allgemein	récolter	5.42
arabe	arabisch	words	B2	noun		Allgemein	arabe	5.41
le grain	das Korn	words	B2	noun	m	Allgemein	grain	5.40
restreindre	einschränken	words	B2	verb		Allgemein	restreindre	5.40
hebdomadaire	wöchentlich	words	B2	adjective		Allgemein	hebdomadaire	5.40
l'alternative	die Alternative	words	B2	noun	f	Allgemein	alternative	5.40
le réalisme	der Realismus	words	B2	noun	m	Allgemein	réalisme	5.39
lumineux	leuchtend	words	B2	adjective		Allgemein	lumineux	5.39
gâter	verwöhnen	words	B2	verb		Allgemein	gâter	5.39
ludique	spielerisch	words	B2	adjective		Allgemein	ludique	5.37
gravement	ernsthaft	words	B2	adverb		Allgemein	gravement	5.36
humide	feucht	words	B2	adjective		Allgemein	humide	5.36
le canard	die Ente	words	B2	noun	m	Allgemein	canard	5.34
la fureur	die Wut	words	B2	noun	f	Allgemein	fureur	5.32
la correspondance	die Korrespondenz	words	B2	noun	f	Allgemein	correspondance	5.31
terrifier	erschrecken	words	B2	verb		Allgemein	terrifier	5.31
la compagne	die Partnerin	words	B2	noun	f	Allgemein	compagne	5.31
le handicap	die Behinderung	words	B2	noun	m	Allgemein	handicap	5.30
le non-fumeur	der Nichtraucher	words	B2	noun	m	Allgemein	non-fumeur	5.30
insuffisant	unzureichend	words	B2	adjective		Allgemein	insuffisant	5.30
le privilège	das Privileg	words	B2	noun	n	Allgemein	privilège	5.29
le déroulement	der Ablauf	words	B2	noun	m	Allgemein	déroulement	5.29
combiner	kombinieren	words	B2	verb		Allgemein	combiner	5.28
fonctionnel	funktional	words	B2	adjective		Allgemein	fonctionnel	5.28
parallèlement	parallel	words	B2	adverb		Allgemein	parallèlement	5.28
guetter	lauern	words	B2	verb		Allgemein	guetter	5.27
le délit	das Delikt	words	B2	noun	n	Allgemein	délit	5.26
le béton	der Beton	words	B2	noun	m	Allgemein	béton	5.26
infini	unendlich	words	B2	adjective		Allgemein	infini	5.26
le stylo	der Stift	words	B2	noun	m	Allgemein	stylo	5.26
fragile	zerbrechlich	words	B2	adjective		Allgemein	fragile	5.26
la fréquence	die Frequenz	words	B2	noun	f	Allgemein	fréquence	5.25
dédier	widmen	words	B2	verb		Allgemein	dédier	5.25
suisse	schweizerisch	words	B2	adjective		Allgemein	suisse	5.23
démarrer	starten	words	B2	verb		Allgemein	démarrer	5.23
le célibataire	der Single	words	B2	noun	m	Allgemein	célibataire	5.23
le rédacteur	der Redakteur	words	B2	noun	m	Allgemein	rédacteur	5.23
le parquet	das Parkett	words	B2	noun	n	Allgemein	parquet	5.20
la crainte	die Angst	words	B2	noun	f	Allgemein	crainte	5.20
la racine	die Wurzel	words	B2	noun	f	Allgemein	racine	5.20
réprimer	unterdrücken	words	B2	verb		Allgemein	réprimer	5.20
absorber	absorbieren	words	B2	verb		Allgemein	absorber	5.19
l'arbitre	der Schiedsrichter	words	B2	noun	m	Allgemein	arbitre	5.19
la rapidité	die Schnelligkeit	words	B2	noun	f	Allgemein	rapidité	5.19
la parité	die Parität	words	B2	noun	f	Allgemein	parité	5.19
détenir	besitzen	words	B2	verb		Allgemein	détenir	5.18
diversifier	diversifizieren	words	B2	verb		Allgemein	diversifier	5.17
singulier	einzigartig	words	B2	adjective		Allgemein	singulier	5.17
l'injection	die Injektion	words	B2	noun	f	Allgemein	injection	5.17
la piqûre	der Stich	words	B2	noun	f	Allgemein	piqûre	5.16
a priori	a priori	words	B2	adverb		Allgemein	priori	5.16
la cendre	die Asche	words	B2	noun	f	Allgemein	cendre	5.16
relativement	relativ	words	B2	adverb		Allgemein	relativement	5.15
décidément	entschieden	words	B2	adverb		Allgemein	décidément	5.12
personnaliser	personalizieren	words	B2	verb		Allgemein	personnaliser	5.11
priser	schätzen	words	B2	verb		Allgemein	priser	5.10
le rituel	das Ritual	words	B2	noun	m	Allgemein	rituel	5.10
attractif	attraktiv	words	B2	adjective		Allgemein	attractif	5.09
la procédure	das Verfahren	words	B2	noun	f	Allgemein	procédure	5.08
abattre	abbrechen	words	B2	verb		Allgemein	abattre	5.08
typique	typisch	words	B2	adjective		Allgemein	typique	5.08
le compositeur	der Komponist	words	B2	noun	m	Allgemein	compositeur	5.07
amical	freundlich	words	B2	adjective		Allgemein	amical	5.07
le conservatoire	das Konservatorium	words	B2	noun	m	Allgemein	conservatoire	5.05
la fosse	die Grube	words	B2	noun	f	Allgemein	fosse	5.05
étrangler	erwürgen	words	B2	verb		Allgemein	étrangler	5.05
le concurrent	der Konkurrent	words	B2	noun	m	Allgemein	concurrent	5.04
le compromis	der Kompromiss	words	B2	noun	m	Allgemein	compromis	5.04
la scolarité	die Schulbildung	words	B2	noun	f	Allgemein	scolarité	5.03
éthique	ethisch	words	B2	adjective		Allgemein	éthique	5.03
l'idéologie	die Ideologie	words	B2	noun	f	Allgemein	idéologie	5.03
mortel	tödlich	words	B2	adjective		Allgemein	mortel	5.02
télévisuel	fernseh-	words	B2	adjective		Allgemein	télévisuel	5.02
aisé	wohlhabend	words	B2	adjective		Allgemein	aisé	5.02
la particule	das Teilchen	words	B2	noun	f	Allgemein	particule	5.02
le divertissement	die Unterhaltung	words	B2	noun	m	Allgemein	divertissement	5.01
performant	leistungsfähig	words	B2	adjective		Allgemein	performant	5.01
la complexité	die Komplexität	words	B2	noun	f	Allgemein	complexité	5.00
la douzaine	das Dutzend	words	B2	noun	f	Allgemein	douzaine	4.99
l'ambassadeur	der Botschafter	words	B2	noun	m	Allgemein	ambassadeur	4.99
la gentillesse	die Freundlichkeit	words	B2	noun	f	Allgemein	gentillesse	4.99
trentenaire	dreißigjährig	words	B2	adjective		Allgemein	trentenaire	4.98
la vapeur	der Dampf	words	B2	noun	f	Allgemein	vapeur	4.97
relire	wiederlesen	words	B2	verb		Allgemein	relire	4.96
le pari	die Wette	words	B2	noun	m	Allgemein	pari	4.96
franchement	ehrlich gesagt	words	B2	adverb		Allgemein	franchement	4.96
le psychiatre	der Psychiater	words	B2	noun	m	Allgemein	psychiatre	4.96
vis-à-vis	gegenüber	words	B2	adverb		Allgemein	vis-à-vis	4.96
le gage	die Garantie	words	B2	noun	m	Allgemein	gage	4.95
occasionnel	gelegentlich	words	B2	adjective		Allgemein	occasionnel	4.95
la rubrique	die Rubrik	words	B2	noun	f	Allgemein	rubrique	4.94
le nid	das Nest	words	B2	noun	m	Allgemein	nid	4.93
encombrer	überladen	words	B2	verb		Allgemein	encombrer	4.92
le singe	der Affe	words	B2	noun	m	Allgemein	singe	4.90
la prescription	das Rezept	words	B2	noun	f	Allgemein	prescription	4.90
le mobilier	das Mobiliar	words	B2	noun	m	Allgemein	mobilier	4.90
centrer	zentrieren	words	B2	verb		Allgemein	centrer	4.90
la géographie	die Geographie	words	B2	noun	f	Allgemein	géographie	4.89
redoubler	wiederholen	words	B2	verb		Allgemein	redoubler	4.88
la conviction	der Überzeugung	words	B2	noun	f	Allgemein	conviction	4.88
multinational	multinational	words	B2	adjective		Allgemein	multinational	4.87
le nerf	der Nerv	words	B2	noun	m	Allgemein	nerf	4.87
orgueilleux	hochmütig	words	B2	adjective		Allgemein	orgueilleux	4.86
licencier	entlassen	words	B2	verb		Allgemein	licencier	4.86
dispenser	entlassen	words	B2	verb		Allgemein	dispenser	4.86
le tueur	der Mörder	words	B2	noun	m	Allgemein	tueur	4.85
répliquer	entgegnen	words	B2	verb		Allgemein	répliquer	4.85
conforme	konform	words	B2	adjective		Allgemein	conforme	4.85
contrer	entgegenwirken	words	B2	verb		Allgemein	contrer	4.85
antique	antik	words	B2	adjective		Allgemein	antique	4.85
concilier	versöhnen	words	B2	verb		Allgemein	concilier	4.84
manier	handhaben	words	B2	verb		Allgemein	manier	4.83
temporaire	vorübergehend	words	B2	adjective		Allgemein	temporaire	4.83
la norme	die Norm	words	B2	noun	f	Allgemein	norme	4.83
inutilement	unnötig	words	B2	adverb		Allgemein	inutilement	4.83
limpide	klar	words	B2	adjective		Allgemein	limpide	4.83
l'agglomération	die Agglomeration	words	B2	noun	f	Allgemein	agglomération	4.83
honteux	beschämend	words	B2	adjective		Allgemein	honteux	4.83
acheminer	befördern	words	B2	verb		Allgemein	acheminer	4.82
le gendre	der Schwiegersohn	words	B2	noun	m	Allgemein	gendre	4.81
l'audace	der Mut	words	B2	noun	f	Allgemein	audace	4.81
l'urbanisme	die Stadtplanung	words	B2	noun	m	Allgemein	urbanisme	4.81
l'occurrence	das Vorkommen	words	B2	noun	f	Allgemein	occurrence	4.80
dérober	stehlen	words	B2	verb		Allgemein	dérober	4.80
aboutir	enden	words	B2	verb		Allgemein	aboutir	4.80
la verdure	das Grün	words	B2	noun	f	Allgemein	verdure	4.80
la pente	der Hang	words	B2	noun	f	Allgemein	pente	4.80
le déclin	der Rückgang	words	B2	noun	m	Allgemein	déclin	4.79
le crocodile	das Krokodil	words	B2	noun	m	Allgemein	crocodile	4.78
cruel	grausam	words	B2	adjective		Allgemein	cruel	4.78
surgir	auftauchen	words	B2	verb		Allgemein	surgir	4.78
le puits	der Brunnen	words	B2	noun	m	Allgemein	puits	4.78
aspirer	einatmen	words	B2	verb		Allgemein	aspirer	4.77
axer	ausrichten	words	B2	verb		Allgemein	axer	4.76
gémir	stöhnen	words	B2	verb		Allgemein	gémir	4.76
gratuitement	kostenlos	words	B2	adverb		Allgemein	gratuitement	4.76
le palier	die Etage	words	B2	noun	m	Allgemein	palier	4.75
majoritairement	hauptsächlich	words	B2	adverb		Allgemein	majoritairement	4.75
mépriser	verachten	words	B2	verb		Allgemein	mépriser	4.75
le revolver	der Revolver	words	B2	noun	m	Allgemein	revolver	4.74
le notaire	der Notar	words	B2	noun	m	Allgemein	notaire	4.74
le matériau	das Material	words	B2	noun	m	Allgemein	matériau	4.74
soupirer	seufzen	words	B2	verb		Allgemein	soupirer	4.73
le rival	der Rivale	words	B2	noun	m	Allgemein	rival	4.73
l'élaboration	die Ausarbeitung	words	B2	noun	f	Allgemein	élaboration	4.72
réconcilier	versöhnen	words	B2	verb		Allgemein	réconcilier	4.72
peiner	mühen	words	B2	verb		Allgemein	peiner	4.71
l'orchestre	das Orchester	words	B2	noun	m	Allgemein	orchestre	4.71
sentimental	sentimental	words	B2	adjective		Allgemein	sentimental	4.70
le baron	der Baron	words	B2	noun	m	Allgemein	baron	4.70
emprisonner	einsperren	words	B2	verb		Allgemein	emprisonner	4.70
le pistolet	die Pistole	words	B2	noun	m	Allgemein	pistolet	4.67
tailler	schneiden	words	B2	verb		Allgemein	tailler	4.66
migrateur	ziehend	words	B2	adjective		Allgemein	migrateur	4.66
reconnaissant	dankbar	words	B2	adjective		Allgemein	reconnaissant	4.66
l'orientation	die Orientierung	words	B2	noun	f	Allgemein	orientation	4.66
l'apport	der Beitrag	words	B2	noun	m	Allgemein	apport	4.66
sanglant	blutig	words	B2	adjective		Allgemein	sanglant	4.66
le voisinage	die Nachbarschaft	words	B2	noun	m	Allgemein	voisinage	4.66
la parure	der Schmuck	words	B2	noun	f	Allgemein	parure	4.65
l'ingrédient	der Bestandteil	words	B2	noun	m	Allgemein	ingrédient	4.65
échouer	scheitern	words	B2	verb		Allgemein	échouer	4.65
différencier	differenzieren	words	B2	verb		Allgemein	différencier	4.64
épargner	sparen	words	B2	verb		Allgemein	épargner	4.64
moderniser	modernisieren	words	B2	verb		Allgemein	moderniser	4.64
l'ampleur	das Ausmaß	words	B2	noun	f	Allgemein	ampleur	4.64
l'échantillon	die Probe	words	B2	noun	m	Allgemein	échantillon	4.63
le lycéen	der Schüler	words	B2	noun	m	Allgemein	lycéen	4.63
alternatif	alternativ	words	B2	adjective		Allgemein	alternatif	4.62
la traduction	die Übersetzung	words	B2	noun	f	Allgemein	traduction	4.61
le torrent	der Wasserfall	words	B2	noun	m	Allgemein	torrent	4.61
ramer	rudern	words	B2	verb		Allgemein	ramer	4.61
le réflexe	der Reflex	words	B2	noun	m	Allgemein	réflexe	4.60
surprenant	überraschend	words	B2	adjective		Allgemein	surprenant	4.60
la combinaison	die Kombination	words	B2	noun	f	Allgemein	combinaison	4.60
accumuler	ansammeln	words	B2	verb		Allgemein	accumuler	4.60
soupçonner	verdächtigen	words	B2	verb		Allgemein	soupçonner	4.58
le refrain	der Refrain	words	B2	noun	m	Allgemein	refrain	4.58
menaçant	bedrohlich	words	B2	adjective		Allgemein	menaçant	4.58
séduisant	verführerisch	words	B2	adjective		Allgemein	séduisant	4.58
gourmand	gierig	words	B2	adjective		Allgemein	gourmand	4.57
la sanction	die Sanktion	words	B2	noun	f	Allgemein	sanction	4.57
l'adoption	die Adoption	words	B2	noun	f	Allgemein	adoption	4.57
l'intérim	die Vertretung	words	B2	noun	m	Allgemein	intérim	4.56
l'exploitation	die Ausbeutung	words	B2	noun	f	Allgemein	exploitation	4.55
étonné	überrascht	words	B2	adjective		Allgemein	étonné	4.55
émigrer	emigrieren	words	B2	verb		Allgemein	émigrer	4.55
le supplice	die Qual	words	B2	noun	m	Allgemein	supplice	4.55
autonome	autonom	words	B2	adjective		Allgemein	autonome	4.55
la courbe	die Kurve	words	B2	noun	f	Allgemein	courbe	4.54
sincèrement	aufrichtig	words	B2	adverb		Allgemein	sincèrement	4.53
l'alarme	der Alarm	words	B2	noun	f	Allgemein	alarme	4.53
jumelle	zwilling	words	B2	adjective		Allgemein	jumelle	4.52
le couvent	das Kloster	words	B2	noun	m	Allgemein	couvent	4.52
sensiblement	merklich	words	B2	adverb		Allgemein	sensiblement	4.52
innombrable	unzählbar	words	B2	adjective		Allgemein	innombrable	4.51
le remords	das Gewissen	words	B2	noun	m	Allgemein	remords	4.51
l'encadrement	der Rahmen	words	B2	noun	m	Allgemein	encadrement	4.50
percer	durchdringen	words	B2	verb		Allgemein	percer	4.49
naïf	naiv	words	B2	adjective		Allgemein	naïf	4.49
la paresse	die Faulheit	words	B2	noun	f	Allgemein	paresse	4.48
le vice-président	der Vizepräsident	words	B2	noun	m	Allgemein	vice-président	4.48
la contradiction	der Widerspruch	words	B2	noun	f	Allgemein	contradiction	4.47
le saut	der Sprung	words	B2	noun	m	Allgemein	saut	4.47
le maïs	der Mais	words	B2	noun	m	Allgemein	maïs	4.47
l'exigence	die Anforderung	words	B2	noun	f	Allgemein	exigence	4.47
le cortège	der Zug	words	B2	noun	m	Allgemein	cortège	4.46
déplorer	bedauern	words	B2	verb		Allgemein	déplorer	4.46
l'index	der Index	words	B2	noun	m	Allgemein	index	4.45
luxueux	luxuriös	words	B2	adjective		Allgemein	luxueux	4.45
le hurlement	das Heulen	words	B2	noun	m	Allgemein	hurlement	4.44
grossier	grobschlächtig	words	B2	adjective		Allgemein	grossier	4.44
la tentation	die Versuchung	words	B2	noun	f	Allgemein	tentation	4.44
continuel	ständig	words	B2	adjective		Allgemein	continuel	4.44
infliger	zufügen	words	B2	verb		Allgemein	infliger	4.44
socialiste	sozialistisch	words	B2	adjective		Allgemein	socialiste	4.44
orner	schmücken	words	B2	verb		Allgemein	orner	4.43
quasi	quasi	words	B2	adverb		Allgemein	quasi	4.42
effrayant	angsteinflößend	words	B2	adjective		Allgemein	effrayant	4.42
communautaire	gemeinschaftlich	words	B2	adjective		Allgemein	communautaire	4.42
rentable	rentabel	words	B2	adjective		Allgemein	rentable	4.42
le pacte	der Pakt	words	B2	noun	m	Allgemein	pacte	4.41
le psychanalyste	der Psychoanalytiker	words	B2	noun	m	Allgemein	psychanalyste	4.41
maltraiter	misshandeln	words	B2	verb		Allgemein	maltraiter	4.40
la rémunération	die Vergütung	words	B2	noun	f	Allgemein	rémunération	4.40
la sensibilisation	die Sensibilisierung	words	B2	noun	f	Allgemein	sensibilisation	4.39
électromagnétique	elektromagnetisch	words	B2	adjective		Allgemein	électromagnétique	4.39
vulnérable	verletzlich	words	B2	adjective		Allgemein	vulnérable	4.39
l'écosystème	das Ökosystem	words	B2	noun	n	Allgemein	écosystème	4.39
le correspondant	der Korrespondent	words	B2	noun	m	Allgemein	correspondant	4.38
purement	rein	words	B2	adverb		Allgemein	purement	4.37
remédier	beheben	words	B2	verb		Allgemein	remédier	4.37
musculaire	muskel-	words	B2	adjective		Allgemein	musculaire	4.37
triompher	triomphieren	words	B2	verb		Allgemein	triompher	4.36
la protestation	die Protestation	words	B2	noun	f	Allgemein	protestation	4.35
combler	füllen	words	B2	verb		Allgemein	combler	4.35
la polémique	die Kontroverse	words	B2	noun	f	Allgemein	polémique	4.35
l'accessoire	das Zubehör	words	B2	noun	n	Allgemein	accessoire	4.34
la copie	die Kopie	words	B2	noun	f	Allgemein	copie	4.34
pittoresque	malerisch	words	B2	adjective		Allgemein	pittoresque	4.33
le fermier	der Landwirt	words	B2	noun	m	Allgemein	fermier	4.33
repérer	lokalisieren	words	B2	verb		Allgemein	repérer	4.31
le gain	der Gewinn	words	B2	noun	m	Allgemein	gain	4.31
le tabagisme	der Tabakkonsum	words	B2	noun	m	Allgemein	tabagisme	4.30
la célébrité	die Berühmtheit	words	B2	noun	f	Allgemein	célébrité	4.28
s'acharner	sich verbissen	words	B2	verb		Allgemein	acharner	4.27
le demi-siècle	das halbe Jahrhundert	words	B2	noun	n	Allgemein	demi-siècle	4.27
superficiel	oberflächlich	words	B2	adjective		Allgemein	superficiel	4.26
accessible	zugänglich	words	B2	adjective		Allgemein	accessible	4.25
la drogue	die Droge	words	B2	noun	f	Allgemein	drogue	4.25
étaler	ausbreiten	words	B2	verb		Allgemein	étaler	4.25
le forum	das Forum	words	B2	noun	n	Allgemein	forum	4.25
la sauce	die Soße	words	B2	noun	f	Allgemein	sauce	4.25
la chronique	die Chronik	words	B2	noun	f	Allgemein	chronique	4.25
rationnel	rational	words	B2	adjective		Allgemein	rationnel	4.24
bâtir	bauen	words	B2	verb		Allgemein	bâtir	4.24
l'axe	die Achse	words	B2	noun	m	Allgemein	axe	4.24
l'aspiration	die Aspiration	words	B2	noun	f	Allgemein	aspiration	4.24
le comptoir	der Tresen	words	B2	noun	m	Allgemein	comptoir	4.24
dissimuler	verbergen	words	B2	verb		Allgemein	dissimuler	4.24
la dureté	die Härte	words	B2	noun	f	Allgemein	dureté	4.24
la recommandation	die Empfehlung	words	B2	noun	f	Allgemein	recommandation	4.23
affiner	verfeinern	words	B2	verb		Allgemein	affiner	4.23
la vitamine	die Vitamin	words	B2	noun	f	Allgemein	vitamine	4.23
comparable	vergleichbar	words	B2	adjective		Allgemein	comparable	4.23
la prestation	die Leistung	words	B2	noun	f	Allgemein	prestation	4.23
réfugier	unterbringen	words	B2	verb		Allgemein	réfugier	4.22
la lueur	das Licht	words	B2	noun	f	Allgemein	lueur	4.22
impérial	kaiserlich	words	B2	adjective		Allgemein	impérial	4.22
la composante	die Komponente	words	B2	noun	f	Allgemein	composante	4.21
proportionnel	proportional	words	B2	adjective		Allgemein	proportionnel	4.21
la filière	der Studiengang	words	B2	noun	f	Allgemein	filière	4.21
monstrueux	monströs	words	B2	adjective		Allgemein	monstrueux	4.20
gouverner	regieren	words	B2	verb		Allgemein	gouverner	4.20
déchaîner	entfesseln	words	B2	verb		Allgemein	déchaîner	4.20
Gaspard	Gaspard	words	B2	noun	m	Allgemein	gaspard	4.20
éclatant	strahlend	words	B2	adjective		Allgemein	éclatant	4.20
le chêne	die Eiche	words	B2	noun	m	Allgemein	chêne	4.20
la compréhension	das Verständnis	words	B2	noun	f	Allgemein	compréhension	4.20
perpétuel	ewig	words	B2	adjective		Allgemein	perpétuel	4.19
le bouchon	der Stöpsel	words	B2	noun	m	Allgemein	bouchon	4.19
le cap	der Kurs	words	B2	noun	m	Allgemein	cap	4.18
le partenariat	die Partnerschaft	words	B2	noun	m	Allgemein	partenariat	4.18
l'adolescence	die Jugend	words	B2	noun	f	Allgemein	adolescence	4.18
la sueur	der Schweiß	words	B2	noun	f	Allgemein	sueur	4.18
élémentaire	elementar	words	B2	adjective		Allgemein	élémentaire	4.17
la librairie	die Buchhandlung	words	B2	noun	f	Allgemein	librairie	4.17
préalable	vorhergehend	words	B2	adjective		Allgemein	préalable	4.16
advenir	geschehen	words	B2	verb		Allgemein	advenir	4.16
meubler	möblieren	words	B2	verb		Allgemein	meubler	4.15
la vedette	der Star	words	B2	noun	f	Allgemein	vedette	4.15
la phase	die Phase	words	B2	noun	f	Allgemein	phase	4.15
festif	festlich	words	B2	adjective		Allgemein	festif	4.15
tunisien	tunesisch	words	B2	adjective		Allgemein	tunisien	4.15
concurrencer	konkurrieren	words	B2	verb		Allgemein	concurrencer	4.13
tempérer	mildern	words	B2	verb		Allgemein	tempérer	4.13
la mentalité	die Mentalität	words	B2	noun	f	Allgemein	mentalité	4.13
le coffre	die Truhe	words	B2	noun	m	Allgemein	coffre	4.12
pâlir	blass werden	words	B2	verb		Allgemein	pâlir	4.11
indéniable	unbestreitbar	words	B2	adjective		Allgemein	indéniable	4.11
thérapeutique	therapeutisch	words	B2	adjective		Allgemein	thérapeutique	4.11
l'exploit	der Erfolg	words	B2	noun	m	Allgemein	exploit	4.10
l'habitat	das Habitat	words	B2	noun	n	Allgemein	habitat	4.10
fouiller	durchsuchen	words	B2	verb		Allgemein	fouiller	4.09
le bénévolat	die Freiwilligenarbeit	words	B2	noun	m	Allgemein	bénévolat	4.08
égyptien	ägyptisch	words	B2	adjective		Allgemein	égyptien	4.07
le chirurgien	der Chirurg	words	B2	noun	m	Allgemein	chirurgien	4.07
la pétition	die Petition	words	B2	noun	f	Allgemein	pétition	4.07
effrayer	erschrecken	words	B2	verb		Allgemein	effrayer	4.07
redouter	fürchten	words	B2	verb		Allgemein	redouter	4.07
la nuisance	die Belästigung	words	B2	noun	f	Allgemein	nuisance	4.06
incrédule	ungläubig	words	B2	adjective		Allgemein	incrédule	4.05
l'affrontement	die Auseinandersetzung	words	B2	noun	m	Allgemein	affrontement	4.05
militant	aktivistisch	words	B2	adjective		Allgemein	militant	4.05
la sociabilité	die Geselligkeit	words	B2	noun	f	Allgemein	sociabilité	4.05
escalader	besteigen	words	B2	verb		Allgemein	escalader	4.04
freiner	bremsen	words	B2	verb		Allgemein	freiner	4.04
le règlement	die Regelung	words	B2	noun	m	Allgemein	règlement	4.03
le fondement	das Fundament	words	B2	noun	n	Allgemein	fondement	4.02
immobilier	Immobilien-	words	B2	noun		Allgemein	immobilier	4.01
le traité	der Vertrag	words	B2	noun	m	Allgemein	traité	4.01
parlementaire	parlamentarisch	words	B2	adjective		Allgemein	parlementaire	4.00
le lectorat	das Lektorat	words	B2	noun	m	Allgemein	lectorat	4.00
la rentabilité	die Rentabilität	words	B2	noun	f	Allgemein	rentabilité	3.99
racheter	zurückkaufen	words	B2	verb		Allgemein	racheter	3.99
l'insertion	die Eingliederung	words	B2	noun	f	Allgemein	insertion	3.99
la confidence	das Vertrauen	words	B2	noun	f	Allgemein	confidence	3.98
l'acceptation	die Akzeptanz	words	B2	noun	f	Allgemein	acceptation	3.97
le prélèvement	die Entnahme	words	B2	noun	m	Allgemein	prélèvement	3.96
recréer	neu schaffen	words	B2	verb		Allgemein	recréer	3.96
le vignoble	der Weinberg	words	B2	noun	m	Allgemein	vignoble	3.95
la fourmi	die Ameise	words	B2	noun	f	Allgemein	fourmi	3.95
la répartition	die Verteilung	words	B2	noun	f	Allgemein	répartition	3.94
démissionner	kündigen	words	B2	verb		Arbeit & Beruf	démissionner	3.93
le vicomte	der Vizegraf	words	B2	noun	m	Allgemein	vicomte	3.93
couronner	krönen	words	B2	verb		Allgemein	couronner	3.92
enflammer	entzünden	words	B2	verb		Allgemein	enflammer	3.92
l'admirateur	der Bewunderer	words	B2	noun	m	Allgemein	admirateur	3.92
garnir	füllen	words	B2	verb		Essen & Trinken	garnir	3.91
crever	platzen	words	B2	verb		Allgemein	crever	3.91
la manoeuvre	die Manöver	words	B2	noun	f	Allgemein	manoeuvre	3.91
revêtir	anziehen	words	B2	verb		Kleidung & Mode	revêtir	3.90
l'interruption	die Unterbrechung	words	B2	noun	f	Allgemein	interruption	3.90
mentionner	erwähnen	words	B2	verb		Allgemein	mentionner	3.90
confiner	einsperren	words	B2	verb		Allgemein	confiner	3.90
scandinave	skandinavisch	words	B2	adjective		Allgemein	scandinave	3.89
le lustre	der Kronleuchter	words	B2	noun	m	Wohnen & Haus	lustre	3.88
le défilé	die Parade	words	B2	noun	m	Allgemein	défilé	3.88
le piano	das Klavier	words	B2	noun	m	Allgemein	piano	3.88
tolérer	tolerieren	words	B2	verb		Allgemein	tolérer	3.88
parfumer	parfümieren	words	B2	verb		Allgemein	parfumer	3.87
l'étang	der Teich	words	B2	noun	m	Tiere & Natur	étang	3.87
excessif	übermäßig	words	B2	adjective		Allgemein	excessif	3.86
le bienfait	der Nutzen	words	B2	noun	m	Allgemein	bienfait	3.85
la digue	die Düne	words	B2	noun	f	Allgemein	digue	3.84
la natalité	die Geburtenrate	words	B2	noun	f	Allgemein	natalité	3.84
décrypter	entschlüsseln	words	B2	verb		Allgemein	décrypter	3.82
inégal	ungleich	words	B2	adjective		Allgemein	inégal	3.81
socialement	sozial	words	B2	adverb		Allgemein	socialement	3.80
la cote	die Quote	words	B2	noun	f	Allgemein	cote	3.80
recourir	auf etwas zurückgreifen	words	B2	verb		Allgemein	recourir	3.78
primordial	primordial	words	B2	adjective		Allgemein	primordial	3.78
le sceau	der Siegel	words	B2	noun	m	Allgemein	sceau	3.78
l'agression	die Aggression	words	B2	noun	f	Allgemein	agression	3.77
piloter	steuern	words	B2	verb		Allgemein	piloter	3.77
pacifique	friedlich	words	B2	adjective		Allgemein	pacifique	3.77
le trimestre	das Trimester	words	B2	noun	m	Schule & Bildung	trimestre	3.76
spirituel	geistig	words	B2	adjective		Allgemein	spirituel	3.75
somptueux	prunkvoll	words	B2	adjective		Allgemein	somptueux	3.75
le dictionnaire	das Wörterbuch	words	B2	noun	m	Schule & Bildung	dictionnaire	3.74
revendre	weiterverkaufen	words	B2	verb		Einkaufen & Geld	revendre	3.74
le vice	das Laster	words	B2	noun	m	Allgemein	vice	3.74
le glacier	der Gletscher	words	B2	noun	m	Tiere & Natur	glacier	3.73
la chaire	der Lehrstuhl	words	B2	noun	f	Schule & Bildung	chaire	3.73
relater	berichten	words	B2	verb		Allgemein	relater	3.72
le guichet	der Schalter	words	B2	noun	m	Allgemein	guichet	3.72
la coupure	der Schnitt	words	B2	noun	f	Allgemein	coupure	3.72
la croisade	die Kreuzfahrt	words	B2	noun	f	Allgemein	croisade	3.72
prévaloir	vorherrschen	words	B2	verb		Allgemein	prévaloir	3.72
le raisonnement	das Denken	words	B2	noun	m	Allgemein	raisonnement	3.72
jadis	einst	words	B2	adverb		Allgemein	jadis	3.72
carbonique	kohlenstoffhaltig	words	B2	adjective		Allgemein	carbonique	3.71
l'investissement	die Investition	words	B2	noun	m	Einkaufen & Geld	investissement	3.71
la diva	die Diva	words	B2	noun	f	Allgemein	diva	3.71
le pharmacien	der Apotheker	words	B2	noun	m	Körper & Gesundheit	pharmacien	3.70
sombrer	sinken	words	B2	verb		Allgemein	sombrer	3.70
l'abus	der Missbrauch	words	B2	noun	m	Allgemein	abus	3.69
le recul	der Rückgang	words	B2	noun	m	Allgemein	recul	3.69
l'encre	die Tinte	words	B2	noun	f	Allgemein	encre	3.68
éternellement	ewig	words	B2	adverb		Allgemein	éternellement	3.68
l'hébergement	die Unterkunft	words	B2	noun	m	Reisen & Urlaub	hébergement	3.67
le jardinier	der Gärtner	words	B2	noun	m	Allgemein	jardinier	3.67
la vitalité	die Vitalität	words	B2	noun	f	Körper & Gesundheit	vitalité	3.67
la prospérité	der Wohlstand	words	B2	noun	f	Allgemein	prospérité	3.67
banaliser	banalisieren	words	B2	verb		Allgemein	banaliser	3.66
le canapé	das Sofa	words	B2	noun	m	Wohnen & Haus	canapé	3.65
populariser	popularisieren	words	B2	verb		Allgemein	populariser	3.65
la prose	die Prosa	words	B2	noun	f	Allgemein	prose	3.64
réciproque	wechselseitig	words	B2	adjective		Allgemein	réciproque	3.64
approfondir	vertiefen	words	B2	verb		Allgemein	approfondir	3.64
conjuguer	konjugieren	words	B2	verb		Grammatik & Struktur	conjuguer	3.64
potable	trinkbar	words	B2	adjective		Allgemein	potable	3.63
l'engin	das Gerät	words	B2	noun	m	Allgemein	engin	3.63
démunir	entziehen	words	B2	verb		Allgemein	démunir	3.63
le voyant	der Seher	words	B2	noun	m	Allgemein	voyant	3.62
l'engouement	die Begeisterung	words	B2	noun	m	Allgemein	engouement	3.62
l'exode	der Exodus	words	B2	noun	m	Allgemein	exode	3.62
l'organisateur	der Organisator	words	B2	noun	m	Allgemein	organisateur	3.62
la devise	das Motto	words	B2	noun	f	Allgemein	devise	3.62
inéluctable	unvermeidlich	words	B2	adjective		Allgemein	inéluctable	3.62
résonner	erklingen	words	B2	verb		Allgemein	résonner	3.61
emblée	sofort	words	B2	adverb		Allgemein	emblée	3.61
bercer	wiegen	words	B2	verb		Allgemein	bercer	3.61
pointer	zeigen	words	B2	verb		Allgemein	pointer	3.61
valider	bestätigen	words	B2	verb		Allgemein	valider	3.60
l'hormone	das Hormon	words	B2	noun	f	Körper & Gesundheit	hormone	3.60
la grisaille	die Trübe	words	B2	noun	f	Wetter & Jahreszeiten	grisaille	3.60
le savoir-vivre	die Lebensart	words	B2	noun	m	Allgemein	savoir-vivre	3.60
réputé	renommiert	words	B2	adjective		Allgemein	réputé	3.60
la constatation	die Feststellung	words	B2	noun	f	Allgemein	constatation	3.60
plaider	plädieren	words	B2	verb		Allgemein	plaider	3.59
le volant	das Lenkrad	words	B2	noun	m	Allgemein	volant	3.59
inévitable	unvermeidlich	words	B2	adjective		Allgemein	inévitable	3.59
défaire	auflösen	words	B2	verb		Allgemein	défaire	3.59
atténuer	mildern	words	B2	verb		Allgemein	atténuer	3.59
respectif	jeweilig	words	B2	adjective		Allgemein	respectif	3.59
contester	anfechten	words	B2	verb		Allgemein	contester	3.59
défiler	parade	words	B2	verb		Allgemein	défiler	3.58
la brique	der Ziegel	words	B2	noun	f	Allgemein	brique	3.58
carrément	vollständig	words	B2	adverb		Allgemein	carrément	3.58
la fibre	die Faser	words	B2	noun	f	Allgemein	fibre	3.58
bénéfique	nützlich	words	B2	adjective		Allgemein	bénéfique	3.58
disperser	streuen	words	B2	verb		Allgemein	disperser	3.58
la hâte	die Eile	words	B2	noun	f	Allgemein	hâte	3.58
résistant	widerstandsfähig	words	B2	adjective		Allgemein	résistant	3.58
raisonner	überlegen	words	B2	verb		Allgemein	raisonner	3.58
le demandeur	der Antragsteller	words	B2	noun	m	Allgemein	demandeur	3.57
le campus	der Campus	words	B2	noun	m	Schule & Bildung	campus	3.57
l'opportunité	die Gelegenheit	words	B2	noun	f	Allgemein	opportunité	3.57
prôner	befürworten	words	B2	verb		Allgemein	prôner	3.57
le séminaire	das Seminar	words	B2	noun	m	Schule & Bildung	séminaire	3.57
vouer	widmen	words	B2	verb		Allgemein	vouer	3.56
l'indemnité	die Entschädigung	words	B2	noun	f	Allgemein	indemnité	3.56
la préservation	die Erhaltung	words	B2	noun	f	Allgemein	préservation	3.56
l'habileté	die Fähigkeit	words	B2	noun	f	Allgemein	habileté	3.56
subtil	subtil	words	B2	adjective		Allgemein	subtil	3.56
engendrer	verursachen	words	B2	verb		Allgemein	engendrer	3.56
salarier	beschäftigen	words	B2	verb		Allgemein	salarier	3.55
grandiose	großartig	words	B2	adjective		Allgemein	grandiose	3.55
foncé	dunkel	words	B2	adjective		Farben & Formen	foncé	3.55
le cadavre	die Leiche	words	B2	noun	m	Allgemein	cadavre	3.55
l'implication	die Beteiligung	words	B2	noun	f	Allgemein	implication	3.55
la lieue	die Meile	words	B2	noun	f	Allgemein	lieue	3.55
la récolte	die Ernte	words	B2	noun	f	Essen & Trinken	récolte	3.55
la déception	die Enttäuschung	words	B2	noun	f	Gefühle & Charakter	déception	3.54
renchérir	erhöhen	words	B2	verb		Allgemein	renchérir	3.54
le reflet	der Spiegel	words	B2	noun	m	Allgemein	reflet	3.54
infectieux	infektiös	words	B2	adjective		Körper & Gesundheit	infectieux	3.54
rétablir	wiederherstellen	words	B2	verb		Allgemein	rétablir	3.54
restituer	zurückgeben	words	B2	verb		Allgemein	restituer	3.53
l'abolition	die Abschaffung	words	B2	noun	f	Allgemein	abolition	3.53
institutionnel	institutionell	words	B2	adjective		Allgemein	institutionnel	3.53
épanouir	entfalten	words	B2	verb		Allgemein	épanouir	3.53
l'impasse	die Sackgasse	words	B2	noun	f	Stadt & Verkehr	impasse	3.52
confus	verwirrt	words	B2	adjective		Gefühle & Charakter	confus	3.52
la suppression	die Abschaffung	words	B2	noun	f	Allgemein	suppression	3.51
le crépuscule	die Dämmerung	words	B2	noun	m	Wetter & Jahreszeiten	crépuscule	3.51
l'épaisseur	die Dicke	words	B2	noun	f	Allgemein	épaisseur	3.51
le formulaire	das Formular	words	B2	noun	m	Allgemein	formulaire	3.50
le microprocesseur	der Mikroprozessor	words	B2	noun	m	Medien & Technik	microprocesseur	3.50
la plate-forme	die Plattform	words	B2	noun	f	Medien & Technik	plate-forme	3.50
l'intrigue	die Intrige	words	B2	noun	f	Allgemein	intrigue	3.50
détourner	ablenken	words	B2	verb		Allgemein	détourner	3.50
négliger	vernachlässigen	words	B2	verb		Allgemein	négliger	3.49
la nuance	der Nuance	words	B2	noun	f	Allgemein	nuance	3.49
l'attraction	die Anziehung	words	B2	noun	f	Allgemein	attraction	3.49
défigurer	entstellen	words	B2	verb		Allgemein	défigurer	3.49
le choeur	der Chor	words	B2	noun	m	Allgemein	choeur	3.49
le dynamisme	der Dynamismus	words	B2	noun	m	Allgemein	dynamisme	3.48
tropical	tropisch	words	B2	adjective		Allgemein	tropical	3.48
l'arcade	die Arcade	words	B2	noun	f	Allgemein	arcade	3.48
le marbre	der Marmor	words	B2	noun	m	Allgemein	marbre	3.48
la sonnerie	die Klingel	words	B2	noun	f	Allgemein	sonnerie	3.48
le muguet	der Maiglöckchen	words	B2	noun	m	Tiere & Natur	muguet	3.48
la domination	die Dominanz	words	B2	noun	f	Allgemein	domination	3.47
le gré	der Wille	words	B2	noun	m	Allgemein	gré	3.47
planétaire	planetarisch	words	B2	adjective		Allgemein	planétaire	3.47
l'aptitude	die Fähigkeit	words	B2	noun	f	Allgemein	aptitude	3.47
l'évasion	die Flucht	words	B2	noun	f	Allgemein	évasion	3.46
la ruelle	die Gasse	words	B2	noun	f	Stadt & Verkehr	ruelle	3.46
titulaire	inhaltlich	words	B2	adjective		Allgemein	titulaire	3.46
le rongeur	das Nagetier	words	B2	noun	m	Tiere & Natur	rongeur	3.46
optimiste	optimistisch	words	B2	adjective		Gefühle & Charakter	optimiste	3.46
in	in	words	B2	adjective		Allgemein	in	3.45
le cru	das Rohmaterial	words	B2	noun	m	Essen & Trinken	cru	3.45
l'obsession	die Besessenheit	words	B2	noun	f	Allgemein	obsession	3.45
visuel	visuell	words	B2	adjective		Allgemein	visuel	3.45
l'avènement	das Kommen	words	B2	noun	m	Allgemein	avènement	3.43
la halle	die Halle	words	B2	noun	f	Allgemein	halle	3.43
hériter	erben	words	B2	verb		Allgemein	hériter	3.43
le tome	der Band	words	B2	noun	m	Allgemein	tome	3.43
gravir	besteigen	words	B2	verb		Allgemein	gravir	3.42
nouer	knoten	words	B2	verb		Allgemein	nouer	3.42
angoisser	ängstigen	words	B2	verb		Gefühle & Charakter	angoisser	3.41
hexagonal	sechseckig	words	B2	adjective		Allgemein	hexagonal	3.41
neutre	neutral	words	B2	adjective		Allgemein	neutre	3.41
parallèle	parallel	words	B2	adjective		Allgemein	parallèle	3.39
brutalement	brutal	words	B2	adverb		Allgemein	brutalement	3.39
l'extension	die Erweiterung	words	B2	noun	f	Allgemein	extension	3.38
élancer	schnellen	words	B2	verb		Allgemein	élancer	3.37
le capteur	der Sensor	words	B2	noun	m	Medien & Technik	capteur	3.35
le pou	der Laus	words	B2	noun	m	Tiere & Natur	pou	3.35
existant	bestehend	words	B2	adjective		Allgemein	existant	3.33
stresser	stressen	words	B2	verb		Körper & Gesundheit	stresser	3.33
la détermination	die Entschlossenheit	words	B2	noun	f	Allgemein	détermination	3.33
persister	bestehen	words	B2	verb		Allgemein	persister	3.33
la sincérité	die Aufrichtigkeit	words	B2	noun	f	Allgemein	sincérité	3.33
le nègre	der Schwarze	words	B2	noun	m	Allgemein	nègre	3.33
le coureur	der Läufer	words	B2	noun	m	Sport	coureur	3.32
le béret	das Barett	words	B2	noun	m	Kleidung & Mode	béret	3.32
le séisme	das Erdbeben	words	B2	noun	m	Wetter & Jahreszeiten	séisme	3.32
le riverain	der Anwohner	words	B2	noun	m	Wohnen & Haus	riverain	3.31
l'asile	das Asyl	words	B2	noun	m	Allgemein	asile	3.31
le soupçon	der Verdacht	words	B2	noun	m	Allgemein	soupçon	3.31
démentir	widerlegen	words	B2	verb		Allgemein	démentir	3.31
monoparental	alleinerziehend	words	B2	adjective		Familie & Freunde	monoparental	3.31
le jasmin	der Jasmin	words	B2	noun	m	Tiere & Natur	jasmin	3.31
la fracture	der Bruch	words	B2	noun	f	Körper & Gesundheit	fracture	3.31
le quota	das Kontingent	words	B2	noun	m	Allgemein	quota	3.31
affaiblir	schwächen	words	B2	verb		Allgemein	affaiblir	3.30
le blessé	der Verletzte	words	B2	noun	m	Körper & Gesundheit	blessé	3.30
inverser	umkehren	words	B2	verb		Allgemein	inverser	3.30
fédérer	vereinen	words	B2	verb		Allgemein	fédérer	3.29
générer	erzeugen	words	B2	verb		Allgemein	générer	3.29
la parenthèse	die Klammer	words	B2	noun	f	Grammatik & Struktur	parenthèse	3.29
respectivement	jeweils	words	B2	adverb		Allgemein	respectivement	3.28
le squelette	das Skelett	words	B2	noun	m	Körper & Gesundheit	squelette	3.28
la pédagogie	die Pädagogik	words	B2	noun	f	Schule & Bildung	pédagogie	3.27
l'émancipation	die Emanzipation	words	B2	noun	f	Allgemein	émancipation	3.27
imprégner	durchdringen	words	B2	verb		Allgemein	imprégner	3.27
capter	einfangen	words	B2	verb		Allgemein	capter	3.26
le maquillage	das Make-up	words	B2	noun	m	Kleidung & Mode	maquillage	3.26
l'infection	die Infektion	words	B2	noun	f	Körper & Gesundheit	infection	3.25
l'individualisme	der Individualismus	words	B2	noun	m	Allgemein	individualisme	3.25
conventionnel	konventionell	words	B2	adjective		Allgemein	conventionnel	3.25
probable	wahrscheinlich	words	B2	adjective		Allgemein	probable	3.25
le protagoniste	der Protagonist	words	B2	noun	m	Allgemein	protagoniste	3.25
l'élimination	die Eliminierung	words	B2	noun	f	Allgemein	élimination	3.24
l'expérimentation	die Experimentierung	words	B2	noun	f	Allgemein	expérimentation	3.24
coincer	klemmen	words	B2	verb		Allgemein	coincer	3.23
balayer	fegen	words	B2	verb		Allgemein	balayer	3.23
le plancher	der Boden	words	B2	noun	m	Wohnen & Haus	plancher	3.23
impuissant	machtlos	words	B2	adjective		Allgemein	impuissant	3.23
atomique	atomar	words	B2	adjective		Allgemein	atomique	3.22
sécuriser	sichern	words	B2	verb		Allgemein	sécuriser	3.22
théorique	theoretisch	words	B2	adjective		Allgemein	théorique	3.22
catastrophique	katastrophal	words	B2	adjective		Allgemein	catastrophique	3.22
l'instabilité	die Instabilität	words	B2	noun	f	Allgemein	instabilité	3.22
la déforestation	die Abholzung	words	B2	noun	f	Tiere & Natur	déforestation	3.22
galoper	galoppieren	words	B2	verb		Tiere & Natur	galoper	3.21
virer	abdrehen / kündigen	words	B2	verb		Allgemein	virer	3.21
amplifier	verstärken	words	B2	verb		Allgemein	amplifier	3.21
la vitrine	die Vitrine	words	B2	noun	f	Einkaufen & Geld	vitrine	3.21
compenser	ausgleichen	words	B2	verb		Allgemein	compenser	3.21
la schizophrénie	die Schizophrenie	words	B2	noun	f	Körper & Gesundheit	schizophrénie	3.21
la destruction	die Zerstörung	words	B2	noun	f	Allgemein	destruction	3.21
la pertinence	die Relevanz	words	B2	noun	f	Allgemein	pertinence	3.21
distinct	deutlich	words	B2	adjective		Allgemein	distinct	3.21
flâner	bummeln	words	B2	verb		Freizeit & Hobbys	flâner	3.20
l'interrogation	die Befragung	words	B2	noun	f	Schule & Bildung	interrogation	3.20
administrer	verwalten	words	B2	verb		Allgemein	administrer	3.20
la frustration	die Frustration	words	B2	noun	f	Gefühle & Charakter	frustration	3.19
la climatisation	die Klimaanlage	words	B2	noun	f	Wohnen & Haus	climatisation	3.19
modique	moderat	words	B2	adjective		Allgemein	modique	3.19
la migration	die Migration	words	B2	noun	f	Allgemein	migration	3.19
la carotte	die Karotte	words	B2	noun	f	Essen & Trinken	carotte	3.19
censé	vorgesehen	words	B2	adjective		Allgemein	censé	3.18
magnétique	magnetisch	words	B2	adjective		Allgemein	magnétique	3.18
embêter	ärgern	words	B2	verb		Allgemein	embêter	3.18
recruter	rekrutieren	words	B2	verb		Arbeit & Beruf	recruter	3.18
reconstituer	rekonstruieren	words	B2	verb		Allgemein	reconstituer	3.17
rajouter	hinzufügen	words	B2	verb		Allgemein	rajouter	3.17
consentir	einwilligen	words	B2	verb		Allgemein	consentir	3.16
la conservation	die Erhaltung	words	B2	noun	f	Allgemein	conservation	3.16
la trompette	die Trompete	words	B2	noun	f	Allgemein	trompette	3.16
toxique	giftig	words	B2	adjective		Allgemein	toxique	3.16
attachant	anhänglich	words	B2	adjective		Allgemein	attachant	3.16
antérieur	vorherig	words	B2	adjective		Allgemein	antérieur	3.16
égarer	verlegen	words	B2	verb		Allgemein	égarer	3.16
refroidir	abkühlen	words	B2	verb		Allgemein	refroidir	3.15
l'ut	die Utopie	words	B2	noun	f	Allgemein	ut	3.15
la multitude	die Vielzahl	words	B2	noun	f	Allgemein	multitude	3.15
stocker	lagern	words	B2	verb		Allgemein	stocker	3.15
suprême	höchste	words	B2	adjective		Allgemein	suprême	3.15
filer	schnell gehen	words	B2	verb		Allgemein	filer	3.15
l'interdit	das Verbot	words	B2	noun	n	Allgemein	interdit	3.15
provocateur	provokant	words	B2	adjective		Allgemein	provocateur	3.15
pénal	strafrechtlich	words	B2	adjective		Allgemein	pénal	3.14
le plomb	das Blei	words	B2	noun	m	Allgemein	plomb	3.14
élucider	aufklären	words	B2	verb		Allgemein	élucider	3.14
la grammaire	die Grammatik	words	B2	noun	f	Grammatik & Struktur	grammaire	3.13
légal	legal	words	B2	adjective		Allgemein	légal	3.12
phonétique	phonologisch	words	B2	adjective		Grammatik & Struktur	phonétique	3.12
le pourcentage	der Prozentsatz	words	B2	noun	m	Zahlen & Mengen	pourcentage	3.12
sobre	nüchtern	words	B2	adjective		Allgemein	sobre	3.11
le pasteur	der Pastor	words	B2	noun	m	Allgemein	pasteur	3.11
les chefs-d'oeuvre	die Meisterwerke	words	B2	noun	m	Allgemein	chefs-d'oeuvre	3.11
accoucher	entbinden	words	B2	verb		Körper & Gesundheit	accoucher	3.11
la propagation	die Ausbreitung	words	B2	noun	f	Allgemein	propagation	3.11
mou	weich	words	B2	adjective		Allgemein	mou	3.11
le fric	das Geld	words	B2	noun	m	Einkaufen & Geld	fric	3.11
l'inspiration	die Inspiration	words	B2	noun	f	Allgemein	inspiration	3.11
la gueule	die Schnauze	words	B2	noun	f	Tiere & Natur	gueule	3.11
redécouvrir	wiederentdecken	words	B2	verb		Allgemein	redécouvrir	3.11
ancrer	verankern	words	B2	verb		Allgemein	ancrer	3.10
la qualification	die Qualifikation	words	B2	noun	f	Allgemein	qualification	3.10
indique	anzeigend	words	B2	adjective		Allgemein	indique	3.10
le pigeon	die Taube	words	B2	noun	m	Tiere & Natur	pigeon	3.10
le look	der Look	words	B2	noun	m	Kleidung & Mode	look	3.10
errer	umherirren	words	B2	verb		Allgemein	errer	3.10
le refroidissement	die Abkühlung	words	B2	noun	m	Körper & Gesundheit	refroidissement	3.10
le constructeur	der Bauunternehmer	words	B2	noun	m	Arbeit & Beruf	constructeur	3.10
découler	resultieren	words	B2	verb		Allgemein	découler	3.09
le rayonnement	die Strahlung	words	B2	noun	m	Allgemein	rayonnement	3.09
le réacteur	der Reaktor	words	B2	noun	m	Allgemein	réacteur	3.09
inexorablement	unaufhaltsam	words	B2	adverb		Allgemein	inexorablement	3.09
le tapis	der Teppich	words	B2	noun	m	Wohnen & Haus	tapis	3.08
actionner	betätigen	words	B2	verb		Allgemein	actionner	3.08
la déformation	die Verformung	words	B2	noun	f	Allgemein	déformation	3.07
le collier	die Halskette	words	B2	noun	m	Kleidung & Mode	collier	3.07
exalter	erheben	words	B2	verb		Allgemein	exalter	3.07
occasionner	verursachen	words	B2	verb		Allgemein	occasionner	3.07
l'huître	die Auster	words	B2	noun	f	Essen & Trinken	huître	3.07
moqueur	spöttisch	words	B2	adjective		Gefühle & Charakter	moqueur	3.06
l'allumette	die Zündholz	words	B2	noun	f	Allgemein	allumette	3.06
le bandit	der Bandit	words	B2	noun	m	Allgemein	bandit	3.06
l'usager	der Nutzer	words	B2	noun	m	Allgemein	usager	3.06
l'oxyde	das Oxid	words	B2	noun	m	Allgemein	oxyde	3.06
architectural	architektonisch	words	B2	adjective		Allgemein	architectural	3.06
cuisiner	kochen	words	B2	verb		Essen & Trinken	cuisiner	3.06
la fabrique	die Fabrik	words	B2	noun	f	Allgemein	fabrique	3.06
le relief	das Relief	words	B2	noun	m	Allgemein	relief	3.06
la réplique	die Antwort	words	B2	noun	f	Allgemein	réplique	3.05
la butte	der Hügel	words	B2	noun	f	Tiere & Natur	butte	3.05
la malédiction	der Fluch	words	B2	noun	f	Allgemein	malédiction	3.05
lucratif	lukrativ	words	B2	adjective		Allgemein	lucratif	3.05
tenace	hartnäckig	words	B2	adjective		Gefühle & Charakter	tenace	3.05
théâtral	theatralisch	words	B2	adjective		Allgemein	théâtral	3.05
surfer	surfen	words	B2	verb		Freizeit & Hobbys	surfer	3.04
la basilique	die Basilika	words	B2	noun	f	Allgemein	basilique	3.04
la ruse	die List	words	B2	noun	f	Allgemein	ruse	3.04
restant	verbleibend	words	B2	adjective		Allgemein	restant	3.04
préférable	bevorzugt	words	B2	adjective		Allgemein	préférable	3.03
l'emballage	die Verpackung	words	B2	noun	m	Essen & Trinken	emballage	3.03
la fonte	das Gießen	words	B2	noun	f	Allgemein	fonte	3.03
le bobo	der Bobo	words	B2	noun	m	Allgemein	bobo	3.03
froncer	runzeln	words	B2	verb		Allgemein	froncer	3.02
contempler	betrachten	words	B2	verb		Allgemein	contempler	3.02
nomade	nomadisch	words	B2	adjective		Allgemein	nomade	3.02
la vieillesse	das Alter	words	B2	noun	f	Allgemein	vieillesse	3.02
égoïste	egoistisch	words	B2	adjective		Gefühle & Charakter	égoïste	3.02
hop	hop	words	B2	interjection		Allgemein	hop	3.01
hésitant	zögerlich	words	B2	adjective		Gefühle & Charakter	hésitant	3.01
la remise	der Rabatt	words	B2	noun	f	Einkaufen & Geld	remise	3.01
répertorier	verzeichnen	words	B2	verb		Allgemein	répertorier	3.01
dévolu	zugewiesen	words	B2	adjective		Allgemein	dévolu	3.01
le bailleur	der Geldgeber	words	B2	noun	m	Arbeit & Beruf	bailleur	3.01
consécutif	konsekutiv	words	B2	adjective		Allgemein	consécutif	3.01
le recrutement	die Rekrutierung	words	B2	noun	m	Arbeit & Beruf	recrutement	3.00
horizontal	horizontal	words	B2	adjective		Allgemein	horizontal	3.00
flotter	schweben	words	B2	verb		Allgemein	flotter	2.99
la dose	die Dosis	words	B2	noun	f	Gesundheit	dose	2.99
l'expédition	die Expedition	words	B2	noun	f	Reisen & Urlaub	expédition	2.99
circulaire	kreisförmig	words	B2	adjective		Allgemein	circulaire	2.99
le gentilhomme	der Edelmann	words	B2	noun	m	Allgemein	gentilhomme	2.98
méconnaître	nicht erkennen	words	B2	verb		Allgemein	méconnaître	2.98
le carnaval	der Karneval	words	B2	noun	m	Freizeit & Hobbys	carnaval	2.98
perpétuer	bewahren	words	B2	verb		Allgemein	perpétuer	2.98
pleinement	vollständig	words	B2	adverb		Allgemein	pleinement	2.98
présumer	annehmen	words	B2	verb		Allgemein	présumer	2.97
la tulipe	die Tulpe	words	B2	noun	f	Tiere & Natur	tulipe	2.97
l'ambre	der Bernstein	words	B2	noun	m	Allgemein	ambre	2.97
fascinant	fesselnd	words	B2	adjective		Allgemein	fascinant	2.96
le stock	der Bestand	words	B2	noun	m	Allgemein	stock	2.96
le renforcement	die Verstärkung	words	B2	noun	m	Allgemein	renforcement	2.95
la berge	die Ufer	words	B2	noun	f	Tiere & Natur	berge	2.95
enrager	wütend machen	words	B2	verb		Allgemein	enrager	2.94
scandaleux	skandalös	words	B2	adjective		Allgemein	scandaleux	2.94
oeuvrer	arbeiten	words	B2	verb		Allgemein	oeuvrer	2.94
tisser	weben	words	B2	verb		Allgemein	tisser	2.94
se soucier	sich kümmern	words	B2	verb		Allgemein	soucier	2.93
copier	kopieren	words	B2	verb		Allgemein	copier	2.93
civique	bürgerlich	words	B2	adjective		Allgemein	civique	2.93
l'exposé	das Referat	words	B2	noun	m	Schule & Bildung	exposé	2.92
l'appelant	der Anrufer	words	B2	noun	m	Allgemein	appelant	2.91
stupéfaire	verblüffen	words	B2	verb		Allgemein	stupéfaire	2.91
l'acheteur	der Käufer	words	B2	noun	m	Einkaufen & Geld	acheteur	2.91
saigner	bluten	words	B2	verb		Körper & Gesundheit	saigner	2.91
triomphant	triomphierend	words	B2	adjective		Allgemein	triomphant	2.90
façonner	formen	words	B2	verb		Allgemein	façonner	2.90
la pub	die Werbung	words	B2	noun	f	Medien & Technik	pub	2.90
le truc	das Ding	words	B2	noun	m	Allgemein	truc	2.90
transversal	quer	words	B2	adjective		Allgemein	transversal	2.90
la vieille	die Alte	words	B2	noun	f	Allgemein	vieille	2.89
le puzzle	das Puzzle	words	B2	noun	m	Freizeit & Hobbys	puzzle	2.89
la chaussette	die Socke	words	B2	noun	f	Kleidung & Mode	chaussette	2.88
l'entraînement	das Training	words	B2	noun	m	Sport	entraînement	2.88
le délégué	der Delegierte	words	B2	noun	m	Schule & Bildung	délégué	2.88
le miel	der Honig	words	B2	noun	m	Essen & Trinken	miel	2.88
nullement	überhaupt nicht	words	B2	adverb		Allgemein	nullement	2.87
la truffe	die Trüffel	words	B2	noun	f	Essen & Trinken	truffe	2.87
la pompe	die Pumpe	words	B2	noun	f	Allgemein	pompe	2.87
spontanément	spontan	words	B2	adverb		Allgemein	spontanément	2.87
les cristaux	die Kristalle	words	B2	noun		Allgemein	cristaux	2.85
la gymnastique	die Gymnastik	words	B2	noun	f	Sport	gymnastique	2.85
le globe	der Globus	words	B2	noun	m	Allgemein	globe	2.85
le chauffage	die Heizung	words	B2	noun	m	Wohnen & Haus	chauffage	2.85
quelconque	irgendwelcher	words	B2	adjective		Allgemein	quelconque	2.85
expérimenter	experimentieren	words	B2	verb		Allgemein	expérimenter	2.84
l'infrastructure	die Infrastruktur	words	B2	noun	f	Allgemein	infrastructure	2.84
la téléphonie	die Telefonie	words	B2	noun	f	Medien & Technik	téléphonie	2.84
injecter	injizieren	words	B2	verb		Allgemein	injecter	2.84
insérer	einfügen	words	B2	verb		Allgemein	insérer	2.83
résolument	entschlossen	words	B2	adverb		Allgemein	résolument	2.83
le mathématicien	der Mathematiker	words	B2	noun	m	Schule & Bildung	mathématicien	2.83
la flûte	die Flöte	words	B2	noun	f	Allgemein	flûte	2.82
la discothèque	die Diskothek	words	B2	noun	f	Freizeit & Hobbys	discothèque	2.81
normand	normannisch	words	B2	adjective		Allgemein	normand	2.81
intimement	intim	words	B2	adverb		Allgemein	intimement	2.81
le verbe	das Verb	words	B2	noun	m	Grammatik & Struktur	verbe	2.81
déshonorer	entehren	words	B2	verb		Allgemein	déshonorer	2.81
carré	quadratisch	words	B2	adjective		Allgemein	carré	2.81
le gouffre	der Abgrund	words	B2	noun	m	Allgemein	gouffre	2.81
dénuer	entblößen	words	B2	verb		Allgemein	dénuer	2.81
l'interrogatoire	das Verhör	words	B2	noun	m	Allgemein	interrogatoire	2.80
le rempart	der Wall	words	B2	noun	m	Allgemein	rempart	2.80
fertile	fruchtbar	words	B2	adjective		Allgemein	fertile	2.79
le rebelle	der Rebell	words	B2	noun	m	Allgemein	rebelle	2.79
crucial	entscheidend	words	B2	adjective		Allgemein	crucial	2.79
l'avortement	der Schwangerschaftsabbruch	words	B2	noun	m	Allgemein	avortement	2.79
réviser	überarbeiten	words	B2	verb		Allgemein	réviser	2.79
épouvanter	erschrecken	words	B2	verb		Gefühle & Charakter	épouvanter	2.78
la ficelle	die Schnur	words	B2	noun	f	Allgemein	ficelle	2.78
le magistrat	der Magistrat	words	B2	noun	m	Allgemein	magistrat	2.78
le colloque	das Kolloquium	words	B2	noun	n	Schule & Bildung	colloque	2.78
la biologie	die Biologie	words	B2	noun	f	Schule & Bildung	biologie	2.77
durablement	nachhaltig	words	B2	adverb		Allgemein	durablement	2.77
respiratoire	respiratorisch	words	B2	adjective		Körper & Gesundheit	respiratoire	2.77
accentuer	betonen	words	B2	verb		Allgemein	accentuer	2.77
respectable	respektabel	words	B2	adjective		Allgemein	respectable	2.77
le cordon	das Band	words	B2	noun	m	Allgemein	cordon	2.76
malicieux	listig	words	B2	adjective		Allgemein	malicieux	2.75
le patrice	der Patrizier	words	B2	noun	m	Allgemein	patrice	2.75
audacieux	kühn	words	B2	adjective		Allgemein	audacieux	2.74
sculpter	schnitzen	words	B2	verb		Allgemein	sculpter	2.74
la citoyenneté	die Staatsbürgerschaft	words	B2	noun	f	Allgemein	citoyenneté	2.74
la selle	der Sattel	words	B2	noun	f	Allgemein	selle	2.73
mauve	maulbeerfarben	words	B2	adjective		Farben & Formen	mauve	2.72
fiable	zuverlässig	words	B2	adjective		Allgemein	fiable	2.72
l'anesthésie	die Anästhesie	words	B2	noun	f	Körper & Gesundheit	anesthésie	2.72
dépouiller	entblößen	words	B2	verb		Allgemein	dépouiller	2.71
glacé	gefroren	words	B2	adjective		Essen & Trinken	glacé	2.71
lucide	klar	words	B2	adjective		Allgemein	lucide	2.70
raccrocher	auflegen	words	B2	verb		Allgemein	raccrocher	2.70
l'extrémité	das Ende	words	B2	noun	f	Allgemein	extrémité	2.69
l'injure	die Beleidigung	words	B2	noun	f	Allgemein	injure	2.69
la visibilité	die Sichtbarkeit	words	B2	noun	f	Allgemein	visibilité	2.69
décentraliser	dezentralisieren	words	B2	verb		Allgemein	décentraliser	2.68
le collégien	der Schüler	words	B2	noun	m	Schule & Bildung	collégien	2.68
méthodique	methodisch	words	B2	adjective		Allgemein	méthodique	2.67
le lis	die Lilie	words	B2	noun	m	Tiere & Natur	lis	2.67
l'esclavage	die Sklaverei	words	B2	noun	m	Allgemein	esclavage	2.67
organique	organisch	words	B2	adjective		Allgemein	organique	2.66
souterrain	unterirdisch	words	B2	adjective		Allgemein	souterrain	2.66
le dévouement	die Hingabe	words	B2	noun	m	Allgemein	dévouement	2.65
la tuberculose	die Tuberkulose	words	B2	noun	f	Körper & Gesundheit	tuberculose	2.65
le portugais	der Portugiese	words	B2	noun	m	Allgemein	portugais	2.65
la thématique	die Thematik	words	B2	noun	f	Allgemein	thématique	2.65
le désastre	die Katastrophe	words	B2	noun	m	Allgemein	désastre	2.64
fossile	fossil	words	B2	adjective		Allgemein	fossile	2.64
l'ego	das Ego	words	B2	noun	m	Allgemein	ego	2.64
la nièce	die Nichte	words	B2	noun	f	Familie & Freunde	nièce	2.64
insensible	gefühllos	words	B2	adjective		Gefühle & Charakter	insensible	2.64
concourir	teilnehmen	words	B2	verb		Allgemein	concourir	2.63
le creuset	der Schmelztiegel	words	B2	noun	m	Allgemein	creuset	2.63
la borne	die Grenze	words	B2	noun	f	Allgemein	borne	2.62
inséparable	untrennbar	words	B2	adjective		Allgemein	inséparable	2.62
réglementer	regeln	words	B2	verb		Allgemein	réglementer	2.62
conscient	bewusst	words	B2	adjective		Allgemein	conscient	2.62
la division	die Division	words	B2	noun	f	Allgemein	division	2.62
la globalisation	die Globalisierung	words	B2	noun	f	Allgemein	globalisation	2.62
satisfaisant	zufriedenstellend	words	B2	adjective		Allgemein	satisfaisant	2.62
le prolongement	die Verlängerung	words	B2	noun	m	Allgemein	prolongement	2.62
le décret	der Erlass	words	B2	noun	m	Allgemein	décret	2.62
le détriment	der Nachteil	words	B2	noun	m	Allgemein	détriment	2.61
la marée	die Gezeiten	words	B2	noun	f	Wetter & Jahreszeiten	marée	2.61
le postier	der Briefträger	words	B2	noun	m	Arbeit & Beruf	postier	2.61
la lanterne	die Laterne	words	B2	noun	f	Allgemein	lanterne	2.61
la haie	die Hecke	words	B2	noun	f	Tiere & Natur	haie	2.60
la méthodologie	die Methodologie	words	B2	noun	f	Schule & Bildung	méthodologie	2.60
le show	die Show	words	B2	noun	m	Medien & Technik	show	2.60
rigoureux	rigoros	words	B2	adjective		Allgemein	rigoureux	2.59
agacer	ärgern	words	B2	verb		Gefühle & Charakter	agacer	2.59
le consensus	der Konsens	words	B2	noun	m	Allgemein	consensus	2.59
rallonger	verlängern	words	B2	verb		Allgemein	rallonger	2.59
l'épanouissement	die Entfaltung	words	B2	noun	m	Allgemein	épanouissement	2.59
enclin	neigung	words	B2	adjective		Allgemein	enclin	2.58
la concession	die Zugeständnis	words	B2	noun	f	Allgemein	concession	2.58
convier	einladen	words	B2	verb		Begrüßung & Höflichkeit	convier	2.58
l'entraide	die gegenseitige Hilfe	words	B2	noun	f	Allgemein	entraide	2.58
minimal	minimal	words	B2	adjective		Allgemein	minimal	2.58
révélateur	aufdeckend	words	B2	adjective		Allgemein	révélateur	2.58
assembler	zusammenbauen	words	B2	verb		Allgemein	assembler	2.58
l'égout	der Abfluss	words	B2	noun	m	Allgemein	égout	2.58
l'épicier	der Lebensmittelhändler	words	B2	noun	m	Einkaufen & Geld	épicier	2.58
intéressé	interessiert	words	B2	adjective		Allgemein	intéressé	2.58
tripler	verdreifachen	words	B2	verb		Zahlen & Mengen	tripler	2.57
excepter	ausnehmen	words	B2	verb		Allgemein	excepter	2.57
le tunnel	der Tunnel	words	B2	noun	m	Stadt & Verkehr	tunnel	2.57
la bombe	die Bombe	words	B2	noun	f	Allgemein	bombe	2.57
la finale	das Finale	words	B2	noun	f	Allgemein	finale	2.57
siéger	sitzen	words	B2	verb		Allgemein	siéger	2.57
l'enrichissement	die Bereicherung	words	B2	noun	m	Allgemein	enrichissement	2.56
nostalgique	nostalgisch	words	B2	adjective		Gefühle & Charakter	nostalgique	2.56
le complice	der Komplize	words	B2	noun	m	Allgemein	complice	2.56
la consigne	die Anweisung	words	B2	noun	f	Allgemein	consigne	2.56
le flux	der Fluss	words	B2	noun	m	Allgemein	flux	2.56
l'allongement	die Verlängerung	words	B2	noun	m	Allgemein	allongement	2.56
le format	das Format	words	B2	noun	m	Allgemein	format	2.55
la défaite	die Niederlage	words	B2	noun	f	Allgemein	défaite	2.55
l'académie	die Akademie	words	B2	noun	f	Schule & Bildung	académie	2.55
la vierge	die Jungfrau	words	B2	noun	f	Allgemein	vierge	2.55
le vertige	der Schwindel	words	B2	noun	m	Körper & Gesundheit	vertige	2.55
compliqué	kompliziert	words	B2	adjective		Allgemein	compliqué	2.55
la plaie	die Wunde	words	B2	noun	f	Körper & Gesundheit	plaie	2.55
futuriste	futuristisch	words	B2	adjective		Allgemein	futuriste	2.55
moyennant	gegen	words	B2	preposition		Allgemein	moyennant	2.55
inconscient	unbewusst	words	B2	adjective		Allgemein	inconscient	2.55
pourvu	versorgt	words	B2	adjective		Allgemein	pourvu	2.55
la race	die Rasse	words	B2	noun	f	Allgemein	race	2.55
le paradoxe	das Paradoxon	words	B2	noun	m	Allgemein	paradoxe	2.54
idéaliser	idealisieren	words	B2	verb		Allgemein	idéaliser	2.54
le fantasme	der Fantasie	words	B2	noun	m	Allgemein	fantasme	2.54
le remboursement	die Rückerstattung	words	B2	noun	m	Allgemein	remboursement	2.54
balader	spazieren	words	B2	verb		Freizeit & Hobbys	balader	2.54
anthropologique	anthropologisch	words	B2	adjective		Allgemein	anthropologique	2.54
le chef-lieu	die Hauptstadt	words	B2	noun	m	Allgemein	chef-lieu	2.54
la guise	die Art	words	B2	noun	f	Allgemein	guise	2.54
la finance	die Finanzen	words	B2	noun	f	Arbeit & Beruf	finance	2.54
la baleine	die Wal	words	B2	noun	f	Tiere & Natur	baleine	2.54
la muraille	die Mauer	words	B2	noun	f	Allgemein	muraille	2.54
le moine	der Mönch	words	B2	noun	m	Allgemein	moine	2.53
le pourtour	der Rand	words	B2	noun	m	Allgemein	pourtour	2.53
mutuel	gegenseitig	words	B2	adjective		Allgemein	mutuel	2.53
orchestrer	orchestrieren	words	B2	verb		Allgemein	orchestrer	2.53
rude	rau	words	B2	adjective		Allgemein	rude	2.53
paisiblement	friedlich	words	B2	adverb		Allgemein	paisiblement	2.53
l'introduction	die Einführung	words	B2	noun	f	Allgemein	introduction	2.53
la prétention	der Anspruch	words	B2	noun	f	Allgemein	prétention	2.53
cumuler	ansammeln	words	B2	verb		Allgemein	cumuler	2.52
satirique	satirisch	words	B2	adjective		Allgemein	satirique	2.52
la subtilité	die Subtilität	words	B2	noun	f	Allgemein	subtilité	2.52
le promoteur	der Förderer	words	B2	noun	m	Arbeit & Beruf	promoteur	2.52
environnant	umgebend	words	B2	adjective		Allgemein	environnant	2.52
la bruyère	die Heide	words	B2	noun	f	Tiere & Natur	bruyère	2.52
la corruption	die Korruption	words	B2	noun	f	Allgemein	corruption	2.52
le pseudonyme	das Pseudonym	words	B2	noun	m	Allgemein	pseudonyme	2.52
l'honnêteté	die Ehrlichkeit	words	B2	noun	f	Gefühle & Charakter	honnêteté	2.52
la légèreté	die Leichtigkeit	words	B2	noun	f	Allgemein	légèreté	2.52
le surveillant	der Aufseher	words	B2	noun	m	Schule & Bildung	surveillant	2.52
questionner	fragen	words	B2	verb		Kommunikation	questionner	2.52
vestimentaire	bekleidungs-	words	B2	adjective		Kleidung & Mode	vestimentaire	2.52
l'arc	der Bogen	words	B2	noun	m	Allgemein	arc	2.51
la culotte	die Unterhose	words	B2	noun	f	Kleidung & Mode	culotte	2.51
avaler	schlucken	words	B2	verb		Essen & Trinken	avaler	2.51
poster	posten	words	B2	verb		Allgemein	poster	2.51
le coordinateur	der Koordinator	words	B2	noun	m	Arbeit & Beruf	coordinateur	2.51
la dignité	die Würde	words	B2	noun	f	Gefühle & Charakter	dignité	2.51
l'imprimerie	die Druckerei	words	B2	noun	f	Arbeit & Beruf	imprimerie	2.51
le gazon	der Rasen	words	B2	noun	m	Wohnen & Haus	gazon	2.51
le rassemblement	die Versammlung	words	B2	noun	m	Allgemein	rassemblement	2.51
superposer	übereinanderlegen	words	B2	verb		Allgemein	superposer	2.51
la graine	der Samen	words	B2	noun	f	Essen & Trinken	graine	2.51
la tyrannie	die Tyrannei	words	B2	noun	f	Allgemein	tyrannie	2.50
détestable	verabscheuenswert	words	B2	adjective		Allgemein	détestable	2.50
l'embarras	die Verlegenheit	words	B2	noun	m	Gefühle & Charakter	embarras	2.50
la crédibilité	die Glaubwürdigkeit	words	B2	noun	f	Allgemein	crédibilité	2.50
déléguer	delegieren	words	B2	verb		Arbeit & Beruf	déléguer	2.50
implacable	unbarmherzig	words	B2	adjective		Allgemein	implacable	2.49
couver	brüten	words	B2	verb		Tiere & Natur	couver	2.49
spécifiquement	spezifisch	words	B2	adverb		Allgemein	spécifiquement	2.49
survoler	überfliegen	words	B2	verb		Reisen & Urlaub	survoler	2.49
l'impulsion	der Anstoß	words	B2	noun	f	Allgemein	impulsion	2.49
la gaieté	die Fröhlichkeit	words	B2	noun	f	Gefühle & Charakter	gaieté	2.49
intégré	integriert	words	B2	adjective		Allgemein	intégré	2.49
excéder	überschreiten	words	B2	verb		Allgemein	excéder	2.49
la psychologie	die Psychologie	words	B2	noun	f	Allgemein	psychologie	2.48
la notoriété	die Bekanntheit	words	B2	noun	f	Allgemein	notoriété	2.48
exceller	auszeichnen	words	B2	verb		Allgemein	exceller	2.48
percher	sitzen	words	B2	verb		Allgemein	percher	2.48
l'aigle	der Adler	words	B2	noun	m	Tiere & Natur	aigle	2.48
inexistant	nicht existent	words	B2	adjective		Allgemein	inexistant	2.48
rémunérer	vergüten	words	B2	verb		Arbeit & Beruf	rémunérer	2.48
évacuer	evakuieren	words	B2	verb		Allgemein	évacuer	2.48
le partisan	der Anhänger	words	B2	noun	m	Allgemein	partisan	2.48
le descendant	der Nachkomme	words	B2	noun	m	Allgemein	descendant	2.47
positivement	positiv	words	B2	adverb		Allgemein	positivement	2.47
opter	wählen	words	B2	verb		Allgemein	opter	2.47
splendide	wunderschön	words	B2	adjective		Allgemein	splendide	2.47
écologiste	umweltfreundlich	words	B2	adjective		Allgemein	écologiste	2.47
le filet	das Filet	words	B2	noun	n	Essen & Trinken	filet	2.47
l'agneau	das Lamm	words	B2	noun	n	Essen & Trinken	agneau	2.47
ruiner	ruinieren	words	B2	verb		Allgemein	ruiner	2.47
le business	das Geschäft	words	B2	noun	n	Arbeit & Beruf	business	2.47
le résident	der Bewohner	words	B2	noun	m	Allgemein	résident	2.47
néfaste	schädlich	words	B2	adjective		Allgemein	néfaste	2.47
la productivité	die Produktivität	words	B2	noun	f	Allgemein	productivité	2.47
la parution	die Veröffentlichung	words	B2	noun	f	Allgemein	parution	2.47
pyrénéen	pyrenäisch	words	B2	adjective		Allgemein	pyrénéen	2.47
la réticence	die Zurückhaltung	words	B2	noun	f	Allgemein	réticence	2.47
peupler	bevölkern	words	B2	verb		Allgemein	peupler	2.47
la distraction	die Ablenkung	words	B2	noun	f	Allgemein	distraction	2.47
timidement	schüchtern	words	B2	adverb		Allgemein	timidement	2.47
obséder	besessen	words	B2	verb		Allgemein	obséder	2.46
la méfiance	das Misstrauen	words	B2	noun	f	Allgemein	méfiance	2.46
la frénésie	die Frenzy	words	B2	noun	f	Allgemein	frénésie	2.46
hospitaliser	hospitalisieren	words	B2	verb		Körper & Gesundheit	hospitaliser	2.46
renaître	wiedergeboren	words	B2	verb		Allgemein	renaître	2.46
la friche	die Brachfläche	words	B2	noun	f	Allgemein	friche	2.46
le biologiste	der Biologe	words	B2	noun	m	Allgemein	biologiste	2.46
la péripétie	die Wendung	words	B2	noun	f	Allgemein	péripétie	2.45
la chandelle	die Kerze	words	B2	noun	f	Allgemein	chandelle	2.45
proliférer	vermehren	words	B2	verb		Allgemein	proliférer	2.45
avantageux	vorteilhaft	words	B2	adjective		Allgemein	avantageux	2.45
sophistiqué	anspruchsvoll	words	B2	adjective		Allgemein	sophistiqué	2.45
succomber	erliegen	words	B2	verb		Allgemein	succomber	2.45
atmosphérique	atmosphärisch	words	B2	adjective		Allgemein	atmosphérique	2.45
osciller	schwingen	words	B2	verb		Allgemein	osciller	2.45
flamber	flammen	words	B2	verb		Allgemein	flamber	2.45
l'estimation	die Schätzung	words	B2	noun	f	Allgemein	estimation	2.45
le soufre	der Schwefel	words	B2	noun	m	Allgemein	soufre	2.45
le commentateur	der Kommentator	words	B2	noun	m	Allgemein	commentateur	2.44
formellement	formell	words	B2	adverb		Allgemein	formellement	2.44
le maintien	der Erhalt	words	B2	noun	m	Allgemein	maintien	2.44
la dépression	die Depression	words	B2	noun	f	Körper & Gesundheit	dépression	2.44
l'écolier	der Schüler	words	B2	noun	m	Schule & Bildung	écolier	2.44
primitif	primitiv	words	B2	adjective		Allgemein	primitif	2.44
la pathologie	die Pathologie	words	B2	noun	f	Körper & Gesundheit	pathologie	2.44
boiser	holzern	words	B2	verb		Allgemein	boiser	2.44
infiniment	unendlich	words	B2	adverb		Allgemein	infiniment	2.44
attarder	verzögern	words	B2	verb		Allgemein	attarder	2.44
grandissant	wachsend	words	B2	adjective		Allgemein	grandissant	2.44
contraster	kontrastieren	words	B2	verb		Allgemein	contraster	2.44
l'égoïsme	der Egoismus	words	B2	noun	m	Gefühle & Charakter	égoïsme	2.44
bilingue	bilingual	words	B2	adjective		Allgemein	bilingue	2.44
sanguin	blutig	words	B2	adjective		Allgemein	sanguin	2.44
la menotte	die Handschelle	words	B2	noun	f	Allgemein	menotte	2.44
la modification	die Änderung	words	B2	noun	f	Allgemein	modification	2.44
cohérent	kohärent	words	B2	adjective		Allgemein	cohérent	2.44
raffiner	verfeinern	words	B2	verb		Allgemein	raffiner	2.44
le convive	der Gast	words	B2	noun	m	Essen & Trinken	convive	2.44
vaniteux	eitel	words	B2	adjective		Gefühle & Charakter	vaniteux	2.44
prioritaire	prioritär	words	B2	adjective		Allgemein	prioritaire	2.43
instable	instabil	words	B2	adjective		Allgemein	instable	2.43
le réservoir	der Tank	words	B2	noun	m	Allgemein	réservoir	2.43
la concentration	die Konzentration	words	B2	noun	f	Allgemein	concentration	2.43
le tapage	der Lärm	words	B2	noun	m	Allgemein	tapage	2.43
desservir	abservieren	words	B2	verb		Essen & Trinken	desservir	2.42
la méchanceté	die Bosheit	words	B2	noun	f	Gefühle & Charakter	méchanceté	2.42
éblouissant	blitzend	words	B2	adjective		Allgemein	éblouissant	2.42
découper	ausschneiden	words	B2	verb		Allgemein	découper	2.41
l'anonymat	die Anonymität	words	B2	noun	m	Allgemein	anonymat	2.41
la complicité	die Komplizenschaft	words	B2	noun	f	Allgemein	complicité	2.41
la teinte	der Farbton	words	B2	noun	f	Farben & Formen	teinte	2.41
l'effectif	die Anzahl	words	B2	noun	m	Allgemein	effectif	2.40
le livret	das Heft	words	B2	noun	m	Allgemein	livret	2.40
la quiche	die Quiche	words	B2	noun	f	Essen & Trinken	quiche	2.40
chouette	cool	words	B2	adjective		Allgemein	chouette	2.40
grec	griechisch	words	B2	adjective		Allgemein	grec	2.40
l'ongle	der Nagel	words	B2	noun	m	Körper & Gesundheit	ongle	2.40
chauve	glatzköpfig	words	B2	adjective		Körper & Gesundheit	chauve	2.40
huitième	acht	words	B2	adjective		Zahlen & Mengen	huitième	2.39
extravagant	extravagant	words	B2	adjective		Allgemein	extravagant	2.39
la collaboration	die Zusammenarbeit	words	B2	noun	f	Arbeit & Beruf	collaboration	2.39
l'éventail	das Fächer	words	B2	noun	m	Allgemein	éventail	2.39
cool	cool	words	B2	adjective		Allgemein	cool	2.39
finement	fein	words	B2	adverb		Allgemein	finement	2.39
le manuel	das Handbuch	words	B2	noun	m	Schule & Bildung	manuel	2.39
défier	herausfordern	words	B2	verb		Allgemein	défier	2.39
apprêter	vorbereiten	words	B2	verb		Allgemein	apprêter	2.38
le tenant	der Halter	words	B2	noun	m	Allgemein	tenant	2.38
intenter	einleiten	words	B2	verb		Allgemein	intenter	2.38
abîmer	beschädigen	words	B2	verb		Allgemein	abîmer	2.38
l'intensité	die Intensität	words	B2	noun	f	Allgemein	intensité	2.38
neural	neuronal	words	B2	adjective		Allgemein	neuronal	2.37
sociologique	soziologisch	words	B2	adjective		Allgemein	sociologique	2.37
capturer	fangen	words	B2	verb		Allgemein	capturer	2.37
humble	bescheiden	words	B2	adjective		Allgemein	humble	2.37
le palmier	die Palme	words	B2	noun	m	Tiere & Natur	palmier	2.37
vanillé	vanillig	words	B2	adjective		Essen & Trinken	vanillé	2.37
le shopping	das Einkaufen	words	B2	noun	m	Einkaufen & Geld	shopping	2.37
l'humiliation	die Erniedrigung	words	B2	noun	f	Allgemein	humiliation	2.36
saurer	säuern	words	B2	verb		Essen & Trinken	saurer	2.36
correctement	korrekt	words	B2	adverb		Allgemein	correctement	2.36
le pionnier	der Pionier	words	B2	noun	m	Allgemein	pionnier	2.36
mécontent	unzufrieden	words	B2	adjective		Gefühle & Charakter	mécontent	2.36
le promeneur	der Spaziergänger	words	B2	noun	m	Freizeit & Hobbys	promeneur	2.36
le torero	der Torero	words	B2	noun	m	Allgemein	torero	2.36
apparent	offensichtlich	words	B2	adjective		Allgemein	apparent	2.35
la baraque	die Hütte	words	B2	noun	f	Wohnen & Haus	baraque	2.35
horriblement	schrecklich	words	B2	adverb		Allgemein	horriblement	2.34
la laisse	die Leine	words	B2	noun	f	Tiere & Natur	laisse	2.34
désastreux	katastrophal	words	B2	adjective		Allgemein	désastreux	2.34
réciter	rezitieren	words	B2	verb		Allgemein	réciter	2.34
le préparatif	die Vorbereitung	words	B2	noun	m	Allgemein	préparatif	2.34
la densité	die Dichte	words	B2	noun	f	Allgemein	densité	2.34
le cambriolage	der Einbruch	words	B2	noun	m	Allgemein	cambriolage	2.34
éventuellement	eventuell	words	B2	adverb		Allgemein	éventuellement	2.33
la confusion	die Verwirrung	words	B2	noun	f	Allgemein	confusion	2.33
l'archéologie	die Archäologie	words	B2	noun	f	Allgemein	archéologie	2.33
glorieux	glorreich	words	B2	adjective		Allgemein	glorieux	2.33
la mortalité	die Sterblichkeit	words	B2	noun	f	Körper & Gesundheit	mortalité	2.33
le locuteur	der Sprecher	words	B2	noun	m	Kommunikation	locuteur	2.32
raser	rasieren	words	B2	verb		Körper & Gesundheit	raser	2.32
le tramway	die Straßenbahn	words	B2	noun	m	Stadt & Verkehr	tramway	2.32
cohabiter	zusammenleben	words	B2	verb		Familie & Freunde	cohabiter	2.32
le catalogue	der Katalog	words	B2	noun	m	Allgemein	catalogue	2.32
l'enseigne	das Schild	words	B2	noun	f	Einkaufen & Geld	enseigne	2.32
la fanfare	die Fanfare	words	B2	noun	f	Freizeit & Hobbys	fanfare	2.32
les fringues	die Klamotten	words	B2	noun		Kleidung & Mode	fringues	2.31
océanique	ozeanisch	words	B2	adjective		Tiere & Natur	océanique	2.31
clinique	klinisch	words	B2	adjective		Körper & Gesundheit	clinique	2.31
la routine	die Routine	words	B2	noun	f	Allgemein	routine	2.31
redresser	aufrichten	words	B2	verb		Allgemein	redresser	2.31
conformiste	konformistisch	words	B2	adjective		Allgemein	conformiste	2.30
financièrement	finanziell	words	B2	adverb		Allgemein	financièrement	2.30
contracter	vertragen	words	B2	verb		Allgemein	contracter	2.30
féroce	wild	words	B2	adjective		Allgemein	féroce	2.30
involontaire	unfreiwillig	words	B2	adjective		Allgemein	involontaire	2.29
le styliste	der Stylist	words	B2	noun	m	Kleidung & Mode	styliste	2.29
la caution	die Kaution	words	B2	noun	f	Einkaufen & Geld	caution	2.28
le buisson	der Busch	words	B2	noun	m	Tiere & Natur	buisson	2.28
la bille	die Kugel	words	B2	noun	f	Allgemein	bille	2.28
reconstruire	wiederaufbauen	words	B2	verb		Allgemein	reconstruire	2.28
la limitation	die Einschränkung	words	B2	noun	f	Allgemein	limitation	2.28
souhaitable	wünschenswert	words	B2	adjective		Allgemein	souhaitable	2.28
blanchir	bleichen	words	B2	verb		Allgemein	blanchir	2.28
réduit	reduziert	words	B2	adjective		Allgemein	réduit	2.27
arrondir	abrunden	words	B2	verb		Allgemein	arrondir	2.27
le gémissement	das Stöhnen	words	B2	noun	m	Allgemein	gémissement	2.26
l'escale	der Zwischenstopp	words	B2	noun	f	Reisen & Urlaub	escale	2.26
l'obésité	die Fettleibigkeit	words	B2	noun	f	Körper & Gesundheit	obésité	2.26
l'ignorance	die Unwissenheit	words	B2	noun	f	Allgemein	ignorance	2.26
la météo	die Wettervorhersage	words	B2	noun	f	Wetter & Jahreszeiten	météo	2.25
la trahison	der Verrat	words	B2	noun	f	Allgemein	trahison	2.25
majestueux	majestätisch	words	B2	adjective		Allgemein	majestueux	2.24
confesser	beichten	words	B2	verb		Allgemein	confesser	2.24
le campement	das Lager	words	B2	noun	m	Reisen & Urlaub	campement	2.24
métropolitain	metropolitan	words	B2	adjective		Allgemein	métropolitain	2.24
l'arrogance	die Arroganz	words	B2	noun	f	Gefühle & Charakter	arrogance	2.24
honorer	ehren	words	B2	verb		Allgemein	honorer	2.23
le placement	das Placement	words	B2	noun	n	Allgemein	placement	2.23
replacer	ersetzen	words	B2	verb		Allgemein	replacer	2.23
l'imposition	die Besteuerung	words	B2	noun	f	Allgemein	imposition	2.23
obligé	verpflichtet	words	B2	adjective		Allgemein	obligé	2.23
la perception	die Wahrnehmung	words	B2	noun	f	Allgemein	perception	2.23
l'avant-garde	die Avantgarde	words	B2	noun	f	Allgemein	avant-garde	2.23
exonérer	befreien	words	B2	verb		Allgemein	exonérer	2.23
fondamentalement	grundsätzlich	words	B2	adverb		Allgemein	fondamentalement	2.23
indigène	einheimisch	words	B2	adjective		Allgemein	indigène	2.23
le muscle	der Muskel	words	B2	noun	m	Körper & Gesundheit	muscle	2.23
souiller	beschmutzen	words	B2	verb		Allgemein	souiller	2.22
le tempo	das Tempo	words	B2	noun	n	Allgemein	tempo	2.22
matrimonial	ehelich	words	B2	adjective		Allgemein	matrimonial	2.22
congeler	einfrieren	words	B2	verb		Essen & Trinken	congeler	2.22
scander	skandieren	words	B2	verb		Allgemein	scander	2.21
provençal	provenzalisch	words	B2	adjective		Allgemein	provençal	2.21
le mannequin	das Model	words	B2	noun	n	Kleidung & Mode	mannequin	2.21
l'odorat	der Geruchssinn	words	B2	noun	m	Körper & Gesundheit	odorat	2.21
miser	setzen	words	B2	verb		Allgemein	miser	2.21
le potentiel	das Potenzial	words	B2	noun	n	Allgemein	potentiel	2.21
vertical	vertikal	words	B2	adjective		Allgemein	vertical	2.21
l'accession	der Zugang	words	B2	noun	f	Allgemein	accession	2.21
expulser	ausweisen	words	B2	verb		Allgemein	expulser	2.21
l'embryon	der Embryo	words	B2	noun	m	Allgemein	embryon	2.21
dorénavant	von nun an	words	B2	adverb		Allgemein	dorénavant	2.21
baroque	barock	words	B2	adjective		Allgemein	baroque	2.20
le retardataire	der Nachzügler	words	B2	noun	m	Allgemein	retardataire	2.20
la destinée	das Schicksal	words	B2	noun	f	Allgemein	destinée	2.20
la procession	die Prozession	words	B2	noun	f	Allgemein	procession	2.19
relâcher	freilassen	words	B2	verb		Allgemein	relâcher	2.19
empresser	eilen	words	B2	verb		Allgemein	empresser	2.19
l'entrepreneur	der Unternehmer	words	B2	noun	m	Arbeit & Beruf	entrepreneur	2.19
le combustible	der Brennstoff	words	B2	noun	m	Allgemein	combustible	2.19
la contamination	die Kontamination	words	B2	noun	f	Allgemein	contamination	2.19
le clin	der Wink	words	B2	noun	m	Allgemein	clin	2.19
germanique	germanisch	words	B2	adjective		Allgemein	germanique	2.19
médiatiser	mediatisieren	words	B2	verb		Medien & Technik	médiatiser	2.18
textile	textil	words	B2	noun		Allgemein	textile	2.18
chevaucher	reiten	words	B2	verb		Sport	chevaucher	2.18
le démon	der Dämon	words	B2	noun	m	Allgemein	démon	2.17
le sorcier	der Zauberer	words	B2	noun	m	Allgemein	sorcier	2.17
convoquer	einberufen	words	B2	verb		Allgemein	convoquer	2.17
obsolète	veraltet	words	B2	adjective		Allgemein	obsolète	2.17
intimider	einschüchtern	words	B2	verb		Allgemein	intimider	2.17
l'invasion	die Invasion	words	B2	noun	f	Allgemein	invasion	2.17
la fragrance	der Duft	words	B2	noun	f	Essen & Trinken	fragrance	2.17
le stratagème	das Stratagem	words	B2	noun	m	Allgemein	stratagème	2.16
le complément	das Ergänzung	words	B2	noun	m	Allgemein	complément	2.16
la provenance	die Herkunft	words	B2	noun	f	Allgemein	provenance	2.16
le potager	der Gemüsegarten	words	B2	noun	m	Essen & Trinken	potager	2.16
la vaccination	die Impfung	words	B2	noun	f	Körper & Gesundheit	vaccination	2.15
le bien-aimé	der Geliebte	words	B2	noun	m	Familie & Freunde	bien-aimé	2.15
proprement	ordnungsgemäß	words	B2	adverb		Allgemein	proprement	2.15
la fissure	der Riss	words	B2	noun	f	Allgemein	fissure	2.15
la détention	die Haft	words	B2	noun	f	Allgemein	détention	2.15
la déduction	der Abzug	words	B2	noun	f	Allgemein	déduction	2.15
armé	bewaffnet	words	B2	adjective		Allgemein	armé	2.15
la facette	die Facette	words	B2	noun	f	Allgemein	facette	2.14
politiquement	politisch	words	B2	adverb		Allgemein	politiquement	2.14
inadapté	ungeeignet	words	B2	adjective		Allgemein	inadapté	2.14
la graisse	das Fett	words	B2	noun	f	Essen & Trinken	graisse	2.13
harmonieux	harmonisch	words	B2	adjective		Allgemein	harmonieux	2.13
forger	schmieden	words	B2	verb		Allgemein	forger	2.13
la justesse	die Genauigkeit	words	B2	noun	f	Allgemein	justesse	2.13
la brève	die Kurzmitteilung	words	B2	noun	f	Allgemein	brève	2.13
l'allégorie	die Allegorie	words	B2	noun	f	Allgemein	allégorie	2.13
embraser	entzünden	words	B2	verb		Allgemein	embraser	2.13
le tabou	das Tabu	words	B2	noun	m	Allgemein	tabou	2.12
le comporte	das Verhalten	words	B2	noun	m	Allgemein	comporte	2.12
la modalité	die Modalität	words	B2	noun	f	Allgemein	modalité	2.12
l'actionnaire	der Aktionär	words	B2	noun	m	Arbeit & Beruf	actionnaire	2.12
indirect	indirekt	words	B2	adjective		Allgemein	indirect	2.12
l'affection	die Zuneigung	words	B2	noun	f	Gefühle & Charakter	affection	2.12
subsister	bestehen	words	B2	verb		Allgemein	subsister	2.11
la fatalité	das Schicksal	words	B2	noun	f	Allgemein	fatalité	2.11
durement	hart	words	B2	adverb		Allgemein	durement	2.11
l'azote	der Stickstoff	words	B2	noun	m	Allgemein	azote	2.11
industrialiser	industrializieren	words	B2	verb		Allgemein	industrialiser	2.10
le rasoir	der Rasierer	words	B2	noun	m	Körper & Gesundheit	rasoir	2.10
affectueux	liebevoll	words	B2	adjective		Gefühle & Charakter	affectueux	2.09
la cocarde	die Kokarde	words	B2	noun	f	Allgemein	cocarde	2.09
expérimental	experimentell	words	B2	adjective		Allgemein	expérimental	2.08
prohiber	verbieten	words	B2	verb		Allgemein	prohiber	2.08
la retenue	die Zurückhaltung	words	B2	noun	f	Allgemein	retenue	2.08
le moule	die Form	words	B2	noun	m	Allgemein	moule	2.08
la vérification	die Überprüfung	words	B2	noun	f	Allgemein	vérification	2.08
l'identification	die Identifizierung	words	B2	noun	f	Allgemein	identification	2.08
cibler	zielen	words	B2	verb		Allgemein	cibler	2.08
thermique	thermisch	words	B2	adjective		Allgemein	thermique	2.07
soucieux	besorgt	words	B2	adjective		Gefühle & Charakter	soucieux	2.07
l'intimité	die Intimität	words	B2	noun	f	Allgemein	intimité	2.07
rocheux	felsig	words	B2	adjective		Tiere & Natur	rocheux	2.07
le vécu	das Erlebte	words	B2	noun	m	Allgemein	vécu	2.07
l'authenticité	die Authentizität	words	B2	noun	f	Allgemein	authenticité	2.07
manquant	fehlend	words	B2	adjective		Allgemein	manquant	2.06
la télécommunication	die Telekommunikation	words	B2	noun	f	Medien & Technik	télécommunication	2.06
xénophobe	fremdenfeindlich	words	B2	adjective		Allgemein	xénophobe	2.06
la contribution	der Beitrag	words	B2	noun	f	Allgemein	contribution	2.06
partiellement	teilweise	words	B2	adverb		Allgemein	partiellement	2.06
la charrette	die Karre	words	B2	noun	f	Allgemein	charrette	2.05
le chamois	der Steinbock	words	B2	noun	m	Tiere & Natur	chamois	2.05
la ténèbre	die Dunkelheit	words	B2	noun	f	Allgemein	ténèbre	2.05
externe	extern	words	B2	adjective		Allgemein	externe	2.05
inacceptable	inakzeptabel	words	B2	adjective		Allgemein	inacceptable	2.05
se repentir	bereuen	words	B2	verb		Allgemein	repentir	2.05
conférer	verleihen	words	B2	verb		Allgemein	conférer	2.05
l'assistance	die Unterstützung	words	B2	noun	f	Allgemein	assistance	2.04
la noblesse	der Adel	words	B2	noun	f	Allgemein	noblesse	2.04
l'extrait	der Auszug	words	B2	noun	m	Allgemein	extrait	2.04
simultanément	gleichzeitig	words	B2	adverb		Allgemein	simultanément	2.04
superflu	überflüssig	words	B2	adjective		Allgemein	superflu	2.04
l'assemblage	die Zusammenstellung	words	B2	noun	m	Allgemein	assemblage	2.04
le concitoyen	der Mitbürger	words	B2	noun	m	Allgemein	concitoyen	2.04
le bandeau	das Stirnband	words	B2	noun	m	Kleidung & Mode	bandeau	2.04
la réciprocité	die Gegenseitigkeit	words	B2	noun	f	Allgemein	réciprocité	2.04
la laguiole	das Laguiole-Messer	words	B2	noun	f	Essen & Trinken	laguiole	2.03
artificiellement	künstlich	words	B2	adverb		Allgemein	artificiellement	2.03
le congrès	der Kongress	words	B2	noun	m	Allgemein	congrès	2.03
l'engrais	der Dünger	words	B2	noun	m	Allgemein	engrais	2.03
pieux	fromm	words	B2	adjective		Allgemein	pieux	2.02
la casquette	die Mütze	words	B2	noun	f	Kleidung & Mode	casquette	2.02
l'idole	das Idol	words	B2	noun	f	Allgemein	idole	2.02
entonner	anstimmen	words	B2	verb		Allgemein	entonner	2.02
avant-hier	vorgestern	words	B2	adverb		Zeit & Datum	avant-hier	2.02
l'anomalie	die Anomalie	words	B2	noun	f	Allgemein	anomalie	2.02
la géométrie	die Geometrie	words	B2	noun	f	Schule & Bildung	géométrie	2.02
multimédia	multimedia	words	B2	adjective		Medien & Technik	multimédia	2.02
le contraste	der Kontrast	words	B2	noun	m	Allgemein	contraste	2.02
le parvis	der Vorplatz	words	B2	noun	m	Stadt & Verkehr	parvis	2.02
recopier	abschreiben	words	B2	verb		Schule & Bildung	recopier	2.01
compétent	kompetent	words	B2	adjective		Allgemein	compétent	2.01
sommer	summen	words	B2	verb		Allgemein	sommer	2.01
le toast	der Toast	words	B2	noun	m	Essen & Trinken	toast	2.01
l'aviation	die Luftfahrt	words	B2	noun	f	Reisen & Urlaub	aviation	2.01
la libéralisation	die Liberalisierung	words	B2	noun	f	Allgemein	libéralisation	2.01
irriter	ärgern	words	B2	verb		Allgemein	irriter	2.01
l'autel	der Altar	words	B2	noun	m	Allgemein	autel	2.00
le colis	das Paket	words	B2	noun	m	Einkaufen & Geld	colis	2.00
vieillissant	alternd	words	B2	adjective		Allgemein	vieillissant	2.00
la cigale	die Zikade	words	B2	noun	f	Tiere & Natur	cigale	2.00
l'isolement	die Isolation	words	B2	noun	m	Allgemein	isolement	2.00
l'atome	das Atom	words	B2	noun	m	Allgemein	atome	2.00
la gastronomie	die Gastronomie	words	B2	noun	f	Essen & Trinken	gastronomie	2.00
la mousse	der Schaum	words	B2	noun	f	Essen & Trinken	mousse	2.00
le creux	die Höhle	words	B2	noun	m	Allgemein	creux	1.99
l'impuissance	die Ohnmacht	words	B2	noun	f	Körper & Gesundheit	impuissance	1.99
le demi-tour	der U-Turn	words	B2	noun	m	Stadt & Verkehr	demi-tour	1.99
le bourreau	der Henker	words	B2	noun	m	Allgemein	bourreau	1.99
le maréchal	der Marschall	words	B2	noun	m	Allgemein	maréchal	1.99
le fuseau	der Spindel	words	B2	noun	m	Allgemein	fuseau	1.99
individualiste	individualistisch	words	B2	adjective		Allgemein	individualiste	1.98
la discrétion	die Diskretion	words	B2	noun	f	Allgemein	discrétion	1.98
le barrage	der Damm	words	B2	noun	m	Allgemein	barrage	1.98
incliner	neigen	words	B2	verb		Allgemein	incliner	1.98
l'énigme	das Rätsel	words	B2	noun	f	Allgemein	énigme	1.98
rigolo	witzig	words	B2	adjective		Allgemein	rigolo	1.98
l'abondance	die Fülle	words	B2	noun	f	Allgemein	abondance	1.98
la requête	die Anfrage	words	B2	noun	f	Allgemein	requête	1.98
la cerise	die Kirsche	words	B2	noun	f	Essen & Trinken	cerise	1.98
sacrifier	opfern	words	B2	verb		Allgemein	sacrifier	1.97
fraîchement	frisch	words	B2	adverb		Allgemein	fraîchement	1.96
la corporation	die Körperschaft	words	B2	noun	f	Allgemein	corporation	1.96
incomparable	unvergleichlich	words	B2	adjective		Allgemein	incomparable	1.96
savourer	genießen	words	B2	verb		Essen & Trinken	savourer	1.96
vouvoyer	siezen	words	B2	verb		Begrüßung & Höflichkeit	vouvoyer	1.96
scientifiquement	wissenschaftlich	words	B2	adverb		Allgemein	scientifiquement	1.96
déconseiller	abraten	words	B2	verb		Allgemein	déconseiller	1.95
le heu	das Heu	words	B2	noun	n	Tiere & Natur	heu	1.95
le consulat	das Konsulat	words	B2	noun	n	Reisen & Urlaub	consulat	1.95
dégoûter	ekeln	words	B2	verb		Essen & Trinken	dégoûter	1.95
la filiation	die Abstammung	words	B2	noun	f	Familie & Freunde	filiation	1.95
chiffrer	verschlüsseln	words	B2	verb		Medien & Technik	chiffrer	1.95
instantané	sofortig	words	B2	adjective		Allgemein	instantané	1.95
émouvant	bewegend	words	B2	adjective		Gefühle & Charakter	émouvant	1.94
favori	lieblings	words	B2	adjective		Allgemein	favori	1.94
scier	sägen	words	B2	verb		Allgemein	scier	1.94
alterner	abwechseln	words	B2	verb		Allgemein	alterner	1.94
absoudre	vergeben	words	B2	verb		Allgemein	absoudre	1.94
homogène	homogen	words	B2	adjective		Allgemein	homogène	1.94
le paragraphe	der Absatz	words	B2	noun	m	Grammatik & Struktur	paragraphe	1.93
la cuillère	der Löffel	words	B2	noun	f	Essen & Trinken	cuillère	1.93
pétrolier	ölhaltig	words	B2	adjective		Allgemein	pétrolier	1.93
référer	verweisen	words	B2	verb		Allgemein	référer	1.93
chuter	fallen	words	B2	verb		Allgemein	chuter	1.93
le désarroi	die Verwirrung	words	B2	noun	m	Gefühle & Charakter	désarroi	1.92
embellir	verschönern	words	B2	verb		Allgemein	embellir	1.92
la fusion	die Fusion	words	B2	noun	f	Allgemein	fusion	1.92
l'abord	der Zugang	words	B2	noun	m	Allgemein	abord	1.92
pointu	spitz	words	B2	adjective		Allgemein	pointu	1.92
prochainement	demnächst	words	B2	adverb		Zeit & Datum	prochainement	1.91
inédit	unveröffentlicht	words	B2	adjective		Allgemein	inédit	1.91
le prestige	das Prestige	words	B2	noun	m	Allgemein	prestige	1.91
la soustraction	die Subtraktion	words	B2	noun	f	Allgemein	soustraction	1.91
la messagerie	die Nachrichtenübermittlung	words	B2	noun	f	Medien & Technik	messagerie	1.91
périlleux	riskant	words	B2	adjective		Allgemein	périlleux	1.91
obsessionnel	zwanghaft	words	B2	adjective		Allgemein	obsessionnel	1.90
l'extraction	die Extraktion	words	B2	noun	f	Allgemein	extraction	1.90
ouvertement	offen	words	B2	adverb		Allgemein	ouvertement	1.90
le quinquagénaire	der Fünfziger	words	B2	noun	m	Allgemein	quinquagénaire	1.90
l'exportation	die Ausfuhr	words	B2	noun	f	Einkaufen & Geld	exportation	1.90
la controverse	die Kontroverse	words	B2	noun	f	Allgemein	controverse	1.90
saisonnier	saisonal	words	B2	adjective		Allgemein	saisonnier	1.90
académique	akademisch	words	B2	adjective		Schule & Bildung	académique	1.90
le fragment	das Fragment	words	B2	noun	n	Allgemein	fragment	1.89
le vitro	das Vitro	words	B2	noun	n	Allgemein	vitro	1.89
la résolution	die Lösung	words	B2	noun	f	Allgemein	résolution	1.88
le chapitre	das Kapitel	words	B2	noun	n	Schule & Bildung	chapitre	1.88
le manager	der Manager	words	B2	noun	m	Arbeit & Beruf	manager	1.88
le compliment	das Kompliment	words	B2	noun	m	Kommunikation	compliment	1.88
le metteur	der Regisseur	words	B2	noun	m	Allgemein	metteur	1.88
escorter	eskortieren	words	B2	verb		Allgemein	escorter	1.88
aigu	scharf	words	B2	adjective		Allgemein	aigu	1.88
contraignant	verbindlich	words	B2	adjective		Allgemein	contraignant	1.88
la finesse	die Finesse	words	B2	noun	f	Allgemein	finesse	1.87
le lancement	der Start	words	B2	noun	m	Allgemein	lancement	1.87
capricieux	launisch	words	B2	adjective		Gefühle & Charakter	capricieux	1.87
décréter	dekretieren	words	B2	verb		Allgemein	décréter	1.86
cosmopolite	kosmopolitisch	words	B2	adjective		Allgemein	cosmopolite	1.86
la mention	die Erwähnung	words	B2	noun	f	Allgemein	mention	1.86
véhiculer	vermitteln	words	B2	verb		Allgemein	véhiculer	1.86
l'échéance	die Frist	words	B2	noun	f	Allgemein	échéance	1.86
racial	rassisch	words	B2	adjective		Allgemein	racial	1.86
autrui	andere	words	B2	noun		Allgemein	autrui	1.86
le prétendant	der Anwärter	words	B2	noun	m	Allgemein	prétendant	1.85
osseux	knochig	words	B2	adjective		Allgemein	osseux	1.85
inactif	inaktiv	words	B2	adjective		Allgemein	inactif	1.85
le villageois	der Dorfbewohner	words	B2	noun	m	Allgemein	villageois	1.85
la dénomination	die Bezeichnung	words	B2	noun	f	Allgemein	dénomination	1.85
collaborer	zusammenarbeiten	words	B2	verb		Arbeit & Beruf	collaborer	1.84
semer	säen	words	B2	verb		Essen & Trinken	semer	1.84
dénouer	entwirren	words	B2	verb		Allgemein	dénouer	1.84
l'ozone	das Ozon	words	B2	noun	n	Allgemein	ozone	1.83
humaniste	humanistisch	words	B2	adjective		Allgemein	humaniste	1.83
sabbatique	sabbatical	words	B2	adjective		Allgemein	sabbatique	1.83
la belle-soeur	die Schwiegerschwester	words	B2	noun	f	Familie & Freunde	belle-soeur	1.83
impressionner	beeindrucken	words	B2	verb		Kommunikation	impressionner	1.83
la variation	die Variation	words	B2	noun	f	Allgemein	variation	1.83
la ressemblance	die Ähnlichkeit	words	B2	noun	f	Allgemein	ressemblance	1.82
le fléau	die Plage	words	B2	noun	m	Allgemein	fléau	1.82
énergétique	energetisch	words	B2	adjective		Allgemein	énergétique	1.81
analytique	analytisch	words	B2	adjective		Allgemein	analytique	1.81
l'artère	die Arterie	words	B2	noun	f	Körper & Gesundheit	artère	1.81
l'investigation	die Untersuchung	words	B2	noun	f	Allgemein	investigation	1.81
le socle	der Sockel	words	B2	noun	m	Allgemein	socle	1.81
le pocket	das Pocket	words	B2	noun	m	Allgemein	pocket	1.80
la légitimité	die Legitimität	words	B2	noun	f	Allgemein	légitimité	1.80
l'écoutant	der Zuhörer	words	B2	noun	m	Kommunikation	écoutant	1.80
l'antichambre	die Antichambre	words	B2	noun	f	Allgemein	antichambre	1.80
miauler	miauen	words	B2	verb		Tiere & Natur	miauler	1.80
la tactique	die Taktik	words	B2	noun	f	Allgemein	tactique	1.80
l'émeraude	der Smaragd	words	B2	noun	f	Allgemein	émeraude	1.79
le bastion	der Bastion	words	B2	noun	m	Allgemein	bastion	1.79
la chaussée	die Fahrbahn	words	B2	noun	f	Stadt & Verkehr	chaussée	1.79
l'estomac	der Magen	words	B2	noun	m	Körper & Gesundheit	estomac	1.79
l'hymne	die Hymne	words	B2	noun	f	Allgemein	hymne	1.79
synchroniser	synchronisieren	words	B2	verb		Medien & Technik	synchroniser	1.79
le délice	der Genuss	words	B2	noun	m	Essen & Trinken	délice	1.78
la poussée	der Schub	words	B2	noun	f	Allgemein	poussée	1.77
retarder	verzögern	words	B2	verb		Allgemein	retarder	1.77
longer	entlanggehen	words	B2	verb		Allgemein	longer	1.77
le nouveau-né	das Neugeborene	words	B2	noun	m	Familie & Freunde	nouveau-né	1.76
piéger	fangen	words	B2	verb		Allgemein	piéger	1.76
le câble	das Kabel	words	B2	noun	m	Medien & Technik	câble	1.75
le clonage	das Klonen	words	B2	noun	m	Allgemein	clonage	1.75
bondir	springen	words	B2	verb		Allgemein	bondir	1.75
convivial	einladend	words	B2	adjective		Allgemein	convivial	1.75
le gibier	das Wild	words	B2	noun	m	Essen & Trinken	gibier	1.73
le mousquetaire	der Musketier	words	B2	noun	m	Allgemein	mousquetaire	1.72
la pastille	die Pastille	words	B2	noun	f	Allgemein	pastille	1.72
mutualiste	gemeinsam	words	B2	adjective		Allgemein	mutualiste	1.72
handicaper	benachteiligen	words	B2	verb		Allgemein	handicaper	1.72
l'abonné	der Abonnent	words	B2	noun	m	Allgemein	abonné	1.72
la survie	das Überleben	words	B2	noun	f	Allgemein	survie	1.72
l'unanimité	die Einstimmigkeit	words	B2	noun	f	Allgemein	unanimité	1.71
le mandataire	der Bevollmächtigte	words	B2	noun	m	Allgemein	mandataire	1.71
le caviar	der Kaviar	words	B2	noun	m	Essen & Trinken	caviar	1.71
la grossesse	die Schwangerschaft	words	B2	noun	f	Familie & Freunde	grossesse	1.71
le jouteur	der Wettkämpfer	words	B2	noun	m	Sport	jouteur	1.71
la mèche	der Docht	words	B2	noun	f	Allgemein	mèche	1.71
la sédentarité	die Sedentärität	words	B2	noun	f	Körper & Gesundheit	sédentarité	1.70
la subvention	die Subvention	words	B2	noun	f	Allgemein	subvention	1.70
le linguiste	der Linguist	words	B2	noun	m	Allgemein	linguiste	1.68
la confrérie	die Bruderschaft	words	B2	noun	f	Allgemein	confrérie	1.68
le caniveau	der Kanal	words	B2	noun	m	Stadt & Verkehr	caniveau	1.68
décisif	entscheidend	words	B2	adjective		Allgemein	décisif	1.68
le protecteur	der Beschützer	words	B2	noun	m	Allgemein	protecteur	1.68
le sacrement	das Sakrament	words	B2	noun	m	Allgemein	sacrement	1.67
la cantatrice	die Sängerin	words	B2	noun	f	Allgemein	cantatrice	1.66
l'édit	das Edikt	words	B2	noun	m	Allgemein	édit	1.66
entamer	anfangen	words	B2	verb		Allgemein	entamer	1.66
le balai	der Besen	words	B2	noun	m	Wohnen & Haus	balai	1.66
offenser	beleidigen	words	B2	verb		Allgemein	offenser	1.65
après-demain	übermorgen	words	B2	adverb		Zeit & Datum	après-demain	1.65
la sociologie	die Soziologie	words	B2	noun	f	Schule & Bildung	sociologie	1.63
la monture	die Fassung	words	B2	noun	f	Allgemein	monture	1.63
carrer	karrieren	words	B2	verb		Allgemein	carrer	1.61
l'impératif	der Imperativ	words	B2	noun	m	Grammatik & Struktur	impératif	1.61
l'abattage	die Schlachtung	words	B2	noun	m	Essen & Trinken	abattage	1.61
mouvoir	bewegen	words	B2	verb		Allgemein	mouvoir	1.61
le cyclone	der Zyklon	words	B2	noun	m	Wetter & Jahreszeiten	cyclone	1.61
la détresse	die Not	words	B2	noun	f	Gefühle & Charakter	détresse	1.61
enchaîner	verknüpfen	words	B2	verb		Allgemein	enchaîner	1.61
intérimaire	vorübergehend	words	B2	adjective		Allgemein	intérimaire	1.61
dentaire	zahnärztlich	words	B2	adjective		Körper & Gesundheit	dentaire	1.61
charnel	fleischlich	words	B2	adjective		Allgemein	charnel	1.61
le for	der Wald	words	B2	noun	m	Tiere & Natur	for	1.61
le lifting	das Lifting	words	B2	noun	m	Allgemein	lifting	1.61
le mâle	das Männchen	words	B2	noun	m	Tiere & Natur	mâle	1.61
la ration	die Ration	words	B2	noun	f	Essen & Trinken	ration	1.61
l'éventualité	die Eventualität	words	B2	noun	f	Allgemein	éventualité	1.61
l'empressement	die Eile	words	B2	noun	m	Allgemein	empressement	1.60
exécutif	exekutiv	words	B2	adjective		Allgemein	exécutif	1.60
immatériel	immateriell	words	B2	adjective		Allgemein	immatériel	1.60
localiser	lokalisieren	words	B2	verb		Allgemein	localiser	1.60
l'optimisme	der Optimismus	words	B2	noun	m	Gefühle & Charakter	optimisme	1.60
reléguer	verweisen	words	B2	verb		Allgemein	reléguer	1.60
l'alerte	die Warnung	words	B2	noun	f	Allgemein	alerte	1.60
délibérer	beraten	words	B2	verb		Allgemein	délibérer	1.60
la partition	die Partition	words	B2	noun	f	Allgemein	partition	1.60
l'endormissement	das Einschlafen	words	B2	noun	m	Körper & Gesundheit	endormissement	1.60
la radiation	die Strahlung	words	B2	noun	f	Allgemein	radiation	1.60
le surcoût	der Aufpreis	words	B2	noun	m	Einkaufen & Geld	surcoût	1.60
l'électron	das Elektron	words	B2	noun	m	Allgemein	électron	1.60
l'intolérance	die Intoleranz	words	B2	noun	f	Körper & Gesundheit	intolérance	1.60
la collision	die Kollision	words	B2	noun	f	Allgemein	collision	1.60
la toux	der Husten	words	B2	noun	f	Körper & Gesundheit	toux	1.60
la grange	die Scheune	words	B2	noun	f	Wohnen & Haus	grange	1.59
le recyclage	das Recycling	words	B2	noun	m	Allgemein	recyclage	1.59
l'accélération	die Beschleunigung	words	B2	noun	f	Allgemein	accélération	1.59
décortiquer	schälen	words	B2	verb		Essen & Trinken	décortiquer	1.59
explosif	explosiv	words	B2	adjective		Allgemein	explosif	1.59
l'obtention	der Erwerb	words	B2	noun	f	Allgemein	obtention	1.59
prompt	schnell	words	B2	adjective		Allgemein	prompt	1.59
prospère	wohlhabend	words	B2	adjective		Allgemein	prospère	1.59
relancer	wiederbeleben	words	B2	verb		Allgemein	relancer	1.59
figer	einfrieren	words	B2	verb		Allgemein	figer	1.59
solder	veräußern	words	B2	verb		Einkaufen & Geld	solder	1.59
ivre	betrunken	words	B2	adjective		Körper & Gesundheit	ivre	1.59
déconnecter	trennen	words	B2	verb		Medien & Technik	déconnecter	1.58
artériel	arteriell	words	B2	adjective		Körper & Gesundheit	artériel	1.58
le diabète	der Diabetes	words	B2	noun	m	Körper & Gesundheit	diabète	1.58
le paramètre	der Parameter	words	B2	noun	m	Allgemein	paramètre	1.58
l'astronome	der Astronom	words	B2	noun	m	Allgemein	astronome	1.58
individuellement	einzeln	words	B2	adverb		Allgemein	individuellement	1.58
le cortex	der Kortex	words	B2	noun	m	Allgemein	cortex	1.58
incontestable	unbestreitbar	words	B2	adjective		Allgemein	incontestable	1.58
pertinent	relevant	words	B2	adjective		Allgemein	pertinent	1.58
ras	kurz	words	B2	adjective		Allgemein	ras	1.58
le renouvellement	die Erneuerung	words	B2	noun	m	Allgemein	renouvellement	1.58
réapprendre	wieder lernen	words	B2	verb		Schule & Bildung	réapprendre	1.58
la galaxie	die Galaxie	words	B2	noun	f	Allgemein	galaxie	1.58
frustrer	frustrieren	words	B2	verb		Allgemein	frustrer	1.58
croyant	gläubig	words	B2	adjective		Allgemein	croyant	1.58
assouplir	lockern	words	B2	verb		Allgemein	assouplir	1.58
concéder	einräumen	words	B2	verb		Allgemein	concéder	1.58
le bulbe	die Zwiebel	words	B2	noun	m	Essen & Trinken	bulbe	1.58
centenaire	hundertjährig	words	B2	adjective		Allgemein	centenaire	1.57
la firme	die Firma	words	B2	noun	f	Arbeit & Beruf	firme	1.57
psychique	psychisch	words	B2	adjective		Körper & Gesundheit	psychique	1.57
oblique	schräg	words	B2	adjective		Allgemein	oblique	1.57
provisoirement	vorübergehend	words	B2	adverb		Allgemein	provisoirement	1.57
taxer	besteuern	words	B2	verb		Einkaufen & Geld	taxer	1.57
l'étrenne	das Neujahrsgeschenk	words	B2	noun	f	Essen & Trinken	étrenne	1.57
l'électroménager	das Haushaltsgerät	words	B2	noun	m	Wohnen & Haus	électroménager	1.57
courtiser	umwerben	words	B2	verb		Allgemein	courtiser	1.57
la brasserie	die Brauerei	words	B2	noun	f	Essen & Trinken	brasserie	1.57
le breuvage	das Getränk	words	B2	noun	m	Essen & Trinken	breuvage	1.57
la floraison	die Blüte	words	B2	noun	f	Tiere & Natur	floraison	1.57
l'apéro	der Aperitif	words	B2	noun	m	Essen & Trinken	apéro	1.57
l'hexagone	das Hexagon	words	B2	noun	n	Allgemein	hexagone	1.57
chuchoter	flüstern	words	B2	verb		Kommunikation	chuchoter	1.57
bienveillant	wohlwollend	words	B2	adjective		Gefühle & Charakter	bienveillant	1.57
le coca	die Cola	words	B2	noun	m	Essen & Trinken	coca	1.57
la calorie	die Kalorie	words	B2	noun	f	Essen & Trinken	calorie	1.57
la formulation	die Formulierung	words	B2	noun	f	Allgemein	formulation	1.57
quoique	obwohl	words	B2	conjunction		Grammatik & Struktur	quoique	1.57
la variante	die Variante	words	B2	noun	f	Allgemein	variante	1.57
la phobie	die Phobie	words	B2	noun	f	Körper & Gesundheit	phobie	1.57
réparateur	reparierend	words	B2	adjective		Allgemein	réparateur	1.57
l'observateur	der Beobachter	words	B2	noun	m	Allgemein	observateur	1.57
constitutionnel	verfassungsmäßig	words	B2	adjective		Allgemein	constitutionnel	1.57
dévastateur	verheerend	words	B2	adjective		Allgemein	dévastateur	1.57
l'encyclopédie	die Enzyklopädie	words	B2	noun	f	Allgemein	encyclopédie	1.57
la volupté	die Wollust	words	B2	noun	f	Allgemein	volupté	1.57
colossal	kolossal	words	B2	adjective		Allgemein	colossal	1.57
subit	plötzlich	words	B2	adjective		Allgemein	subit	1.56
le loueur	der Vermieter	words	B2	noun	m	Arbeit & Beruf	loueur	1.56
le méfait	das Vergehen	words	B2	noun	m	Allgemein	méfait	1.56
refouler	unterdrücken	words	B2	verb		Körper & Gesundheit	refouler	1.56
incertain	unsicher	words	B2	adjective		Allgemein	incertain	1.56
le tronc	der Stamm	words	B2	noun	m	Tiere & Natur	tronc	1.56
merveilleusement	wunderbar	words	B2	adverb		Allgemein	merveilleusement	1.56
structurer	strukturieren	words	B2	verb		Allgemein	structurer	1.56
l'éloignement	die Entfernung	words	B2	noun	m	Allgemein	éloignement	1.56
l'aubergiste	der Wirt	words	B2	noun	m	Essen & Trinken	aubergiste	1.56
avide	gierig	words	B2	adjective		Gefühle & Charakter	avide	1.56
artisanal	handwerklich	words	B2	adjective		Allgemein	artisanal	1.56
tricolore	dreifarbig	words	B2	adjective		Allgemein	tricolore	1.56
compatible	kompatibel	words	B2	adjective		Allgemein	compatible	1.56
la spécificité	die Spezifität	words	B2	noun	f	Allgemein	spécificité	1.56
la spéculation	die Spekulation	words	B2	noun	f	Allgemein	spéculation	1.56
séparément	getrennt	words	B2	adverb		Allgemein	séparément	1.56
éolien	windkraft	words	B2	adjective		Allgemein	éolien	1.56
l'ambiguïté	die Mehrdeutigkeit	words	B2	noun	f	Allgemein	ambiguïté	1.56
indéfiniment	unbestimmt	words	B2	adverb		Allgemein	indéfiniment	1.56
verrouiller	verriegeln	words	B2	verb		Allgemein	verrouiller	1.56
soviétique	sowjetisch	words	B2	adjective		Allgemein	soviétique	1.56
l'unification	die Einigung	words	B2	noun	f	Allgemein	unification	1.56
volontairement	freiwillig	words	B2	adverb		Allgemein	volontairement	1.56
le prêt-à-porter	die Konfektion	words	B2	noun	m	Kleidung & Mode	prêt-à-porter	1.56
l'hôtelier	der Hotelier	words	B2	noun	m	Arbeit & Beruf	hôtelier	1.56
serré	eng	words	B2	adjective		Allgemein	serré	1.56
la cybernétique	die Kybernetik	words	B2	noun	f	Medien & Technik	cybernétique	1.56
réintroduire	wieder einführen	words	B2	verb		Allgemein	réintroduire	1.56
la livraison	die Lieferung	words	B2	noun	f	Einkaufen & Geld	livraison	1.56
l'alcoolisme	der Alkoholismus	words	B2	noun	m	Körper & Gesundheit	alcoolisme	1.56
territorial	territorial	words	B2	adjective		Allgemein	territorial	1.55
la nausée	die Übelkeit	words	B2	noun	f	Körper & Gesundheit	nausée	1.55
prudemment	vorsichtig	words	B2	adverb		Allgemein	prudemment	1.55
interprofessionnel	interprofessionell	words	B2	adjective		Allgemein	interprofessionnel	1.55
la digestion	die Verdauung	words	B2	noun	f	Körper & Gesundheit	digestion	1.55
immodéré	maßlos	words	B2	adjective		Allgemein	immodéré	1.55
dépensier	verschwenderisch	words	B2	adjective		Allgemein	dépensier	1.55
le sanglier	der Wildschwein	words	B2	noun	m	Tiere & Natur	sanglier	1.55
usé	abgenutzt	words	B2	adjective		Allgemein	usé	1.55
astucieux	clever	words	B2	adjective		Allgemein	astucieux	1.55
l'emprise	der Einfluss	words	B2	noun	f	Allgemein	emprise	1.55
fidèlement	treu	words	B2	adverb		Allgemein	fidèlement	1.55
sensuel	sinnlich	words	B2	adjective		Allgemein	sensuel	1.55
la contingence	die Zufälligkeit	words	B2	noun	f	Allgemein	contingence	1.55
focaliser	fokussieren	words	B2	verb		Allgemein	focaliser	1.55
l'incidence	die Auswirkung	words	B2	noun	f	Allgemein	incidence	1.55
pluriel	plural	words	B2	adjective		Grammatik & Struktur	pluriel	1.55
éditorial	editorial	words	B2	adjective		Allgemein	éditorial	1.55
le phoque	der Seehund	words	B2	noun	m	Tiere & Natur	phoque	1.55
le pressentiment	das Vorgefühl	words	B2	noun	m	Allgemein	pressentiment	1.55
le ver	der Wurm	words	B2	noun	m	Tiere & Natur	ver	1.55
la pose	die Pose	words	B2	noun	f	Allgemein	pose	1.55
poliment	höflich	words	B2	adverb		Begrüßung & Höflichkeit	poliment	1.55
le wagon	der Wagen	words	B2	noun	m	Stadt & Verkehr	wagon	1.55
bannir	verbannen	words	B2	verb		Allgemein	bannir	1.55
reparaître	wieder erscheinen	words	B2	verb		Allgemein	reparaître	1.55
le rein	die Niere	words	B2	noun	m	Körper & Gesundheit	rein	1.55
le caprice	La Laune	words	B2	noun	m	Allgemein	caprice	1.55
rétorquer	entgegnen	words	B2	verb		Allgemein	rétorquer	1.55
recharger	aufladen	words	B2	verb		Allgemein	recharger	1.55
le chagrin	der Kummer	words	B2	noun	m	Gefühle & Charakter	chagrin	1.55
gommer	radieren	words	B2	verb		Allgemein	gommer	1.55
le mirage	die Fata Morgana	words	B2	noun	m	Allgemein	mirage	1.55
impulsif	impulsiv	words	B2	adjective		Allgemein	impulsif	1.55
monotone	monoton	words	B2	adjective		Allgemein	monotone	1.54
ferroviaire	eisenbahn-	words	B2	adjective		Stadt & Verkehr	ferroviaire	1.54
prévu	vorgesehen	words	B2	adjective		Allgemein	prévu	1.54
l'ardeur	die Leidenschaft	words	B2	noun	f	Allgemein	ardeur	1.54
le bataillon	das Bataillon	words	B2	noun	m	Allgemein	bataillon	1.54
deçà	hierher	words	B2	adverb		Allgemein	deçà	1.54
illégitime	illegitim	words	B2	adjective		Allgemein	illégitime	1.54
l'émigration	die Emigration	words	B2	noun	f	Allgemein	émigration	1.54
météorologique	meteorologisch	words	B2	adjective		Wetter & Jahreszeiten	météorologique	1.54
la confection	die Herstellung	words	B2	noun	f	Allgemein	confection	1.54
l'éloge	das Lob	words	B2	noun	m	Allgemein	éloge	1.54
le folklore	der Volksglaube	words	B2	noun	m	Allgemein	folklore	1.54
indemniser	entschädigen	words	B2	verb		Allgemein	indemniser	1.54
légaliser	legalisieren	words	B2	verb	f	Allgemein	légaliser	1.54
marginaliser	marginalisieren	words	B2	verb		Allgemein	marginaliser	1.54
détecter	entdecken	words	B2	verb		Allgemein	détecter	1.54
la dam	der Damm	words	B2	noun	f	Allgemein	dam	1.54
la dérive	die Abweichung	words	B2	noun	f	Allgemein	dérive	1.54
faiblir	schwächen	words	B2	verb		Allgemein	faiblir	1.54
ambigu	mehrdeutig	words	B2	adjective		Allgemein	ambigu	1.54
moucher	schnäuzen	words	B2	verb		Körper & Gesundheit	moucher	1.54
médiocre	mittelmäßig	words	B2	adjective		Allgemein	médiocre	1.54
le narrateur	der Erzähler	words	B2	noun	m	Medien & Technik	narrateur	1.54
la retombée	der Rückgang	words	B2	noun	f	Allgemein	retombée	1.54
la solidité	die Festigkeit	words	B2	noun	f	Allgemein	solidité	1.54
l'usure	der Verschleiß	words	B2	noun	f	Allgemein	usure	1.54
l'étendard	das Banner	words	B2	noun	m	Allgemein	étendard	1.54
la brebis	das Schaf	words	B2	noun	f	Tiere & Natur	brebis	1.54
l'hospitalité	die Gastfreundschaft	words	B2	noun	f	Familie & Freunde	hospitalité	1.54
le dessein	der Plan	words	B2	noun	m	Allgemein	dessein	1.54
le proverbe	das Sprichwort	words	B2	noun	m	Allgemein	proverbe	1.54
la patrie	die Heimat	words	B2	noun	f	Familie & Freunde	patrie	1.54
pharmaceutique	pharmazeutisch	words	B2	adjective		Allgemein	pharmaceutique	1.54
au-devant	vorne	words	B2	adverb		Allgemein	au-devant	1.54
brosser	bürsten	words	B2	verb		Allgemein	brosser	1.54
la poêle	die Pfanne	words	B2	noun	f	Essen & Trinken	poêle	1.54
râler	meckern	words	B2	verb		Allgemein	râler	1.54
polyvalent	vielseitig	words	B2	adjective		Allgemein	polyvalent	1.54
déchirant	zerreißend	words	B2	adjective		Allgemein	déchirant	1.54
initiatiques	einführend	words	B2	adjective		Allgemein	initiatique	1.54
le préjudice	der Nachteil	words	B2	noun	m	Allgemein	préjudice	1.53
rebondir	abprallen	words	B2	verb		Allgemein	rebondir	1.53
aventurer	abenteuerlich	words	B2	verb		Allgemein	aventurer	1.53
la prédilection	die Vorliebe	words	B2	noun	f	Allgemein	prédilection	1.53
le chaton	das Kätzchen	words	B2	noun	m	Tiere & Natur	chaton	1.53
le melon	die Melone	words	B2	noun	m	Essen & Trinken	melon	1.53
apprivoiser	zähmen	words	B2	verb		Tiere & Natur	apprivoiser	1.53
commercer	handeln	words	B2	verb		Einkaufen & Geld	commercer	1.53
frappant	auffällig	words	B2	adjective		Allgemein	frappant	1.53
l'infiltration	die Infiltration	words	B2	noun	f	Allgemein	infiltration	1.53
l'ouragan	der Hurrikan	words	B2	noun	m	Wetter & Jahreszeiten	ouragan	1.53
le remerciement	der Dank	words	B2	noun	m	Begrüßung & Höflichkeit	remerciement	1.53
la demi-douzaine	das halbe Dutzend	words	B2	noun	f	Zahlen & Mengen	demi-douzaine	1.53
monseigneur	Euer Gnaden	words	B2	noun	m	Allgemein	monseigneur	1.53
le loft	das Loft	words	B2	noun	m	Wohnen & Haus	loft	1.53
la ligue	die Liga	words	B2	noun	f	Sport	ligue	1.53
innover	innovieren	words	B2	verb		Allgemein	innover	1.53
l'ouvre-boîte	der Dosenöffner	words	B2	noun	m	Essen & Trinken	ouvre-boîte	1.53
le sinistre	der Schaden	words	B2	noun	m	Allgemein	sinistre	1.53
l'imprimeur	der Drucker	words	B2	noun	m	Arbeit & Beruf	imprimeur	1.53
maladroit	ungeschickt	words	B2	adjective		Allgemein	maladroit	1.53
grouper	gruppieren	words	B2	verb		Allgemein	grouper	1.53
antan	früher	words	B2	noun		Allgemein	antan	1.53
exorbitant	übertrieben	words	B2	adjective		Allgemein	exorbitant	1.53
regardant	betrachtend	words	B2	adjective		Allgemein	regardant	1.53
invariablement	unveränderlich	words	B2	adverb		Allgemein	invariablement	1.53
le rappel	die Erinnerung	words	B2	noun	m	Allgemein	rappel	1.53
l'accusation	die Anklage	words	B2	noun	f	Allgemein	accusation	1.52
la semence	die Saat	words	B2	noun	f	Essen & Trinken	semence	1.52
l'utopie	die Utopie	words	B2	noun	f	Allgemein	utopie	1.52
notable	bemerkenswert	words	B2	adjective		Allgemein	notable	1.52
solennellement	feierlich	words	B2	adverb		Allgemein	solennellement	1.52
attabler	anlegen	words	B2	verb		Allgemein	attabler	1.52
la métallurgie	die Metallurgie	words	B2	noun	f	Allgemein	métallurgie	1.52
le criminologue	der Kriminologe	words	B2	noun	m	Allgemein	criminologue	1.52
dissuader	abwenden	words	B2	verb		Allgemein	dissuader	1.52
le mont	der Berg	words	B2	noun	m	Tiere & Natur	mont	1.52
le porte-monnaie	das Portemonnaie	words	B2	noun	m	Einkaufen & Geld	porte-monnaie	1.52
accroire	glauben	words	B2	verb		Allgemein	accroire	1.52
la rangée	die Reihe	words	B2	noun	f	Allgemein	rangée	1.52
assiéger	belagern	words	B2	verb		Allgemein	assiéger	1.52
la famine	die Hungersnot	words	B2	noun	f	Essen & Trinken	famine	1.52
le footing	das Joggen	words	B2	noun	m	Sport	footing	1.52
polar	kriminalistisch	words	B2	adjective		Medien & Technik	polar	1.52
effervescent	sprudelnd	words	B2	adjective		Allgemein	effervescent	1.52
impérativement	unbedingt	words	B2	adverb		Allgemein	impérativement	1.52
le ravage	die Verwüstung	words	B2	noun	m	Allgemein	ravage	1.52
la syllabe	die Silbe	words	B2	noun	f	Grammatik & Struktur	syllabe	1.52
le briquet	das Feuerzeug	words	B2	noun	m	Allgemein	briquet	1.52
le papillon	der Schmetterling	words	B2	noun	m	Tiere & Natur	papillon	1.52
balancer	wiegen	words	B2	verb		Allgemein	balancer	1.52
deuxièmement	zweitens	words	B2	adverb		Allgemein	deuxièmement	1.52
le glamour	der Glamour	words	B2	noun	m	Allgemein	glamour	1.52
dit	gesagt	words	B2	adjective		Allgemein	dit	1.52
inhumain	unmenschlich	words	B2	adjective		Allgemein	inhumain	1.52
le coffre-fort	der Safe	words	B2	noun	m	Allgemein	coffre-fort	1.52
la constante	die Konstante	words	B2	noun	f	Allgemein	constante	1.52
quantifier	quantifizieren	words	B2	verb		Allgemein	quantifier	1.52
le stéréotype	das Stereotyp	words	B2	noun	m	Allgemein	stéréotype	1.52
caritatif	karitativ	words	B2	adjective		Allgemein	caritatif	1.52
vendu	verkauft	words	B2	adjective		Allgemein	vendu	1.52
consultatif	beratend	words	B2	adjective		Allgemein	consultatif	1.52
l'étant	das Wesen	words	B2	noun	m	Allgemein	étant	1.52
mondain	weltlich	words	B2	adjective		Allgemein	mondain	1.52
barbu	bärtig	words	B2	adjective		Allgemein	barbu	1.52
la prime	die Prämie	words	B2	noun	f	Allgemein	prime	1.52
le vacarme	der Lärm	words	B2	noun	m	Allgemein	vacarme	1.52
paver	pflastern	words	B2	verb		Allgemein	paver	1.52
propulser	vorantreiben	words	B2	verb		Allgemein	propulser	1.52
le capuchon	die Kappe	words	B2	noun	m	Allgemein	capuchon	1.52
le catholicisme	der Katholizismus	words	B2	noun	m	Allgemein	catholicisme	1.52
la contrepartie	die Gegenleistung	words	B2	noun	f	Allgemein	contrepartie	1.52
le compère	der Kumpel	words	B2	noun	m	Familie & Freunde	compère	1.52
l'iris	die Iris	words	B2	noun	m	Körper & Gesundheit	iris	1.52
aveugler	blenden	words	B2	verb		Allgemein	aveugler	1.52
aristocratique	aristokratisch	words	B2	adjective		Allgemein	aristocratique	1.52
infantile	kindisch	words	B2	adjective		Allgemein	infantile	1.52
le dé	der Würfel	words	B2	noun	m	Allgemein	dé	1.51
transférer	übertragen	words	B2	verb		Allgemein	transférer	1.51
le puriste	der Purist	words	B2	noun	m	Allgemein	puriste	1.51
la rébellion	die Rebellion	words	B2	noun	f	Allgemein	rébellion	1.51
poindre	aufkommen	words	B2	verb		Allgemein	poindre	1.51
le rendement	der Ertrag	words	B2	noun	m	Allgemein	rendement	1.51
archaïque	archaisch	words	B2	adjective		Allgemein	archaïque	1.51
la transaction	die Transaktion	words	B2	noun	f	Allgemein	transaction	1.51
le flot	der Fluss	words	B2	noun	m	Allgemein	flot	1.51
la moustiquaire	die Moskitonetz	words	B2	noun	f	Allgemein	moustiquaire	1.51
troublant	verwirrend	words	B2	adjective		Allgemein	troublant	1.51
le glissement	der Gleiten	words	B2	noun	m	Allgemein	glissement	1.51
alerter	warnen	words	B2	verb		Allgemein	alerter	1.51
embarquer	einsteigen	words	B2	verb		Allgemein	embarquer	1.51
la localité	die Gemeinde	words	B2	noun	f	Allgemein	localité	1.51
le coauteur	der Co-Autor	words	B2	noun	m	Allgemein	coauteur	1.51
sublimer	sublimieren	words	B2	verb		Allgemein	sublimer	1.51
abondamment	reichlich	words	B2	adverb		Allgemein	abondamment	1.51
exhiber	ausstellen	words	B2	verb		Allgemein	exhiber	1.51
la répercussion	die Auswirkung	words	B2	noun	f	Allgemein	répercussion	1.51
le pratiquant	der Praktizierende	words	B2	noun	m	Allgemein	pratiquant	1.51
la séquence	die Sequenz	words	B2	noun	f	Allgemein	séquence	1.51
frémir	zittern	words	B2	verb		Allgemein	frémir	1.51
la parade	die Parade	words	B2	noun	f	Allgemein	parade	1.51
gonfler	aufblasen	words	B2	verb		Allgemein	gonfler	1.51
le bambin	der Kleinkind	words	B2	noun	m	Familie & Freunde	bambin	1.51
le parachute	der Fallschirm	words	B2	noun	m	Allgemein	parachute	1.51
rustique	rustikal	words	B2	adjective		Allgemein	rustique	1.51
ternir	trüben	words	B2	verb		Allgemein	ternir	1.51
refléter	reflektieren	words	B2	verb		Allgemein	refléter	1.51
saler	salzen	words	B2	verb		Essen & Trinken	saler	1.51
galant	galant	words	B2	adjective		Allgemein	galant	1.51
l'exhibition	die Ausstellung	words	B2	noun	f	Allgemein	exhibition	1.51
manipuler	manipulieren	words	B2	verb		Allgemein	manipuler	1.51
la manchette	die Schlagzeile	words	B2	noun	f	Allgemein	manchette	1.51
roumain	rumänisch	words	B2	adjective		Allgemein	roumain	1.50
égalitaire	gleichberechtigt	words	B2	adjective		Allgemein	égalitaire	1.50
l'autochtone	der Eingeborene	words	B2	noun	m	Allgemein	autochtone	1.50
valide	gültig	words	B2	adjective		Allgemein	valide	1.50
le boudoir	das Boudoir	words	B2	noun	m	Allgemein	boudoir	1.50
surpris	überrascht	words	B2	adjective		Allgemein	surpris	1.50
froidement	kalt	words	B2	adverb		Allgemein	froidement	1.50
clamer	proklamieren	words	B2	verb		Allgemein	clamer	1.50
moyenner	mitteln	words	B2	verb		Allgemein	moyenner	1.50
l'excitation	die Aufregung	words	B2	noun	f	Allgemein	excitation	1.50
serein	gelassen	words	B2	adjective		Allgemein	serein	1.50
hasardeux	riskant	words	B2	adjective		Allgemein	hasardeux	1.50
la mélancolie	die Melancholie	words	B2	noun	f	Allgemein	mélancolie	1.50
propice	förderlich	words	B2	adjective		Allgemein	propice	1.50
regrettable	bedauerlich	words	B2	adjective		Allgemein	regrettable	1.50
l'ampoule	die Glühbirne	words	B2	noun	f	Allgemein	ampoule	1.50
le regroupement	der Zusammenschluss	words	B2	noun	m	Allgemein	regroupement	1.50
follement	verrückt	words	B2	adverb		Allgemein	follement	1.50
diplomatique	diplomatisch	words	B2	adjective		Allgemein	diplomatique	1.50
le détour	der Umweg	words	B2	noun	m	Stadt & Verkehr	détour	1.50
accourir	eilen	words	B2	verb		Allgemein	accourir	1.50
l'aisance	die Leichtigkeit	words	B2	noun	f	Allgemein	aisance	1.50
trotter	trotten	words	B2	verb		Allgemein	trotter	1.50
l'aristocrate	der Aristokrat	words	B2	noun	m	Allgemein	aristocrate	1.50
affreusement	entsetzlich	words	B2	adverb		Allgemein	affreusement	1.50
la galère	die Plage	words	B2	noun	f	Allgemein	galère	1.50
induire	induzieren	words	B2	verb		Allgemein	induire	1.50
aligner	ausrichten	words	B2	verb		Allgemein	aligner	1.50
germer	keimen	words	B2	verb		Essen & Trinken	germer	1.50
la fouille	die Durchsuchung	words	B2	noun	f	Allgemein	fouille	1.49
la fresque	das Wandgemälde	words	B2	noun	f	Allgemein	fresque	1.49
l'émerveillement	das Staunen	words	B2	noun	m	Allgemein	émerveillement	1.49
la crudité	die Rohkost	words	B2	noun	f	Essen & Trinken	crudité	1.49
vaguement	vage	words	B2	adverb		Allgemein	vaguement	1.49
l'avancée	der Fortschritt	words	B2	noun	f	Allgemein	avancée	1.49
le saladier	die Salatschüssel	words	B2	noun	m	Essen & Trinken	saladier	1.49
rivaliser	konkurrieren	words	B2	verb		Allgemein	rivaliser	1.49
le juriste	der Jurist	words	B2	noun	m	Arbeit & Beruf	juriste	1.49
nocif	schädlich	words	B2	adjective		Allgemein	nocif	1.49
retentir	hallen	words	B2	verb		Allgemein	retentir	1.49
habitué	gewohnt	words	B2	adjective		Allgemein	habitué	1.49
le brouhaha	der Lärm	words	B2	noun	m	Allgemein	brouhaha	1.49
minier	bergbaulich	words	B2	adjective		Allgemein	minier	1.49
le relais	der Wechsel	words	B2	noun	m	Allgemein	relais	1.49
la souplesse	die Flexibilität	words	B2	noun	f	Allgemein	souplesse	1.49
la foulée	der Schritt	words	B2	noun	f	Sport	foulée	1.49
caler	stützen	words	B2	verb		Allgemein	caler	1.49
temporel	zeitlich	words	B2	adjective		Allgemein	temporel	1.49
éparpiller	zerstreuen	words	B2	verb		Allgemein	éparpiller	1.49
concernant	bezüglich	words	B2	preposition		Allgemein	concernant	1.49
feuilleter	blättern	words	B2	verb		Allgemein	feuilleter	1.49
fréquemment	häufig	words	B2	adverb		Allgemein	fréquemment	1.49
la passerelle	die Brücke	words	B2	noun	f	Stadt & Verkehr	passerelle	1.49
l'orme	der Ulme	words	B2	noun	m	Tiere & Natur	orme	1.49
perdurer	fortdauern	words	B2	verb		Allgemein	perdurer	1.49
le pote	der Kumpel	words	B2	noun	m	Familie & Freunde	pote	1.49
incurable	unheilbar	words	B2	adjective		Körper & Gesundheit	incurable	1.48
l'opposant	der Gegner	words	B2	noun	m	Allgemein	opposant	1.48
l'avant-goût	der Vorgeschmack	words	B2	noun	m	Essen & Trinken	avant-goût	1.48
le lézard	der Eidechse	words	B2	noun	m	Tiere & Natur	lézard	1.48
aléatoire	zufällig	words	B2	adjective		Allgemein	aléatoire	1.48
le biais	der Bias	words	B2	noun	m	Allgemein	biais	1.48
participatif	partizipativ	words	B2	adjective		Allgemein	participatif	1.48
le terminus	der Endpunkt	words	B2	noun	m	Stadt & Verkehr	terminus	1.48
recycler	recyceln	words	B2	verb		Allgemein	recycler	1.48
la bulle	die Blase	words	B2	noun	f	Allgemein	bulle	1.48
les fiançailles	die Verlobung	words	B2	noun	f	Familie & Freunde	fiançailles	1.48
hanter	spuken	words	B2	verb		Allgemein	hanter	1.48
la convocation	die Einladung	words	B2	noun	f	Schule & Bildung	convocation	1.48
la marine	die Marine	words	B2	noun	f	Allgemein	marine	1.48
la querelle	der Streit	words	B2	noun	f	Familie & Freunde	querelle	1.48
désireux	begierig	words	B2	adjective		Gefühle & Charakter	désireux	1.48
la prédisposition	die Veranlagung	words	B2	noun	f	Allgemein	prédisposition	1.48
bronzer	bräunen	words	B2	verb		Körper & Gesundheit	bronzer	1.48
hautain	hochmütig	words	B2	adjective		Gefühle & Charakter	hautain	1.48
pavaner	prahlen	words	B2	verb		Gefühle & Charakter	pavaner	1.48
puiser	schöpfen	words	B2	verb		Allgemein	puiser	1.48
soi-disant	selbsternannt	words	B2	adjective		Allgemein	soi-disant	1.48
panique	panikieren	words	B2	verb		Gefühle & Charakter	paniquer	1.48
la lentille	die Linse	words	B2	noun	f	Essen & Trinken	lentille	1.48
la séduction	die Verführung	words	B2	noun	f	Gefühle & Charakter	séduction	1.48
distinctement	deutlich	words	B2	adverb		Allgemein	distinctement	1.48
le lieutenant	der Leutnant	words	B2	noun	m	Allgemein	lieutenant	1.48
l'envoyé	der Gesandte	words	B2	noun	m	Allgemein	envoyé	1.47
inventif	einfallsreich	words	B2	adjective		Allgemein	inventif	1.47
le mandat	das Mandat	words	B2	noun	m	Allgemein	mandat	1.47
socioculturel	soziokulturell	words	B2	adjective		Allgemein	socioculturel	1.47
le novateur	der Innovator	words	B2	noun	m	Allgemein	novateur	1.47
le couvert	das Besteck	words	B2	noun	m	Essen & Trinken	couvert	1.47
entrouvrir	anlehnen	words	B2	verb		Allgemein	entrouvrir	1.47
la tauromachie	der Stierkampf	words	B2	noun	f	Allgemein	tauromachie	1.47
chaleureusement	herzlich	words	B2	adverb		Allgemein	chaleureusement	1.47
la saleté	der Schmutz	words	B2	noun	f	Allgemein	saleté	1.47
le billard	das Billard	words	B2	noun	m	Freizeit & Hobbys	billard	1.47
emboîter	einfügen	words	B2	verb		Allgemein	emboîter	1.47
l'audition	die Anhörung	words	B2	noun	f	Allgemein	audition	1.47
amorcer	einleiten	words	B2	verb		Allgemein	amorcer	1.47
l'aune	die Elle	words	B2	noun	f	Allgemein	aune	1.47
couramment	fließend	words	B2	adverb		Allgemein	couramment	1.47
départemental	departemental	words	B2	adjective		Allgemein	départemental	1.47
le téléviseur	der Fernseher	words	B2	noun	m	Medien & Technik	téléviseur	1.47
le bonus	der Bonus	words	B2	noun	m	Allgemein	bonus	1.47
l'autruche	die Strauß	words	B2	noun	f	Tiere & Natur	autruche	1.47
l'injonction	die Anordnung	words	B2	noun	f	Allgemein	injonction	1.47
physiologique	physiologisch	words	B2	adjective		Körper & Gesundheit	physiologique	1.47
le filon	der Erzgang	words	B2	noun	m	Allgemein	filon	1.47
formel	formell	words	B2	adjective		Allgemein	formel	1.47
inépuisable	unerschöpflich	words	B2	adjective		Allgemein	inépuisable	1.47
récurrent	wiederkehrend	words	B2	adjective		Allgemein	récurrent	1.47
çà	hier	words	B2	adverb		Allgemein	çà	1.47
embarrasser	verlegen machen	words	B2	verb		Gefühle & Charakter	embarrasser	1.47
le gadget	das Gadget	words	B2	noun	m	Allgemein	gadget	1.47
enfanter	gebären	words	B2	verb		Körper & Gesundheit	enfanter	1.47
la lucidité	die Klarheit	words	B2	noun	f	Allgemein	lucidité	1.47
le parachutisme	das Fallschirmspringen	words	B2	noun	m	Sport	parachutisme	1.46
la canicule	die Hitzewelle	words	B2	noun	f	Wetter & Jahreszeiten	canicule	1.46
la cascade	der Wasserfall	words	B2	noun	f	Tiere & Natur	cascade	1.46
l'arrivant	der Ankommende	words	B2	noun	m	Reisen & Urlaub	arrivant	1.46
passionnel	leidenschaftlich	words	B2	adjective		Gefühle & Charakter	passionnel	1.46
scruter	genau untersuchen	words	B2	verb		Allgemein	scruter	1.46
déjouer	vereiteln	words	B2	verb		Allgemein	déjouer	1.46
le kiosque	der Kiosk	words	B2	noun	m	Stadt & Verkehr	kiosque	1.46
la vit	das Glas	words	B2	noun	f	Wohnen & Haus	vit	1.46
déchiffrer	entschlüsseln	words	B2	verb		Allgemein	déchiffrer	1.46
diluer	verdünnen	words	B2	verb		Allgemein	diluer	1.46
irréversible	irreversibel	words	B2	adjective		Allgemein	irréversible	1.46
le méthane	das Methan	words	B2	noun	m	Allgemein	méthane	1.46
l'expatriation	die Auswanderung	words	B2	noun	f	Reisen & Urlaub	expatriation	1.46
insultant	beleidigend	words	B2	adjective		Allgemein	insultant	1.46
maquiller	schminken	words	B2	verb		Körper & Gesundheit	maquiller	1.46
le bilinguisme	die Zweisprachigkeit	words	B2	noun	m	Schule & Bildung	bilinguisme	1.46
la thérapie	die Therapie	words	B2	noun	f	Körper & Gesundheit	thérapie	1.46
le racket	der Erpressung	words	B2	noun	m	Allgemein	racket	1.46
la brosse	die Bürste	words	B2	noun	f	Körper & Gesundheit	brosse	1.46
le savon	die Seife	words	B2	noun	m	Essen & Trinken	savon	1.45
le clic	der Klick	words	B2	noun	m	Medien & Technik	clic	1.45
le coiffeur	der Friseur	words	B2	noun	m	Körper & Gesundheit	coiffeur	1.45
la consécration	die Weihe	words	B2	noun	f	Allgemein	consécration	1.45
interviewer	interviewen	words	B2	verb		Allgemein	interviewer	1.45
vraisemblablement	vermutlich	words	B2	adverb		Allgemein	vraisemblablement	1.45
l'emprunt	das Darlehen	words	B2	noun	m	Einkaufen & Geld	emprunt	1.45
la terreur	der Terror	words	B2	noun	f	Allgemein	terreur	1.45
arrogant	arrogant	words	B2	adjective		Gefühle & Charakter	arrogant	1.45
préventif	präventiv	words	B2	adjective		Allgemein	préventif	1.45
nautique	nautisch	words	B2	adjective		Sport	nautique	1.45
la pleure	das Weinen	words	B2	noun	f	Gefühle & Charakter	pleure	1.45
malais	malaiisch	words	B2	adjective		Allgemein	malais	1.45
simpliste	simplistisch	words	B2	adjective		Allgemein	simpliste	1.45
le menuisier	der Tischler	words	B2	noun	m	Arbeit & Beruf	menuisier	1.45
la postérité	die Nachwelt	words	B2	noun	f	Allgemein	postérité	1.45
changeant	wechselhaft	words	B2	adjective		Allgemein	changeant	1.45
défaillir	ohnmächtig werden	words	B2	verb		Körper & Gesundheit	défaillir	1.45
la malice	die List	words	B2	noun	f	Allgemein	malice	1.45
coloniser	kolonisieren	words	B2	verb		Allgemein	coloniser	1.44
l'essuie-glace	der Scheibenwischer	words	B2	noun	m	Allgemein	essuie-glace	1.44
aromatique	aromatisch	words	B2	adjective		Essen & Trinken	aromatique	1.44
l'ascension	die Besteigung	words	B2	noun	f	Sport	ascension	1.44
impitoyable	gnadenlos	words	B2	adjective		Allgemein	impitoyable	1.44
la contre-culture	die Gegenkultur	words	B2	noun	f	Allgemein	contre-culture	1.44
le devis	der Kostenvoranschlag	words	B2	noun	m	Einkaufen & Geld	devis	1.44
la navigation	die Navigation	words	B2	noun	f	Medien & Technik	navigation	1.44
la bordure	die Bordüre	words	B2	noun	f	Allgemein	bordure	1.44
le major	der Major	words	B2	noun	m	Allgemein	major	1.44
adonner	widmen	words	B2	verb		Allgemein	adonner	1.44
le traîneau	der Schlitten	words	B2	noun	m	Freizeit & Hobbys	traîneau	1.44
l'icône	das Symbol	words	B2	noun	f	Allgemein	icône	1.44
idem	ebenso	words	B2	adverb		Allgemein	idem	1.44
le déguisement	das Kostüm	words	B2	noun	m	Allgemein	déguisement	1.44
feindre	vortäuschen	words	B2	verb		Allgemein	feindre	1.44
la perfection	die Perfektion	words	B2	noun	f	Allgemein	perfection	1.44
enivrer	betrinken	words	B2	verb		Essen & Trinken	enivrer	1.44
sensibiliser	sensibilisieren	words	B2	verb		Allgemein	sensibiliser	1.44
le cocotier	die Kokospalme	words	B2	noun	m	Tiere & Natur	cocotier	1.44
le repérage	die Ortung	words	B2	noun	m	Allgemein	repérage	1.44
énergique	energisch	words	B2	adjective		Allgemein	énergique	1.43
le germe	der Keim	words	B2	noun	m	Körper & Gesundheit	germe	1.43
l'économiste	der Ökonom	words	B2	noun	m	Arbeit & Beruf	économiste	1.43
réutiliser	wiederverwenden	words	B2	verb		Allgemein	réutiliser	1.43
agile	agil	words	B2	adjective		Allgemein	agile	1.43
le gala	der Gala	words	B2	noun	m	Allgemein	gala	1.43
la crotte	der Kot	words	B2	noun	f	Tiere & Natur	crotte	1.43
le tsunami	der Tsunami	words	B2	noun	m	Allgemein	tsunami	1.43
mutiler	verstümmeln	words	B2	verb		Allgemein	mutiler	1.43
le sifflement	das Pfeifen	words	B2	noun	m	Allgemein	sifflement	1.43
la natte	der Zopf	words	B2	noun	f	Körper & Gesundheit	natte	1.43
individualisé	individualisiert	words	B2	adjective		Allgemein	individualisé	1.43
optimal	optimal	words	B2	adjective		Allgemein	optimal	1.43
le pronostic	die Prognose	words	B2	noun	m	Allgemein	pronostic	1.43
fusiller	erschießen	words	B2	verb		Allgemein	fusiller	1.43
la guêpe	die Wespe	words	B2	noun	f	Tiere & Natur	guêpe	1.43
le porte-parole	der Sprecher	words	B2	noun	m	Allgemein	porte-parole	1.43
désespérant	verzweifelt	words	B2	adjective		Allgemein	désespérant	1.43
le joaillier	der Juwelier	words	B2	noun	m	Arbeit & Beruf	joaillier	1.42
le parasol	der Sonnenschirm	words	B2	noun	m	Wohnen & Haus	parasol	1.42
la détente	die Entspannung	words	B2	noun	f	Allgemein	détente	1.42
la diligence	die Sorgfalt	words	B2	noun	f	Allgemein	diligence	1.42
contourner	umgehen	words	B2	verb		Allgemein	contourner	1.42
paternel	väterlich	words	B2	adjective		Familie & Freunde	paternel	1.42
le voyou	der Gauner	words	B2	noun	m	Allgemein	voyou	1.42
camoufler	verstecken	words	B2	verb		Allgemein	camoufler	1.42
la classification	die Klassifizierung	words	B2	noun	f	Allgemein	classification	1.42
hydroélectrique	wasserkraft	words	B2	adjective		Allgemein	hydroélectrique	1.42
la paume	die Handfläche	words	B2	noun	f	Körper & Gesundheit	paume	1.41
l'acception	die Bedeutung	words	B2	noun	f	Allgemein	acception	1.41
l'expertise	die Expertise	words	B2	noun	f	Allgemein	expertise	1.41
invraisemblable	unwahrscheinlich	words	B2	adjective		Allgemein	invraisemblable	1.41
ambulant	ambulant	words	B2	adjective		Körper & Gesundheit	ambulant	1.41
rigide	rigid	words	B2	adjective		Allgemein	rigide	1.41
le jardinage	die Gartenarbeit	words	B2	noun	m	Freizeit & Hobbys	jardinage	1.41
endetter	verschulden	words	B2	verb		Allgemein	endetter	1.41
exagéré	übertrieben	words	B2	adjective		Allgemein	exagéré	1.41
le ducat	der Dukat	words	B2	noun	m	Einkaufen & Geld	ducat	1.41
le heaume	der Helm	words	B2	noun	m	Allgemein	heaume	1.41
abasourdir	verblüffen	words	B2	verb		Allgemein	abasourdir	1.41
ardu	schwierig	words	B2	adjective		Allgemein	ardu	1.41
l'intuition	die Intuition	words	B2	noun	f	Allgemein	intuition	1.41
désaltérer	löschen	words	B2	verb		Essen & Trinken	désaltérer	1.41
la pédale	die Pedale	words	B2	noun	f	Allgemein	pédale	1.41
la rareté	die Seltenheit	words	B2	noun	f	Allgemein	rareté	1.40
la cheville	die Knöchel	words	B2	noun	f	Körper & Gesundheit	cheville	1.40
la concertation	die Beratung	words	B2	noun	f	Allgemein	concertation	1.40
la prudence	die Vorsicht	words	B2	noun	f	Allgemein	prudence	1.40
bricoler	basteln	words	B2	verb		Freizeit & Hobbys	bricoler	1.40
le ciment	der Zement	words	B2	noun	m	Allgemein	ciment	1.40
la lavandière	die Wäscherin	words	B2	noun	f	Allgemein	lavandière	1.40
le designer	der Designer	words	B2	noun	m	Allgemein	designer	1.40
le buveur	der Trinker	words	B2	noun	m	Essen & Trinken	buveur	1.40
l'applaudissement	der Applaus	words	B2	noun	m	Allgemein	applaudissement	1.40
courtois	höflich	words	B2	adjective		Begrüßung & Höflichkeit	courtois	1.40
la connotation	die Konnotation	words	B2	noun	f	Allgemein	connotation	1.40
le rallye	der Rallye	words	B2	noun	m	Allgemein	rallye	1.40
le duel	der Duell	words	B2	noun	m	Allgemein	duel	1.40
rassurant	beruhigend	words	B2	adjective		Allgemein	rassurant	1.40
initial	anfänglich	words	B2	adjective		Allgemein	initial	1.40
le contrebandier	der Schmuggler	words	B2	noun	m	Allgemein	contrebandier	1.39
roser	rosen	words	B2	verb		Allgemein	roser	1.39
l'aubaine	das Schnäppchen	words	B2	noun	f	Einkaufen & Geld	aubaine	1.39
le juré	der Geschworene	words	B2	noun	m	Allgemein	juré	1.39
l'enclave	die Enklave	words	B2	noun	f	Allgemein	enclave	1.39
le raisin	die Traube	words	B2	noun	m	Essen & Trinken	raisin	1.39
l'impossibilité	die Unmöglichkeit	words	B2	noun	f	Allgemein	impossibilité	1.39
fervent	eifrig	words	B2	adjective		Allgemein	fervent	1.38
l'étendue	die Ausdehnung	words	B2	noun	f	Allgemein	étendue	1.38
l'effraie	die Schleiereule	words	B2	noun	f	Tiere & Natur	effraie	1.38
orphelin	waisen	words	B2	adjective		Allgemein	orphelin	1.38
la dérogation	die Ausnahme	words	B2	noun	f	Allgemein	dérogation	1.38
le snobisme	der Snobismus	words	B2	noun	m	Allgemein	snobisme	1.38
le distributeur	der Verteiler	words	B2	noun	m	Allgemein	distributeur	1.38
le participe	das Partizip	words	B2	noun	m	Grammatik & Struktur	participe	1.38
la vogue	der Trend	words	B2	noun	f	Allgemein	vogue	1.37
le tabouret	der Hocker	words	B2	noun	m	Wohnen & Haus	tabouret	1.37
exceptionnellement	außergewöhnlich	words	B2	adverb		Allgemein	exceptionnellement	1.37
le môme	das Kind	words	B2	noun	m	Familie & Freunde	môme	1.37
nager	schwimmen	words	B2	verb		Sport	nager	1.37
le reptile	das Reptil	words	B2	noun	m	Tiere & Natur	reptile	1.37
entre-temps	in der Zwischenzeit	words	B2	adverb		Allgemein	entre-temps	1.36
désespéré	verzweifelt	words	B2	adjective		Gefühle & Charakter	désespéré	1.36
inhabituel	ungewöhnlich	words	B2	adjective		Allgemein	inhabituel	1.36
la cassette	die Kassette	words	B2	noun	f	Allgemein	cassette	1.36
la chorale	der Chor	words	B2	noun	f	Allgemein	chorale	1.36
exclusivement	ausschließlich	words	B2	adverb		Allgemein	exclusivement	1.36
conditionné	verpackt	words	B2	adjective		Allgemein	conditionné	1.36
le mulet	der Muli	words	B2	noun	m	Tiere & Natur	mulet	1.36
flatter	schmeicheln	words	B2	verb		Allgemein	flatter	1.36
la crue	die Flut	words	B2	noun	f	Allgemein	crue	1.36
le gourmet	der Feinschmecker	words	B2	noun	m	Essen & Trinken	gourmet	1.36
le verrou	das Schloss	words	B2	noun	m	Allgemein	verrou	1.35
l'attache	die Befestigung	words	B2	noun	f	Allgemein	attache	1.35
la capture	die Erfassung	words	B2	noun	f	Allgemein	capture	1.35
conformer	anpassen	words	B2	verb		Allgemein	conformer	1.35
la rame	der Ruder	words	B2	noun	f	Allgemein	rame	1.35
fuser	fusionieren	words	B2	verb		Allgemein	fuser	1.35
le porte-bonheur	der Glücksbringer	words	B2	noun	m	Allgemein	porte-bonheur	1.35
démonter	demontieren	words	B2	verb		Allgemein	démonter	1.35
la cuiller	der Löffel	words	B2	noun	f	Essen & Trinken	cuiller	1.35
le micro-ordinateur	der Mikrocomputer	words	B2	noun	m	Medien & Technik	micro-ordinateur	1.35
le réfrigérateur	der Kühlschrank	words	B2	noun	m	Wohnen & Haus	réfrigérateur	1.35
le génome	das Genom	words	B2	noun	m	Allgemein	génome	1.35
l'appréciation	die Wertschätzung	words	B2	noun	f	Allgemein	appréciation	1.34
le caoutchouc	der Gummi	words	B2	noun	m	Allgemein	caoutchouc	1.34
cogner	hauen	words	B2	verb		Allgemein	cogner	1.34
faufiler	schlüpfen	words	B2	verb		Allgemein	faufiler	1.34
pétrir	kneten	words	B2	verb		Essen & Trinken	pétrir	1.34
l'acharnement	der Eifer	words	B2	noun	m	Allgemein	acharnement	1.34
typer	tippen	words	B2	verb		Allgemein	typer	1.34
la couturière	die Schneiderin	words	B2	noun	f	Arbeit & Beruf	couturière	1.34
espéré	erhofft	words	B2	adjective		Allgemein	espéré	1.34
la plongée	der Tauchgang	words	B2	noun	f	Sport	plongée	1.34
le poussin	das Küken	words	B2	noun	m	Tiere & Natur	poussin	1.34
sympathiser	sympathisieren	words	B2	verb		Allgemein	sympathiser	1.34
exhorter	auffordern	words	B2	verb		Allgemein	exhorter	1.34
la pagaille	das Durcheinander	words	B2	noun	f	Allgemein	pagaille	1.34
la tuilerie	die Ziegelfabrik	words	B2	noun	f	Allgemein	tuilerie	1.34
le promis	das Versprechen	words	B2	noun	m	Allgemein	promis	1.34
le remède	das Heilmittel	words	B2	noun	m	Körper & Gesundheit	remède	1.34
le scoop	die Sensation	words	B2	noun	m	Medien & Technik	scoop	1.34
réservé	reserviert	words	B2	adjective		Allgemein	réservé	1.33
la panoplie	die Auswahl	words	B2	noun	f	Allgemein	panoplie	1.33
l'aura	die Aura	words	B2	noun	f	Allgemein	aura	1.33
écrouler	einstürzen	words	B2	verb		Allgemein	écrouler	1.33
le revers	die Rückseite	words	B2	noun	m	Allgemein	revers	1.33
l'agenda	der Terminkalender	words	B2	noun	m	Allgemein	agenda	1.33
la madeleine	die Madeleine	words	B2	noun	f	Essen & Trinken	madeleine	1.33
assouvir	stillen	words	B2	verb		Allgemein	assouvir	1.33
usagé	gebraucht	words	B2	adjective		Allgemein	usagé	1.33
consoler	trösten	words	B2	verb		Körper & Gesundheit	consoler	1.32
le patinage	das Eislaufen	words	B2	noun	n	Sport	patinage	1.32
la trompe	die Trompete	words	B2	noun	f	Musik	trompe	1.32
la contraction	die Kontraktion	words	B2	noun	f	Allgemein	contraction	1.32
la bouillabaisse	die Bouillabaisse	words	B2	noun	f	Essen & Trinken	bouillabaisse	1.32
la confession	das Geständnis	words	B2	noun	f	Allgemein	confession	1.32
la superficie	die Fläche	words	B2	noun	f	Allgemein	superficie	1.32
tertiaire	tertiär	words	B2	adjective		Allgemein	tertiaire	1.32
agro-alimentaire	agrarisch	words	B2	adjective		Essen & Trinken	agro-alimentaire	1.32
le gisement	das Vorkommen	words	B2	noun	m	Allgemein	gisement	1.32
la saveur	der Geschmack	words	B2	noun	f	Essen & Trinken	saveur	1.32
emblématique	emblematisch	words	B2	adjective		Allgemein	emblématique	1.31
l'abattoir	das Schlachthaus	words	B2	noun	n	Essen & Trinken	abattoir	1.31
enthousiasmer	begeistern	words	B2	verb		Allgemein	enthousiasmer	1.31
septième	siebte	words	B2	adjective		Zahlen & Mengen	septième	1.31
le désaccord	die Uneinigkeit	words	B2	noun	m	Allgemein	désaccord	1.31
le questionnaire	der Fragebogen	words	B2	noun	m	Schule & Bildung	questionnaire	1.31
le dialecte	der Dialekt	words	B2	noun	m	Allgemein	dialecte	1.31
allergique	allergisch	words	B2	adjective		Körper & Gesundheit	allergique	1.31
le gitan	der Zigeuner	words	B2	noun	m	Allgemein	gitan	1.31
géologique	geologisch	words	B2	adjective		Allgemein	géologique	1.30
le surf	das Surfen	words	B2	noun	m	Sport	surf	1.30
pfff	pfff	words	B2	interjection		Allgemein	pfff	1.30
faussement	fälschlicherweise	words	B2	adverb		Allgemein	faussement	1.30
la fourrure	das Fell	words	B2	noun	f	Kleidung & Mode	fourrure	1.30
le vestibule	der Vorraum	words	B2	noun	m	Wohnen & Haus	vestibule	1.30
divin	göttlich	words	B2	adjective		Allgemein	divin	1.30
le grincement	das Quietschen	words	B2	noun	m	Allgemein	grincement	1.29
acclamer	applaudieren	words	B2	verb		Allgemein	acclamer	1.29
le machiniste	der Maschinenführer	words	B2	noun	m	Arbeit & Beruf	machiniste	1.29
la rondelle	die Scheibe	words	B2	noun	f	Allgemein	rondelle	1.29
la truite	die Forelle	words	B2	noun	f	Essen & Trinken	truite	1.29
marrer	lachen	words	B2	verb		Freizeit & Hobbys	marrer	1.29
la prononciation	die Aussprache	words	B2	noun	f	Schule & Bildung	prononciation	1.29
l'anesthésique	das Anästhetikum	words	B2	noun	m	Körper & Gesundheit	anesthésique	1.29
commémorer	gedenken	words	B2	verb		Allgemein	commémorer	1.29
le sultan	der Sultan	words	B2	noun	m	Allgemein	sultan	1.29
rigoler	lachen	words	B2	verb		Freizeit & Hobbys	rigoler	1.29
alpin	alpin	words	B2	adjective		Sport	alpin	1.29
déterminé	entschlossen	words	B2	adjective		Allgemein	déterminé	1.28
malhonnête	unehrlich	words	B2	adjective		Allgemein	malhonnête	1.28
l'infidèle	der Untreue	words	B2	adjective	m	Allgemein	infidèle	1.28
la fraternité	die Brüderlichkeit	words	B2	noun	f	Allgemein	fraternité	1.28
le recruteur	der Recruiter	words	B2	noun	m	Arbeit & Beruf	recruteur	1.28
le compatriote	der Landsmann	words	B2	noun	m	Allgemein	compatriote	1.28
piétiner	stampfen	words	B2	verb		Allgemein	piétiner	1.28
l'alibi	das Alibi	words	B2	noun	m	Allgemein	alibi	1.28
féodal	feudal	words	B2	adjective		Allgemein	féodal	1.27
téter	saugen	words	B2	verb		Körper & Gesundheit	téter	1.27
volumineux	voluminös	words	B2	adjective		Allgemein	volumineux	1.27
le gym	die Turnhalle	words	B2	noun	f	Sport	gym	1.27
exporter	exportieren	words	B2	verb		Allgemein	exporter	1.27
ouh	oh	words	B2	interjection		Allgemein	ouh	1.27
l'associé	der Partner	words	B2	noun	m	Arbeit & Beruf	associé	1.26
continental	kontinental	words	B2	adjective		Allgemein	continental	1.25
abaisser	senken	words	B2	verb		Allgemein	abaisser	1.25
le détroit	der Kanal	words	B2	noun	m	Geografie	détroit	1.25
l'organigramme	das Organigramm	words	B2	noun	n	Allgemein	organigramme	1.25
la faille	der Riss	words	B2	noun	f	Allgemein	faille	1.25
monté	aufgestiegen	words	B2	adjective		Allgemein	monté	1.24
le pro	der Profi	words	B2	noun	m	Arbeit & Beruf	pro	1.24
le store	der Store	words	B2	noun	m	Wohnen & Haus	store	1.24
la traîne	der Zug	words	B2	noun	f	Allgemein	traîne	1.24
le banquet	das Bankett	words	B2	noun	m	Essen & Trinken	banquet	1.24
antillais	antillanisch	words	B2	adjective		Allgemein	antillais	1.24
la salsa	die Salsa	words	B2	noun	f	Essen & Trinken	salsa	1.24
interagir	interagieren	words	B2	verb		Allgemein	interagir	1.24
l'imperméable	der Regenmantel	words	B2	noun	m	Kleidung & Mode	imperméable	1.24
le petit-déjeuner	das Frühstück	words	B2	noun	m	Essen & Trinken	petit-déjeuner	1.24
l'ado	der Teenager	words	B2	noun	m	Familie & Freunde	ado	1.24
le forgeron	der Schmied	words	B2	noun	m	Arbeit & Beruf	forgeron	1.23
la mythologie	die Mythologie	words	B2	noun	f	Allgemein	mythologie	1.23
le bol	die Schüssel	words	B2	noun	m	Essen & Trinken	bol	1.23
irlandais	irisch	words	B2	adjective		Allgemein	irlandais	1.23
le jongleur	der Jongleur	words	B2	noun	m	Freizeit & Hobbys	jongleur	1.23
le processeur	der Prozessor	words	B2	noun	m	Medien & Technik	processeur	1.23
le clignotant	der Blinker	words	B2	noun	m	Stadt & Verkehr	clignotant	1.23
l'irrigation	die Bewässerung	words	B2	noun	f	Allgemein	irrigation	1.22
l'hydratation	die Hydratation	words	B2	noun	f	Körper & Gesundheit	hydratation	1.22
mythique	mythisch	words	B2	adjective		Allgemein	mythique	1.22
le comté	der Landkreis	words	B2	noun	m	Geografie	comté	1.22
impatienter	unruhig machen	words	B2	verb		Allgemein	impatienter	1.22
dériver	abgeleitet werden	words	B2	verb		Allgemein	dériver	1.22
graver	gravieren	words	B2	verb		Allgemein	graver	1.22
préparatoire	vorbereitend	words	B2	adjective		Allgemein	préparatoire	1.22
le mangeur	der Esser	words	B2	noun	m	Essen & Trinken	mangeur	1.22
chaotique	chaotisch	words	B2	adjective		Allgemein	chaotique	1.21
la décomposition	die Zersetzung	words	B2	noun	f	Allgemein	décomposition	1.21
florissant	blühend	words	B2	adjective		Allgemein	florissant	1.21
l'objection	der Einwand	words	B2	noun	f	Allgemein	objection	1.21
pomper	pumpen	words	B2	verb		Allgemein	pomper	1.21
la posture	die Haltung	words	B2	noun	f	Körper & Gesundheit	posture	1.21
le rapporteur	der Berichterstatter	words	B2	noun	m	Allgemein	rapporteur	1.21
rétif	widerspenstig	words	B2	adjective		Allgemein	rétif	1.21
la rétribution	die Vergütung	words	B2	noun	f	Arbeit & Beruf	rétribution	1.21
simplifier	vereinfachen	words	B2	verb		Allgemein	simplifier	1.21
singulièrement	einzigartig	words	B2	adverb		Allgemein	singulièrement	1.21
le traumatisme	das Trauma	words	B2	noun	m	Körper & Gesundheit	traumatisme	1.21
émergent	aufstrebend	words	B2	adjective		Allgemein	émergent	1.21
énoncer	äußern	words	B2	verb		Kommunikation	énoncer	1.21
éclaircir	aufklären	words	B2	verb		Kommunikation	éclaircir	1.21
poli	höflich	words	B2	adjective		Begrüßung & Höflichkeit	poli	1.21
l'auditoire	das Publikum	words	B2	noun	n	Kommunikation	auditoire	1.20
le baril	das Fass	words	B2	noun	n	Allgemein	baril	1.20
floral	blumig	words	B2	adjective		Allgemein	floral	1.20
la fève	die Bohne	words	B2	noun	f	Essen & Trinken	fève	1.20
inhiber	hemmen	words	B2	verb		Allgemein	inhiber	1.20
le surcroît	der Zuwachs	words	B2	noun	m	Allgemein	surcroît	1.20
le tonka	der Tonkabohne	words	B2	noun	m	Essen & Trinken	tonka	1.20
la trajectoire	die Bahn	words	B2	noun	f	Allgemein	trajectoire	1.20
l'inhibition	die Hemmung	words	B2	noun	f	Allgemein	inhibition	1.20
la loterie	die Lotterie	words	B2	noun	f	Allgemein	loterie	1.20
syndical	gewerkschaftlich	words	B2	adjective		Arbeit & Beruf	syndical	1.20
le tremblement	das Beben	words	B2	noun	m	Allgemein	tremblement	1.20
la visée	die Zielsetzung	words	B2	noun	f	Allgemein	visée	1.20
comptable	buchhalterisch	words	B2	adjective		Arbeit & Beruf	comptable	1.20
décéder	sterben	words	B2	verb		Körper & Gesundheit	décéder	1.20
l'altération	die Veränderung	words	B2	noun	f	Allgemein	altération	1.19
les archives	die Archive	words	B2	noun	f	Allgemein	archives	1.19
flamand	flämisch	words	B2	adjective		Allgemein	flamand	1.19
originel	ursprünglich	words	B2	adjective		Allgemein	originel	1.19
l'accomplissement	die Erfüllung	words	B2	noun	n	Allgemein	accomplissement	1.19
le diagnostic	die Diagnose	words	B2	noun	m	Körper & Gesundheit	diagnostic	1.19
londonien	londoner	words	B2	adjective		Allgemein	londonien	1.19
paralyser	lähmen	words	B2	verb		Körper & Gesundheit	paralyser	1.19
transiter	durchreisen	words	B2	verb		Reisen & Urlaub	transiter	1.19
le rabais	der Rabatt	words	B2	noun	m	Einkaufen & Geld	rabais	1.19
anéantir	vernichten	words	B2	verb		Allgemein	anéantir	1.18
le preneur	der Käufer	words	B2	noun	m	Einkaufen & Geld	preneur	1.18
le colza	der Raps	words	B2	noun	m	Essen & Trinken	colza	1.18
divertissant	unterhaltsam	words	B2	adjective		Freizeit & Hobbys	divertissant	1.18
dérisoire	lächerlich	words	B2	adjective		Allgemein	dérisoire	1.18
intellectuellement	intellektuell	words	B2	adverb		Allgemein	intellectuellement	1.18
la provocation	die Provokation	words	B2	noun	f	Allgemein	provocation	1.18
étirer	dehnen	words	B2	verb		Körper & Gesundheit	étirer	1.18
le dôme	die Kuppel	words	B2	noun	m	Allgemein	dôme	1.18
le gentleman	der Gentleman	words	B2	noun	m	Allgemein	gentleman	1.18
la sécheresse	die Trockenheit	words	B2	noun	f	Wetter & Jahreszeiten	sécheresse	1.17
migrant	migrant	words	B2	adjective		Allgemein	migrant	1.17
la récupération	die Wiedergewinnung	words	B2	noun	f	Allgemein	récupération	1.17
l'épuration	die Reinigung	words	B2	noun	f	Allgemein	épuration	1.17
la captivité	die Gefangenschaft	words	B2	noun	f	Allgemein	captivité	1.17
l'anthropologie	die Anthropologie	words	B2	noun	f	Allgemein	anthropologie	1.17
le lut	der Kampf	words	B2	noun	m	Allgemein	lut	1.17
la dictature	die Diktatur	words	B2	noun	f	Allgemein	dictature	1.16
dévaster	verwüsten	words	B2	verb		Allgemein	dévaster	1.16
l'encombrement	die Überlastung	words	B2	noun	m	Allgemein	encombrement	1.16
la parenté	die Verwandtschaft	words	B2	noun	f	Familie & Freunde	parenté	1.16
se suicider	sich umbringen	words	B2	verb		Körper & Gesundheit	suicider	1.16
acceptable	akzeptabel	words	B2	adjective		Allgemein	acceptable	1.15
le stupéfiant	der Staunen	words	B2	noun	m	Allgemein	stupéfiant	1.15
truffer	stopfen	words	B2	verb		Allgemein	truffer	1.15
par-ci	hierher	words	B2	adverb		Allgemein	par-ci	1.15
la faillite	die Insolvenz	words	B2	noun	f	Arbeit & Beruf	faillite	1.15
hâter	eilen	words	B2	verb		Allgemein	hâter	1.15
enviable	neidenswert	words	B2	adjective		Allgemein	enviable	1.15
pénaliser	bestrafen	words	B2	verb		Allgemein	pénaliser	1.15
le bateau-mouche	das Ausflugsschiff	words	B2	noun	m	Reisen & Urlaub	bateau-mouche	1.14
brusque	brusque	words	B2	adjective		Allgemein	brusque	1.14
la brocante	der Flohmarkt	words	B2	noun	f	Einkaufen & Geld	brocante	1.14
la déjection	der Kot	words	B2	noun	f	Tiere & Natur	déjection	1.13
la maturité	die Reife	words	B2	noun	f	Allgemein	maturité	1.13
rôder	herumstreifen	words	B2	verb		Allgemein	rôder	1.13
le pianiste	der Pianist	words	B2	noun	m	Freizeit & Hobbys	pianiste	1.13
l'emblème	das Emblem	words	B2	noun	m	Allgemein	emblème	1.12
froisser	knittern	words	B2	verb		Allgemein	froisser	1.12
cosigner	mitunterzeichnen	words	B2	verb		Allgemein	cosigner	1.12
hispanique	hispanisch	words	B2	adjective		Allgemein	hispanique	1.12
le malentendu	das Missverständnis	words	B2	noun	m	Kommunikation	malentendu	1.12
le repli	der Rückzug	words	B2	noun	m	Allgemein	repli	1.12
la diplomatie	die Diplomatie	words	B2	noun	f	Allgemein	diplomatie	1.11
fiscal	fiskalisch	words	B2	adjective		Allgemein	fiscal	1.11
inopérant	inoperabel	words	B2	adjective		Allgemein	inopérant	1.11
enrichissant	bereichernd	words	B2	adjective		Allgemein	enrichissant	1.11
traquer	verfolgen	words	B2	verb		Allgemein	traquer	1.11
fidéliser	bindend machen	words	B2	verb		Allgemein	fidéliser	1.11
tangible	greifbar	words	B2	adjective		Allgemein	tangible	1.11
arthurien	arthurisch	words	B2	adjective		Allgemein	arthurien	1.11
conditionner	bedingen	words	B2	verb		Allgemein	conditionner	1.11
amer	bitter	words	B2	adjective		Essen & Trinken	amer	1.11
légitimer	legitimieren	words	B2	verb		Allgemein	légitimer	1.11
le tonnerre	der Donner	words	B2	noun	m	Wetter & Jahreszeiten	tonnerre	1.11
l'occupant	der Besetzer	words	B2	noun	m	Allgemein	occupant	1.11
calcaire	kalkhaltig	words	B2	adjective		Allgemein	calcaire	1.11
le pesticide	das Pestizid	words	B2	noun	m	Allgemein	pesticide	1.11
la révision	die Überarbeitung	words	B2	noun	f	Schule & Bildung	révision	1.11
la bonne	die gute	words	B2	noun	f	Allgemein	bonne	1.10
catalan	katalanisch	words	B2	adjective		Allgemein	catalan	1.10
la fente	der Schlitz	words	B2	noun	f	Allgemein	fente	1.10
le déclassement	die Abwertung	words	B2	noun	m	Allgemein	déclassement	1.10
oral	mündlich	words	B2	adjective		Schule & Bildung	oral	1.10
le particularisme	der Partikularismus	words	B2	noun	m	Allgemein	particularisme	1.10
positionner	positionieren	words	B2	verb		Allgemein	positionner	1.10
ravager	verwüsten	words	B2	verb		Allgemein	ravager	1.10
la prédiction	die Vorhersage	words	B2	noun	f	Allgemein	prédiction	1.09
le garou	der Werwolf	words	B2	noun	m	Allgemein	garou	1.09
ficher	einordnen	words	B2	verb		Arbeit & Beruf	ficher	1.09
massivement	massiv	words	B2	adverb		Allgemein	massivement	1.09
la moutarde	der Senf	words	B2	noun	f	Essen & Trinken	moutarde	1.09
le robinet	der Wasserhahn	words	B2	noun	m	Wohnen & Haus	robinet	1.08
le penseur	der Denker	words	B2	noun	m	Allgemein	penseur	1.08
le communiqué	das Kommuniqué	words	B2	noun	m	Allgemein	communiqué	1.08
vigilant	wachsam	words	B2	adjective		Allgemein	vigilant	1.08
le persan	die Perserkatze	words	B2	noun	m	Tiere & Natur	persan	1.08
l'humidité	die Feuchtigkeit	words	B2	noun	f	Körper & Gesundheit	humidité	1.08
culminer	kulminieren	words	B2	verb		Allgemein	culminer	1.08
le lys	die Lilie	words	B2	noun	m	Tiere & Natur	lys	1.07
noircir	schwärzen	words	B2	verb		Allgemein	noircir	1.07
la tempe	die Schläfe	words	B2	noun	f	Körper & Gesundheit	tempe	1.06
renfermer	einschließen	words	B2	verb		Allgemein	renfermer	1.06
le montage	die Montage	words	B2	noun	m	Allgemein	montage	1.06
le fast-food	das Fastfood	words	B2	noun	m	Essen & Trinken	fast-food	1.06
capitaliste	kapitalistisch	words	B2	adjective		Allgemein	capitaliste	1.05
le best-seller	der Bestseller	words	B2	noun	m	Allgemein	best-seller	1.05
la clarté	die Klarheit	words	B2	noun	f	Allgemein	clarté	1.05
le cognac	der Cognac	words	B2	noun	m	Essen & Trinken	cognac	1.05
le remariage	die Wiederheiratung	words	B2	noun	m	Familie & Freunde	remariage	1.05
le tire-bouchon	der Korkenzieher	words	B2	noun	m	Essen & Trinken	tire-bouchon	1.04
chiper	stehlen	words	B2	verb		Allgemein	chiper	1.04
flirter	flirten	words	B2	verb		Gefühle & Charakter	flirter	1.04
l'astre	der Himmelskörper	words	B2	noun	m	Allgemein	astre	1.04
le généticien	der Genetiker	words	B2	noun	m	Allgemein	généticien	1.04
géométrique	geometrisch	words	B2	adjective		Allgemein	géométrique	1.04
l'intestin	der Darm	words	B2	noun	m	Körper & Gesundheit	intestin	1.04
le clip	der Clip	words	B2	noun	m	Medien & Technik	clip	1.04
volcanique	vulkanisch	words	B2	adjective		Allgemein	volcanique	1.04
le pommier	der Apfelbaum	words	B2	noun	m	Tiere & Natur	pommier	1.04
l'automatisme	der Automatismus	words	B2	noun	m	Allgemein	automatisme	1.03
cathodique	kathodisch	words	B2	adjective		Medien & Technik	cathodique	1.03
consumériste	konsumistisch	words	B2	adjective		Allgemein	consumériste	1.03
l'endurance	die Ausdauer	words	B2	noun	f	Sport	endurance	1.03
la fluctuation	die Schwankung	words	B2	noun	f	Allgemein	fluctuation	1.03
l'infraction	der Verstoß	words	B2	noun	f	Allgemein	infraction	1.03
le machisme	der Machismus	words	B2	noun	m	Allgemein	machisme	1.03
la subjectivité	die Subjektivität	words	B2	noun	f	Allgemein	subjectivité	1.03
transmissible	übertragbar	words	B2	adjective		Allgemein	transmissible	1.03
épidémiologique	epidemiologisch	words	B2	adjective		Körper & Gesundheit	épidémiologique	1.03
équatorial	äquatorial	words	B2	adjective		Allgemein	équatorial	1.03
là-dessus	darüber	words	B2	adverb		Allgemein	là-dessus	1.03
l'offense	die Beleidigung	words	B2	noun	f	Allgemein	offense	1.03
le fêtard	der Partygänger	words	B2	noun	m	Freizeit & Hobbys	fêtard	1.03
gastronomique	gastronomisch	words	B2	adjective		Essen & Trinken	gastronomique	1.03
le baromètre	das Barometer	words	B2	noun	m	Allgemein	baromètre	1.03
le stop	der Halt	words	B2	noun	m	Stadt & Verkehr	stop	1.03
activer	aktivieren	words	B2	verb		Allgemein	activer	1.03
le flash-back	der Rückblick	words	B2	noun	m	Allgemein	flash-back	1.03
la fécondation	die Befruchtung	words	B2	noun	f	Körper & Gesundheit	fécondation	1.03
attester	attestieren	words	B2	verb		Allgemein	attester	1.03
enrouler	wickeln	words	B2	verb		Allgemein	enrouler	1.03
la simulation	die Simulation	words	B2	noun	f	Allgemein	simulation	1.03
gentiment	freundlich	words	B2	adverb		Gefühle & Charakter	gentiment	1.03
le contribuable	der Steuerzahler	words	B2	noun	m	Arbeit & Beruf	contribuable	1.03
législatif	gesetzlich	words	B2	adjective		Allgemein	législatif	1.03
le planning	die Planung	words	B2	noun	m	Allgemein	planning	1.03
la réglementation	die Regelung	words	B2	noun	f	Allgemein	réglementation	1.03
le simulacre	der Schein	words	B2	noun	m	Allgemein	simulacre	1.03
l'éveil	das Erwachen	words	B2	noun	m	Allgemein	éveil	1.03
le christianisme	das Christentum	words	B2	noun	m	Allgemein	christianisme	1.02
le peul	der Peul	words	B2	noun	m	Allgemein	peul	1.02
cligner	blinzeln	words	B2	verb		Körper & Gesundheit	cligner	1.02
le pinceau	der Pinsel	words	B2	noun	m	Kunst & Kreativität	pinceau	1.02
la cavalerie	die Kavallerie	words	B2	noun	f	Allgemein	cavalerie	1.02
la pelouse	der Rasen	words	B2	noun	f	Tiere & Natur	pelouse	1.02
snob	snob	words	B2	adjective		Gefühle & Charakter	snob	1.02
le toutou	der Hund	words	B2	noun	m	Tiere & Natur	toutou	1.02
le romantisme	der Romantismus	words	B2	noun	m	Allgemein	romantisme	1.02
clouer	nageln	words	B2	verb		Allgemein	clouer	1.02
le péril	die Gefahr	words	B2	noun	m	Allgemein	péril	1.02
trinquer	anstoßen	words	B2	verb		Essen & Trinken	trinquer	1.02
le drogué	der Drogenabhängige	words	B2	noun	m	Körper & Gesundheit	drogué	1.02
l'oasis	die Oase	words	B2	noun	f	Tiere & Natur	oasis	1.02
le successeur	der Nachfolger	words	B2	noun	m	Allgemein	successeur	1.02
la luminosité	die Helligkeit	words	B2	noun	f	Allgemein	luminosité	1.02
culpabiliser	schuldigen	words	B2	verb		Allgemein	culpabiliser	1.02
le veilleur	der Wächter	words	B2	noun	m	Allgemein	veilleur	1.02
le lièvre	der Hase	words	B2	noun	m	Tiere & Natur	lièvre	1.01
l'alpiniste	der Bergsteiger	words	B2	noun	m	Sport	alpiniste	1.01
la fraction	der Bruch	words	B2	noun	f	Allgemein	fraction	1.01
cramponner	festhalten	words	B2	verb		Allgemein	cramponner	1.01
le repère	der Anhaltspunkt	words	B2	noun	m	Allgemein	repère	1.01
l'éboueur	der Müllmann	words	B2	noun	m	Arbeit & Beruf	éboueur	1.01
débiteur	schuldnerisch	words	B2	adjective		Allgemein	débiteur	1.01
la largeur	die Breite	words	B2	noun	f	Allgemein	largeur	1.01
arbitraire	willkürlich	words	B2	adjective		Allgemein	arbitraire	1.01
la complainte	die Klage	words	B2	noun	f	Allgemein	complainte	1.01
grotesque	grotesk	words	B2	adjective		Allgemein	grotesque	1.01
la caverne	die Höhle	words	B2	noun	f	Tiere & Natur	caverne	1.01
le foulard	das Tuch	words	B2	noun	m	Kleidung & Mode	foulard	1.01
la betterave	die Rübe	words	B2	noun	f	Essen & Trinken	betterave	1.01
la biotechnologie	die Biotechnologie	words	B2	noun	f	Allgemein	biotechnologie	1.01
le praticien	der Praktiker	words	B2	noun	m	Allgemein	praticien	1.01
le val	das Tal	words	B2	noun	m	Tiere & Natur	val	1.01
éphémère	vergänglich	words	B2	adjective		Allgemein	éphémère	1.01
le christ	der Christus	words	B2	noun	m	Allgemein	christ	1.01
voiturer	mitfahren	words	B2	verb		Reisen & Urlaub	voiturer	1.01
le gouverneur	der Gouverneur	words	B2	noun	m	Allgemein	gouverneur	1.01
odieux	abscheulich	words	B2	adjective		Gefühle & Charakter	odieux	1.01
déclencher	auslösen	words	B2	verb		Allgemein	déclencher	1.01
portraire	tragen	words	B2	verb		Allgemein	portraire	1.01
la mantille	die Mantille	words	B2	noun	f	Kleidung & Mode	mantille	1.00
la tourne	die Drehung	words	B2	noun	f	Allgemein	tourne	1.00
l'athlétisme	das Leichtathletik	words	B2	noun		Sport	athlétisme	1.00
le calembour	der Wortwitz	words	B2	noun	m	Allgemein	calembour	1.00
la clause	die Klausel	words	B2	noun	f	Allgemein	clause	1.00
démener	sich abmühen	words	B2	verb		Allgemein	démener	1.00
la forteresse	die Festung	words	B2	noun	f	Allgemein	forteresse	1.00
la plasticité	die Plastizität	words	B2	noun	f	Allgemein	plasticité	1.00
le solvant	das Lösungsmittel	words	B2	noun	m	Allgemein	solvant	1.00
le stagiaire	der Praktikant	words	B2	noun	m	Arbeit & Beruf	stagiaire	1.00
la biscotte	die Zwieback	words	B2	noun	f	Essen & Trinken	biscotte	1.00
criard	grell	words	B2	adjective		Farben & Formen	criard	1.00
forfaitaire	pauschal	words	B2	adjective		Allgemein	forfaitaire	1.00
le liseré	der Saum	words	B2	noun	m	Kleidung & Mode	liseré	1.00
basculer	kippen	words	B2	verb		Allgemein	basculer	1.00
promulguer	veröffentlichen	words	B2	verb		Allgemein	promulguer	1.00
la baby-sitter	die Babysitterin	words	B2	noun	f	Familie & Freunde	baby-sitter	1.00
la festivité	die Festlichkeit	words	B2	noun	f	Freizeit & Hobbys	festivité	1.00
léguer	vererben	words	B2	verb		Allgemein	léguer	1.00
l'oubliette	die Vergessenheit	words	B2	noun	f	Allgemein	oubliette	1.00
écumer	schaumen	words	B2	verb		Allgemein	écumer	1.00
le souk	der Markt	words	B2	noun	m	Einkaufen & Geld	souk	1.00
le césar	der Cäsar	words	B2	noun	m	Allgemein	césar	1.00
aiguë	scharf	words	B2	adjective		Allgemein	aiguë	1.00
l'ellipse	die Ellipse	words	B2	noun	f	Allgemein	ellipse	0.99
juif	jüdisch	words	B2	adjective		Allgemein	juif	0.99
le logis	die Unterkunft	words	B2	noun	m	Wohnen & Haus	logis	0.99
abonner	abonnieren	words	B2	verb		Allgemein	abonner	0.99
explicitement	ausdrücklich	words	B2	adverb		Allgemein	explicitement	0.99
l'hémisphère	die Hemisphäre	words	B2	noun	m	Allgemein	hémisphère	0.99
pragmatique	pragmatisch	words	B2	adjective		Allgemein	pragmatique	0.99
le do	der Do	words	B2	noun	m	Allgemein	do	0.99
l'épopée	die Epopöe	words	B2	noun	f	Allgemein	épopée	0.99
le macadam	der Asphalt	words	B2	noun	m	Stadt & Verkehr	macadam	0.99
le dicton	das Sprichwort	words	B2	noun	m	Allgemein	dicton	0.99
la narine	die Nasenöffnung	words	B2	noun	f	Körper & Gesundheit	narine	0.99
le venu	der Ankommende	words	B2	noun	m	Allgemein	venu	0.99
rôtir	braten	words	B2	verb		Essen & Trinken	rôtir	0.99
le tsar	der Zar	words	B2	noun	m	Allgemein	tsar	0.98
catégorique	kategorisch	words	B2	adjective		Allgemein	catégorique	0.98
le clocher	der Kirchturm	words	B2	noun	m	Allgemein	clocher	0.98
l'inutilité	die Nutzlosigkeit	words	B2	noun	f	Allgemein	inutilité	0.98
rayonner	strahlen	words	B2	verb		Allgemein	rayonner	0.98
éprendre	verlieben	words	B2	verb		Gefühle & Charakter	éprendre	0.98
livide	blass	words	B2	adjective		Gefühle & Charakter	livide	0.98
alarmer	alarmieren	words	B2	verb		Allgemein	alarmer	0.98
le girofle	die Nelke	words	B2	noun	f	Essen & Trinken	girofle	0.98
anatomique	anatomisch	words	B2	adjective		Allgemein	anatomique	0.98
forcé	gezwungen	words	B2	adjective		Allgemein	forcé	0.98
live	live	words	B2	adjective		Medien & Technik	live	0.98
la patate	die Kartoffel	words	B2	noun	f	Essen & Trinken	patate	0.98
la maternité	die Maternität	words	B2	noun	f	Familie & Freunde	maternité	0.98
pédaler	radfahren	words	B2	verb		Sport	pédaler	0.98
le surnom	der Spitzname	words	B2	noun	m	Familie & Freunde	surnom	0.98
le moniteur	der Lehrer	words	B2	noun	m	Schule & Bildung	moniteur	0.98
le steak	das Steak	words	B2	noun	n	Essen & Trinken	steak	0.98
l'assise	die Sitzfläche	words	B2	noun	f	Allgemein	assise	0.98
la tunique	die Tunika	words	B2	noun	f	Kleidung & Mode	tunique	0.97
l'immortalité	die Unsterblichkeit	words	B2	noun	f	Allgemein	immortalité	0.97
la casse	der Bruch	words	B2	noun	f	Allgemein	casse	0.97
reproductif	reproduktiv	words	B2	adjective		Allgemein	reproductif	0.97
le foin	das Heu	words	B2	noun	m	Tiere & Natur	foin	0.97
fouetter	peitschen	words	B2	verb		Allgemein	fouetter	0.97
le peigne	der Kamm	words	B2	noun	m	Körper & Gesundheit	peigne	0.97
le guitariste	der Gitarrist	words	B2	noun	m	Freizeit & Hobbys	guitariste	0.97
le peignoir	der Bademantel	words	B2	noun	m	Kleidung & Mode	peignoir	0.97
rudement	grobschlächtig	words	B2	adverb		Allgemein	rudement	0.97
le garagiste	der Mechaniker	words	B2	noun	m	Arbeit & Beruf	garagiste	0.97
coordonner	koordinieren	words	B2	verb		Allgemein	coordonner	0.96
le pourpoint	der Wams	words	B2	noun	m	Kleidung & Mode	pourpoint	0.96
infernal	höllisch	words	B2	adjective		Allgemein	infernal	0.96
l'ermitage	das Eremitage	words	B2	noun	m	Allgemein	ermitage	0.96
la hanche	die Hüfte	words	B2	noun	f	Körper & Gesundheit	hanche	0.96
l'allusion	die Anspielung	words	B2	noun	f	Allgemein	allusion	0.96
le potier	der Töpfer	words	B2	noun	m	Allgemein	potier	0.96
le poignard	der Dolch	words	B2	noun	m	Allgemein	poignard	0.96
le prophète	der Prophet	words	B2	noun	m	Allgemein	prophète	0.96
frisé	lockig	words	B2	adjective		Körper & Gesundheit	frisé	0.96
gaspiller	verschwenden	words	B2	verb		Allgemein	gaspiller	0.96
la cape	der Umhang	words	B2	noun	f	Kleidung & Mode	cape	0.96
l'effroi	der Schrecken	words	B2	noun	m	Gefühle & Charakter	effroi	0.96
emballer	einpacken	words	B2	verb		Essen & Trinken	emballer	0.96
infiltrer	infiltrieren	words	B2	verb		Allgemein	infiltrer	0.96
le corridor	der Flur	words	B2	noun	m	Wohnen & Haus	corridor	0.95
proclamer	proklamieren	words	B2	verb		Allgemein	proclamer	0.95
le lard	der Speck	words	B2	noun	m	Essen & Trinken	lard	0.95
l'allumage	die Zündung	words	B2	noun	m	Allgemein	allumage	0.95
toc	billig	words	B2	adjective		Allgemein	toc	0.95
rénover	renovieren	words	B2	verb		Wohnen & Haus	rénover	0.95
la ride	die Falte	words	B2	noun	f	Körper & Gesundheit	ride	0.94
le compartiment	das Abteil	words	B2	noun	n	Allgemein	compartiment	0.94
étinceler	funkeln	words	B2	verb		Allgemein	étinceler	0.94
l'accroissement	die Zunahme	words	B2	noun	m	Allgemein	accroissement	0.94
décontracté	entspannt	words	B2	adjective		Allgemein	décontracté	0.94
le sénateur	der Senator	words	B2	noun	m	Allgemein	sénateur	0.94
épouvantable	entsetzlich	words	B2	adjective		Allgemein	épouvantable	0.94
le métrage	der Film	words	B2	noun	m	Medien & Technik	métrage	0.94
l'écolo	der Umweltschützer	words	B2	noun	m	Allgemein	écolo	0.94
le cristal	der Kristall	words	B2	noun	m	Allgemein	cristal	0.94
le fournisseur	der Anbieter	words	B2	noun	m	Arbeit & Beruf	fournisseur	0.94
féminiser	feminisieren	words	B2	verb		Allgemein	féminiser	0.94
la restriction	die Einschränkung	words	B2	noun	f	Allgemein	restriction	0.94
le casse-tête	das Rätsel	words	B2	noun	m	Freizeit & Hobbys	casse-tête	0.94
oïl	ja	words	B2	adverb		Allgemein	oïl	0.94
l'automate	der Automat	words	B2	noun	m	Allgemein	automate	0.93
la calanque	die Bucht	words	B2	noun	f	Tiere & Natur	calanque	0.93
matinal	morgendlich	words	B2	adjective		Allgemein	matinal	0.93
la reconversion	die Umstellung	words	B2	noun	f	Allgemein	reconversion	0.92
la pâture	die Weide	words	B2	noun	f	Tiere & Natur	pâture	0.92
énumérer	auflisten	words	B2	verb		Allgemein	énumérer	0.92
le confluent	der Zusammenfluss	words	B2	noun	m	Tiere & Natur	confluent	0.92
l'étai	der Stützbalken	words	B2	noun	m	Allgemein	étai	0.92
ivrogne	betrunken	words	B2	adjective		Allgemein	ivrogne	0.92
le décollage	der Abflug	words	B2	noun	m	Reisen & Urlaub	décollage	0.92
la coiffure	die Frisur	words	B2	noun	f	Kleidung & Mode	coiffure	0.92
l'enchère	das Gebot	words	B2	noun	f	Einkaufen & Geld	enchère	0.92
la galette	der Pfannkuchen	words	B2	noun	f	Essen & Trinken	galette	0.92
le palace	der Palast	words	B2	noun	m	Allgemein	palace	0.92
nantais	nantes	words	B2	adjective		Allgemein	nantais	0.92
ultra	extrem	words	B2	adjective		Allgemein	ultra	0.92
accaparer	in Anspruch nehmen	words	B2	verb		Allgemein	accaparer	0.91
le fair-play	der Fairplay	words	B2	noun	m	Sport	fair-play	0.91
la main-d'oeuvre	die Arbeitskraft	words	B2	noun	f	Arbeit & Beruf	main-d'oeuvre	0.91
la sonorité	der Klang	words	B2	noun	f	Allgemein	sonorité	0.91
espionner	spionieren	words	B2	verb		Allgemein	espionner	0.91
le scrupule	das Skrupel	words	B2	noun	m	Allgemein	scrupule	0.91
meunier	müllerisch	words	B2	adjective		Allgemein	meunier	0.91
baliser	markieren	words	B2	verb		Allgemein	baliser	0.90
l'enfermement	die Einsperrung	words	B2	noun	m	Allgemein	enfermement	0.90
psychiatrique	psychiatrisch	words	B2	adjective		Körper & Gesundheit	psychiatrique	0.90
devancer	vorwegnehmen	words	B2	verb		Allgemein	devancer	0.90
la balance	die Waage	words	B2	noun	f	Allgemein	balance	0.90
l'ancre	der Anker	words	B2	noun	f	Allgemein	ancre	0.89
le radar	der Radar	words	B2	noun	m	Allgemein	radar	0.89
défectueux	defekt	words	B2	adjective		Allgemein	défectueux	0.89
le tracé	die Linie	words	B2	noun	m	Allgemein	tracé	0.89
le battement	der Schlag	words	B2	noun	m	Allgemein	battement	0.89
démarquer	abheben	words	B2	verb		Allgemein	démarquer	0.89
la prospection	die Erkundung	words	B2	noun	f	Allgemein	prospection	0.89
habité	bewohnt	words	B2	adjective		Wohnen & Haus	habité	0.88
le leader	der Anführer	words	B2	noun	m	Allgemein	leader	0.88
le jade	der Jade	words	B2	noun	m	Allgemein	jade	0.88
le furet	der Frettchen	words	B2	noun	m	Tiere & Natur	ferret	0.88
unanime	einstimmig	words	B2	adjective		Allgemein	unanime	0.88
l'étoffe	der Stoff	words	B2	noun	f	Allgemein	étoffe	0.88
rauque	heiser	words	B2	adjective		Körper & Gesundheit	rauque	0.88
le ciseau	die Schere	words	B2	noun	m	Allgemein	ciseau	0.88
bourrer	stopfen	words	B2	verb		Allgemein	bourrer	0.88
calculateur	rechnerisch	words	B2	adjective		Allgemein	calculateur	0.87
le poinçon	der Stempel	words	B2	noun	m	Allgemein	poinçon	0.87
la testostérone	das Testosteron	words	B2	noun	f	Körper & Gesundheit	testostérone	0.87
la vanille	die Vanille	words	B2	noun	f	Essen & Trinken	vanille	0.87
abstraire	abstrahieren	words	B2	verb		Allgemein	abstraire	0.87
dissocier	trennen	words	B2	verb		Allgemein	dissocier	0.87
l'hérésie	die Häresie	words	B2	noun	f	Allgemein	hérésie	0.87
la relativité	die Relativität	words	B2	noun	f	Allgemein	relativité	0.87
prohibitif	verboten	words	B2	adjective		Allgemein	prohibitif	0.87
le persil	die Petersilie	words	B2	noun	m	Essen & Trinken	persil	0.87
le con	der Idiot	words	B2	noun	m	Allgemein	con	0.87
le bourg	der Ort	words	B2	noun	m	Stadt & Verkehr	bourg	0.86
le protocole	das Protokoll	words	B2	noun	m	Allgemein	protocole	0.86
antioxydant	antioxidativ	words	B2	adjective		Allgemein	antioxydant	0.86
cellulaire	zellulär	words	B2	adjective		Allgemein	cellulaire	0.86
infecter	infizieren	words	B2	verb		Körper & Gesundheit	infecter	0.86
la négritude	die Négritude	words	B2	noun	f	Allgemein	négritude	0.86
la pandémie	die Pandemie	words	B2	noun	f	Allgemein	pandémie	0.86
le polymère	das Polymer	words	B2	noun	m	Allgemein	polymère	0.86
la stimulation	die Stimulation	words	B2	noun	f	Allgemein	stimulation	0.86
le prototype	der Prototyp	words	B2	noun	m	Allgemein	prototype	0.86
coupler	koppeln	words	B2	verb		Allgemein	coupler	0.85
le cyclisme	der Radsport	words	B2	noun	m	Sport	cyclisme	0.85
le navet	der Rettich	words	B2	noun	m	Essen & Trinken	navet	0.85
l'équitation	die Reitkunst	words	B2	noun	f	Sport	équitation	0.85
le navire	das Schiff	words	B2	noun	m	Reisen & Urlaub	navire	0.85
fâcheux	ärgerlich	words	B2	adjective		Allgemein	fâcheux	0.85
le clan	der Clan	words	B2	noun	m	Allgemein	clan	0.85
l'appropriation	die Aneignung	words	B2	noun	f	Allgemein	appropriation	0.85
aéroportuaire	flughafen-	words	B2	adjective		Reisen & Urlaub	aéroportuaire	0.85
la bonhomie	die Freundlichkeit	words	B2	noun	f	Gefühle & Charakter	bonhomie	0.85
la garderie	die Kindertagesstätte	words	B2	noun	f	Familie & Freunde	garderie	0.85
le transfert	der Transfer	words	B2	noun	m	Allgemein	transfert	0.85
le vecteur	der Vektor	words	B2	noun	m	Allgemein	vecteur	0.85
l'inventivité	die Einfallsreichtum	words	B2	noun	f	Allgemein	inventivité	0.85
dévouer	widmen	words	B2	verb		Allgemein	dévouer	0.84
le conduit	der Kanal	words	B2	noun	m	Allgemein	conduit	0.84
la contraception	die Verhütung	words	B2	noun	f	Körper & Gesundheit	contraception	0.83
l'islam	der Islam	words	B2	noun	m	Allgemein	islam	0.83
la succession	die Nachfolge	words	B2	noun	f	Allgemein	succession	0.83
l'ordure	der Müll	words	B2	noun	f	Allgemein	ordure	0.82
le pilotage	die Steuerung	words	B2	noun	m	Allgemein	pilotage	0.82
le pleurant	der Weinen	words	B2	noun	m	Allgemein	pleurant	0.82
la berline	die Limousine	words	B2	noun	f	Allgemein	berline	0.82
la cuisson	das Kochen	words	B2	noun	f	Essen & Trinken	cuisson	0.82
le tic	der Tick	words	B2	noun	m	Körper & Gesundheit	tic	0.82
l'écuyer	der Ritter	words	B2	noun	m	Allgemein	écuyer	0.82
le tom	der Tom	words	B2	noun	m	Allgemein	tom	0.82
le sketch	der Sketch	words	B2	noun	m	Medien & Technik	sketch	0.81
poignarder	erstechen	words	B2	verb		Allgemein	poignarder	0.81
l'importation	die Einfuhr	words	B2	noun	f	Einkaufen & Geld	importation	0.81
éduquer	erziehen	words	B2	verb		Schule & Bildung	éduquer	0.81
le chalet	das Chalet	words	B2	noun	m	Wohnen & Haus	chalet	0.81
le sacrifice	das Opfer	words	B2	noun	m	Allgemein	sacrifice	0.80
l'agacement	die Verärgerung	words	B2	noun	m	Gefühle & Charakter	agacement	0.80
le dogme	das Dogma	words	B2	noun	m	Allgemein	dogme	0.80
trimer	schuften	words	B2	verb		Arbeit & Beruf	trimer	0.80
le landau	der Landau	words	B2	noun	m	Wohnen & Haus	landau	0.80
languir	verwelken	words	B2	verb	m	Körper & Gesundheit	languir	0.80
vociférer	schreien	words	B2	verb		Kommunikation	vociférer	0.80
accueillant	einladend	words	B2	adjective		Allgemein	accueillant	0.79
l'analyste	der Analyst	words	B2	noun	m	Allgemein	analyste	0.79
l'anticipation	die Vorwegnahme	words	B2	noun	f	Allgemein	anticipation	0.79
appréhender	fürchten	words	B2	verb		Allgemein	appréhender	0.79
l'attirance	die Anziehung	words	B2	noun	f	Gefühle & Charakter	attirance	0.79
bibliographique	bibliografisch	words	B2	adjective		Allgemein	bibliographique	0.79
boucler	abschließen	words	B2	verb		Allgemein	boucler	0.79
cantonner	einquartieren	words	B2	verb		Allgemein	cantonner	0.79
communicant	kommunikativ	words	B2	adjective		Kommunikation	communicant	0.79
communément	gewöhnlich	words	B2	adverb		Allgemein	communément	0.79
le congénère	der Angehörige	words	B2	noun	m	Allgemein	congénère	0.79
le contre-pouvoir	die Gegenmacht	words	B2	noun	m	Allgemein	contre-pouvoir	0.79
cristalliser	kristallisieren	words	B2	verb		Allgemein	cristalliser	0.79
critiquable	kritikfähig	words	B2	adjective		Allgemein	critiquable	0.79
le demeurant	der Wohnsitz	words	B2	noun	m	Wohnen & Haus	demeurant	0.79
le dioxyde	das Dioxid	words	B2	noun	m	Allgemein	dioxyde	0.79
drastique	drastisch	words	B2	adjective		Allgemein	drastique	0.79
le débit	der Durchsatz	words	B2	noun	m	Allgemein	débit	0.79
la défaillance	der Ausfall	words	B2	noun	f	Allgemein	défaillance	0.79
la dénonciation	die Denunziation	words	B2	noun	f	Allgemein	dénonciation	0.79
la désacralisation	die Entsakralisierung	words	B2	noun	f	Allgemein	désacralisation	0.79
la désagrégation	die Zersetzung	words	B2	noun	f	Allgemein	désagrégation	0.79
l'ethnie	die Ethnie	words	B2	noun	f	Allgemein	ethnie	0.79
fulgurant	blitzartig	words	B2	adjective		Allgemein	fulgurant	0.79
le géologue	der Geologe	words	B2	noun	m	Allgemein	géologue	0.79
l'hypertension	der Bluthochdruck	words	B2	noun	f	Körper & Gesundheit	hypertension	0.79
l'imagerie	die Bildgebung	words	B2	noun	f	Allgemein	imagerie	0.79
imputer	zurechnen	words	B2	verb		Allgemein	imputer	0.79
l'incohérence	die Inkohärenz	words	B2	noun	f	Allgemein	incohérence	0.79
l'inconscience	das Unbewusstsein	words	B2	noun	f	Körper & Gesundheit	inconscience	0.79
l'incorporation	die Eingliederung	words	B2	noun	f	Allgemein	incorporation	0.79
l'ingénierie	die Ingenieurwissenschaft	words	B2	noun	f	Allgemein	ingénierie	0.79
inversement	umgekehrt	words	B2	adverb		Allgemein	inversement	0.79
irraisonné	unüberlegt	words	B2	adjective	m	Allgemein	irraisonné	0.79
le libéralisme	der Liberalismus	words	B2	noun	m	Allgemein	libéralisme	0.79
le méli-mélo	das Durcheinander	words	B2	noun	n	Allgemein	méli-mélo	0.79
nutritionnel	ernährungs-	words	B2	adjective		Essen & Trinken	nutritionnel	0.79
pervertir	verderben	words	B2	verb		Allgemein	pervertir	0.79
pessimiste	pessimistisch	words	B2	adjective		Gefühle & Charakter	pessimiste	0.79
le politologue	der Politologe	words	B2	noun	m	Allgemein	politologue	0.79
promotionnel	werblich	words	B2	adjective		Allgemein	promotionnel	0.79
la préface	die Vorwort	words	B2	noun	f	Allgemein	préface	0.79
préliminaire	vorläufig	words	B2	adjective		Allgemein	préliminaire	0.79
redoutable	furchtbar	words	B2	adjective		Allgemein	redoutable	0.79
requérir	erfordern	words	B2	verb		Allgemein	requérir	0.79
restrictif	einschränkend	words	B2	adjective		Allgemein	restrictif	0.79
le rouage	das Zahnrad	words	B2	noun	m	Allgemein	rouage	0.79
la réanimation	die Wiederbelebung	words	B2	noun	f	Körper & Gesundheit	réanimation	0.79
référencer	referenzieren	words	B2	verb		Allgemein	référencer	0.79
la simplification	die Vereinfachung	words	B2	noun	f	Allgemein	simplification	0.79
soustraire	subtrahieren	words	B2	verb		Allgemein	soustraire	0.79
statuer	entscheiden	words	B2	verb		Allgemein	statuer	0.79
la stigmatisation	die Stigmatisierung	words	B2	noun	f	Allgemein	stigmatisation	0.79
le sulfate	das Sulfat	words	B2	noun	m	Allgemein	sulfate	0.79
la sérénité	die Gelassenheit	words	B2	noun	f	Gefühle & Charakter	sérénité	0.79
techniquement	technisch	words	B2	adverb		Allgemein	techniquement	0.79
le tourteau	der Krebs	words	B2	noun	m	Essen & Trinken	tourteau	0.79
le tremplin	das Sprungbrett	words	B2	noun	m	Allgemein	tremplin	0.79
la tutelle	die Aufsicht	words	B2	noun	f	Allgemein	tutelle	0.79
la validation	die Validierung	words	B2	noun	f	Allgemein	validation	0.79
vertueux	tugendhaft	words	B2	adjective		Allgemein	vertueux	0.79
volontariste	willensstark	words	B2	adjective		Allgemein	volontariste	0.79
émailler	emailieren	words	B2	verb		Allgemein	émailler	0.79
émotionnel	emotional	words	B2	adjective		Gefühle & Charakter	émotionnel	0.79
épauler	unterstützen	words	B2	verb		Allgemein	épauler	0.79
épileptique	epileptisch	words	B2	adjective		Körper & Gesundheit	épileptique	0.79
l'avancement	der Fortschritt	words	B2	noun	m	Allgemein	avancement	0.79
le pamphlet	das Pamphlet	words	B2	noun	m	Allgemein	pamphlet	0.79
la récréation	die Pause	words	B2	noun	f	Schule & Bildung	récréation	0.79
l'éolienne	die Windkraftanlage	words	B2	noun	f	Allgemein	éolienne	0.79
l'émeute	die Unruhen	words	B2	noun	f	Allgemein	émeute	0.78
la perquisition	die Durchsuchung	words	B2	noun	f	Allgemein	perquisition	0.78
le saphir	der Saphir	words	B2	noun	m	Allgemein	saphir	0.78
la session	die Sitzung	words	B2	noun	f	Allgemein	session	0.78
la quille	die Kegel	words	B2	noun	f	Allgemein	quille	0.77
généraliste	allgemein	words	B2	adjective		Allgemein	généraliste	0.77
le duo	das Duo	words	B2	noun	m	Allgemein	duo	0.76
l'enquêteur	der Ermittler	words	B2	noun	m	Allgemein	enquêteur	0.76
le semestre	das Semester	words	B2	noun	m	Schule & Bildung	semestre	0.76
la rousse	die Rothaarige	words	B2	noun	f	Allgemein	rousse	0.75
la dissociation	die Dissoziation	words	B2	noun	f	Allgemein	dissociation	0.75
subvenir	unterstützen	words	B2	verb		Allgemein	subvenir	0.74
la périphérie	die Peripherie	words	B2	noun	f	Stadt & Verkehr	périphérie	0.74
le vaisseau	das Gefäß	words	B2	noun	m	Körper & Gesundheit	vaisseau	0.74
l'artisanat	das Handwerk	words	B2	noun	n	Arbeit & Beruf	artisanat	0.74
collant	eng	words	B2	adjective		Kleidung & Mode	collant	0.74
l'oie	die Gans	words	B2	noun	f	Tiere & Natur	oie	0.74
le verglas	das Glatteis	words	B2	noun	m	Wetter & Jahreszeiten	verglas	0.74
le bloc-notes	der Notizblock	words	B2	noun	m	Schule & Bildung	bloc-notes	0.73
absenter	fehlen	words	B2	verb		Allgemein	absenter	0.73
adjurer	dringend bitten	words	B2	verb		Allgemein	adjurer	0.73
le boom	der Boom	words	B2	noun	m	Allgemein	boom	0.73
borner	begrenzen	words	B2	verb		Allgemein	borner	0.73
buter	stoßen	words	B2	verb		Allgemein	buter	0.73
caniculaire	hitzig	words	B2	adjective		Wetter & Jahreszeiten	caniculaire	0.73
collatéral	nebenläufig	words	B2	adjective		Allgemein	collatéral	0.73
consciemment	bewusst	words	B2	adverb		Allgemein	consciemment	0.73
constituant	bestandteil	words	B2	adjective		Allgemein	constituant	0.73
décrier	herabsetzen	words	B2	verb		Allgemein	décrier	0.73
le déficit	das Defizit	words	B2	noun	m	Allgemein	déficit	0.73
l'exploitant	der Betreiber	words	B2	noun	m	Arbeit & Beruf	exploitant	0.73
le fourrure	das Fell	words	B2	noun	f	Tiere & Natur	fur	0.73
fustiger	tadeln	words	B2	verb		Allgemein	fustiger	0.73
gothique	gotisch	words	B2	adjective		Allgemein	gothique	0.73
la généralisation	die Verallgemeinerung	words	B2	noun	f	Allgemein	généralisation	0.73
imposable	besteuerbar	words	B2	adjective		Allgemein	imposable	0.73
imprévu	unvorhergesehen	words	B2	adjective		Allgemein	imprévu	0.73
instaurer	einführen	words	B2	verb		Allgemein	instaurer	0.73
intentionnellement	absichtlich	words	B2	adverb		Allgemein	intentionnellement	0.73
irréductible	unveränderlich	words	B2	adjective		Allgemein	irréductible	0.73
malsain	ungesund	words	B2	adjective		Körper & Gesundheit	malsain	0.73
le millésime	der Jahrgang	words	B2	noun	m	Essen & Trinken	millésime	0.73
minoritaire	minderheitlich	words	B2	adjective		Allgemein	minoritaire	0.73
pervers	pervers	words	B2	adjective		Allgemein	pervers	0.73
le ralenti	die Zeitlupe	words	B2	noun	m	Allgemein	ralenti	0.73
l'échographie	die Ultraschalluntersuchung	words	B2	noun	f	Körper & Gesundheit	échographie	0.73
éloquent	eindrucksvoll	words	B2	adjective		Allgemein	éloquent	0.73
l'étirement	das Dehnen	words	B2	noun	n	Körper & Gesundheit	étirement	0.73
la manufacture	die Manufaktur	words	B2	noun	f	Arbeit & Beruf	manufacture	0.73
étoiler	sternen	words	B2	verb		Allgemein	étoiler	0.73
adéquat	angemessen	words	B2	adjective		Allgemein	adéquat	0.72
alarmiste	alarmierend	words	B2	adjective		Allgemein	alarmiste	0.72
amérindien	amerindisch	words	B2	adjective		Allgemein	amérindien	0.72
carreler	fliesen	words	B2	verb		Wohnen & Haus	carreler	0.72
le clivage	die Spaltung	words	B2	noun	m	Allgemein	clivage	0.72
dynamiser	beleben	words	B2	verb		Allgemein	dynamiser	0.72
le décibel	das Dezibel	words	B2	noun	m	Allgemein	décibel	0.72
la démocratisation	die Demokratisierung	words	B2	noun	f	Allgemein	démocratisation	0.72
informé	informiert	words	B2	adjective		Allgemein	informé	0.72
momentané	vorübergehend	words	B2	adjective		Allgemein	momentané	0.72
pathologique	pathologisch	words	B2	adjective		Allgemein	pathologique	0.72
le pollueur	der Verschmutzer	words	B2	noun	m	Umwelt	pollueur	0.72
le périmètre	der Umfang	words	B2	noun	m	Mathematik	périmètre	0.72
scolariser	einschulen	words	B2	verb		Schule & Bildung	scolariser	0.72
le socialisme	der Sozialismus	words	B2	noun	m	Gesellschaft	socialisme	0.72
volubile	redselig	words	B2	adjective		Allgemein	volubile	0.72
agronomique	agronomisch	words	B2	adjective		Wissenschaft	agronomique	0.72
ambrer	bernsteinfarben	words	B2	verb		Farben & Formen	ambrer	0.72
l'appauvrissement	die Verarmung	words	B2	noun	f	Gesellschaft	appauvrissement	0.72
l'aspérité	die Rauheit	words	B2	noun	f	Allgemein	aspérité	0.72
la causalité	die Kausalität	words	B2	noun	f	Wissenschaft	causalité	0.72
le chaînon	das Glied	words	B2	noun	m	Allgemein	chaînon	0.72
le chimiste	der Chemiker	words	B2	noun	m	Wissenschaft	chimiste	0.72
continuellement	ständig	words	B2	adverb		Allgemein	continuellement	0.72
destructeur	zerstörerisch	words	B2	adjective		Allgemein	destructeur	0.72
discriminatoire	diskriminierend	words	B2	adjective		Gesellschaft	discriminatoire	0.72
dissuadif	abschreckend	words	B2	adjective		Allgemein	dissuasif	0.72
défaillant	fehlerhaft	words	B2	adjective		Allgemein	défaillant	0.72
la déviance	die Abweichung	words	B2	noun	f	Gesellschaft	déviance	0.72
enchaîné	kettengeschlossen	words	B2	adjective		Allgemein	enchaîné	0.72
la flexibilité	die Flexibilität	words	B2	noun	f	Allgemein	flexibilité	0.72
fossiliser	fossilisieren	words	B2	verb		Wissenschaft	fossiliser	0.72
le foetus	der Fötus	words	B2	noun	m	Körper & Gesundheit	foetus	0.72
la gouttière	die Rinne	words	B2	noun	f	Wohnen & Haus	gouttière	0.72
le générique	das Generikum	words	B2	noun	m	Medizin	générique	0.72
indirectement	indirekt	words	B2	adverb		Allgemein	indirectement	0.72
l'initié	der Eingeweihte	words	B2	noun	m	Allgemein	initié	0.72
irascible	reizbar	words	B2	adjective		Gefühle & Charakter	irascible	0.72
le kaléidoscope	das Kaleidoskop	words	B2	noun	m	Allgemein	kaléidoscope	0.72
lavandé	lavendelartig	words	B2	adjective		Farben & Formen	lavandé	0.72
moléculaire	molekular	words	B2	adjective		Wissenschaft	moléculaire	0.72
momentanément	vorübergehend	words	B2	adverb		Allgemein	momentanément	0.72
le monopole	das Monopol	words	B2	noun	m	Wirtschaft	monopole	0.72
l'outrance	die Übertreibung	words	B2	noun	f	Allgemein	outrance	0.72
poudrer	pudern	words	B2	verb		Allgemein	poudrer	0.72
pourfendre	zerschlagen	words	B2	verb		Allgemein	pourfendre	0.72
le remplacement	der Ersatz	words	B2	noun	m	Allgemein	remplacement	0.72
renouer	wiederherstellen	words	B2	verb		Allgemein	renouer	0.72
la réclusion	die Einsamkeit	words	B2	noun	f	Allgemein	réclusion	0.72
scinder	spalten	words	B2	verb		Allgemein	scinder	0.72
la senteur	der Duft	words	B2	noun	f	Körper & Gesundheit	senteur	0.72
sophistiquer	verfeinern	words	B2	verb		Allgemein	sophistiquer	0.72
stipuler	festlegen	words	B2	verb		Allgemein	stipuler	0.72
la sécrétion	die Sekretion	words	B2	noun	f	Wissenschaft	sécrétion	0.72
tirailler	zerren	words	B2	verb		Allgemein	tirailler	0.72
tordre	drehen	words	B2	verb		Allgemein	tordre	0.72
ténu	dünn	words	B2	adjective		Allgemein	ténu	0.72
vertigineux	schwindelerregend	words	B2	adjective		Allgemein	vertigineux	0.72
l'ylang-ylang	das Ylang-Ylang	words	B2	noun	m	Pflanzen	ylang-ylang	0.72
l'écrivant	der Schreiber	words	B2	noun	m	Allgemein	écrivant	0.72
l'acquéreur	der Käufer	words	B2	noun	m	Einkaufen & Geld	acquéreur	0.72
la benne	die Mulde	words	B2	noun	f	Allgemein	benne	0.72
le calvaire	der Kreuzweg	words	B2	noun	m	Allgemein	calvaire	0.72
chavirer	kippen	words	B2	verb		Allgemein	chavirer	0.72
corse	korinthisch	words	B2	adjective		Allgemein	corse	0.72
croquer	knabbern	words	B2	verb		Essen & Trinken	croquer	0.72
culturellement	kulturell	words	B2	adverb		Allgemein	culturellement	0.72
le demi-frère	der Halbbruder	words	B2	noun	m	Familie & Freunde	demi-frère	0.72
dissoudre	auflösen	words	B2	verb		Allgemein	dissoudre	0.72
décompresser	entspannen	words	B2	verb		Körper & Gesundheit	décompresser	0.72
fondu	geschmolzen	words	B2	adjective		Essen & Trinken	fondu	0.72
gracieux	graziös	words	B2	adjective		Allgemein	gracieux	0.72
l'idiome	das Idiom	words	B2	noun	n	Sprache	idiome	0.72
industriellement	industriell	words	B2	adverb		Allgemein	industriellement	0.72
l'interférence	die Interferenz	words	B2	noun	f	Allgemein	interférence	0.72
israélien	israelisch	words	B2	noun		Allgemein	israélien	0.72
la lurette	die lange Zeit	words	B2	noun	f	Allgemein	lurette	0.72
le manutentionnaire	der Lagerarbeiter	words	B2	noun	m	Arbeit & Beruf	manutentionnaire	0.72
martyriser	quälen	words	B2	verb		Allgemein	martyriser	0.72
mnésique	gedächtnis-	words	B2	adjective		Allgemein	mnésique	0.72
optique	optisch	words	B2	adjective		Allgemein	optique	0.72
opérationnel	betriebsbereit	words	B2	adjective		Allgemein	opérationnel	0.72
proférer	aussprechen	words	B2	verb		Allgemein	proférer	0.72
la raffinerie	die Raffinerie	words	B2	noun	f	Allgemein	raffinerie	0.72
le rebut	der Abfall	words	B2	noun	m	Allgemein	rebut	0.72
la rotation	die Rotation	words	B2	noun	f	Allgemein	rotation	0.72
la réorganisation	die Reorganisation	words	B2	noun	f	Allgemein	réorganisation	0.72
le rêne	der Zügel	words	B2	noun	m	Allgemein	rêne	0.72
la savane	die Savanne	words	B2	noun	f	Tiere & Natur	savane	0.72
la spécialisation	die Spezialisierung	words	B2	noun	f	Allgemein	spécialisation	0.72
la tonalité	die Tonalität	words	B2	noun	f	Allgemein	tonalité	0.72
transitoire	vorübergehend	words	B2	adjective		Allgemein	transitoire	0.72
zébrer	streifen	words	B2	verb		Allgemein	zébrer	0.72
écarquiller	augenweit öffnen	words	B2	verb		Allgemein	écarquiller	0.72
l'échelon	die Stufe	words	B2	noun	m	Allgemein	échelon	0.72
écossais	schottisch	words	B2	adjective		Allgemein	écossais	0.72
étroitement	eng	words	B2	adverb		Allgemein	étroitement	0.72
l'adage	das Sprichwort	words	B2	noun	n	Allgemein	adage	0.72
allouer	zuteilen	words	B2	verb		Allgemein	allouer	0.72
la censure	die Zensur	words	B2	noun	f	Allgemein	censure	0.72
le communiste	der Kommunist	words	B2	noun	m	Allgemein	communiste	0.72
drastiquement	drastisch	words	B2	adverb		Allgemein	drastiquement	0.72
l'euphémisme	der Euphemismus	words	B2	noun	m	Allgemein	euphémisme	0.72
formé	gebildet	words	B2	adjective		Allgemein	formé	0.72
le pourvoyeur	der Anbieter	words	B2	noun	m	Allgemein	pourvoyeur	0.72
préfigurer	vorwegnehmen	words	B2	verb		Allgemein	préfigurer	0.72
quantitatif	quantitativ	words	B2	adjective		Allgemein	quantitatif	0.72
reformuler	umformulieren	words	B2	verb		Allgemein	reformuler	0.72
la réinsertion	die Reintegration	words	B2	noun	f	Allgemein	réinsertion	0.72
réinventer	neu erfinden	words	B2	verb		Allgemein	réinventer	0.72
la répression	die Repression	words	B2	noun	f	Allgemein	répression	0.72
sexuellement	sexuell	words	B2	adverb		Allgemein	sexuellement	0.72
teinter	tönen	words	B2	verb		Allgemein	teinter	0.72
l'éloquence	die Eloquenz	words	B2	noun	f	Allgemein	éloquence	0.72
l'émetteur	der Sender	words	B2	noun	m	Medien & Technik	émetteur	0.72
le pan	der Teil	words	B2	noun	m	Allgemein	pan	0.72
biométrique	biometrisch	words	B2	adjective		Allgemein	biométrique	0.72
digital	digital	words	B2	adjective		Medien & Technik	digital	0.72
l'hippocampe	das Seepferdchen	words	B2	noun	n	Tiere & Natur	hippocampe	0.72
le kit	das Set	words	B2	noun	m	Allgemein	kit	0.72
le valentin	der Valentin	words	B2	noun	m	Allgemein	valentin	0.72
l'académicien	der Akademiker	words	B2	noun	m	Allgemein	académicien	0.72
annexer	annektieren	words	B2	verb		Allgemein	annexer	0.72
l'assentiment	die Zustimmung	words	B2	noun	m	Allgemein	assentiment	0.72
la cadence	die Kadenz	words	B2	noun	f	Allgemein	cadence	0.72
cardio-vasculaire	kardiovaskulär	words	B2	adjective		Körper & Gesundheit	cardio-vasculaire	0.72
croisé	gekreuzt	words	B2	adjective		Allgemein	croisé	0.72
le flacon	die Flasche	words	B2	noun	m	Essen & Trinken	flacon	0.72
gelé	gefroren	words	B2	adjective		Essen & Trinken	gelé	0.72
incompatible	inkompatibel	words	B2	adjective		Allgemein	incompatible	0.72
incompréhensible	unverständlich	words	B2	adjective		Allgemein	incompréhensible	0.72
le magnésium	das Magnesium	words	B2	noun	m	Allgemein	magnésium	0.72
mouillé	nass	words	B2	adjective		Allgemein	mouillé	0.72
mémoriser	merken	words	B2	verb		Allgemein	mémoriser	0.72
philosophique	philosophisch	words	B2	adjective		Allgemein	philosophique	0.72
la prêtresse	die Priesterin	words	B2	noun	f	Allgemein	prêtresse	0.72
répétitif	wiederholend	words	B2	adjective		Allgemein	répétitif	0.72
la seigneurie	die Herrschaft	words	B2	noun	f	Allgemein	seigneurie	0.72
le troc	der Tausch	words	B2	noun	m	Allgemein	troc	0.72
la vidange	die Entleerung	words	B2	noun	f	Allgemein	vidange	0.72
l'anglicisme	der Anglizismus	words	B2	noun	m	Allgemein	anglicisme	0.71
l'apogée	der Höhepunkt	words	B2	noun	m	Allgemein	apogée	0.71
le croate	der Kroate	words	B2	noun	m	Allgemein	croate	0.71
fortiori	umso mehr	words	B2	adverb		Allgemein	fortiori	0.71
humoristique	humoristisch	words	B2	adjective		Allgemein	humoristique	0.71
l'hypothalamus	der Hypothalamus	words	B2	noun	m	Körper & Gesundheit	hypothalamus	0.71
imputable	zurechenbar	words	B2	adjective		Allgemein	imputable	0.71
lancinant	stechend	words	B2	adjective	m	Körper & Gesundheit	lancinant	0.71
loufoque	verrückt	words	B2	adjective		Allgemein	loufoque	0.71
la matrice	die Matrix	words	B2	noun	f	Allgemein	matrice	0.71
multicolore	bunt	words	B2	adjective		Farben & Formen	multicolore	0.71
la niaiserie	der Unsinn	words	B2	noun	f	Allgemein	niaiserie	0.71
la vigilance	die Wachsamkeit	words	B2	noun	f	Allgemein	vigilance	0.71
le viticulteur	der Winzer	words	B2	noun	m	Essen & Trinken	viticulteur	0.71
abréger	verkürzen	words	B2	verb		Allgemein	abréger	0.71
aggraver	verschlimmern	words	B2	verb		Allgemein	aggraver	0.71
ci-dessus	oben	words	B2	adverb		Allgemein	ci-dessus	0.71
la compétitivité	die Wettbewerbsfähigkeit	words	B2	noun	f	Allgemein	compétitivité	0.71
concrètement	konkret	words	B2	adverb		Allgemein	concrètement	0.71
le conteste	der Streit	words	B2	noun	m	Allgemein	conteste	0.71
la continuité	die Kontinuität	words	B2	noun	f	Allgemein	continuité	0.71
débile	debil	words	B2	adjective		Gefühle & Charakter	débile	0.71
dépendant	abhängig	words	B2	adjective		Allgemein	dépendant	0.71
esquisser	skizzieren	words	B2	verb		Allgemein	esquisser	0.71
l'extinction	die Ausrottung	words	B2	noun	f	Tiere & Natur	extinction	0.71
la faisabilité	die Machbarkeit	words	B2	noun	f	Allgemein	faisabilité	0.71
la fragilité	die Fragilität	words	B2	noun	f	Allgemein	fragilité	0.71
le mal-être	das Unwohlsein	words	B2	noun	m	Körper & Gesundheit	mal-être	0.71
montagnard	bergig	words	B2	adjective		Allgemein	montagnard	0.71
le métissage	die Vermischung	words	B2	noun	m	Allgemein	métissage	0.71
le nomadisme	der Nomadismus	words	B2	noun	m	Allgemein	nomadisme	0.71
le pivot	der Dreh- und Angelpunkt	words	B2	noun	m	Allgemein	pivot	0.71
préoccupant	besorgniserregend	words	B2	adjective		Allgemein	préoccupant	0.71
pêle-mêle	durcheinander	words	B2	adverb		Allgemein	pêle-mêle	0.71
la restitution	die Rückgabe	words	B2	noun	f	Allgemein	restitution	0.71
le scepticisme	der Skeptizismus	words	B2	noun	m	Allgemein	scepticisme	0.71
la socialisation	die Sozialisierung	words	B2	noun	f	Allgemein	socialisation	0.71
argotique	umgangssprachlich	words	B2	adjective		Allgemein	argotique	0.71
affranchir	befreien	words	B2	verb		Allgemein	affranchir	0.71
assavoir	wissen	words	B2	verb		Allgemein	assavoir	0.71
encenser	loben	words	B2	verb		Allgemein	encenser	0.71
expressif	ausdrucksvoll	words	B2	adjective		Allgemein	expressif	0.71
instantanément	sofort	words	B2	adverb		Allgemein	instantanément	0.71
instruire	unterrichten	words	B2	verb		Schule & Bildung	instruire	0.71
judicieux	klug	words	B2	adjective		Allgemein	judicieux	0.71
le kinésithérapeute	der Physiotherapeut	words	B2	noun	m	Körper & Gesundheit	kinésithérapeute	0.71
la maçonnerie	die Maurerei	words	B2	noun	f	Allgemein	maçonnerie	0.71
photographique	fotografisch	words	B2	adjective		Allgemein	photographique	0.71
le portail	das Tor	words	B2	noun	m	Wohnen & Haus	portail	0.71
sauvagement	wild	words	B2	adverb		Allgemein	sauvagement	0.71
la virilité	die Männlichkeit	words	B2	noun	f	Allgemein	virilité	0.71
l'équité	die Gerechtigkeit	words	B2	noun	f	Allgemein	équité	0.71
aiguiser	schärfen	words	B2	verb		Allgemein	aiguiser	0.71
l'antipode	der Antipode	words	B2	noun	m	Allgemein	antipode	0.71
l'astrologue	der Astrologe	words	B2	noun	m	Allgemein	astrologue	0.71
le blocage	die Blockade	words	B2	noun	m	Allgemein	blocage	0.71
clément	mild	words	B2	adjective		Allgemein	clément	0.71
convergent	konvergent	words	B2	adjective		Allgemein	convergent	0.71
l'enchantement	der Zauber	words	B2	noun	m	Allgemein	enchantement	0.71
laïque	laizistisch	words	B2	adjective		Allgemein	laïque	0.71
obligatoirement	verpflichtend	words	B2	adverb		Allgemein	obligatoirement	0.71
phrygien	phrygisch	words	B2	adjective		Allgemein	phrygien	0.71
vénérable	ehrwürdig	words	B2	adjective		Allgemein	vénérable	0.71
approvisionner	liefern	words	B2	verb		Allgemein	approvisionner	0.71
appréciable	wertvoll	words	B2	adjective		Allgemein	appréciable	0.71
baba	verwirrt	words	B2	adjective		Allgemein	baba	0.71
bureaucratique	bürokratisch	words	B2	adjective		Allgemein	bureaucratique	0.71
cancéreux	krebserregend	words	B2	adjective		Körper & Gesundheit	cancéreux	0.71
cancérigène	krebserregend	words	B2	adjective		Körper & Gesundheit	cancérigène	0.71
le charnier	das Massengrab	words	B2	noun	m	Allgemein	charnier	0.71
le cigarillo	der Zigarillo	words	B2	noun	m	Allgemein	cigarillo	0.71
la coexistence	die Koexistenz	words	B2	noun	f	Allgemein	coexistence	0.71
le composant	der Bestandteil	words	B2	noun	m	Allgemein	composant	0.71
la conciliation	die Versöhnung	words	B2	noun	f	Allgemein	conciliation	0.71
le confrère	der Kollege	words	B2	noun	m	Arbeit & Beruf	confrère	0.71
la conjoncture	die Lage	words	B2	noun	f	Allgemein	conjoncture	0.71
l'ethnologue	der Ethnologe	words	B2	noun	m	Allgemein	ethnologue	0.71
l'exutoire	das Ventil	words	B2	noun	n	Allgemein	exutoire	0.71
le footballeur	der Fußballspieler	words	B2	noun	m	Sport	footballeur	0.71
illicite	illegal	words	B2	adjective		Allgemein	illicite	0.71
l'impunité	die Straflosigkeit	words	B2	noun	f	Allgemein	impunité	0.71
indonésien	indonesisch	words	B2	adjective		Allgemein	indonésien	0.71
injurieux	beleidigend	words	B2	adjective		Allgemein	injurieux	0.71
l'insecticide	das Insektizid	words	B2	noun	n	Allgemein	insecticide	0.71
l'investiture	die Ernennung	words	B2	noun	f	Allgemein	investiture	0.71
irrésistible	unwiderstehlich	words	B2	adjective		Allgemein	irrésistible	0.71
libératoire	befreiend	words	B2	adjective		Allgemein	libératoire	0.71
léser	verletzen	words	B2	verb		Allgemein	léser	0.71
la magnitude	die Größe	words	B2	noun	f	Allgemein	magnitude	0.71
malmener	schikanieren	words	B2	verb		Allgemein	malmener	0.71
le mammifère	das Säugetier	words	B2	noun	m	Tiere & Natur	mammifère	0.71
la médiation	die Mediation	words	B2	noun	f	Allgemein	médiation	0.71
le médiéviste	der Mittelalterhistoriker	words	B2	noun	m	Allgemein	médiéviste	0.71
prévisionnel	vorausschauend	words	B2	adjective		Allgemein	prévisionnel	0.71
la pénurie	die Knappheit	words	B2	noun	f	Allgemein	pénurie	0.71
le récepteur	der Empfänger	words	B2	noun	m	Allgemein	récepteur	0.71
résorber	auflösen	words	B2	verb		Allgemein	résorber	0.71
le terrorisme	der Terrorismus	words	B2	noun	m	Allgemein	terrorisme	0.71
valorisant	aufwertend	words	B2	adjective		Allgemein	valorisant	0.71
épandre	ausbreiten	words	B2	verb		Allgemein	épandre	0.71
aisément	leicht	words	B2	adverb		Allgemein	aisément	0.71
le canular	der Scherz	words	B2	noun	m	Allgemein	canular	0.71
coder	codieren	words	B2	verb		Allgemein	coder	0.71
le comble	der Höhepunkt	words	B2	noun	m	Allgemein	comble	0.71
la dérision	die Verhöhnung	words	B2	noun	f	Allgemein	dérision	0.71
empreindre	prägen	words	B2	verb		Allgemein	empreindre	0.71
informel	informell	words	B2	adjective		Allgemein	informel	0.71
inimaginable	unvorstellbar	words	B2	adjective		Allgemein	inimaginable	0.71
juxtaposer	nebeneinanderstellen	words	B2	verb		Allgemein	juxtaposer	0.71
la pluralité	die Vielfalt	words	B2	noun	f	Allgemein	pluralité	0.71
radin	geizig	words	B2	noun		Allgemein	radin	0.71
honorable	ehrenhaft	words	B2	adjective		Allgemein	honorable	0.70
la jetée	die Mole	words	B2	noun	f	Allgemein	jetée	0.70
la brèche	die Lücke	words	B2	noun	f	Allgemein	brèche	0.70
exténuer	erschöpfen	words	B2	verb		Allgemein	exténuer	0.70
la faïence	das Fayence	words	B2	noun	f	Allgemein	faïence	0.70
le gradin	der Rang	words	B2	noun	m	Allgemein	gradin	0.70
le meurtrier	der Mörder	words	B2	noun	m	Allgemein	meurtrier	0.70
le soulagement	die Erleichterung	words	B2	noun	m	Allgemein	soulagement	0.70
magnifiquement	großartig	words	B2	adverb		Allgemein	magnifiquement	0.70
régulariser	regulieren	words	B2	verb		Allgemein	régulariser	0.70
antitabac	rauchfrei	words	B2	adjective		Gesundheit & Körper	antitabac	0.70
aubain	fremd	words	B2	adjective		Allgemein	aubain	0.70
bilatéral	bilateral	words	B2	adjective		Allgemein	bilatéral	0.70
châtier	bestrafen	words	B2	verb		Allgemein	châtier	0.70
chérer	schätzen	words	B2	verb		Allgemein	chérer	0.70
la cuisse	der Oberschenkel	words	B2	noun	f	Körper & Gesundheit	cuisse	0.70
hardi	kühn	words	B2	adjective		Allgemein	hardi	0.70
huitaine	die Woche	words	B2	noun	f	Zeit & Datum	huitaine	0.70
héroïque	heldenhaft	words	B2	adjective		Allgemein	héroïque	0.70
impeccable	einwandfrei	words	B2	adjective		Allgemein	impeccable	0.70
indiqué	angezeigt	words	B2	adjective		Allgemein	indiqué	0.70
jeun	jung	words	B2	adverb		Allgemein	jeun	0.70
médire	verleumden	words	B2	verb		Allgemein	médire	0.70
la témérité	die Unbesonnenheit	words	B2	noun	f	Gefühle & Charakter	témérité	0.70
affamer	verhungern	words	B2	verb		Allgemein	affamer	0.70
aviser	benachrichtigen	words	B2	verb		Allgemein	aviser	0.70
la bascule	die Wippe	words	B2	noun	f	Allgemein	bascule	0.70
la dictée	das Diktat	words	B2	noun	f	Schule & Bildung	dictée	0.70
le disciple	der Schüler	words	B2	noun	m	Schule & Bildung	disciple	0.70
le haillon	der Lappen	words	B2	noun	m	Allgemein	haillon	0.70
jucher	setzen	words	B2	verb		Allgemein	jucher	0.70
pourpre	purpurrot	words	B2	noun		Farben & Formen	pourpre	0.70
poussiéreux	staubig	words	B2	adjective		Allgemein	poussiéreux	0.70
la sacoche	die Tasche	words	B2	noun	f	Kleidung & Mode	sacoche	0.70
l'échoppe	der Laden	words	B2	noun	f	Einkaufen & Geld	échoppe	0.70
honnêtement	ehrlich	words	B2	adverb		Allgemein	honnêtement	0.70
dégainer	ziehen	words	B2	verb		Allgemein	dégainer	0.70
la maladresse	die Ungeschicklichkeit	words	B2	noun	f	Gefühle & Charakter	maladresse	0.70
l'arsenal	das Arsenal	words	B2	noun	m	Allgemein	arsenal	0.70
entraver	behindern	words	B2	verb		Allgemein	entraver	0.70
le monoxyde	das Monoxid	words	B2	noun	m	Allgemein	monoxyde	0.70
pascal	pascal	words	B2	adjective		Allgemein	pascal	0.70
le pressoir	die Presse	words	B2	noun	m	Allgemein	pressoir	0.70
pérenne	dauerhaft	words	B2	adjective		Allgemein	pérenne	0.70
le versement	die Zahlung	words	B2	noun	m	Einkaufen & Geld	versement	0.70
l'édification	die Errichtung	words	B2	noun	f	Allgemein	édification	0.70
l'avant-bras	der Unterarm	words	B2	noun	m	Körper & Gesundheit	avant-bras	0.70
la banalisation	die Banalisierung	words	B2	noun	f	Allgemein	banalisation	0.70
la brimade	die Schikane	words	B2	noun	f	Allgemein	brimade	0.70
la compensation	die Entschädigung	words	B2	noun	f	Allgemein	compensation	0.70
le congélateur	der Gefrierschrank	words	B2	noun	m	Essen & Trinken	congélateur	0.70
le cube	der Würfel	words	B2	noun	m	Allgemein	cube	0.70
le curseur	der Cursor	words	B2	noun	m	Medien & Technik	curseur	0.70
dédaigner	verachten	words	B2	verb		Allgemein	dédaigner	0.70
dégradant	herabwürdigend	words	B2	adjective		Allgemein	dégradant	0.70
enraciner	verwurzeln	words	B2	verb		Allgemein	enraciner	0.70
l'expéditeur	der Absender	words	B2	noun	m	Allgemein	expéditeur	0.70
femelle	weiblich	words	B2	adjective		Allgemein	femelle	0.70
fruiter	fruchtbar machen	words	B2	verb		Allgemein	fruiter	0.70
le gratin	der Gratin	words	B2	noun	m	Essen & Trinken	gratin	0.70
greffer	einpflanzen	words	B2	verb		Allgemein	greffer	0.70
humiliant	erniedrigend	words	B2	adjective		Gefühle & Charakter	humiliant	0.70
hétérogène	heterogen	words	B2	adjective		Allgemein	hétérogène	0.70
indissoluble	unauflöslich	words	B2	adjective		Allgemein	indissoluble	0.70
l'instinct	der Instinkt	words	B2	noun	m	Körper & Gesundheit	instinct	0.70
marginal	marginal	words	B2	adjective		Allgemein	marginal	0.70
matérialiser	verwirklichen	words	B2	verb		Allgemein	matérialiser	0.70
le physicien	der Physiker	words	B2	noun	m	Wissenschaft	physicien	0.70
piocher	graben	words	B2	verb		Allgemein	piocher	0.70
rapatrier	rückführen	words	B2	verb		Reisen & Urlaub	rapatrier	0.70
sacraliser	heiligen	words	B2	verb		Allgemein	sacraliser	0.70
sévir	wüten	words	B2	verb		Allgemein	sévir	0.70
l'émotivité	die Emotionalität	words	B2	noun	f	Gefühle & Charakter	émotivité	0.70
turque	türkisch	words	B2	adjective		Allgemein	turque	0.70
distrayant	unterhaltsam	words	B2	adjective		Freizeit & Hobbys	distrayant	0.70
immuable	unveränderlich	words	B2	adjective		Allgemein	immuable	0.70
mitiger	mildern	words	B2	verb		Allgemein	mitiger	0.70
néerlandais	niederländisch	words	B2	adjective		Allgemein	néerlandais	0.70
le philo	der Philosophie	words	B2	noun	m	Schule & Bildung	philo	0.70
alléger	erleichtern	words	B2	verb		Allgemein	alléger	0.70
la caste	die Kaste	words	B2	noun	f	Allgemein	caste	0.70
le considérant	der Gesichtspunkt	words	B2	noun	m	Allgemein	considérant	0.70
faucher	mähen	words	B2	verb		Allgemein	faucher	0.70
globaliser	globalisieren	words	B2	verb		Allgemein	globaliser	0.70
interdisciplinaire	interdisziplinär	words	B2	adjective		Allgemein	interdisciplinaire	0.70
outrer	übertreiben	words	B2	verb		Allgemein	outrer	0.70
privilégié	privilegiert	words	B2	adjective		Allgemein	privilégié	0.70
résidentiel	wohnlich	words	B2	adjective		Wohnen & Haus	résidentiel	0.70
théoriser	theoretisieren	words	B2	verb		Allgemein	théoriser	0.70
connu	bekannt	words	B2	adjective		Allgemein	connu	0.70
constructif	konstruktiv	words	B2	adjective		Allgemein	constructif	0.70
dix	zehn	words	B2	noun		Zahlen & Mengen	dix	0.70
ferré	eisenhaltig	words	B2	adjective		Allgemein	ferré	0.70
l'ouvre	das Werk	words	B2	noun	f	Allgemein	rouvre	0.70
apocalyptique	apokalyptisch	words	B2	adjective		Allgemein	apocalyptique	0.70
le baby	das Baby	words	B2	noun	n	Familie & Freunde	baby	0.70
le bit	das Bit	words	B2	noun	n	Medien & Technik	bit	0.70
la canalisation	die Kanalisation	words	B2	noun	f	Wohnen & Haus	canalisation	0.70
côtier	küsten-	words	B2	adjective		Allgemein	côtier	0.70
le groupement	der Zusammenschluss	words	B2	noun	m	Allgemein	groupement	0.70
géographiquement	geografisch	words	B2	adverb		Allgemein	géographiquement	0.70
historiquement	historisch	words	B2	adverb		Allgemein	historiquement	0.70
incalculable	unberechenbar	words	B2	adjective		Allgemein	incalculable	0.70
le jogging	das Jogging	words	B2	noun	n	Sport	jogging	0.70
la monstruosité	die Monstrosität	words	B2	noun	f	Allgemein	monstruosité	0.70
la perturbation	die Störung	words	B2	noun	f	Allgemein	perturbation	0.70
le revêtement	der Belag	words	B2	noun	m	Allgemein	revêtement	0.70
romanesque	romantisch	words	B2	noun		Allgemein	romanesque	0.70
la sauvegarde	die Sicherung	words	B2	noun	f	Allgemein	sauvegarde	0.70
la sexualité	die Sexualität	words	B2	noun	f	Allgemein	sexualité	0.70
sexy	sexy	words	B2	adjective		Allgemein	sexy	0.70
le tyran	der Tyrann	words	B2	noun	m	Allgemein	tyran	0.70
le visa	das Visum	words	B2	noun	n	Reisen & Urlaub	visa	0.70
le western	der Western	words	B2	noun	m	Allgemein	western	0.70
économiquement	wirtschaftlich	words	B2	adverb		Allgemein	économiquement	0.70
éminemment	äußerst	words	B2	adverb		Allgemein	éminemment	0.70
le demi-mot	das halbe Wort	words	B2	noun	n	Allgemein	demi-mot	0.70
douteux	zweifelhaft	words	B2	adjective		Allgemein	douteux	0.70
déterminant	bestimmend	words	B2	adjective		Grammatik & Struktur	déterminant	0.70
déverser	gießen	words	B2	verb		Allgemein	déverser	0.70
la malignité	die Bösartigkeit	words	B2	noun	f	Allgemein	malignité	0.70
le ramassage	die Abholung	words	B2	noun	m	Allgemein	ramassage	0.70
révoltant	empörend	words	B2	adjective		Allgemein	révoltant	0.70
salarial	gehaltlich	words	B2	adjective		Arbeit & Beruf	salarial	0.70
sud-africain	südafrikanisch	words	B2	adjective		Allgemein	sud-africain	0.70
sévèrement	streng	words	B2	adverb		Allgemein	sévèrement	0.70
la pancarte	das Schild	words	B2	noun	f	Allgemein	pancarte	0.70
redire	wieder sagen	words	B2	verb		Allgemein	redire	0.70
tardif	spät	words	B2	adjective		Allgemein	tardif	0.70
joliment	hübsch	words	B2	adverb		Allgemein	joliment	0.70
chèrement	teuer	words	B2	adverb		Einkaufen & Geld	chèrement	0.70
cinq	fünf	words	B2	noun		Zahlen & Mengen	cinq	0.70
didactique	didaktisch	words	B2	adjective		Schule & Bildung	didactique	0.70
délimiter	abgrenzen	words	B2	verb		Allgemein	délimiter	0.70
dénicher	entdecken	words	B2	verb		Allgemein	dénicher	0.70
fondre	schmelzen	words	B2	verb		Allgemein	fondre	0.70
franquette	einfach	words	B2	adverb		Allgemein	franquette	0.70
pavillonnaire	einfamilienhaus-	words	B2	adjective		Wohnen & Haus	pavillonnaire	0.70
prévisible	vorhersehbar	words	B2	adjective		Allgemein	prévisible	0.70
la retouche	die Nachbearbeitung	words	B2	noun	f	Allgemein	retouche	0.70
spontané	spontan	words	B2	adjective		Allgemein	spontané	0.70
artistiquer	künstlerisch gestalten	words	B2	verb		Allgemein	artistiquer	0.70
la pantoufle	der Hausschuh	words	B2	noun	f	Kleidung & Mode	pantoufle	0.70
le brigand	der Bandit	words	B2	noun	m	Allgemein	brigand	0.70
la casserole	der Topf	words	B2	noun	f	Essen & Trinken	casserole	0.70
la sierra	die Säge	words	B2	noun	f	Allgemein	sierra	0.70
angoissant	angsteinflößend	words	B2	adjective		Gefühle & Charakter	angoissant	0.69
le colporteur	der Hausierer	words	B2	noun	m	Allgemein	colporteur	0.69
hypocrite	heuchlerisch	words	B2	adjective		Allgemein	hypocrite	0.69
juridiquement	rechtlich	words	B2	adverb		Allgemein	juridiquement	0.69
la locomotive	die Lokomotive	words	B2	noun	f	Allgemein	locomotive	0.69
monnayer	wechseln	words	B2	verb		Einkaufen & Geld	monnayer	0.69
sensationnel	sensationell	words	B2	adjective		Allgemein	sensationnel	0.69
vieillot	altmodisch	words	B2	adjective		Allgemein	vieillot	0.69
l'insurrection	die Aufstand	words	B2	noun	f	Allgemein	insurrection	0.69
la disgrâce	die Ungnade	words	B2	noun	f	Allgemein	disgrâce	0.69
justicier	gerechtigkeitsliebend	words	B2	adjective		Allgemein	justicier	0.69
hagard	verwirrt	words	B2	adjective		Gefühle & Charakter	hagard	0.69
interne	intern	words	B2	adjective		Allgemein	interne	0.69
périodiquement	periodisch	words	B2	adverb		Allgemein	périodiquement	0.69
le hard	das Hard	words	B2	noun	n	Allgemein	hard	0.69
idyllique	idyllisch	words	B2	adjective		Allgemein	idyllique	0.69
le us	das Us	words	B2	noun	n	Allgemein	us	0.69
le vandalisme	der Vandalismus	words	B2	noun	m	Allgemein	vandalisme	0.69
provocant	provokant	words	B2	adjective		Allgemein	provocant	0.69
l'aléa	das Risiko	words	B2	noun	m	Allgemein	aléa	0.69
arguer	argumentieren	words	B2	verb		Allgemein	arguer	0.69
dilater	dehnen	words	B2	verb		Allgemein	dilater	0.69
la désillusion	die Desillusionierung	words	B2	noun	f	Allgemein	désillusion	0.69
inculquer	einprägen	words	B2	verb		Allgemein	inculquer	0.69
l'insistance	die Nachdrücklichkeit	words	B2	noun	f	Allgemein	insistance	0.69
intégral	integral	words	B2	adjective		Allgemein	intégral	0.69
inégalement	ungleichmäßig	words	B2	adverb		Allgemein	inégalement	0.69
irrationnel	irrational	words	B2	adjective		Allgemein	irrationnel	0.69
la sonnette	die Klingel	words	B2	noun	f	Allgemein	sonnette	0.69
surcharger	überlasten	words	B2	verb		Allgemein	surcharger	0.69
le trois-quarts	das Dreiviertel	words	B2	noun	m	Allgemein	trois-quarts	0.69
l'aristocratie	die Aristokratie	words	B2	noun	f	Allgemein	aristocratie	0.69
l'atterrissage	die Landung	words	B2	noun	m	Allgemein	atterrissage	0.69
le café-théâtre	das Café-Théâtre	words	B2	noun	n	Allgemein	café-théâtre	0.69
ci-joint	beigefügt	words	B2	adverb		Allgemein	ci-joint	0.69
empiéter	eindringen	words	B2	verb		Allgemein	empiéter	0.69
graphique	grafisch	words	B2	adjective		Allgemein	graphique	0.69
imprimé	gedruckt	words	B2	adjective		Allgemein	imprimé	0.69
l'indemnisation	die Entschädigung	words	B2	noun	f	Allgemein	indemnisation	0.69
parachuter	abspringen	words	B2	verb		Allgemein	parachuter	0.69
plébisciter	abstimmen	words	B2	verb		Allgemein	plébisciter	0.69
activement	aktiv	words	B2	adverb		Allgemein	activement	0.69
coter	bewerten	words	B2	verb		Allgemein	coter	0.69
la différenciation	die Differenzierung	words	B2	noun	f	Allgemein	différenciation	0.69
fastueux	prunkvoll	words	B2	adjective		Allgemein	fastueux	0.69
indulgent	nachsichtig	words	B2	adjective		Allgemein	indulgent	0.69
infaillible	unfehlbar	words	B2	adjective		Allgemein	infaillible	0.69
moralisateur	moralisch	words	B2	adjective		Allgemein	moralisateur	0.69
orbital	orbital	words	B2	adjective		Allgemein	orbital	0.69
le pique	der Stich	words	B2	noun	m	Allgemein	pique	0.69
provisoire	vorläufig	words	B2	adjective		Allgemein	provisoire	0.69
renier	leugnen	words	B2	verb		Allgemein	renier	0.69
sanctionner	bestrafen	words	B2	verb		Allgemein	sanctionner	0.69
unifier	vereinigen	words	B2	verb		Allgemein	unifier	0.69
la verrière	das Glasdach	words	B2	noun	f	Allgemein	verrière	0.69
habillé	bekleidet	words	B2	adjective		Allgemein	habillé	0.69
l'assèchement	die Austrocknung	words	B2	noun	m	Allgemein	assèchement	0.69
boursier	Stipendiat	words	B2	adjective		Allgemein	boursier	0.69
le marais	der Sumpf	words	B2	noun	m	Tiere & Natur	marais	0.69
la nébuleuse	die Nebel	words	B2	noun	f	Allgemein	nébuleuse	0.69
le podium	das Podium	words	B2	noun	n	Allgemein	podium	0.69
spéculer	spekulieren	words	B2	verb		Allgemein	spéculer	0.69
le dauphin	der Delfin	words	B2	noun	m	Tiere & Natur	dauphin	0.69
l'affût	der Ansitz	words	B2	noun	m	Tiere & Natur	affût	0.69
blinder	blenden	words	B2	verb		Allgemein	blinder	0.69
le dépliant	der Prospekt	words	B2	noun	m	Schule & Bildung	dépliant	0.69
épuisant	ermüdend	words	B2	adjective		Allgemein	épuisant	0.69
l'agrément	der Vorteil	words	B2	noun	m	Allgemein	agrément	0.69
l'attrait	der Reiz	words	B2	noun	m	Allgemein	attrait	0.69
le chargement	die Ladung	words	B2	noun	m	Allgemein	chargement	0.69
effiler	ausdünnen	words	B2	verb		Allgemein	effiler	0.69
le stationnement	das Parken	words	B2	noun	m	Stadt & Verkehr	stationnement	0.69
écoper	erleiden	words	B2	verb		Allgemein	écoper	0.69
fini	fertig	words	B2	adjective		Allgemein	fini	0.69
au-dedans	drinnen	words	B2	adverb		Allgemein	au-dedans	0.69
la ferraille	der Schrott	words	B2	noun	f	Allgemein	ferraille	0.69
le faubourg	der Vorort	words	B2	noun	m	Stadt & Verkehr	faubourg	0.69
le dada	das Hobby	words	B2	noun	m	Freizeit & Hobbys	dada	0.69
le vinaigre	der Essig	words	B2	noun	m	Essen & Trinken	vinaigre	0.69
le barbecue	der Grill	words	B2	noun	m	Essen & Trinken	barbecue	0.69
le boubou	das Boubou	words	B2	noun	m	Kleidung & Mode	boubou	0.69
la castagne	der Streit	words	B2	noun	f	Allgemein	castagne	0.69
la diversification	die Diversifizierung	words	B2	noun	f	Allgemein	diversification	0.69
la noix	die Nuss	words	B2	noun	f	Essen & Trinken	noix	0.69
le pois	die Erbse	words	B2	noun	m	Essen & Trinken	pois	0.69
programmable	programmierbar	words	B2	adjective		Allgemein	programmable	0.69
la reconstitution	die Rekonstruktion	words	B2	noun	f	Allgemein	reconstitution	0.69
souscrire	unterzeichnen	words	B2	verb		Allgemein	souscrire	0.69
emplir	füllen	words	B2	verb		Allgemein	emplir	0.68
rêvé	geträumt	words	B2	adjective		Allgemein	rêvé	0.68
l'accélérateur	das Gaspedal	words	B2	noun	m	Allgemein	accélérateur	0.68
anxieux	ängstlich	words	B2	adjective		Gefühle & Charakter	anxieux	0.68
arborer	zeigen	words	B2	verb		Allgemein	arborer	0.68
argumenter	argumentieren	words	B2	verb		Allgemein	argumenter	0.68
la cime	die Spitze	words	B2	noun	f	Tiere & Natur	cime	0.68
compact	kompakt	words	B2	adjective		Allgemein	compact	0.68
la crête	der Grat	words	B2	noun	f	Tiere & Natur	crête	0.68
la célébration	die Feier	words	B2	noun	f	Allgemein	célébration	0.68
la fiabilité	die Zuverlässigkeit	words	B2	noun	f	Allgemein	fiabilité	0.68
la fougère	der Farn	words	B2	noun	f	Tiere & Natur	fougère	0.68
le gel	der Frost	words	B2	noun	m	Wetter & Jahreszeiten	gel	0.68
la gomme	der Radiergummi	words	B2	noun	f	Allgemein	gomme	0.68
monétaire	monetär	words	B2	adjective		Allgemein	monétaire	0.68
mâtiner	mischen	words	B2	verb		Allgemein	mâtiner	0.68
quiconque	jeder	words	B2	pronoun		Allgemein	quiconque	0.68
retravailler	überarbeiten	words	B2	verb		Allgemein	retravailler	0.68
la ségrégation	die Segregation	words	B2	noun	f	Allgemein	ségrégation	0.68
temporairement	vorübergehend	words	B2	adverb		Allgemein	temporairement	0.68
victorien	viktorianisch	words	B2	adjective		Allgemein	victorien	0.68
viril	männlich	words	B2	adjective		Allgemein	viril	0.68
l'éleveur	der Züchter	words	B2	noun	m	Allgemein	éleveur	0.68
étincelant	funkelnd	words	B2	adjective		Allgemein	étincelant	0.68
l'affluent	der Zufluss	words	B2	noun	m	Wasser & Natur	affluent	0.68
monastique	monastisch	words	B2	adjective		Allgemein	monastique	0.68
le ping-pong	der Tischtennis	words	B2	noun	m	Allgemein	ping-pong	0.68
mélangé	gemischt	words	B2	adjective		Allgemein	mélangé	0.68
la contre-indication	die Gegenanzeige	words	B2	noun	f	Allgemein	contre-indication	0.68
la bienveillance	die Wohlwollen	words	B2	noun	f	Allgemein	bienveillance	0.68
méprisable	verachtenswert	words	B2	adjective		Allgemein	méprisable	0.68
la ruée	die Eile	words	B2	noun	f	Allgemein	ruée	0.68
la vis	die Schraube	words	B2	noun	f	Allgemein	vis	0.68
adroitement	geschickt	words	B2	adverb		Allgemein	adroitement	0.68
le conformisme	der Konformismus	words	B2	noun	m	Allgemein	conformisme	0.68
identifiable	identifizierbar	words	B2	adjective		Allgemein	identifiable	0.68
jardiner	gärtnern	words	B2	verb		Allgemein	jardiner	0.68
la procuration	die Vollmacht	words	B2	noun	f	Allgemein	procuration	0.68
rêveur	träumerisch	words	B2	adjective		Allgemein	rêveur	0.68
veuf	verwitwet	words	B2	adjective		Allgemein	veuf	0.68
engueuler	anschnauzen	words	B2	verb		Allgemein	engueuler	0.68
foutre	machen	words	B2	verb		Allgemein	foutre	0.68
le homologue	das Pendant	words	B2	noun	m	Allgemein	homologue	0.68
l'ironie	die Ironie	words	B2	noun	f	Allgemein	ironie	0.68
milady	die Dame	words	B2	noun	f	Allgemein	milady	0.68
le pointillé	der Punktstrich	words	B2	noun	m	Allgemein	pointillé	0.68
griller	grillen	words	B2	verb		Allgemein	griller	0.68
turc	türkisch	words	B2	noun		Allgemein	turc	0.68
vacciner	impfen	words	B2	verb		Allgemein	vacciner	0.68
l'altérité	die Andersartigkeit	words	B2	noun	f	Allgemein	altérité	0.68
décaler	verschieben	words	B2	verb		Allgemein	décaler	0.68
le licencié	der Lizenznehmer	words	B2	noun	m	Allgemein	licencié	0.68
le pare-brise	die Windschutzscheibe	words	B2	noun	m	Allgemein	pare-brise	0.68
le roc	der Felsen	words	B2	noun	m	Allgemein	roc	0.68
dégourdir	aufwecken	words	B2	verb		Allgemein	dégourdir	0.68
tombant	fallend	words	B2	adjective		Allgemein	tombant	0.68
bombarder	bombardieren	words	B2	verb		Allgemein	bombarder	0.68
la clochette	die Glocke	words	B2	noun	f	Allgemein	clochette	0.68
délocaliser	verlagern	words	B2	verb		Allgemein	délocaliser	0.68
l'enchanteur	der Zauberer	words	B2	noun	m	Allgemein	enchanteur	0.68
hypothéquer	hypothekieren	words	B2	verb		Allgemein	hypothéquer	0.68
factuel	faktisch	words	B2	adjective		Allgemein	factuel	0.68
le parasite	der Parasit	words	B2	noun	m	Allgemein	parasite	0.68
la paupière	das Augenlid	words	B2	noun	f	Allgemein	paupière	0.68
professionnaliser	professionalisieren	words	B2	verb		Allgemein	professionnaliser	0.68
sérier	reihen	words	B2	verb		Allgemein	sérier	0.68
la criminologie	die Kriminologie	words	B2	noun	f	Allgemein	criminologie	0.68
affairer	beschäftigen	words	B2	verb		Allgemein	affairer	0.68
reparler	wieder sprechen	words	B2	verb		Allgemein	reparler	0.68
le soda	die Limonade	words	B2	noun	m	Allgemein	soda	0.68
séant	sitzend	words	B2	noun		Allgemein	séant	0.68
le bricoleur	der Bastler	words	B2	noun	m	Allgemein	bricoleur	0.68
croyable	glaubhaft	words	B2	adjective		Allgemein	croyable	0.68
le lave-linge	die Waschmaschine	words	B2	noun	f	Wohnen & Haus	lave-linge	0.68
le container	der Container	words	B2	noun	m	Allgemein	container	0.68
distant	fern	words	B2	adjective		Allgemein	distant	0.68
dépeindre	darstellen	words	B2	verb		Allgemein	dépeindre	0.68
l'horticulture	die Gartenbau	words	B2	noun	f	Allgemein	horticulture	0.68
la latitude	die Breite	words	B2	noun	f	Allgemein	latitude	0.68
le semis	die Aussaat	words	B2	noun	m	Allgemein	semis	0.68
sillonner	durchqueren	words	B2	verb		Allgemein	sillonner	0.68
le télégraphe	der Telegraph	words	B2	noun	m	Allgemein	télégraphe	0.68
allègre	fröhlich	words	B2	adjective		Allgemein	allègre	0.68
l'idéaliste	der Idealist	words	B2	noun	m	Allgemein	idéaliste	0.68
la bagnole	die Karre	words	B2	noun	f	Allgemein	bagnole	0.68
dérobée	heimlich	words	B2	adverb		Allgemein	dérobée	0.68
suppléant	vertretend	words	B2	adjective		Allgemein	suppléant	0.68
ciseler	meißeln	words	B2	verb		Allgemein	ciseler	0.68
l'hôtellerie	die Hotellerie	words	B2	noun	f	Arbeit & Beruf	hôtellerie	0.68
la rente	die Rente	words	B2	noun	f	Allgemein	rente	0.68
ôter	entfernen	words	B2	verb		Allgemein	ôter	0.68
la broche	die Brosche	words	B2	noun	f	Kleidung & Mode	broche	0.68
l'entrevue	das Interview	words	B2	noun	f	Allgemein	entrevue	0.68
indéfinissable	unbeschreiblich	words	B2	adjective		Allgemein	indéfinissable	0.68
gracieusement	anmutig	words	B2	adverb		Allgemein	gracieusement	0.68
l'éperon	der Sporn	words	B2	noun	m	Allgemein	éperon	0.68
blaser	langweilen	words	B2	verb		Allgemein	blaser	0.68
masser	massieren	words	B2	verb		Körper & Gesundheit	masser	0.68
l'acclamation	der Beifall	words	B2	noun	f	Allgemein	acclamation	0.68
l'affolement	die Aufregung	words	B2	noun	m	Allgemein	affolement	0.68
l'assureur	der Versicherer	words	B2	noun	m	Arbeit & Beruf	assureur	0.68
le comprimé	die Tablette	words	B2	noun	m	Körper & Gesundheit	comprimé	0.68
le contre-courant	der Gegenstrom	words	B2	noun	m	Allgemein	contre-courant	0.68
le dénouement	der Ausgang	words	B2	noun	m	Allgemein	dénouement	0.68
enneiger	schneien	words	B2	verb		Wetter & Jahreszeiten	enneiger	0.68
expérimenté	erfahren	words	B2	adjective		Allgemein	expérimenté	0.68
la faction	die Fraktion	words	B2	noun	f	Allgemein	faction	0.68
le management	das Management	words	B2	noun	m	Arbeit & Beruf	management	0.68
le technocrate	der Technokrat	words	B2	noun	m	Allgemein	technocrate	0.68
l'astronomie	die Astronomie	words	B2	noun	f	Allgemein	astronomie	0.67
handicapé	behindert	words	B2	adjective		Allgemein	handicapé	0.67
invoquer	anrufen	words	B2	verb		Allgemein	invoquer	0.67
l'adversité	die Widrigkeit	words	B2	noun	f	Allgemein	adversité	0.67
le complot	die Verschwörung	words	B2	noun	m	Allgemein	complot	0.67
friser	locken	words	B2	verb		Allgemein	friser	0.67
impatiemment	ungeduldig	words	B2	adverb		Allgemein	impatiemment	0.67
maudire	verfluchen	words	B2	verb		Allgemein	maudire	0.67
la mésaventure	das Missgeschick	words	B2	noun	f	Allgemein	mésaventure	0.67
les annales	die Annalen	words	B2	noun		Allgemein	annales	0.67
le protestantisme	der Protestantismus	words	B2	noun	m	Allgemein	protestantisme	0.67
puritain	puritanisch	words	B2	adjective		Allgemein	puritain	0.67
la résignation	die Resignation	words	B2	noun	f	Allgemein	résignation	0.67
ébranler	erschüttern	words	B2	verb		Allgemein	ébranler	0.67
affliger	betrüben	words	B2	verb		Allgemein	affliger	0.67
inestimable	unbezahlbar	words	B2	adjective		Allgemein	inestimable	0.67
malvenu	unangebracht	words	B2	adjective		Allgemein	malvenu	0.67
le retrait	der Rückzug	words	B2	noun	m	Allgemein	retrait	0.67
supplanter	ersetzen	words	B2	verb		Allgemein	supplanter	0.67
la vanité	die Eitelkeit	words	B2	noun	f	Allgemein	vanité	0.67
l'agilité	die Agilität	words	B2	noun	f	Allgemein	agilité	0.67
l'alphabétisation	die Alphabetisierung	words	B2	noun	f	Schule & Bildung	alphabétisation	0.67
l'apanage	das Vorrecht	words	B2	noun	n	Allgemein	apanage	0.67
articuler	artikulieren	words	B2	verb		Allgemein	articuler	0.67
assortir	abstimmen	words	B2	verb		Allgemein	assortir	0.67
atterrir	landen	words	B2	verb		Allgemein	atterrir	0.67
battant	kämpferisch	words	B2	adjective		Allgemein	battant	0.67
boueux	schlammig	words	B2	adjective		Allgemein	boueux	0.67
la commode	die Kommode	words	B2	noun	f	Wohnen & Haus	commode	0.67
crisser	kreischen	words	B2	verb		Allgemein	crisser	0.67
le dinosaure	der Dinosaurier	words	B2	noun	m	Tiere & Natur	dinosaure	0.67
drainer	ableiten	words	B2	verb		Allgemein	drainer	0.67
le déboire	der Rückschlag	words	B2	noun	m	Allgemein	déboire	0.67
dévaloriser	abwerten	words	B2	verb		Allgemein	dévaloriser	0.67
fortuné	wohlhabend	words	B2	adjective		Allgemein	fortuné	0.67
le géographe	der Geograf	words	B2	noun	m	Allgemein	géographe	0.67
helvétique	schweizerisch	words	B2	adjective		Allgemein	helvétique	0.67
l'hypocrisie	die Heuchelei	words	B2	noun	f	Allgemein	hypocrisie	0.67
inné	angeboren	words	B2	adjective		Allgemein	inné	0.67
migratoire	wandernd	words	B2	adjective		Allgemein	migratoire	0.67
mini	mini	words	B2	adjective		Allgemein	mini	0.67
perspectif	perspektivisch	words	B2	adjective		Allgemein	perspectif	0.67
raccorder	anschließen	words	B2	verb		Allgemein	raccorder	0.67
ranimer	wiederbeleben	words	B2	verb		Allgemein	ranimer	0.67
reloger	umquartieren	words	B2	verb		Wohnen & Haus	reloger	0.67
le sillon	der Furche	words	B2	noun	m	Allgemein	sillon	0.67
utilitaire	nützlich	words	B2	adjective		Allgemein	utilitaire	0.67
vacant	frei	words	B2	adjective		Allgemein	vacant	0.67
le vedettariat	der Ruhm	words	B2	noun	m	Allgemein	vedettariat	0.67
éclectique	eklektisch	words	B2	adjective		Allgemein	éclectique	0.67
l'évacuation	die Evakuierung	words	B2	noun	f	Allgemein	évacuation	0.67
le gouvernant	der Regierende	words	B2	noun	m	Allgemein	gouvernant	0.67
l'amidon	die Stärke	words	B2	noun	m	Essen & Trinken	amidon	0.67
le fainéant	der Faulenzer	words	B2	noun	m	Allgemein	fainéant	0.67
l'incinération	die Einäscherung	words	B2	noun	f	Allgemein	incinération	0.67
l'ivresse	die Betrunkenheit	words	B2	noun	f	Körper & Gesundheit	ivresse	0.67
onirique	traumhaft	words	B2	adjective		Allgemein	onirique	0.67
le raz	der Rasen	words	B2	noun	m	Allgemein	raz	0.67
rejaillir	wieder sprudeln	words	B2	verb		Allgemein	rejaillir	0.67
électromécanique	elektromechanisch	words	B2	adjective		Allgemein	électromécanique	0.67
prédominant	vorherrschend	words	B2	adjective		Allgemein	prédominant	0.67
entasser	stapeln	words	B2	verb		Allgemein	entasser	0.67
nuageux	bewölkt	words	B2	adjective		Wetter & Jahreszeiten	nuageux	0.67
écrasé	zerdrückt	words	B2	adjective		Allgemein	écrasé	0.67
déporter	deportieren	words	B2	verb		Allgemein	déporter	0.67
le détachement	das Abteil	words	B2	noun	n	Allgemein	détachement	0.67
fendre	spalten	words	B2	verb		Allgemein	fendre	0.67
mi-voix	halb laut	words	B2	adverb		Kommunikation	mi-voix	0.67
la nuque	der Nacken	words	B2	noun	f	Körper & Gesundheit	nuque	0.67
piller	plündern	words	B2	verb		Allgemein	piller	0.67
pompeux	pompös	words	B2	adjective		Allgemein	pompeux	0.67
suave	sanft	words	B2	adjective		Allgemein	suave	0.67
la trame	der Handlungsrahmen	words	B2	noun	f	Allgemein	trame	0.67
bouffer	essen	words	B2	verb		Essen & Trinken	bouffer	0.67
capituler	kapitulieren	words	B2	verb		Allgemein	capituler	0.67
la furie	die Wut	words	B2	noun	f	Gefühle & Charakter	furie	0.67
importuner	stören	words	B2	verb		Kommunikation	importuner	0.67
replanter	wieder pflanzen	words	B2	verb		Essen & Trinken	replanter	0.67
subjuguer	unterwerfen	words	B2	verb		Allgemein	subjuguer	0.67
l'affectation	die Zuweisung	words	B2	noun	f	Allgemein	affectation	0.67
l'attentat	der Anschlag	words	B2	noun	m	Allgemein	attentat	0.67
la bravoure	der Mut	words	B2	noun	f	Allgemein	bravoure	0.67
l'embuscade	der Hinterhalt	words	B2	noun	f	Allgemein	embuscade	0.67
le laser	der Laser	words	B2	noun	m	Allgemein	laser	0.67
maniérer	manieren	words	B2	verb		Allgemein	maniérer	0.67
massacrer	massakrieren	words	B2	verb		Allgemein	massacrer	0.67
le rail	die Schiene	words	B2	noun	m	Stadt & Verkehr	rail	0.67
rassasier	sättigen	words	B2	verb		Essen & Trinken	rassasier	0.67
saillant	vorragend	words	B2	adjective		Allgemein	saillant	0.67
le terroriste	der Terrorist	words	B2	noun	m	Allgemein	terroriste	0.67
tressaillir	zucken	words	B2	verb		Allgemein	tressaillir	0.67
la buanderie	der Waschraum	words	B2	noun	f	Wohnen & Haus	buanderie	0.67
polaire	polar	words	B2	adjective		Allgemein	polaire	0.67
altérer	verändern	words	B2	verb		Allgemein	altérer	0.67
le cinéphile	der Filmfan	words	B2	noun	m	Medien & Technik	cinéphile	0.67
le commandant	der Kommandant	words	B2	noun	m	Allgemein	commandant	0.67
la soumission	die Unterwerfung	words	B2	noun	f	Allgemein	soumission	0.67
le bananier	der Bananenbaum	words	B2	noun	m	Tiere & Natur	bananier	0.67
débrouillard	einfallsreich	words	B2	adjective		Allgemein	débrouillard	0.67
le manifestant	der Demonstrant	words	B2	noun	m	Allgemein	manifestant	0.67
le rapatriement	die Rückführung	words	B2	noun	m	Allgemein	rapatriement	0.67
le whisky	der Whisky	words	B2	noun	m	Essen & Trinken	whisky	0.67
le music-hall	das Varieté	words	B2	noun	m	Medien & Technik	music-hall	0.67
moderniste	modernistisch	words	B2	adjective		Allgemein	moderniste	0.67
le feuilletoniste	der Serienautor	words	B2	noun	m	Medien & Technik	feuilletoniste	0.67
la gifle	die Ohrfeige	words	B2	noun	f	Allgemein	gifle	0.67
remarquablement	bemerkenswert	words	B2	adverb		Allgemein	remarquablement	0.67
éperdument	verzweifelt	words	B2	adverb		Gefühle & Charakter	éperdument	0.67
fantaisiste	fantasievoll	words	B2	adjective		Allgemein	fantaisiste	0.67
le greffier	der Schriftführer	words	B2	noun	m	Allgemein	greffier	0.67
le qui-vive	die Wachsamkeit	words	B2	noun	m	Allgemein	qui-vive	0.67
la stupeur	die Verblüffung	words	B2	noun	f	Gefühle & Charakter	stupeur	0.67
la bouffée	die Atemzug	words	B2	noun	f	Allgemein	bouffée	0.67
la climatologie	die Klimatologie	words	B2	noun	f	Allgemein	climatologie	0.67
communal	gemeinsam	words	B2	adjective		Allgemein	communal	0.67
intergouvernemental	zwischenstaatlich	words	B2	adjective		Allgemein	intergouvernemental	0.67
la pléiade	die Vielzahl	words	B2	noun	f	Allgemein	pléiade	0.67
la pochette	die Tasche	words	B2	noun	f	Kleidung & Mode	pochette	0.67
le porche	der Eingang	words	B2	noun	m	Wohnen & Haus	porche	0.67
la véhémence	die Heftigkeit	words	B2	noun	f	Allgemein	véhémence	0.67
prenant	fesselnd	words	B2	adjective		Allgemein	prenant	0.67
débraillé	unordentlich	words	B2	adjective		Kleidung & Mode	débraillé	0.67
fondé	begründet	words	B2	adjective		Allgemein	fondé	0.67
la cervelle	das Gehirn	words	B2	noun	f	Körper & Gesundheit	cervelle	0.67
le cynisme	der Zynismus	words	B2	noun	m	Allgemein	cynisme	0.67
rengainer	einstecken	words	B2	verb		Allgemein	rengainer	0.67
la tripe	der Magen	words	B2	noun	f	Essen & Trinken	tripe	0.67
l'attribution	die Zuweisung	words	B2	noun	f	Allgemein	attribution	0.67
automatique	automatisch	words	B2	adjective		Allgemein	automatique	0.67
la balbutie	das Stottern	words	B2	noun	f	Körper & Gesundheit	balbutie	0.67
bouclé	lockig	words	B2	adjective		Kleidung & Mode	bouclé	0.67
la correction	die Korrektur	words	B2	noun	f	Schule & Bildung	correction	0.67
le dégoût	der Ekel	words	B2	noun	m	Gefühle & Charakter	dégoût	0.67
la paillette	der Glitzer	words	B2	noun	f	Kleidung & Mode	paillette	0.67
le polo	das Polohemd	words	B2	noun	m	Kleidung & Mode	polo	0.67
vaquer	verbringen	words	B2	verb		Allgemein	vaquer	0.67
éraillé	zerfetzt	words	B2	adjective		Kleidung & Mode	éraillé	0.67
l'impressionnisme	der Impressionismus	words	B2	noun	m	Allgemein	impressionnisme	0.67
le malfaiteur	der Übeltäter	words	B2	noun	m	Allgemein	malfaiteur	0.67
le commandement	das Kommando	words	B2	noun	m	Allgemein	commandement	0.67
l'arbuste	der Strauch	words	B2	noun	m	Tiere & Natur	arbuste	0.67
parader	paradieren	words	B2	verb		Allgemein	parader	0.67
le transit	der Transit	words	B2	noun	m	Stadt & Verkehr	transit	0.67
la brutalité	die Brutalität	words	B2	noun	f	Allgemein	brutalité	0.67
la cohue	die Menschenmenge	words	B2	noun	f	Allgemein	cohue	0.67
le couchage	die Schlafgelegenheit	words	B2	noun	m	Wohnen & Haus	couchage	0.67
le soupir	der Seufzer	words	B2	noun	m	Gefühle & Charakter	soupir	0.67
signé	unterzeichnet	words	B2	adjective		Allgemein	signé	0.67
la torche	die Fackel	words	B2	noun	f	Allgemein	torche	0.67
l'amusement	der Spaß	words	B2	noun	m	Freizeit & Hobbys	amusement	0.67
endurer	ertragen	words	B2	verb		Allgemein	endurer	0.67
grêle	körnig	words	B2	adjective		Wetter & Jahreszeiten	grêle	0.67
tâcher	versuchen	words	B2	verb		Allgemein	tâcher	0.67
l'attendant	der Wartende	words	B2	noun	m	Allgemein	attendant	0.66
l'impératrice	die Kaiserin	words	B2	noun	f	Familie & Freunde	impératrice	0.66
l'aboiement	das Bellen	words	B2	noun	m	Tiere & Natur	aboiement	0.66
la nonchalance	die Lässigkeit	words	B2	noun	f	Gefühle & Charakter	nonchalance	0.66
rafraîchissant	erfrischend	words	B2	adjective		Essen & Trinken	rafraîchissant	0.66
la rime	der Reim	words	B2	noun	f	Allgemein	rime	0.66
consciencieusement	gewissenhaft	words	B2	adverb		Allgemein	consciencieusement	0.66
la contravention	der Bußgeldbescheid	words	B2	noun	f	Allgemein	contravention	0.66
la logistique	die Logistik	words	B2	noun	f	Arbeit & Beruf	logistique	0.66
affectionner	lieben	words	B2	verb		Gefühle & Charakter	affectionner	0.66
légendaire	legendär	words	B2	adjective		Allgemein	légendaire	0.66
la splendeur	die Pracht	words	B2	noun	f	Allgemein	splendeur	0.66
ensoleillé	sonnig	words	B2	adjective		Wetter & Jahreszeiten	ensoleillé	0.66
le chou	der Kohl	words	B2	noun	m	Essen & Trinken	chou	0.66
l'andouillette	die Andouillette	words	B2	noun	f	Essen & Trinken	andouillette	0.66
le bistro	das Bistro	words	B2	noun	m	Essen & Trinken	bistro	0.66
ministériel	ministeriell	words	B2	adjective		Allgemein	ministériel	0.66
la nounou	die Nanny	words	B2	noun	f	Familie & Freunde	nounou	0.66
parrainer	patronieren	words	B2	verb		Allgemein	parrainer	0.66
raccompagner	begleiten	words	B2	verb		Allgemein	raccompagner	0.66
le vernissage	die Vernissage	words	B2	noun	m	Allgemein	vernissage	0.66
enquêter	ermitteln	words	B2	verb		Allgemein	enquêter	0.66
l'ingéniosité	die Genialität	words	B2	noun	f	Allgemein	ingéniosité	0.66
la malchance	das Pech	words	B2	noun	f	Allgemein	malchance	0.66
le mandrin	der Spannzangen	words	B2	noun	m	Allgemein	mandrin	0.66
la radioactivité	die Radioaktivität	words	B2	noun	f	Allgemein	radioactivité	0.66
la laideur	die Hässlichkeit	words	B2	noun	f	Allgemein	laideur	0.66
moralement	moralisch	words	B2	adverb		Allgemein	moralement	0.66
autoroutier	autobahn-	words	B2	adjective		Stadt & Verkehr	autoroutier	0.66
craquant	knuffig	words	B2	adjective		Allgemein	craquant	0.66
l'observatoire	das Observatorium	words	B2	noun	m	Allgemein	observatoire	0.66
le préservatif	das Kondom	words	B2	noun	m	Essen & Trinken	préservatif	0.66
ruer	stürmen	words	B2	verb		Allgemein	ruer	0.66
la semelle	die Sohle	words	B2	noun	f	Kleidung & Mode	semelle	0.66
démocratiquement	demokratisch	words	B2	adverb		Allgemein	démocratiquement	0.66
embaucher	einstellen	words	B2	verb		Arbeit & Beruf	embaucher	0.66
l'inconditionnel	der Bedingungslose	words	B2	noun	m	Allgemein	inconditionnel	0.66
irréaliste	unrealistisch	words	B2	adjective		Allgemein	irréaliste	0.66
la manne	die Gabe	words	B2	noun	f	Allgemein	manne	0.66
la méconnaissance	das Unwissen	words	B2	noun	f	Allgemein	méconnaissance	0.66
omniprésent	allgegenwärtig	words	B2	adjective		Allgemein	omniprésent	0.66
le pronom	das Pronomen	words	B2	noun	m	Grammatik & Struktur	pronom	0.66
héréditaire	erblich	words	B2	adjective		Allgemein	héréditaire	0.66
effroyable	schrecklich	words	B2	adjective		Allgemein	effroyable	0.66
favorablement	günstig	words	B2	adverb		Allgemein	favorablement	0.66
la fi	die Furcht	words	B2	noun	f	Gefühle & Charakter	fi	0.66
l'hospitalisation	die Hospitalisierung	words	B2	noun	f	Körper & Gesundheit	hospitalisation	0.66
la juxtaposition	die Juxtaposition	words	B2	noun	f	Allgemein	juxtaposition	0.66
la méprise	das Missverständnis	words	B2	noun	f	Allgemein	méprise	0.66
le ralentissement	die Verlangsamung	words	B2	noun	m	Allgemein	ralentissement	0.66
récuser	ablehnen	words	B2	verb		Allgemein	récuser	0.66
le sondeur	der Umfrageleiter	words	B2	noun	m	Allgemein	sondeur	0.66
théoriquement	theoretisch	words	B2	adverb		Allgemein	théoriquement	0.66
décoller	abheben	words	B2	verb		Allgemein	décoller	0.66
enceindre	umgeben	words	B2	verb		Allgemein	enceindre	0.66
malencontreux	unglücklich	words	B2	adjective		Allgemein	malencontreux	0.66
la pendule	die Pendeluhr	words	B2	noun	f	Allgemein	pendule	0.66
ponctuer	punktuieren	words	B2	verb		Grammatik & Struktur	ponctuer	0.66
pudique	schüchtern	words	B2	adjective		Gefühle & Charakter	pudique	0.66
le bibelot	das Schnickschnack	words	B2	noun	m	Allgemein	bibelot	0.66
dédicacer	widmen	words	B2	verb		Allgemein	dédicacer	0.66
expansif	ausdrucksvoll	words	B2	adjective		Gefühle & Charakter	expansif	0.66
radicalement	radikal	words	B2	adverb		Allgemein	radicalement	0.66
l'aire	die Fläche	words	B2	noun	f	Allgemein	aire	0.66
squatter	besetzen	words	B2	verb		Wohnen & Haus	squatter	0.66
l'ethnologie	die Ethnologie	words	B2	noun	f	Allgemein	ethnologie	0.66
l'exit	der Ausgang	words	B2	noun	m	Stadt & Verkehr	exit	0.66
la fadeur	die Fade	words	B2	noun	f	Essen & Trinken	fadeur	0.66
référentiel	referenziell	words	B2	adjective		Allgemein	référentiel	0.66
évanoui	verblasst	words	B2	adjective		Allgemein	évanoui	0.66
camerounais	kamerunisch	words	B2	adjective		Allgemein	camerounais	0.66
délier	lösen	words	B2	verb		Allgemein	délier	0.66
avisé	umsichtig	words	B2	adjective		Gefühle & Charakter	avisé	0.66
inexpérimenté	unerfahren	words	B2	adjective		Allgemein	inexpérimenté	0.66
vénitien	venezianisch	words	B2	adjective		Allgemein	vénitien	0.66
approximativement	ungefähr	words	B2	adverb		Allgemein	approximativement	0.66
l'attribut	das Attribut	words	B2	noun	m	Allgemein	attribut	0.66
bouleversant	erschütternd	words	B2	adjective		Gefühle & Charakter	bouleversant	0.66
délirant	wahnsinnig	words	B2	adjective		Gefühle & Charakter	délirant	0.66
le golfe	der Golf	words	B2	noun	m	Allgemein	golfe	0.66
incommoder	stören	words	B2	verb		Allgemein	incommoder	0.66
le militantisme	der Aktivismus	words	B2	noun	m	Allgemein	militantisme	0.66
nouvellement	neu	words	B2	adverb		Allgemein	nouvellement	0.66
pardi	verdammt	words	B2	interjection		Allgemein	pardi	0.66
exaspérer	ärgern	words	B2	verb		Allgemein	exaspérer	0.66
hormonal	hormonell	words	B2	adjective		Körper & Gesundheit	hormonal	0.66
manipulateur	manipulativ	words	B2	adjective		Gefühle & Charakter	manipulateur	0.66
mouvant	beweglich	words	B2	adjective		Allgemein	mouvant	0.66
la synagogue	die Synagoge	words	B2	noun	f	Allgemein	synagogue	0.66
franco-allemand	französisch-deutsch	words	B2	adjective		Allgemein	franco-allemand	0.66
le roman-feuilleton	der Fortsetzungsroman	words	B2	noun	m	Allgemein	roman-feuilleton	0.66
l'aquarium	das Aquarium	words	B2	noun	n	Allgemein	aquarium	0.65
asservir	unterwerfen	words	B2	verb		Allgemein	asservir	0.65
fourrer	stecken	words	B2	verb		Allgemein	fourrer	0.65
le guéridon	der Beistelltisch	words	B2	noun	m	Wohnen & Haus	guéridon	0.65
insignifiant	unbedeutend	words	B2	adjective		Allgemein	insignifiant	0.65
éberluer	verblüffen	words	B2	verb		Allgemein	éberluer	0.65
la résurrection	die Auferstehung	words	B2	noun	f	Allgemein	résurrection	0.65
le cerf	der Hirsch	words	B2	noun	m	Tiere & Natur	cerf	0.65
le concertiste	der Konzertmusiker	words	B2	noun	m	Allgemein	concertiste	0.65
le listing	die Liste	words	B2	noun	m	Allgemein	listing	0.65
la préhistoire	die Vorgeschichte	words	B2	noun	f	Allgemein	préhistoire	0.65
la rancoeur	der Groll	words	B2	noun	f	Gefühle & Charakter	rancoeur	0.65
la semi-liberté	die Teilfreiheit	words	B2	noun	f	Allgemein	semi-liberté	0.65
la popularité	die Popularität	words	B2	noun	f	Allgemein	popularité	0.65
chiner	stöbern	words	B2	verb		Einkaufen & Geld	chiner	0.65
le fanatique	der Fanatiker	words	B2	noun	m	Allgemein	fanatique	0.65
la bourgogne	die Burgund	words	B2	noun	f	Allgemein	bourgogne	0.65
le chiot	der Welpe	words	B2	noun	m	Tiere & Natur	chiot	0.65
la cohorte	die Kohorte	words	B2	noun	f	Allgemein	cohorte	0.65
deux	zwei	words	B2	noun		Zahlen & Mengen	deux	0.65
le microcosme	das Mikrokosmos	words	B2	noun	m	Allgemein	microcosme	0.65
la rayure	der Streifen	words	B2	noun	f	Kleidung & Mode	rayure	0.65
le vampire	der Vampir	words	B2	noun	m	Allgemein	vampire	0.65
l'emprisonnement	die Inhaftierung	words	B2	noun	m	Allgemein	emprisonnement	0.65
incessant	unaufhörlich	words	B2	adjective		Allgemein	incessant	0.65
riant	lachend	words	B2	adjective		Gefühle & Charakter	riant	0.65
chapeauter	überwachen	words	B2	verb		Allgemein	chapeauter	0.65
inconcevable	unvorstellbar	words	B2	adjective		Allgemein	inconcevable	0.65
clandestin	heimlich	words	B2	adjective		Allgemein	clandestin	0.65
démasquer	entlarven	words	B2	verb		Allgemein	démasquer	0.65
hanté	heimgesucht	words	B2	adjective		Allgemein	hanté	0.65
tranché	entschieden	words	B2	adjective		Allgemein	tranché	0.65
le chausson	der Hausschuh	words	B2	noun	m	Kleidung & Mode	chausson	0.65
découvert	entdeckt	words	B2	adjective		Allgemein	découvert	0.65
indicible	unbeschreiblich	words	B2	adjective		Allgemein	indicible	0.65
ironiquement	ironischerweise	words	B2	adverb		Allgemein	ironiquement	0.65
ridiculiser	lächerlich machen	words	B2	verb		Allgemein	ridiculiser	0.65
rougeâtre	rötlich	words	B2	adjective		Farben & Formen	rougeâtre	0.65
tonitruer	tönen	words	B2	verb		Allgemein	tonitruer	0.65
ramper	kriechen	words	B2	verb		Allgemein	ramper	0.65
ravissant	entzückend	words	B2	adjective		Allgemein	ravissant	0.65
la confidentialité	die Vertraulichkeit	words	B2	noun	f	Allgemein	confidentialité	0.65
controverser	kontrovers diskutieren	words	B2	verb		Allgemein	controverser	0.65
hautement	hochgradig	words	B2	adverb		Allgemein	hautement	0.65
maximal	maximal	words	B2	adjective		Allgemein	maximal	0.65
enrhumer	erkälten	words	B2	verb		Körper & Gesundheit	enrhumer	0.65
pimenter	würzen	words	B2	verb		Essen & Trinken	pimenter	0.65
le conscrit	der Wehrpflichtige	words	B2	noun	m	Allgemein	conscrit	0.65
la consolation	die Trost	words	B2	noun	f	Gefühle & Charakter	consolation	0.65
le frottement	das Reiben	words	B2	noun	m	Allgemein	frottement	0.65
imbriquer	ineinander greifen	words	B2	verb		Allgemein	imbriquer	0.65
l'interpellation	die Festnahme	words	B2	noun	f	Allgemein	interpellation	0.65
profiler	profilieren	words	B2	verb		Allgemein	profiler	0.65
la prothèse	die Prothese	words	B2	noun	f	Körper & Gesundheit	prothèse	0.65
vibrer	vibrieren	words	B2	verb		Allgemein	vibrer	0.65
l'enlèvement	die Entführung	words	B2	noun	m	Allgemein	enlèvement	0.65
introuvable	unauffindbar	words	B2	adjective		Allgemein	introuvable	0.65
le petit-fils	der Enkel	words	B2	noun	m	Familie & Freunde	petit-fils	0.65
la vendange	die Weinlese	words	B2	noun	f	Essen & Trinken	vendange	0.65
le clown	der Clown	words	B2	noun	m	Allgemein	clown	0.65
charrier	tragen	words	B2	verb		Allgemein	charrier	0.65
crouler	einstürzen	words	B2	verb		Allgemein	crouler	0.65
la fulgurance	die Blitzschnelligkeit	words	B2	noun	f	Allgemein	fulgurance	0.65
l'imposteur	der Betrüger	words	B2	noun	m	Allgemein	imposteur	0.65
le licenciement	die Entlassung	words	B2	noun	m	Arbeit & Beruf	licenciement	0.65
nantir	ausstatten	words	B2	verb		Allgemein	nantir	0.65
la sucrerie	die Süßigkeit	words	B2	noun	f	Essen & Trinken	sucrerie	0.65
la suprématie	die Vorherrschaft	words	B2	noun	f	Allgemein	suprématie	0.65
la bûche	der Baumstamm	words	B2	noun	f	Tiere & Natur	bûche	0.65
la formalité	die Formalität	words	B2	noun	f	Allgemein	formalité	0.65
émotif	emotional	words	B2	adjective		Gefühle & Charakter	émotif	0.65
erroné	falsch	words	B2	adjective		Allgemein	erroné	0.65
grosso	grob	words	B2	adverb		Allgemein	grosso	0.65
immensément	immens	words	B2	adverb		Allgemein	immensément	0.65
matériellement	materiell	words	B2	adverb		Allgemein	matériellement	0.65
modo	weise	words	B2	adverb		Allgemein	modo	0.65
tiède	lauwarm	words	B2	adjective		Essen & Trinken	tiède	0.65
perplexe	verwirrt	words	B2	adjective		Gefühle & Charakter	perplexe	0.65
le pion	der Bauer	words	B2	noun	m	Allgemein	pion	0.65
l'équation	die Gleichung	words	B2	noun	f	Schule & Bildung	équation	0.65
doucher	duschen	words	B2	verb		Körper & Gesundheit	doucher	0.65
le haricot	die Bohne	words	B2	noun	m	Essen & Trinken	haricot	0.65
l'ambulancier	der Sanitäter	words	B2	noun	m	Arbeit & Beruf	ambulancier	0.65
la lève	die Erhebung	words	B2	noun	f	Allgemein	lève	0.65
parlé	gesprochen	words	B2	adjective		Kommunikation	parlé	0.65
la banquière	die Bankerin	words	B2	noun	f	Arbeit & Beruf	banquière	0.65
le châtiment	die Strafe	words	B2	noun	m	Allgemein	châtiment	0.65
disséminer	streuen	words	B2	verb		Allgemein	disséminer	0.65
le jésuite	der Jesuit	words	B2	noun	m	Allgemein	jésuite	0.65
tolérant	tolerant	words	B2	adjective		Allgemein	tolérant	0.65
lisse	glatt	words	B2	adjective	f	Allgemein	lisse	0.65
accidenter	unfall haben	words	B2	verb		Allgemein	accidenter	0.64
entreposer	lagern	words	B2	verb		Allgemein	entreposer	0.64
sept	sieben	words	B2	noun		Zahlen & Mengen	sept	0.64
le sevrage	die Entwöhnung	words	B2	noun	m	Körper & Gesundheit	sevrage	0.64
le discount	der Rabatt	words	B2	noun	m	Einkaufen & Geld	discount	0.64
l'escarpin	der Pumps	words	B2	noun	m	Kleidung & Mode	escarpin	0.64
maniaque	manisch	words	B2	adjective		Allgemein	maniaque	0.64
la topaze	der Topas	words	B2	noun	f	Allgemein	topaze	0.64
bordelais	bordelais	words	B2	adjective		Allgemein	bordelais	0.64
l'humanisme	der Humanismus	words	B2	noun	m	Allgemein	humanisme	0.64
le parleur	der Redner	words	B2	noun	m	Kommunikation	parleur	0.64
le restaurateur	der Restaurantbesitzer	words	B2	noun	m	Arbeit & Beruf	restaurateur	0.64
impressionniste	impressionistisch	words	B2	adjective		Allgemein	impressionniste	0.64
le lord	der Lord	words	B2	noun	m	Allgemein	lord	0.64
indescriptible	unbeschreiblich	words	B2	adjective		Allgemein	indescriptible	0.64
maudit	verflucht	words	B2	adjective		Allgemein	maudit	0.64
mystique	mystisch	words	B2	adjective		Allgemein	mystique	0.64
le charcutier	der Metzger	words	B2	noun	m	Essen & Trinken	charcutier	0.64
le domino	der Dominostein	words	B2	noun	m	Freizeit & Hobbys	domino	0.64
brouillon	unordentlich	words	B2	adjective		Allgemein	brouillon	0.64
l'aversion	die Abneigung	words	B2	noun	f	Gefühle & Charakter	aversion	0.64
le boîtier	das Gehäuse	words	B2	noun	m	Medien & Technik	boîtier	0.64
le navigateur	der Navigator	words	B2	noun	m	Medien & Technik	navigateur	0.64
la grosseur	die Größe	words	B2	noun	f	Allgemein	grosseur	0.64
maritime	maritim	words	B2	adjective		Allgemein	maritime	0.64
habilement	geschickt	words	B2	adverb		Allgemein	habilement	0.64
insinuer	andeuten	words	B2	verb		Allgemein	insinuer	0.64
l'intonation	die Intonation	words	B2	noun	f	Sprache & Kommunikation	intonation	0.64
différer	abweichen	words	B2	verb		Allgemein	différer	0.64
apposer	anbringen	words	B2	verb		Allgemein	apposer	0.64
le brin	der Faden	words	B2	noun	m	Tiere & Natur	brin	0.64
la contagion	die Ansteckung	words	B2	noun	f	Körper & Gesundheit	contagion	0.64
la délégation	die Delegation	words	B2	noun	f	Allgemein	délégation	0.64
le hamac	die Hängematte	words	B2	noun	m	Wohnen & Haus	hamac	0.64
impondérable	unberechenbar	words	B2	adjective		Allgemein	impondérable	0.64
monopoliser	monopolisieren	words	B2	verb		Allgemein	monopoliser	0.64
la médiatisation	die Medienberichterstattung	words	B2	noun	f	Medien & Technik	médiatisation	0.64
l'oppression	die Unterdrückung	words	B2	noun	f	Allgemein	oppression	0.64
rectangulaire	rechteckig	words	B2	adjective		Farben & Formen	rectangulaire	0.64
rudimentaire	rudimentär	words	B2	adjective		Allgemein	rudimentaire	0.64
le vestiaire	die Garderobe	words	B2	noun	m	Wohnen & Haus	vestiaire	0.64
étudié	studiert	words	B2	adjective		Allgemein	étudié	0.64
curatif	heilend	words	B2	adjective		Körper & Gesundheit	curatif	0.64
l'épinard	der Spinat	words	B2	noun	m	Essen & Trinken	épinard	0.64
le dandy	der Dandy	words	B2	noun	m	Allgemein	dandy	0.64
le teint	der Teint	words	B2	noun	m	Körper & Gesundheit	teint	0.64
la veine	die Vene	words	B2	noun	f	Körper & Gesundheit	veine	0.64
l'anormal	das Anormale	words	B2	noun	n	Allgemein	anormal	0.63
l'artichaut	die Artischocke	words	B2	noun	m	Essen & Trinken	artichaut	0.63
partagé	geteilt	words	B2	adjective		Allgemein	partagé	0.63
la réclamation	die Reklamation	words	B2	noun	f	Allgemein	réclamation	0.63
la griffe	der Krallen	words	B2	noun	f	Allgemein	griffe	0.63
l'abonnement	das Abonnement	words	B2	noun	n	Allgemein	abonnement	0.63
loyalement	loyal	words	B2	adverb		Allgemein	loyalement	0.63
p'tit	klein	words	B2	adjective		Allgemein	p'tit	0.63
le tutorat	das Tutorat	words	B2	noun	m	Schule & Bildung	tutorat	0.63
le cancan	der Skandal	words	B2	noun	m	Allgemein	cancan	0.63
l'ex-voto	das Ex-Voto	words	B2	noun	n	Allgemein	ex-voto	0.63
le mécontentement	die Unzufriedenheit	words	B2	noun	m	Allgemein	mécontentement	0.63
le noeud	der Knoten	words	B2	noun	m	Allgemein	noeud	0.63
l'outrage	die Beleidigung	words	B2	noun	m	Allgemein	outrage	0.63
bosser	arbeiten	words	B2	verb		Arbeit & Beruf	bosser	0.63
le dentifrice	die Zahnpasta	words	B2	noun	m	Körper & Gesundheit	dentifrice	0.63
le beau-père	der Schwiegervater	words	B2	noun	m	Familie & Freunde	beau-père	0.63
le randonneur	der Wanderer	words	B2	noun	m	Freizeit & Hobbys	randonneur	0.63
le fiacre	die Pferdekutsche	words	B2	noun	m	Stadt & Verkehr	fiacre	0.63
écorcher	abziehen	words	B2	verb		Allgemein	écorcher	0.63
la démission	die Kündigung	words	B2	noun	f	Arbeit & Beruf	démission	0.63
suer	schwitzen	words	B2	verb		Körper & Gesundheit	suer	0.63
la loupe	die Lupe	words	B2	noun	f	Allgemein	loupe	0.63
sèchement	trocken	words	B2	adverb		Allgemein	sèchement	0.63
le capitalisme	der Kapitalismus	words	B2	noun	m	Allgemein	capitalisme	0.63
marxiste	marxistisch	words	B2	adjective		Allgemein	marxiste	0.63
péniblement	mühsam	words	B2	adverb		Allgemein	péniblement	0.63
le tir	der Schuss	words	B2	noun	m	Allgemein	tir	0.63
l'autocar	der Reisebus	words	B2	noun	m	Stadt & Verkehr	autocar	0.63
le dressage	das Training	words	B2	noun	m	Sport	dressage	0.63
la marelle	das Himmel und Hölle	words	B2	noun	f	Freizeit & Hobbys	marelle	0.63
l'adjoint	der Stellvertreter	words	B2	noun	m	Arbeit & Beruf	adjoint	0.63
approuver	genehmigen	words	B2	verb		Allgemein	approuver	0.63
l'audit	das Audit	words	B2	noun	m	Arbeit & Beruf	audit	0.63
le comptage	das Zählen	words	B2	noun	m	Zahlen & Mengen	comptage	0.63
coïncider	übereinstimmen	words	B2	verb		Allgemein	coïncider	0.63
la délivrance	die Befreiung	words	B2	noun	f	Allgemein	délivrance	0.63
l'effervescence	die Aufregung	words	B2	noun	f	Allgemein	effervescence	0.63
engloutir	verschlingen	words	B2	verb		Essen & Trinken	engloutir	0.63
l'expulsion	die Ausweisung	words	B2	noun	f	Allgemein	expulsion	0.63
hiérarchique	hierarchisch	words	B2	adjective		Allgemein	hiérarchique	0.63
inadmissible	unzulässig	words	B2	adjective		Allgemein	inadmissible	0.63
influer	einwirken	words	B2	verb		Allgemein	influer	0.63
la physiologie	die Physiologie	words	B2	noun	f	Körper & Gesundheit	physiologie	0.63
égrener	abtrennen	words	B2	verb		Essen & Trinken	égrener	0.63
l'électrode	die Elektrode	words	B2	noun	f	Medien & Technik	électrode	0.63
l'alternance	die Abwechslung	words	B2	noun	f	Allgemein	alternance	0.62
le dia	der Dia	words	B2	interjection	m	Medien & Technik	dia	0.62
l'arrachement	die Abtrennung	words	B2	noun	m	Allgemein	arrachement	0.62
le cadet	der Jüngere	words	B2	noun	m	Familie & Freunde	cadet	0.62
dingue	verrückt	words	B2	adjective		Gefühle & Charakter	dingue	0.62
hormis	außer	words	B2	preposition		Allgemein	hormis	0.62
l'igname	die Yamswurzel	words	B2	noun	f	Essen & Trinken	igname	0.62
infect	infektiös	words	B2	adjective		Körper & Gesundheit	infect	0.62
informatif	informativ	words	B2	adjective		Allgemein	informatif	0.62
luné	mondförmig	words	B2	adjective		Allgemein	luné	0.62
le maquis	der Gestrüpp	words	B2	noun	m	Tiere & Natur	maquis	0.62
multidisciplinaire	multidisziplinär	words	B2	adjective		Allgemein	multidisciplinaire	0.62
le naufragé	der Schiffbrüchige	words	B2	noun	m	Reisen & Urlaub	naufragé	0.62
la parcelle	das Grundstück	words	B2	noun	f	Wohnen & Haus	parcelle	0.62
le philtre	der Zaubertrank	words	B2	noun	m	Allgemein	philtre	0.62
la ponction	die Entnahme	words	B2	noun	f	Körper & Gesundheit	ponction	0.62
turbulent	turbulent	words	B2	adjective		Allgemein	turbulent	0.62
la coulisse	der Vorhang	words	B2	noun	f	Allgemein	coulisse	0.62
la cueillette	die Ernte	words	B2	noun	f	Essen & Trinken	cueillette	0.62
désorienter	desorientieren	words	B2	verb		Allgemein	désorienter	0.62
le hammam	das Dampfbad	words	B2	noun	m	Körper & Gesundheit	hammam	0.62
le safari	die Safari	words	B2	noun	m	Reisen & Urlaub	safari	0.62
suppliant	flehend	words	B2	adjective		Gefühle & Charakter	suppliant	0.62
cordial	herzlich	words	B2	adjective		Begrüßung & Höflichkeit	cordial	0.62
funèbre	traurig	words	B2	adjective		Allgemein	funèbre	0.62
la pommette	die Wange	words	B2	noun	f	Körper & Gesundheit	pommette	0.62
prodigieux	wunderbar	words	B2	adjective		Allgemein	prodigieux	0.62
surhumain	übermenschlich	words	B2	adjective		Allgemein	surhumain	0.62
acquitter	freisprechen	words	B2	verb		Allgemein	acquitter	0.62
captif	gefangen	words	B2	adjective		Allgemein	captif	0.62
la flotte	die Flotte	words	B2	noun	f	Allgemein	flotte	0.62
incognito	inkognito	words	B2	adverb		Allgemein	incognito	0.62
indigne	unwürdig	words	B2	adjective		Allgemein	indigne	0.62
la manie	die Manie	words	B2	noun	f	Allgemein	manie	0.62
palpiter	pochen	words	B2	verb		Körper & Gesundheit	palpiter	0.62
le survivant	der Überlebende	words	B2	noun	m	Allgemein	survivant	0.62
la traverse	die Querung	words	B2	noun	f	Stadt & Verkehr	traverse	0.62
l'aberration	die Aberration	words	B2	noun	f	Allgemein	aberration	0.62
la divulgation	die Offenlegung	words	B2	noun	f	Allgemein	divulgation	0.62
déposséder	enteignen	words	B2	verb		Allgemein	déposséder	0.62
l'intervalle	das Intervall	words	B2	noun	m	Allgemein	intervalle	0.62
la malformation	die Fehlbildung	words	B2	noun	f	Körper & Gesundheit	malformation	0.62
le négociant	der Händler	words	B2	noun	m	Arbeit & Beruf	négociant	0.62
le scélérat	der Verbrecher	words	B2	noun	m	Allgemein	scélérat	0.62
le tablier	die Schürze	words	B2	noun	m	Essen & Trinken	tablier	0.62
le cylindre	der Zylinder	words	B2	noun	m	Allgemein	cylindre	0.62
l'insouciance	die Unbekümmertheit	words	B2	noun	f	Allgemein	insouciance	0.62
méprisant	verachtend	words	B2	adjective		Gefühle & Charakter	méprisant	0.62
corail	korallenrot	words	B2	adjective		Farben & Formen	corail	0.62
la figurine	die Figur	words	B2	noun	f	Allgemein	figurine	0.62
la boucherie	die Metzgerei	words	B2	noun	f	Essen & Trinken	boucherie	0.62
le hamster	der Hamster	words	B2	noun	m	Tiere & Natur	hamster	0.62
panoramique	panoramisch	words	B2	adjective		Allgemein	panoramique	0.62
la pointure	die Schuhgröße	words	B2	noun	f	Kleidung & Mode	pointure	0.62
éploré	weinend	words	B2	adjective		Gefühle & Charakter	éploré	0.62
la mosaïque	die Mosaik	words	B2	noun	f	Allgemein	mosaïque	0.62
le pâtissier	der Konditor	words	B2	noun	m	Essen & Trinken	pâtissier	0.62
le maçon	der Maurer	words	B2	noun	m	Arbeit & Beruf	maçon	0.61
le bavardage	das Geschwätz	words	B2	noun	m	Allgemein	bavardage	0.61
le gladiateur	der Gladiator	words	B2	noun	m	Allgemein	gladiateur	0.61
accommoder	anpassen	words	B2	verb		Allgemein	accommoder	0.61
anarchique	anarchisch	words	B2	adjective		Allgemein	anarchique	0.61
aspirant	anwärter	words	B2	adjective		Allgemein	aspirant	0.61
le boulet	der Ballast	words	B2	noun	m	Allgemein	boulet	0.61
le consultant	der Berater	words	B2	noun	m	Arbeit & Beruf	consultant	0.61
le manifeste	das Manifest	words	B2	noun	m	Allgemein	manifeste	0.61
le néant	das Nichts	words	B2	noun	m	Allgemein	néant	0.61
la programmation	die Programmierung	words	B2	noun	f	Medien & Technik	programmation	0.61
résigner	kündigen	words	B2	verb		Allgemein	résigner	0.61
viable	lebensfähig	words	B2	adjective		Allgemein	viable	0.61
le bijoutier	der Juwelier	words	B2	noun	m	Einkaufen & Geld	bijoutier	0.61
la cassure	der Bruch	words	B2	noun	f	Allgemein	cassure	0.61
le confident	der Vertraute	words	B2	noun	m	Familie & Freunde	confident	0.61
le stylisme	das Modedesign	words	B2	noun	m	Kleidung & Mode	stylisme	0.61
le civisme	das Bürgerbewusstsein	words	B2	noun	m	Allgemein	civisme	0.61
démoraliser	demoralisieren	words	B2	verb		Allgemein	démoraliser	0.61
hors-série	sonderausgabe	words	B2	adjective		Allgemein	hors-série	0.61
l'isba	die Isba	words	B2	noun	f	Wohnen & Haus	isba	0.61
la réadaptation	die Rehabilitation	words	B2	noun	f	Körper & Gesundheit	réadaptation	0.61
le conteur	der Erzähler	words	B2	noun	m	Allgemein	conteur	0.61
athlétique	athletisch	words	B2	adjective		Sport	athlétique	0.61
la courgette	die Zucchini	words	B2	noun	f	Essen & Trinken	courgette	0.61
l'hebdo	die Wochenzeitung	words	B2	noun	m	Medien & Technik	hebdo	0.61
la pelle	die Schaufel	words	B2	noun	f	Allgemein	pelle	0.61
l'explorateur	der Entdecker	words	B2	noun	m	Allgemein	explorateur	0.61
le dan	der Dan	words	B2	noun	m	Allgemein	dan	0.61
la dégustation	die Verkostung	words	B2	noun	f	Essen & Trinken	dégustation	0.61
flagrant	offensichtlich	words	B2	adjective		Allgemein	flagrant	0.61
la carcasse	die Kadaver	words	B2	noun	f	Tiere & Natur	carcasse	0.61
le périphérique	der Stadtring	words	B2	noun	m	Stadt & Verkehr	périphérique	0.61
objecter	einwenden	words	B2	verb		Allgemein	objecter	0.61
le clergé	der Klerus	words	B2	noun	m	Allgemein	clergé	0.60
le rivage	der Ufer	words	B2	noun	m	Tiere & Natur	rivage	0.60
l'ambulance	die Ambulanz	words	B2	noun	f	Körper & Gesundheit	ambulance	0.60
la choucroute	das Sauerkraut	words	B2	noun	f	Essen & Trinken	choucroute	0.60
le vautour	der Geier	words	B2	noun	m	Tiere & Natur	vautour	0.60
dixième	zehnt	words	B2	adjective		Zahlen & Mengen	dixième	0.60
préfectoral	präfektural	words	B2	adjective		Allgemein	préfectoral	0.60
l'étrangeté	die Fremdheit	words	B2	noun	f	Allgemein	étrangeté	0.60
l'amertume	die Bitterkeit	words	B2	noun	f	Gefühle & Charakter	amertume	0.60
l'aveu	das Geständnis	words	B2	noun	m	Allgemein	aveu	0.60
inaltéré	unverändert	words	B2	adjective		Allgemein	inaltéré	0.60
l'inca	der Inka	words	B2	noun	m	Allgemein	inca	0.60
recherché	gesucht	words	B2	adjective		Allgemein	recherché	0.60
l'expo	die Ausstellung	words	B2	noun	f	Allgemein	expo	0.60
la marraine	die Patin	words	B2	noun	f	Familie & Freunde	marraine	0.60
criant	schreiend	words	B2	adjective		Allgemein	criant	0.60
le machin	das Ding	words	B2	noun	m	Allgemein	machin	0.60
le prestataire	der Dienstleister	words	B2	noun	m	Arbeit & Beruf	prestataire	0.60
robuste	robust	words	B2	adjective		Allgemein	robuste	0.60
butter	buttern	words	B2	verb		Essen & Trinken	butter	0.60
conflictuel	konfliktbeladen	words	B2	adjective		Allgemein	conflictuel	0.60
délaisser	verlassen	words	B2	verb		Allgemein	délaisser	0.60
la délicatesse	die Zartheit	words	B2	noun	f	Allgemein	délicatesse	0.60
l'effluve	der Duft	words	B2	noun	m	Allgemein	effluve	0.60
la flânerie	das Schlendern	words	B2	noun	f	Freizeit & Hobbys	flânerie	0.60
la fronde	die Schleuder	words	B2	noun	f	Allgemein	fronde	0.60
improviser	improvisieren	words	B2	verb		Allgemein	improviser	0.60
prématurément	vorzeitig	words	B2	adverb		Allgemein	prématurément	0.60
la pudeur	die Scham	words	B2	noun	f	Gefühle & Charakter	pudeur	0.60
la roulotte	der Wohnwagen	words	B2	noun	f	Wohnen & Haus	roulotte	0.60
stimulant	anregend	words	B2	adjective		Allgemein	stimulant	0.60
styliser	stilisieren	words	B2	verb		Allgemein	styliser	0.60
la sève	der Saft	words	B2	noun	f	Allgemein	sève	0.60
tortueux	gewunden	words	B2	adjective		Allgemein	tortueux	0.60
totaliser	summieren	words	B2	verb		Allgemein	totaliser	0.60
l'adoubement	die Ernennung	words	B2	noun	m	Allgemein	adoubement	0.60
le pont-levis	die Zugbrücke	words	B2	noun	m	Allgemein	pont-levis	0.60
imprudent	unvorsichtig	words	B2	adjective		Allgemein	imprudent	0.60
le cartable	der Schulranzen	words	B2	noun	m	Schule & Bildung	cartable	0.60
le choléra	der Cholera	words	B2	noun	m	Körper & Gesundheit	choléra	0.60
horrifier	entsetzen	words	B2	verb		Allgemein	horrifier	0.60
illustre	berühmt	words	B2	adjective		Allgemein	illustre	0.60
impur	unrein	words	B2	adjective		Allgemein	impur	0.60
l'obélisque	der Obelisk	words	B2	noun	m	Allgemein	obélisque	0.60
réaménager	umgestalten	words	B2	verb		Allgemein	réaménager	0.60
la lourde	die Schwere	words	B2	noun	f	Allgemein	lourde	0.60
la belote	die Belote	words	B2	noun	f	Freizeit & Hobbys	belote	0.59
le bracelet	das Armband	words	B2	noun	m	Kleidung & Mode	bracelet	0.59
le sachet	der Beutel	words	B2	noun	m	Einkaufen & Geld	sachet	0.59
confortablement	bequem	words	B2	adverb		Allgemein	confortablement	0.59
le cuivre	das Kupfer	words	B2	noun	m	Allgemein	cuivre	0.59
distraitement	abgelenkt	words	B2	adverb		Allgemein	distraitement	0.59
dépiter	verärgern	words	B2	verb		Allgemein	dépiter	0.59
palpable	greifbar	words	B2	adjective		Allgemein	palpable	0.59
planer	gleiten	words	B2	verb		Allgemein	planer	0.59
le satin	der Satin	words	B2	noun	m	Kleidung & Mode	satin	0.59
saugrenu	absurd	words	B2	adjective		Allgemein	saugrenu	0.59
la supposition	die Annahme	words	B2	noun	f	Allgemein	supposition	0.59
vaciller	wanken	words	B2	verb		Allgemein	vaciller	0.59
la sieste	das Nickerchen	words	B2	noun	f	Körper & Gesundheit	sieste	0.59
désorganiser	desorganisieren	words	B2	verb		Allgemein	désorganiser	0.59
l'écorce	die Rinde	words	B2	noun	f	Tiere & Natur	écorce	0.59
le coucou	der Kuckuck	words	B2	noun	m	Tiere & Natur	coucou	0.59
julien	julianisch	words	B2	adjective		Allgemein	julien	0.59
le climatologue	der Klimatologe	words	B2	noun	m	Allgemein	climatologue	0.59
la haleine	der Atem	words	B2	noun	f	Körper & Gesundheit	haleine	0.59
anglophone	englischsprachig	words	B2	adjective		Allgemein	anglophone	0.58
la banderole	das Banner	words	B2	noun	f	Allgemein	banderole	0.58
la béquille	die Krücke	words	B2	noun	f	Körper & Gesundheit	béquille	0.58
le diktat	das Diktat	words	B2	noun	m	Schule & Bildung	diktat	0.58
dupe	naiv	words	B2	adjective		Allgemein	dupe	0.58
favorite	Lieblings-	words	B2	adjective		Allgemein	favorite	0.58
l'intensification	die Intensivierung	words	B2	noun	f	Allgemein	intensification	0.58
l'interaction	die Interaktion	words	B2	noun	f	Allgemein	interaction	0.58
narcissique	narcistisch	words	B2	adjective		Allgemein	narcissique	0.58
psychologiquement	psychologisch	words	B2	adverb		Allgemein	psychologiquement	0.58
salutaire	heilsam	words	B2	adjective		Körper & Gesundheit	salutaire	0.58
la synapse	die Synapse	words	B2	noun	f	Körper & Gesundheit	synapse	0.58
le virage	die Kurve	words	B2	noun	m	Stadt & Verkehr	virage	0.58
le coron	der Kranz	words	B2	noun	m	Allgemein	coron	0.58
implorer	anflehen	words	B2	verb		Allgemein	implorer	0.58
sacrer	heiligen	words	B2	verb		Allgemein	sacrer	0.58
le registre	das Register	words	B2	noun	m	Allgemein	registre	0.58
ivoirien	ivorisch	words	B2	noun		Allgemein	ivoirien	0.58
la nomination	die Ernennung	words	B2	noun	f	Allgemein	nomination	0.58
le bouquin	das Buch	words	B2	noun	m	Allgemein	bouquin	0.58
l'as	das Ass	words	B2	noun	m	Allgemein	as	0.58
catégoriquement	kategorisch	words	B2	adverb		Allgemein	catégoriquement	0.58
accidentel	zufällig	words	B2	adjective	m	Allgemein	accidentel	0.58
graviter	gravitieren	words	B2	verb		Allgemein	graviter	0.58
marmonner	murmeln	words	B2	verb		Allgemein	marmonner	0.58
le laissez-passer	der Pass	words	B2	noun	m	Reisen & Urlaub	laissez-passer	0.58
le tchèque	der Tscheche	words	B2	noun	m	Allgemein	tchèque	0.58
grignoter	knabbern	words	B2	verb		Essen & Trinken	grignoter	0.58
la musculation	das Krafttraining	words	B2	noun	f	Sport	musculation	0.58
mexicain	mexikanisch	words	B2	adjective	m	Allgemein	mexicain	0.58
mi-chemin	halbwegs	words	B2	adverb		Allgemein	mi-chemin	0.57
emménager	einziehen	words	B2	verb		Wohnen & Haus	emménager	0.57
sensoriel	sensorisch	words	B2	adjective	m	Allgemein	sensoriel	0.57
l'éducateur	der Erzieher	words	B2	noun	m	Familie & Freunde	éducateur	0.57
grinçant	knarrend	words	B2	adjective	m	Allgemein	grinçant	0.57
la salière	das Salzstreuer	words	B2	noun	f	Essen & Trinken	salière	0.57
carcéral	haft	words	B2	adjective	m	Allgemein	carcéral	0.57
chirurgical	chirurgisch	words	B2	adjective	m	Körper & Gesundheit	chirurgical	0.57
concrétiser	konkretisieren	words	B2	verb		Allgemein	concrétiser	0.57
fluide	flüssig	words	B2	adjective	m	Allgemein	fluide	0.57
fragiliser	schwächen	words	B2	verb		Allgemein	fragiliser	0.57
prometteur	vielversprechend	words	B2	adjective	m	Allgemein	prometteur	0.57
le citron	die Zitrone	words	B2	noun	m	Essen & Trinken	citron	0.57
bouquiner	lesen	words	B2	verb		Freizeit & Hobbys	bouquiner	0.57
le gilet	die Weste	words	B2	noun	m	Kleidung & Mode	gilet	0.57
déconcerter	verwirren	words	B2	verb		Allgemein	déconcerter	0.57
manoeuvrer	manövrieren	words	B2	verb		Allgemein	manoeuvrer	0.57
le scarabée	der Käfer	words	B2	noun	m	Tiere & Natur	scarabée	0.57
l'embellissement	die Verschönerung	words	B2	noun	m	Allgemein	embellissement	0.57
l'exclamation	die Ausruf	words	B2	noun	f	Allgemein	exclamation	0.57
le minerai	das Erz	words	B2	noun	m	Allgemein	minerai	0.57
obstruer	verstopfen	words	B2	verb		Allgemein	obstruer	0.57
le ramoneur	der Schornsteinfeger	words	B2	noun	m	Allgemein	ramoneur	0.57
sous-louer	untervermieten	words	B2	verb		Wohnen & Haus	sous-louer	0.57
le max	das Maximum	words	B2	noun	m	Allgemein	max	0.57
cartésien	kartesisch	words	B2	adjective	m	Allgemein	cartésien	0.57
la crevette	die Garnele	words	B2	noun	f	Essen & Trinken	crevette	0.57
surnaturel	übernatürlich	words	B2	adjective	m	Allgemein	surnaturel	0.57
seller	verkaufen	words	B2	verb		Einkaufen & Geld	seller	0.56
fourni	bereitgestellt	words	B2	adjective	m	Allgemein	fourni	0.56
la roulette	das Roulette	words	B2	noun	f	Allgemein	roulette	0.56
tactile	taktile	words	B2	adjective	m	Allgemein	tactile	0.56
la corbeille	der Korb	words	B2	noun	f	Allgemein	corbeille	0.56
l'immensité	die Unermesslichkeit	words	B2	noun	f	Allgemein	immensité	0.56
l'orée	der Rand	words	B2	noun	f	Allgemein	orée	0.56
éligible	berechtigt	words	B2	adjective	m	Allgemein	éligible	0.56
la dalle	die Platte	words	B2	noun	f	Allgemein	dalle	0.56
la saute	der Sprung	words	B2	noun	f	Allgemein	saute	0.56
le microscope	das Mikroskop	words	B2	noun	m	Allgemein	microscope	0.56
reconnaissable	wiedererkennbar	words	B2	adjective	m	Allgemein	reconnaissable	0.56
le coquillage	die Muschel	words	B2	noun	m	Tiere & Natur	coquillage	0.55
le mage	der Magier	words	B2	adjective	m	Allgemein	mage	0.55
la lamentation	die Klage	words	B2	noun	f	Allgemein	lamentation	0.55
le fourneau	der Ofen	words	B2	noun	m	Essen & Trinken	fourneau	0.55
merder	verdammen	words	B2	verb		Allgemein	merder	0.55
familiariser	vertrautmachen	words	B2	verb		Allgemein	familiariser	0.55
posé	ruhig	words	B2	adjective		Allgemein	posé	0.55
terriens	irdisch	words	B2	adjective		Allgemein	terrien	0.55
la ventilation	die Belüftung	words	B2	noun	f	Allgemein	ventilation	0.55
le vétérinaire	der Tierarzt	words	B2	noun	m	Tiere & Natur	vétérinaire	0.55
le fauve	der Wildtier	words	B2	noun	m	Tiere & Natur	fauve	0.55
le lavage	die Wäsche	words	B2	noun	m	Essen & Trinken	lavage	0.55
la loyauté	die Loyalität	words	B2	noun	f	Allgemein	loyauté	0.55
la nourrice	die Nanny	words	B2	noun	f	Familie & Freunde	nourrice	0.55
ému	gerührt	words	B2	adjective		Gefühle & Charakter	ému	0.55
le fourreau	die Hülle	words	B2	noun	m	Allgemein	fourreau	0.55
l'acide	die Säure	words	B2	noun	m	Allgemein	acide	0.55
le crapaud	der Kröte	words	B2	noun	m	Tiere & Natur	crapaud	0.55
mémorable	denkwürdig	words	B2	adjective		Allgemein	mémorable	0.55
soudainement	plötzlich	words	B2	adverb		Allgemein	soudainement	0.55
intransigeant	unnachgiebig	words	B2	adjective		Allgemein	intransigeant	0.54
le psy	der Psychologe	words	B2	noun	m	Körper & Gesundheit	psy	0.54
la télécopie	das Fax	words	B2	noun	f	Medien & Technik	télécopie	0.54
braver	trotzen	words	B2	verb		Allgemein	braver	0.54
le magnétoscope	der Videorekorder	words	B2	noun	m	Medien & Technik	magnétoscope	0.54
marquant	markant	words	B2	adjective		Allgemein	marquant	0.54
l'entorse	die Verstauchung	words	B2	noun	f	Körper & Gesundheit	entorse	0.54
l'annuaire	das Verzeichnis	words	B2	noun	m	Allgemein	annuaire	0.54
la végétation	die Vegetation	words	B2	noun	f	Tiere & Natur	végétation	0.54
harmonieusement	harmonisch	words	B2	adverb		Allgemein	harmonieusement	0.54
savoyard	savoyisch	words	B2	adjective		Allgemein	savoyard	0.54
le labo	das Labor	words	B2	noun	m	Schule & Bildung	labo	0.53
l'omelette	das Omelett	words	B2	noun	f	Essen & Trinken	omelette	0.53
le prodige	das Wunderkind	words	B2	noun	m	Allgemein	prodige	0.53
la véranda	die Veranda	words	B2	noun	f	Wohnen & Haus	véranda	0.53
le pyjama	der Schlafanzug	words	B2	noun	m	Kleidung & Mode	pyjama	0.53
le chuchotement	das Flüstern	words	B2	noun	m	Allgemein	chuchotement	0.53
l'harmonica	die Mundharmonika	words	B2	noun	m	Allgemein	harmonica	0.52
déduire	ableiten	words	B2	verb		Allgemein	déduire	0.52
exagérément	übertrieben	words	B2	adverb		Allgemein	exagérément	0.52
rabattre	umklappen	words	B2	verb		Allgemein	rabattre	0.52
rigoureusement	streng	words	B2	adverb		Allgemein	rigoureusement	0.52
le parterre	der Blumenbeet	words	B2	noun	m	Wohnen & Haus	parterre	0.52
l'écaille	die Schuppe	words	B2	noun	f	Tiere & Natur	écaille	0.52
étourdir	benebeln	words	B2	verb		Allgemein	étourdir	0.52
circonscrire	eingrenzen	words	B2	verb		Allgemein	circonscrire	0.52
le nickel	das Nickel	words	B2	noun	m	Allgemein	nickel	0.52
allongé	lang	words	B2	adjective		Allgemein	allongé	0.52
lié	gebunden	words	B2	adjective		Allgemein	lié	0.52
modérer	mäßigen	words	B2	verb		Allgemein	modérer	0.52
prolongé	lang	words	B2	adjective		Allgemein	prolongé	0.52
la fraise	die Erdbeere	words	B2	noun	f	Essen & Trinken	fraise	0.52
marécageux	sumpfig	words	B2	adjective		Tiere & Natur	marécageux	0.52
têtu	stur	words	B2	adjective		Gefühle & Charakter	têtu	0.52
guyanais	guyanisch	words	B2	adjective		Allgemein	guyanais	0.52
l'argenterie	das Silberbesteck	words	B2	noun	f	Essen & Trinken	argenterie	0.52
le bouge	der Ort	words	B2	noun	m	Allgemein	bouge	0.52
glissant	rutschig	words	B2	adjective		Allgemein	glissant	0.51
globalement	insgesamt	words	B2	adverb		Allgemein	globalement	0.51
frêle	zart	words	B2	adjective		Körper & Gesundheit	frêle	0.51
les maths	die Mathematik	words	B2	noun	f	Schule & Bildung	math	0.51
délicatement	vorsichtig	words	B2	adverb		Allgemein	délicatement	0.51
le déshonneur	die Schande	words	B2	noun	m	Allgemein	déshonneur	0.51
le cursus	der Lehrplan	words	B2	noun	m	Schule & Bildung	cursus	0.50
illimiter	unbegrenzt	words	B2	verb		Allgemein	illimiter	0.50
intoxiquer	vergiften	words	B2	verb		Körper & Gesundheit	intoxiquer	0.50
le spot	der Spot	words	B2	noun	m	Medien & Technik	spot	0.50
le bec	der Schnabel	words	B2	noun	m	Tiere & Natur	bec	0.50
border	begrenzen	words	B2	verb		Allgemein	border	0.50
le lapis-lazuli	der Lapislazuli	words	B2	noun	m	Allgemein	lapis-lazuli	0.50
la substitution	die Substitution	words	B2	noun	f	Allgemein	substitution	0.50
transcrire	transkribieren	words	B2	verb		Allgemein	transcrire	0.50
atlantique	atlantisch	words	B2	adjective		Allgemein	atlantique	0.50
l'embrassade	die Umarmung	words	B2	noun	f	Familie & Freunde	embrassade	0.50
le wolof	der Wolof	words	B2	noun	m	Allgemein	wolof	0.50
la piastre	die Piastre	words	B2	noun	f	Einkaufen & Geld	piastre	0.50
argenté	silbern	words	B2	adjective		Allgemein	argenté	0.50
terminal	Terminal	words	B2	adjective		Allgemein	terminal	0.50
décollé	abgehoben	words	B2	adjective		Allgemein	décollé	0.50
communier	kommunizieren	words	B2	verb		Allgemein	communier	0.50
immergé	eingetaucht	words	B2	adjective		Allgemein	immergé	0.50
l'olivier	der Olivenbaum	words	B2	noun	m	Tiere & Natur	olivier	0.50
cicatriser	heilen	words	B2	verb		Körper & Gesundheit	cicatriser	0.49
la fascine	die Faszination	words	B2	noun	f	Allgemein	fascine	0.49
brute	brutal	words	B2	noun		Allgemein	brute	0.49
divergent	abweichend	words	B2	adjective		Allgemein	divergent	0.49
encastrer	einbauen	words	B2	verb		Allgemein	encastrer	0.49
l'euphorie	die Euphorie	words	B2	noun	f	Gefühle & Charakter	euphorie	0.49
irrémédiablement	unwiderruflich	words	B2	adverb		Allgemein	irrémédiablement	0.49
la mâchoire	der Kiefer	words	B2	noun	f	Körper & Gesundheit	mâchoire	0.49
proscrire	verbannen	words	B2	verb		Allgemein	proscrire	0.49
la rampe	die Rampe	words	B2	noun	f	Allgemein	rampe	0.49
la traction	die Anziehung	words	B2	noun	f	Allgemein	traction	0.49
confidentiel	vertraulich	words	B2	adjective		Allgemein	confidentiel	0.49
le plâtre	der Gips	words	B2	noun	m	Körper & Gesundheit	plâtre	0.49
ronronner	schnurren	words	B2	verb		Tiere & Natur	ronronner	0.49
diffus	diffus	words	B2	adjective		Allgemein	diffus	0.49
versa	verteilte	words	B2	adverb		Allgemein	versa	0.49
brillamment	brillant	words	B2	adverb		Allgemein	brillamment	0.49
la coopérative	die Genossenschaft	words	B2	noun	f	Allgemein	coopérative	0.49
la perspicacité	die Einsicht	words	B2	noun	f	Allgemein	perspicacité	0.48
le recoin	die Ecke	words	B2	noun	m	Allgemein	recoin	0.48
le pèlerinage	die Pilgerreise	words	B2	noun	m	Allgemein	pèlerinage	0.48
le serment	der Eid	words	B2	noun	m	Allgemein	serment	0.48
le donjon	der Bergfried	words	B2	noun	m	Allgemein	donjon	0.48
le baladeur	der MP3-Player	words	B2	noun	m	Medien & Technik	baladeur	0.48
le projecteur	der Projektor	words	B2	noun	m	Medien & Technik	projecteur	0.48
décidé	entschlossen	words	B2	adjective		Allgemein	décidé	0.48
la contrée	die Region	words	B2	noun	f	Allgemein	contrée	0.48
le clavier	die Tastatur	words	B2	noun	m	Medien & Technik	clavier	0.48
le casino	das Casino	words	B2	noun	m	Allgemein	casino	0.47
le chiffon	das Tuch	words	B2	noun	m	Allgemein	chiffon	0.47
la diagonale	die Diagonale	words	B2	noun	f	Allgemein	diagonale	0.47
frugal	sparsam	words	B2	adjective		Allgemein	frugal	0.47
le humus	der Humus	words	B2	noun	m	Essen & Trinken	humus	0.47
pianoter	klimpern	words	B2	verb		Musik	pianoter	0.47
le possesseur	der Besitzer	words	B2	noun	m	Allgemein	possesseur	0.47
triple	dreifach	words	B2	adjective		Zahlen & Mengen	triple	0.47
assécher	austrocknen	words	B2	verb		Allgemein	assécher	0.47
la rafale	der Windstoß	words	B2	noun	f	Wetter & Jahreszeiten	rafale	0.47
tacher	beflecken	words	B2	verb		Allgemein	tacher	0.47
le sieur	der Herr	words	B2	noun	m	Allgemein	sieur	0.46
le marcheur	der Wanderer	words	B2	noun	m	Freizeit & Hobbys	marcheur	0.46
le tissage	das Weben	words	B2	noun	m	Allgemein	tissage	0.46
compromettre	gefährden	words	B2	verb		Allgemein	compromettre	0.46
déplier	entfalten	words	B2	verb		Allgemein	déplier	0.46
humilier	erniedrigen	words	B2	verb		Allgemein	humilier	0.46
ruser	tricksen	words	B2	verb		Allgemein	ruser	0.46
le bâillement	das Gähnen	words	B2	noun	m	Körper & Gesundheit	bâillement	0.46
le vitrail	das Kirchenfenster	words	B2	noun	m	Allgemein	vitrail	0.46
la sentinelle	der Wächter	words	B2	noun	f	Allgemein	sentinelle	0.46
la divinité	die Gottheit	words	B2	noun	f	Allgemein	divinité	0.46
aventureux	abenteuerlich	words	B2	adjective		Allgemein	aventureux	0.46
contrarier	ärgern	words	B2	verb		Allgemein	contrarier	0.45
le joyau	der Juwel	words	B2	noun	m	Allgemein	joyau	0.45
la péninsule	die Halbinsel	words	B2	noun	f	Allgemein	péninsule	0.45
la marmotte	das Murmeltier	words	B2	noun	f	Tiere & Natur	marmotte	0.45
l'ail	der Knoblauch	words	B2	noun	m	Essen & Trinken	ail	0.45
harmoniser	harmonisieren	words	B2	verb		Musik	harmoniser	0.45
l'électricien	der Elektriker	words	B2	noun	m	Arbeit & Beruf	électricien	0.45
la samba	der Samba	words	B2	noun	f	Musik	samba	0.45
rider	reiten	words	B2	verb		Sport	rider	0.44
intermittent	unregelmäßig	words	B2	adjective		Allgemein	intermittent	0.44
le mendiant	der Bettler	words	B2	noun	m	Allgemein	mendiant	0.44
le retrouve	das Wiederfinden	words	B2	noun	m	Allgemein	retrouve	0.44
le tournage	die Dreharbeiten	words	C1	noun	m	Medien & Technik	tournage	0.43
le calice	der Kelch	words	C1	noun	m	Allgemein	calice	0.43
adhésif	klebrig	words	C1	adjective		Allgemein	adhésif	0.43
l'anesthésiste	der Anästhesist	words	C1	noun	m	Allgemein	anesthésiste	0.43
chimiquement	chemisch	words	C1	adverb		Allgemein	chimiquement	0.43
la culpabilité	die Schuld	words	C1	noun	f	Gefühle & Charakter	culpabilité	0.43
le diesel	der Diesel	words	C1	noun	m	Allgemein	diesel	0.43
la distillation	die Destillation	words	C1	noun	f	Allgemein	distillation	0.43
déployer	entfalten	words	C1	verb		Allgemein	déployer	0.43
encontre	gegen	words	C1	adverb		Allgemein	encontre	0.43
l'expérimentateur	der Experimentator	words	C1	noun	m	Allgemein	expérimentateur	0.43
gracier	begnadigen	words	C1	verb		Allgemein	gracier	0.43
hertzien	hertzisch	words	C1	adjective		Allgemein	hertzien	0.43
idéologique	ideologisch	words	C1	adjective		Allgemein	idéologique	0.43
irréparable	unwiederbringlich	words	C1	adjective		Allgemein	irréparable	0.43
la muqueuse	die Schleimhaut	words	C1	noun	f	Körper & Gesundheit	muqueuse	0.43
naissant	entstehend	words	C1	adjective		Allgemein	naissant	0.43
le neutron	das Neutron	words	C1	noun	m	Allgemein	neutron	0.43
la palette	die Palette	words	C1	noun	f	Allgemein	palette	0.43
la parfumerie	die Parfümerie	words	C1	noun	f	Essen & Trinken	parfumerie	0.43
le pigment	das Pigment	words	C1	noun	m	Allgemein	pigment	0.43
la pulpe	das Fruchtfleisch	words	C1	noun	f	Essen & Trinken	pulpe	0.43
répercuter	widerhallen	words	C1	verb		Allgemein	répercuter	0.43
la résine	die Harz	words	C1	noun	f	Allgemein	résine	0.43
la résonance	die Resonanz	words	C1	noun	f	Allgemein	résonance	0.43
réversible	umkehrbar	words	C1	adjective		Allgemein	réversible	0.43
sismique	seismisch	words	C1	adjective		Allgemein	sismique	0.43
stressant	stressig	words	C1	adjective		Allgemein	stressant	0.43
la supraconductivité	die Supraleitung	words	C1	noun	f	Allgemein	supraconductivité	0.43
le tournesol	die Sonnenblume	words	C1	noun	m	Tiere & Natur	tournesol	0.43
le typhus	der Typhus	words	C1	noun	m	Körper & Gesundheit	typhus	0.43
minutieusement	gründlich	words	C1	adverb		Allgemein	minutieusement	0.43
le sauvetage	die Rettung	words	C1	noun	m	Allgemein	sauvetage	0.42
l'accroche	der Aufhänger	words	C1	noun	f	Allgemein	accroche	0.42
contredire	widersprechen	words	C1	verb		Allgemein	contredire	0.42
grièvement	schwer	words	C1	adverb		Körper & Gesundheit	grièvement	0.42
engouffrer	hineinstürzen	words	C1	verb		Allgemein	engouffrer	0.41
la poterie	die Töpferei	words	C1	noun	f	Allgemein	poterie	0.41
la météorite	der Meteorit	words	C1	noun	f	Allgemein	météorite	0.40
apeurer	ängstigen	words	C1	verb		Allgemein	apeurer	0.40
broyer	zerkleinern	words	C1	verb		Allgemein	broyer	0.40
la lavande	der Lavendel	words	C1	noun	f	Essen & Trinken	lavande	0.40
tacheter	flecken	words	C1	verb		Allgemein	tacheter	0.40
la capsule	die Kapsel	words	C1	noun	f	Allgemein	capsule	0.40
le volley-ball	der Volleyball	words	C1	noun	m	Sport	volley-ball	0.40
intensifier	intensivieren	words	C1	verb		Allgemein	intensifier	0.39
ducal	herzoglich	words	C1	adjective		Allgemein	ducal	0.39
solidement	fest	words	C1	adverb		Allgemein	solidement	0.39
cathare	katharisch	words	C1	adjective		Allgemein	cathare	0.39
le cheikh	der Scheich	words	C1	noun	m	Allgemein	cheikh	0.39
le toréador	der Torero	words	C1	noun	m	Allgemein	toréador	0.39
l'effondrement	der Zusammenbruch	words	C1	noun	m	Allgemein	effondrement	0.39
la pénicilline	das Penicillin	words	C1	noun	f	Körper & Gesundheit	pénicilline	0.39
le préposé	der Beauftragte	words	C1	noun	m	Arbeit & Beruf	préposé	0.39
le rhinocéros	das Nashorn	words	C1	noun	m	Tiere & Natur	rhinocéros	0.39
le cadran	das Ziffernblatt	words	C1	noun	m	Allgemein	cadran	0.39
réussi	erfolgreich	words	C1	adjective		Allgemein	réussi	0.39
le zodiaque	der Tierkreis	words	C1	noun	m	Allgemein	zodiaque	0.39
la vodka	der Wodka	words	C1	noun	f	Essen & Trinken	vodka	0.39
le chrysanthème	die Chrysantheme	words	C1	noun	m	Tiere & Natur	chrysanthème	0.38
la théière	die Teekanne	words	C1	noun	f	Essen & Trinken	théière	0.38
intelligemment	intelligent	words	C1	adverb		Allgemein	intelligemment	0.37
recouper	überlappen	words	C1	verb		Allgemein	recouper	0.37
le chapardeur	der Dieb	words	C1	noun	m	Allgemein	chapardeur	0.37
le téléphérique	die Seilbahn	words	C1	noun	m	Stadt & Verkehr	téléphérique	0.37
le boisage	die Holzverkleidung	words	C1	noun	m	Wohnen & Haus	boisage	0.37
l'affichage	die Anzeige	words	C1	noun	m	Allgemein	affichage	0.36
l'éminence	die Eminenz	words	C1	noun	f	Allgemein	éminence	0.36
l'épuisement	die Erschöpfung	words	C1	noun	m	Körper & Gesundheit	épuisement	0.36
harceler	belästigen	words	C1	verb		Allgemein	harceler	0.35
l'orbite	die Umlaufbahn	words	C1	noun	f	Allgemein	orbite	0.35
l'apôtre	der Apostel	words	C1	noun	m	Allgemein	apôtre	0.35
lunaire	mondartig	words	C1	adjective		Allgemein	lunaire	0.35
chilien	chilenisch	words	C1	adjective		Allgemein	chilien	0.34
le contour	der Umriss	words	C1	noun	m	Allgemein	contour	0.34
rétrécir	verkleinern	words	C1	verb		Allgemein	rétrécir	0.34
la flèche	der Pfeil	words	C1	noun	f	Allgemein	flèche	0.34
transpercer	durchbohren	words	C1	verb		Allgemein	transpercer	0.34
douzième	zwölft	words	C1	adjective		Zahlen & Mengen	douzième	0.34
inspecter	inspizieren	words	C1	verb		Allgemein	inspecter	0.34
la contrebande	der Schmuggel	words	C1	noun	f	Allgemein	contrebande	0.33
le picador	der Picador	words	C1	noun	m	Allgemein	picador	0.33
le régiment	das Regiment	words	C1	noun	m	Allgemein	régiment	0.33
le festin	das Festmahl	words	C1	noun	m	Essen & Trinken	festin	0.33
professionnellement	beruflich	words	C1	adverb		Allgemein	professionnellement	0.33
nataliste	geburtenfördernd	words	C1	adjective		Allgemein	nataliste	0.33
le futurologue	der Futurologe	words	C1	noun	m	Allgemein	futurologue	0.33
le cornichon	die Gewürzgurke	words	C1	noun	m	Essen & Trinken	cornichon	0.32
la cuvette	die Schüssel	words	C1	noun	f	Essen & Trinken	cuvette	0.32
le garde-chasse	der Wildhüter	words	C1	noun	m	Allgemein	garde-chasse	0.32
le gland	die Eichel	words	C1	noun	m	Tiere & Natur	gland	0.31
tutoyer	duzen	words	C1	verb		Begrüßung & Höflichkeit	tutoyer	0.31
le rital	der Italiener	words	C1	noun	m	Allgemein	rital	0.30
l'aliénation	die Entfremdung	words	C1	noun	f	Allgemein	aliénation	0.29
amazonien	amazonisch	words	C1	adjective		Allgemein	amazonien	0.29
l'angine	die Angina	words	C1	noun	f	Körper & Gesundheit	angine	0.29
antimicrobien	antimikrobiell	words	C1	adjective		Körper & Gesundheit	antimicrobien	0.29
certifier	zertifizieren	words	C1	verb		Allgemein	certifier	0.29
le dépassement	der Überschuss	words	C1	noun	m	Allgemein	dépassement	0.29
le ghetto	das Ghetto	words	C1	noun	n	Allgemein	ghetto	0.29
le phytoplancton	das Phytoplankton	words	C1	noun	n	Tiere & Natur	phytoplancton	0.29
prescrire	verschreiben	words	C1	verb		Körper & Gesundheit	prescrire	0.29
le barman	der Barkeeper	words	C1	noun	m	Essen & Trinken	barman	0.29
l'alambic	der Destillierapparat	words	C1	noun	m	Essen & Trinken	alambic	0.29
analogique	analog	words	C1	adjective		Medien & Technik	analogique	0.29
l'annulaire	der Ringfinger	words	C1	noun	m	Körper & Gesundheit	annulaire	0.29
arroger	anmaßen	words	C1	verb		Allgemein	arroger	0.29
assommer	erschlagen	words	C1	verb		Allgemein	assommer	0.29
atypique	atypisch	words	C1	adjective		Allgemein	atypique	0.29
l'authentification	die Authentifizierung	words	C1	noun	f	Medien & Technik	authentification	0.29
autobiographique	autobiografisch	words	C1	adjective		Allgemein	autobiographique	0.29
batailler	kämpfen	words	C1	verb		Allgemein	batailler	0.29
la biométrie	die Biometrie	words	C1	noun	f	Körper & Gesundheit	biométrie	0.29
birman	birmanisch	words	C1	adjective		Allgemein	birman	0.29
le bitume	der Asphalt	words	C1	noun	m	Allgemein	bitume	0.29
condenser	kondensieren	words	C1	verb		Allgemein	condenser	0.29
le conifère	der Nadelbaum	words	C1	noun	m	Tiere & Natur	conifère	0.29
contaminer	kontaminieren	words	C1	verb		Körper & Gesundheit	contaminer	0.29
contractuel	vertraglich	words	C1	adjective		Allgemein	contractuel	0.29
la contrefaçon	die Fälschung	words	C1	noun	f	Allgemein	contrefaçon	0.29
le copyright	das Urheberrecht	words	C1	noun	m	Allgemein	copyright	0.29
créoliser	kreolisieren	words	C1	verb		Allgemein	créoliser	0.29
la culbute	der Purzelbaum	words	C1	noun	f	Freizeit & Hobbys	culbute	0.29
la cuve	der Behälter	words	C1	noun	f	Allgemein	cuve	0.29
la datation	die Datierung	words	C1	noun	f	Allgemein	datation	0.29
le destinataire	der Empfänger	words	C1	noun	m	Allgemein	destinataire	0.29
le déluge	die Flut	words	C1	noun	m	Wetter & Jahreszeiten	déluge	0.29
le démarrage	der Start	words	C1	noun	m	Allgemein	démarrage	0.29
la démoustication	die Mückenbekämpfung	words	C1	noun	f	Körper & Gesundheit	démoustication	0.29
l'errance	die Umherirrung	words	C1	noun	f	Allgemein	errance	0.29
estampiller	stempeln	words	C1	verb		Allgemein	estampiller	0.29
l'exemplarité	die Vorbildlichkeit	words	C1	noun	f	Allgemein	exemplarité	0.29
le faisceau	der Strahl	words	C1	noun	m	Allgemein	faisceau	0.29
filiaire	drahtgebunden	words	C1	adjective		Allgemein	filaire	0.29
flexible	flexibel	words	C1	adjective		Allgemein	flexible	0.29
la girafe	die Giraffe	words	C1	noun	f	Tiere & Natur	girafe	0.29
gravé	graviert	words	C1	adjective		Allgemein	gravé	0.29
hypnotique	hypnotisch	words	C1	adjective		Körper & Gesundheit	hypnotique	0.29
incarcérer	inhaftieren	words	C1	verb		Allgemein	incarcérer	0.29
intensément	intensiv	words	C1	adverb		Allgemein	intensément	0.29
intercommunal	interkommunal	words	C1	adjective		Allgemein	intercommunal	0.29
laquer	lackieren	words	C1	verb		Allgemein	laquer	0.29
la lésion	die Verletzung	words	C1	noun	f	Körper & Gesundheit	lésion	0.29
le méthanol	der Methanol	words	C1	noun	m	Allgemein	méthanol	0.29
napoléonien	napoleonisch	words	C1	adjective		Allgemein	napoléonien	0.29
notoire	bekannt	words	C1	adjective		Allgemein	notoire	0.29
numériser	digitalisieren	words	C1	verb		Medien & Technik	numériser	0.29
l'osssement	der Knochen	words	C1	noun	m	Körper & Gesundheit	ossement	0.29
le paon	der Pfau	words	C1	noun	m	Tiere & Natur	paon	0.29
la parabole	die Parabel	words	C1	noun	f	Allgemein	parabole	0.29
la perfusion	die Infusion	words	C1	noun	f	Körper & Gesundheit	perfusion	0.29
la perpétuité	die Ewigkeit	words	C1	noun	f	Allgemein	perpétuité	0.29
le pistachier	der Pistazienbaum	words	C1	noun	m	Tiere & Natur	pistachier	0.29
a posteriori	im Nachhinein	words	C1	adverb		Allgemein	posteriori	0.29
le pétale	der Blütenblatt	words	C1	noun	m	Tiere & Natur	pétale	0.29
le quid	das Ding	words	C1	pronoun	n	Allgemein	quid	0.29
le ras-le-bol	die Schnauze voll	words	C1	noun	m	Allgemein	ras-le-bol	0.29
rétribuer	vergüten	words	C1	verb		Arbeit & Beruf	rétribuer	0.29
le scanner	der Scanner	words	C1	noun	m	Medien & Technik	scanner	0.29
le serpentin	der Luftschlauch	words	C1	noun	m	Allgemein	serpentin	0.29
la similitude	die Ähnlichkeit	words	C1	noun	f	Allgemein	similitude	0.29
le spectre	das Spektrum	words	C1	noun	m	Allgemein	spectre	0.29
le stylet	der Stift	words	C1	noun	m	Allgemein	stylet	0.29
submerger	überfluten	words	C1	verb		Allgemein	submerger	0.29
swahili	swahili	words	C1	adjective		Allgemein	swahili	0.29
le tampon	der Stempel	words	C1	noun	m	Allgemein	tampon	0.29
le théoricien	der Theoretiker	words	C1	noun	m	Allgemein	théoricien	0.29
ventiler	belüften	words	C1	verb		Allgemein	ventiler	0.29
viral	viral	words	C1	adjective		Allgemein	viral	0.29
l'ébauche	der Entwurf	words	C1	noun	f	Allgemein	ébauche	0.29
émaner	ausströmen	words	C1	verb		Allgemein	émaner	0.29
l'épidémiologiste	der Epidemiologe	words	C1	noun	m	Körper & Gesundheit	épidémiologiste	0.29
épineux	dornig	words	C1	adjective		Allgemein	épineux	0.29
étrenner	einweihen	words	C1	verb		Allgemein	étrenner	0.29
le poireau	der Lauch	words	C1	noun	m	Essen & Trinken	poireau	0.28
l'adjudant	der Adjutant	words	C1	noun	m	Allgemein	adjudant	0.28
la malaga	die Malaga	words	C1	noun	f	Allgemein	malaga	0.28
le luth	der Lauten	words	C1	noun	m	Allgemein	luth	0.28
l'absentéisme	die Abwesenheit	words	C1	noun	m	Allgemein	absentéisme	0.27
la fine	die feine	words	C1	noun	f	Allgemein	fine	0.27
l'orang-outan	der Orang-Utan	words	C1	noun	m	Tiere & Natur	orang-outan	0.26
le droguiste	der Drogist	words	C1	noun	m	Arbeit & Beruf	droguiste	0.26
la purée	die Püree	words	C1	noun	f	Essen & Trinken	purée	0.26
circadien	zirkadian	words	C1	adjective		Allgemein	circadien	0.25
le beaujolais	der Beaujolais	words	C1	noun	m	Essen & Trinken	beaujolais	0.24
le rivet	der Niet	words	C1	noun	m	Allgemein	rivet	0.24
la baignade	das Baden	words	C1	noun	f	Freizeit & Hobbys	baignade	0.23
la lime	die Feile	words	C1	noun	f	Allgemein	lime	0.22
le tercio	das Tercio	words	C1	noun	m	Allgemein	tercio	0.22
le verlan	der Verlan	words	C1	noun	m	Allgemein	verlan	0.22
la joute	das Turnier	words	C1	noun	f	Sport	joute	0.22
le binocle	die Brille	words	C1	noun	m	Allgemein	binocle	0.21
le cric	der Wagenheber	words	C1	noun	m	Allgemein	cric	0.21
l'infirmerie	die Krankenstation	words	C1	noun	f	Körper & Gesundheit	infirmerie	0.21
martien	marsianisch	words	C1	adjective		Allgemein	martien	0.20
l'octet	das Oktett	words	C1	noun	m	Allgemein	octet	0.20
la résiliation	die Kündigung	words	C1	noun	f	Allgemein	résiliation	0.20
la totalité	die Gesamtheit	words	C1	noun	f	Allgemein	totalité	0.20
le transistor	der Transistor	words	C1	noun	m	Medien & Technik	transistor	0.20
échéant	fällig	words	C1	adjective		Allgemein	échéant	0.20
l'antipathie	die Antipathie	words	C1	noun	f	Gefühle & Charakter	antipathie	0.20
le bourgmestre	der Bürgermeister	words	C1	noun	m	Allgemein	bourgmestre	0.20
l'empoisonnement	die Vergiftung	words	C1	noun	n	Körper & Gesundheit	empoisonnement	0.20
l'extraterrestre	der Außerirdische	words	C1	noun	m	Allgemein	extraterrestre	0.20
l'absorption	die Absorption	words	C1	noun	f	Allgemein	absorption	0.20
abusif	missbräuchlich	words	C1	adjective		Allgemein	abusif	0.20
l'aggravation	die Verschärfung	words	C1	noun	f	Allgemein	aggravation	0.20
ambiant	umgebend	words	C1	adjective		Allgemein	ambiant	0.20
l'aérosol	das Aerosol	words	C1	noun	n	Allgemein	aérosol	0.20
bactérien	bakteriell	words	C1	adjective		Körper & Gesundheit	bactérien	0.20
le camouflage	die Tarnung	words	C1	noun	m	Allgemein	camouflage	0.20
la carence	der Mangel	words	C1	noun	f	Körper & Gesundheit	carence	0.20
le cobaye	der Meerschweinchen	words	C1	noun	m	Tiere & Natur	cobaye	0.20
la cuirasse	die Panzerung	words	C1	noun	f	Allgemein	cuirasse	0.20
la directive	die Richtlinie	words	C1	noun	f	Allgemein	directive	0.20
déculpabiliser	entlasten	words	C1	verb		Allgemein	déculpabiliser	0.20
dédramatiser	entdramatisieren	words	C1	verb		Allgemein	dédramatiser	0.20
le dérapage	der Ausrutscher	words	C1	noun	m	Allgemein	dérapage	0.20
le dérèglement	die Störung	words	C1	noun	m	Allgemein	dérèglement	0.20
la désapprobation	die Missbilligung	words	C1	noun	f	Allgemein	désapprobation	0.20
envisageable	vorstellbar	words	C1	adjective		Allgemein	envisageable	0.20
l'exergue	das Exergue	words	C1	noun	n	Allgemein	exergue	0.20
l'express	der Express	words	C1	noun	m	Allgemein	express	0.20
graduellement	allmählich	words	C1	adverb		Allgemein	graduellement	0.20
hospitalo-universitaire	krankenhausuniversitär	words	C1	adjective		Körper & Gesundheit	hospitalo-universitaire	0.20
l'hostilité	die Feindseligkeit	words	C1	noun	f	Allgemein	hostilité	0.20
l'interactivité	die Interaktivität	words	C1	noun	f	Allgemein	interactivité	0.20
intégrant	integrierend	words	C1	adjective		Allgemein	intégrant	0.20
marteler	hämmern	words	C1	verb		Allgemein	marteler	0.20
miner	untergraben	words	C1	verb		Allgemein	miner	0.20
modéré	mäßig	words	C1	adjective		Allgemein	modéré	0.20
le multiculturalisme	der Multikulturalismus	words	C1	noun	m	Allgemein	multiculturalisme	0.20
neuvième	neunte	words	C1	adjective		Zahlen & Mengen	neuvième	0.20
nuisible	schädlich	words	C1	adjective		Allgemein	nuisible	0.20
occulter	verdecken	words	C1	verb		Allgemein	occulter	0.20
l'océanographe	der Ozeanograph	words	C1	noun	m	Wissenschaft	océanographe	0.20
le pessimisme	der Pessimismus	words	C1	noun	m	Allgemein	pessimisme	0.20
raccourcir	verkürzen	words	C1	verb		Allgemein	raccourcir	0.20
la réactivité	die Reaktivität	words	C1	noun	f	Allgemein	réactivité	0.20
la résurgence	die Wiederauflebung	words	C1	noun	f	Allgemein	résurgence	0.20
rééditer	neu herausgeben	words	C1	verb		Allgemein	rééditer	0.20
la strate	die Schicht	words	C1	noun	f	Allgemein	strate	0.20
subliminal	subliminal	words	C1	adjective		Allgemein	subliminal	0.20
trophique	trophisch	words	C1	adjective		Allgemein	trophique	0.20
la dragée	die Dragée	words	C1	noun	f	Essen & Trinken	dragée	0.19
la gemme	der Edelstein	words	C1	noun	f	Allgemein	gemme	0.19
l'agressivité	die Aggressivität	words	C1	noun	f	Allgemein	agressivité	0.18
le cendrier	der Aschenbecher	words	C1	noun	m	Allgemein	cendrier	0.18
chaparder	stehlen	words	C1	verb		Allgemein	chaparder	0.18
l'incapacité	die Unfähigkeit	words	C1	noun	f	Allgemein	incapacité	0.18
inhaler	inhalieren	words	C1	verb		Körper & Gesundheit	inhaler	0.18
intestinal	intestinal	words	C1	adjective		Körper & Gesundheit	intestinal	0.18
le paludisme	die Malaria	words	C1	noun	m	Körper & Gesundheit	paludisme	0.18
l'évocation	die Erwähnung	words	C1	noun	f	Allgemein	évocation	0.18
le gréviste	der Streikende	words	C1	noun	m	Allgemein	gréviste	0.18
la baignoire	die Badewanne	words	C1	noun	f	Wohnen & Haus	baignoire	0.18
farcir	füllen	words	C1	verb		Essen & Trinken	farcir	0.18
la brioche	die Brioche	words	C1	noun	f	Essen & Trinken	brioche	0.18
le célibat	die Ehelosigkeit	words	C1	noun	m	Allgemein	célibat	0.18
réalisable	realisierbar	words	C1	adjective		Allgemein	réalisable	0.18
inexplicable	unverständlich	words	C1	adjective		Allgemein	inexplicable	0.17
lyrique	lyrisch	words	C1	adjective		Allgemein	lyrique	0.17
le matador	der Matador	words	C1	noun	m	Allgemein	matador	0.17
l'opéra-comique	das Opéra-Comique	words	C1	noun	n	Allgemein	opéra-comique	0.17
la venta	die Venta	words	C1	noun	f	Allgemein	venta	0.17
l'épinglette	die Anstecknadel	words	C1	noun	f	Allgemein	épinglette	0.17
la charade	die Charade	words	C1	noun	f	Freizeit & Hobbys	charade	0.16
le green	der Golfplatz	words	C1	noun	m	Sport	green	0.16
le repasseur	der Bügler	words	C1	noun	m	Allgemein	repasseur	0.15
le mazet	das Mazet	words	C1	noun	m	Allgemein	mazet	0.15
strident	grell	words	C1	adjective		Allgemein	strident	0.15
la citrouille	die Kürbis	words	C1	noun	f	Essen & Trinken	citrouille	0.15
l'académisme	der Akademismus	words	C1	noun	m	Allgemein	académisme	0.14
l'accouchement	die Geburt	words	C1	noun	m	Körper & Gesundheit	accouchement	0.14
acoustique	akustisch	words	C1	noun		Allgemein	acoustique	0.14
l'additif	das Additiv	words	C1	noun	m	Essen & Trinken	additif	0.14
admiratif	bewundernd	words	C1	adjective		Gefühle & Charakter	admiratif	0.14
adosser	anlehnen	words	C1	verb		Allgemein	adosser	0.14
adultère	ehebrecherisch	words	C1	adjective		Allgemein	adultère	0.14
affolant	verwirrend	words	C1	adjective		Allgemein	affolant	0.14
l'aggiornamento	das Aktualisierung	words	C1	noun	m	Allgemein	aggiornamento	0.14
agoniser	agoniere	words	C1	verb		Allgemein	agoniser	0.14
l'agrégat	das Aggregat	words	C1	noun	m	Allgemein	agrégat	0.14
l'agrégation	die Aggregation	words	C1	noun	f	Allgemein	agrégation	0.14
aguicheur	verführerisch	words	C1	adjective		Allgemein	aguicheur	0.14
l'airbus	der Airbus	words	C1	noun	m	Stadt & Verkehr	airbus	0.14
l'ajout	die Hinzufügung	words	C1	noun	m	Allgemein	ajout	0.14
l'aldéhyde	das Aldehyd	words	C1	noun	m	Allgemein	aldéhyde	0.14
allogène	fremd	words	C1	adjective		Allgemein	allogène	0.14
l'analgésie	die Analgesie	words	C1	noun	f	Körper & Gesundheit	analgésie	0.14
l'ancrage	die Verankerung	words	C1	noun	m	Allgemein	ancrage	0.14
l'anomie	die Anomie	words	C1	noun	f	Allgemein	anomie	0.14
antalgique	schmerzlindern	words	C1	adjective		Körper & Gesundheit	antalgique	0.14
anti-inflammatoire	entzündungshemmend	words	C1	noun		Körper & Gesundheit	anti-inflammatoire	0.14
antiviral	antiviral	words	C1	adjective		Körper & Gesundheit	antiviral	0.14
le antivol	der Diebstahlschutz	words	C1	noun	m	Allgemein	antivol	0.14
l'anus	der Anus	words	C1	noun	m	Körper & Gesundheit	anus	0.14
l'approvisionnement	die Versorgung	words	C1	noun	m	Allgemein	approvisionnement	0.14
l'appuie-tête	das Kopfstütze	words	C1	noun	m	Allgemein	appuie-tête	0.14
arabique	arabisch	words	C1	adjective		Allgemein	arabique	0.14
l'archevêché	das Erzbistum	words	C1	noun	n	Allgemein	archevêché	0.14
l'argile	der Ton	words	C1	noun	f	Allgemein	argile	0.14
l'arrachage	die Herausreißung	words	C1	noun	m	Allgemein	arrachage	0.14
l'arrière-garde	die Nachhut	words	C1	noun	f	Allgemein	arrière-garde	0.14
l'arrosoir	die Gießkanne	words	C1	noun	f	Wohnen & Haus	arrosoir	0.14
articulaire	gelenkig	words	C1	adjective		Körper & Gesundheit	articulaire	0.14
assis	sitzend	words	C1	adjective		Körper & Gesundheit	assis	0.14
assyrien	assyrisch	words	C1	adjective		Allgemein	assyrien	0.14
astreindre	zwingen	words	C1	verb		Allgemein	astreindre	0.14
attaquant	angreifend	words	C1	adjective		Allgemein	attaquant	0.14
attentionner	aufmerksam machen	words	C1	verb		Allgemein	attentionner	0.14
attiser	anheizen	words	C1	verb		Allgemein	attiser	0.14
auditif	auditiv	words	C1	adjective		Körper & Gesundheit	auditif	0.14
auréoler	umkränzen	words	C1	verb		Allgemein	auréoler	0.14
authentifier	authentifizieren	words	C1	verb		Allgemein	authentifier	0.14
l'autobiographie	die Autobiografie	words	C1	noun	f	Allgemein	autobiographie	0.14
l'autoradio	das Autoradio	words	C1	noun	n	Medien & Technik	autoradio	0.14
l'avare	der Geizige	words	C1	noun	m	Allgemein	avare	0.14
l'avidité	die Gier	words	C1	noun	f	Allgemein	avidité	0.14
avilissant	erniedrigend	words	C1	adjective		Allgemein	avilissant	0.14
baguer	verloben	words	C1	verb		Allgemein	baguer	0.14
balsamique	balsamisch	words	C1	adjective		Essen & Trinken	balsamique	0.14
la barrette	die Haarspange	words	C1	noun	f	Kleidung & Mode	barrette	0.14
barricader	barrikadieren	words	C1	verb		Allgemein	barricader	0.14
le baume	der Balsam	words	C1	noun	m	Körper & Gesundheit	baume	0.14
le belvédère	der Belvedere	words	C1	noun	m	Wohnen & Haus	belvédère	0.14
le benzène	das Benzin	words	C1	noun	n	Allgemein	benzène	0.14
bigarré	bunt	words	C1	adjective		Farben & Formen	bigarré	0.14
le blanchiment	die Aufhellung	words	C1	noun	m	Allgemein	blanchiment	0.14
blet	überreif	words	C1	adjective		Essen & Trinken	blet	0.14
boisé	waldig	words	C1	adjective		Tiere & Natur	boisé	0.14
bouder	schmollen	words	C1	verb		Gefühle & Charakter	bouder	0.14
boudeur	schmollend	words	C1	adjective		Gefühle & Charakter	boudeur	0.14
bouffé	aufgebläht	words	C1	adjective		Körper & Gesundheit	bouffé	0.14
le bouleau	die Birke	words	C1	noun	m	Tiere & Natur	bouleau	0.14
le bourdonnement	das Summen	words	C1	noun	n	Allgemein	bourdonnement	0.14
la bousculade	die Drängelei	words	C1	noun	f	Allgemein	bousculade	0.14
bouter	stoßen	words	C1	verb		Allgemein	bouter	0.14
le brai	der Pech	words	C1	noun	m	Allgemein	brai	0.14
brailler	schreien	words	C1	verb		Allgemein	brailler	0.14
le brandon	der Fackel	words	C1	noun	m	Allgemein	brandon	0.14
brandonner	brandmarken	words	C1	verb		Allgemein	brandonner	0.14
branlant	wackelig	words	C1	adjective		Allgemein	branlant	0.14
le braqueur	der Räuber	words	C1	noun	m	Allgemein	braqueur	0.14
le brasier	das Feuer	words	C1	noun	m	Allgemein	brasier	0.14
bullir	brodeln	words	C1	verb		Allgemein	buller	0.14
le bureaucrate	der Bürokrat	words	C1	noun	m	Arbeit & Beruf	bureaucrate	0.14
le butane	das Butan	words	C1	noun	n	Allgemein	butane	0.14
le bâtonnet	der Stäbchen	words	C1	noun	m	Allgemein	bâtonnet	0.14
le bénédictin	der Benediktiner	words	C1	noun	m	Allgemein	bénédictin	0.14
calciner	veraschen	words	C1	verb		Allgemein	calciner	0.14
la cale	die Klappe	words	C1	noun	f	Allgemein	cale	0.14
calfater	abdichten	words	C1	verb		Allgemein	calfater	0.14
le cannibale	der Kannibale	words	C1	noun	m	Allgemein	cannibale	0.14
la capillarité	die Kapillarität	words	C1	noun	f	Allgemein	capillarité	0.14
le capitule	der Kapitular	words	C1	noun	m	Allgemein	capitule	0.14
la caravane	die Karawane	words	C1	noun	f	Reisen & Urlaub	caravane	0.14
le cargo	das Cargo	words	C1	noun	n	Allgemein	cargo	0.14
la caténaire	die Oberleitung	words	C1	noun	f	Stadt & Verkehr	caténaire	0.14
la cavale	die Flucht	words	C1	noun	f	Allgemein	cavale	0.14
la cession	die Abtretung	words	C1	noun	f	Allgemein	cession	0.14
chantonner	summen	words	C1	verb		Allgemein	chantonner	0.14
le chapon	der Kapaun	words	C1	noun	m	Essen & Trinken	chapon	0.14
le chardonneret	der Stieglitz	words	C1	noun	m	Tiere & Natur	chardonneret	0.14
la charpentière	die Zimmerin	words	C1	noun	f	Arbeit & Beruf	charpentière	0.14
la chauve-souris	die Fledermaus	words	C1	noun	f	Tiere & Natur	chauve-souris	0.14
le chi	der Chi	words	C1	noun	m	Allgemein	chi	0.14
la chiffe	der Lumpen	words	C1	noun	f	Allgemein	chiffe	0.14
la chloration	die Chloration	words	C1	noun	f	Allgemein	chloration	0.14
la chromatographie	die Chromatographie	words	C1	noun	f	Allgemein	chromatographie	0.14
civiliser	zivilisieren	words	C1	verb		Allgemein	civiliser	0.14
le claquement	der Knall	words	C1	noun	m	Allgemein	claquement	0.14
classiquement	klassisch	words	C1	adverb		Allgemein	classiquement	0.14
le clignement	das Blinzeln	words	C1	noun	n	Körper & Gesundheit	clignement	0.14
cloisonner	abteilen	words	C1	verb		Allgemein	cloisonner	0.14
le clone	der Klon	words	C1	noun	m	Allgemein	clone	0.14
la clémence	die Nachsicht	words	C1	noun	f	Gefühle & Charakter	clémence	0.14
coaguler	gerinnen	words	C1	verb		Allgemein	coaguler	0.14
collagène	kollagen	words	C1	adjective		Allgemein	collagène	0.14
la collecte	die Sammlung	words	C1	noun	f	Allgemein	collecte	0.14
collégial	kollegial	words	C1	adjective		Allgemein	collégial	0.14
la commercialisation	die Vermarktung	words	C1	noun	f	Einkaufen & Geld	commercialisation	0.14
le communiant	der Kommuniant	words	C1	noun	m	Allgemein	communiant	0.14
communicable	kommunizierbar	words	C1	adjective		Allgemein	communicable	0.14
la compatibilité	die Kompatibilität	words	C1	noun	f	Allgemein	compatibilité	0.14
composite	komposit	words	C1	adjective		Allgemein	composite	0.14
composter	kompostieren	words	C1	verb		Allgemein	composter	0.14
la concavité	die Konkavität	words	C1	noun	f	Allgemein	concavité	0.14
concluant	schlussfolgernd	words	C1	adjective		Allgemein	concluant	0.14
concordant	übereinstimmend	words	C1	adjective		Allgemein	concordant	0.14
concorde	übereinstimmen	words	C1	verb		Allgemein	concorder	0.14
conditionnel	konditional	words	C1	adjective		Grammatik & Struktur	conditionnel	0.14
le confinement	der Lockdown	words	C1	noun	m	Allgemein	confinement	0.14
congolais	kongolesisch	words	C1	adjective		Allgemein	congolais	0.14
la congélation	die Gefrierung	words	C1	noun	f	Essen & Trinken	congélation	0.14
consultable	einsehbar	words	C1	adjective		Allgemein	consultable	0.14
contemplatif	kontemplativ	words	C1	adjective		Allgemein	contemplatif	0.14
la contemplation	die Kontemplation	words	C1	noun	f	Allgemein	contemplation	0.14
le contresens	der Fehlschluss	words	C1	noun	m	Allgemein	contresens	0.14
la convergence	die Konvergenz	words	C1	noun	f	Allgemein	convergence	0.14
coopérer	kooperieren	words	C1	verb		Allgemein	coopérer	0.14
la coquetterie	die Eitelkeit	words	C1	noun	f	Allgemein	coquetterie	0.14
cosmétique	kosmetisch	words	C1	adjective		Allgemein	cosmétique	0.14
cossu	wohlhabend	words	C1	adjective		Allgemein	cossu	0.14
la couleuvre	die Schlingnatter	words	C1	noun	f	Tiere & Natur	couleuvre	0.14
la coumarine	die Coumarin	words	C1	noun	f	Allgemein	coumarine	0.14
la courtoisie	die Höflichkeit	words	C1	noun	f	Begrüßung & Höflichkeit	courtoisie	0.14
covalent	kovalent	words	C1	adjective		Allgemein	covalent	0.14
craqueler	knacken	words	C1	verb		Allgemein	craqueler	0.14
la croisette	die Promenade	words	C1	noun	f	Allgemein	croisette	0.14
crypté	verschlüsselt	words	C1	adjective		Allgemein	crypté	0.14
la crémation	die Einäscherung	words	C1	noun	f	Allgemein	crémation	0.14
le curare	das Curare	words	C1	noun	m	Allgemein	curare	0.14
cutané	kutane	words	C1	adjective		Körper & Gesundheit	cutané	0.14
la cyclisation	die Zyklenbildung	words	C1	noun	f	Allgemein	cyclisation	0.14
le cygne	der Schwan	words	C1	noun	m	Tiere & Natur	cygne	0.14
cyniquement	zynisch	words	C1	adverb		Allgemein	cyniquement	0.14
la céramique	die Keramik	words	C1	noun	f	Allgemein	céramique	0.14
le daltonien	der Farbenblinde	words	C1	noun	m	Körper & Gesundheit	daltonien	0.14
le dengue	das Dengue-Fieber	words	C1	noun	m	Körper & Gesundheit	dengue	0.14
le diariste	der Tagebuchschreiber	words	C1	noun	m	Allgemein	diariste	0.14
diffusif	diffusiv	words	C1	adjective		Allgemein	diffusif	0.14
disciplinaire	disziplinarisch	words	C1	adjective		Allgemein	disciplinaire	0.14
discipliner	disziplinieren	words	C1	verb		Allgemein	discipliner	0.14
diurne	tagsüber	words	C1	adjective		Allgemein	diurne	0.14
divinatoire	divinatorisch	words	C1	adjective		Allgemein	divinatoire	0.14
dramatiquement	dramatisch	words	C1	adverb		Allgemein	dramatiquement	0.14
la dysenterie	die Dysenterie	words	C1	noun	f	Körper & Gesundheit	dysenterie	0.14
la décapotable	das Cabrio	words	C1	noun	f	Allgemein	décapotable	0.14
décharné	abgemagert	words	C1	adjective		Körper & Gesundheit	décharné	0.14
le décodeur	der Decoder	words	C1	noun	m	Medien & Technik	décodeur	0.14
la découpe	der Schnitt	words	C1	noun	f	Allgemein	découpe	0.14
la dédicace	die Widmung	words	C1	noun	f	Allgemein	dédicace	0.14
défoncé	eingedrückt	words	C1	adjective		Allgemein	défoncé	0.14
démuni	hilflos	words	C1	adjective		Allgemein	démuni	0.14
la dénégation	die Leugnung	words	C1	noun	f	Allgemein	dénégation	0.14
dépassionner	entkräften	words	C1	verb		Allgemein	dépassionner	0.14
le dépistage	der Test	words	C1	noun	m	Körper & Gesundheit	dépistage	0.14
dépister	aufdecken	words	C1	verb		Allgemein	dépister	0.14
déplorable	bedauerlich	words	C1	adjective		Allgemein	déplorable	0.14
la désinfection	die Desinfektion	words	C1	noun	f	Körper & Gesundheit	désinfection	0.14
la déstructuration	die Destrukturierung	words	C1	noun	f	Allgemein	déstructuration	0.14
le détecteur	der Detektor	words	C1	noun	m	Medien & Technik	détecteur	0.14
le détenteur	der Inhaber	words	C1	noun	m	Allgemein	détenteur	0.14
la détérioration	die Verschlechterung	words	C1	noun	f	Allgemein	détérioration	0.14
l'effraction	der Einbruch	words	C1	noun	f	Allgemein	effraction	0.14
embouteiller	abfüllen	words	C1	verb		Allgemein	embouteiller	0.14
emmerder	nerven	words	C1	verb		Allgemein	emmerder	0.14
empêtrer	verwickeln	words	C1	verb		Allgemein	empêtrer	0.14
l'encablure	die Kabellänge	words	C1	noun	f	Allgemein	encablure	0.14
l'enchevêtrement	das Durcheinander	words	C1	noun	n	Allgemein	enchevêtrement	0.14
enclore	einschließen	words	C1	verb		Allgemein	enclore	0.14
encourageant	ermutigend	words	C1	adjective		Allgemein	encourageant	0.14
encyclopédique	enzyklopädisch	words	C1	adjective		Allgemein	encyclopédique	0.14
enjoindre	auffordern	words	C1	verb		Allgemein	enjoindre	0.14
l'enneigement	das Schneeverhältnis	words	C1	noun	n	Wetter & Jahreszeiten	enneigement	0.14
l'entomologiste	der Entomologe	words	C1	noun	m	Tiere & Natur	entomologiste	0.14
les entrailles	die Eingeweide	words	C1	noun	f	Körper & Gesundheit	entrailles	0.14
entrecroiser	verflechten	words	C1	verb		Allgemein	entrecroiser	0.14
l'envergure	die Spannweite	words	C1	noun	f	Allgemein	envergure	0.14
escompter	erwarten	words	C1	verb		Allgemein	escompter	0.14
essorer	auswringen	words	C1	verb		Allgemein	essorer	0.14
l'estérification	die Veresterung	words	C1	noun	f	Allgemein	estérification	0.14
eurasien	eurasisch	words	C1	adjective		Allgemein	eurasien	0.14
l'exaspération	die Exasperation	words	C1	noun	f	Allgemein	exaspération	0.14
excitant	aufregend	words	C1	adjective		Allgemein	excitant	0.14
l'exiguïté	die Enge	words	C1	noun	f	Allgemein	exiguïté	0.14
existentiel	existentiell	words	C1	adjective		Allgemein	existentiel	0.14
extirper	herausziehen	words	C1	verb		Allgemein	extirper	0.14
extraordinairement	außerordentlich	words	C1	adverb		Allgemein	extraordinairement	0.14
exécutoire	vollstreckbar	words	C1	adjective		Allgemein	exécutoire	0.14
la facétie	die Scherzhaftigkeit	words	C1	noun	f	Allgemein	facétie	0.14
le farceur	der Scherzbold	words	C1	noun	m	Allgemein	farceur	0.14
fatalement	zwangsläufig	words	C1	adverb		Allgemein	fatalement	0.14
la fermentation	die Fermentation	words	C1	noun	f	Essen & Trinken	fermentation	0.14
le filage	das Spinnen	words	C1	noun	m	Allgemein	filage	0.14
le filigrane	das Filigran	words	C1	noun	n	Allgemein	filigrane	0.14
le fioul	das Heizöl	words	C1	noun	m	Essen & Trinken	fioul	0.14
le firmament	der Himmel	words	C1	noun	m	Wetter & Jahreszeiten	firmament	0.14
flemmarder	faulenzen	words	C1	verb		Freizeit & Hobbys	flemmarder	0.14
fonctionnaliste	funktionalistisch	words	C1	adjective		Allgemein	fonctionnaliste	0.14
fouetté	geschlagen	words	C1	adjective		Essen & Trinken	fouetté	0.14
la foulque	die Blässhühner	words	C1	noun	f	Tiere & Natur	foulque	0.14
le fractionnement	die Aufteilung	words	C1	noun	m	Allgemein	fractionnement	0.14
la fraude	der Betrug	words	C1	noun	f	Allgemein	fraude	0.14
le friand	der Feinschmecker	words	C1	noun	m	Essen & Trinken	friand	0.14
la froideur	die Kälte	words	C1	noun	f	Wetter & Jahreszeiten	froideur	0.14
froissant	knitternd	words	C1	adjective		Allgemein	froissant	0.14
fulminer	explodieren	words	C1	verb		Allgemein	fulminer	0.14
furtif	heimlich	words	C1	adjective		Allgemein	furtif	0.14
futé	clever	words	C1	adjective		Allgemein	futé	0.14
fécal	fäkal	words	C1	adjective		Allgemein	fécal	0.14
féerique	feenhaft	words	C1	adjective		Allgemein	féerique	0.14
le gallinacé	der Geflügel	words	C1	noun	m	Tiere & Natur	gallinacé	0.14
le gazole	der Diesel	words	C1	noun	m	Allgemein	gazole	0.14
geindre	jammern	words	C1	verb		Allgemein	geindre	0.14
la gratification	die Belohnung	words	C1	noun	f	Allgemein	gratification	0.14
les gravats	der Schutt	words	C1	noun	m	Allgemein	gravats	0.14
griffer	kratzen	words	C1	verb		Allgemein	griffer	0.14
grégaire	gregarisch	words	C1	adjective		Allgemein	grégaire	0.14
le guidage	die Führung	words	C1	noun	m	Allgemein	guidage	0.14
haineux	hasserfüllt	words	C1	adjective		Allgemein	haineux	0.14
la hargne	der Eifer	words	C1	noun	f	Allgemein	hargne	0.14
le heurtoir	der Türklopfer	words	C1	noun	m	Wohnen & Haus	heurtoir	0.14
le hic	der Haken	words	C1	noun	m	Allgemein	hic	0.14
le homo	der Mensch	words	C1	noun	m	Allgemein	homo	0.14
le hooligan	der Hooligan	words	C1	noun	m	Allgemein	hooligan	0.14
la houlette	der Stock	words	C1	noun	f	Allgemein	houlette	0.14
huileux	ölig	words	C1	adjective		Allgemein	huileux	0.14
humaniser	humanisieren	words	C1	verb		Allgemein	humaniser	0.14
huppé	wohlhabend	words	C1	adjective		Allgemein	huppé	0.14
hybride	hybrid	words	C1	adjective		Allgemein	hybride	0.14
hydrodynamique	hydrodynamisch	words	C1	adjective		Allgemein	hydrodynamique	0.14
l'hydrogène	der Wasserstoff	words	C1	noun	m	Allgemein	hydrogène	0.14
l'hydrogénation	die Hydrierung	words	C1	noun	f	Allgemein	hydrogénation	0.14
hypothétique	hypothetisch	words	C1	adjective		Allgemein	hypothétique	0.14
illustré	illustriert	words	C1	adjective		Allgemein	illustré	0.14
imbattable	unschlagbar	words	C1	adjective		Allgemein	imbattable	0.14
immatriculer	immatrikulieren	words	C1	verb		Allgemein	immatriculer	0.14
imperméabiliser	wasserfest machen	words	C1	verb		Allgemein	imperméabiliser	0.14
imprescriptible	unverjährbar	words	C1	adjective		Allgemein	imprescriptible	0.14
imprévisible	unvorhersehbar	words	C1	adjective		Allgemein	imprévisible	0.14
inassouvi	unerfüllt	words	C1	adjective		Allgemein	inassouvi	0.14
incendiaire	brandstiftend	words	C1	adjective		Allgemein	incendiaire	0.14
l'incitatif	der Anreiz	words	C1	adjective	m	Allgemein	incitatif	0.14
incliné	geneigt	words	C1	adjective		Allgemein	incliné	0.14
incontrôlable	unkontrollierbar	words	C1	adjective		Allgemein	incontrôlable	0.14
l'individuation	die Individuation	words	C1	noun	f	Allgemein	individuation	0.14
l'indulgence	die Nachsicht	words	C1	noun	f	Allgemein	indulgence	0.14
indélicat	unhöflich	words	C1	adjective		Allgemein	indélicat	0.14
l'inertie	die Trägheit	words	C1	noun	f	Allgemein	inertie	0.14
infester	befallen	words	C1	verb		Allgemein	infester	0.14
infuser	infundieren	words	C1	verb		Essen & Trinken	infuser	0.14
innerver	beeinflussen	words	C1	verb		Allgemein	innerver	0.14
l'innocence	die Unschuld	words	C1	noun	f	Allgemein	innocence	0.14
inoffensif	harmlos	words	C1	adjective		Allgemein	inoffensif	0.14
insensé	unsinnig	words	C1	adjective		Allgemein	insensé	0.14
intercéder	intervenieren	words	C1	verb		Allgemein	intercéder	0.14
internationaliser	internationalisieren	words	C1	verb		Allgemein	internationaliser	0.14
l'interrupteur	der Schalter	words	C1	noun	m	Allgemein	interrupteur	0.14
introverti	introvertiert	words	C1	adjective		Allgemein	introverti	0.14
l'intumescence	die Schwellung	words	C1	noun	f	Körper & Gesundheit	intumescence	0.14
intégralement	vollständig	words	C1	adverb		Allgemein	intégralement	0.14
invendable	unverkäuflich	words	C1	adjective		Allgemein	invendable	0.14
ionique	ionisch	words	C1	adjective		Allgemein	ionique	0.14
ironiser	ironisieren	words	C1	verb		Allgemein	ironiser	0.14
irrécupérable	nicht wiederherstellbar	words	C1	adjective		Allgemein	irrécupérable	0.14
isotopique	isotopisch	words	C1	adjective		Allgemein	isotopique	0.14
journalier	täglich	words	C1	adjective		Allgemein	journalier	0.14
junior	junior	words	C1	adjective		Allgemein	junior	0.14
juvénile	jugendlich	words	C1	adjective		Allgemein	juvénile	0.14
kafkaïen	kafkaesk	words	C1	adjective		Allgemein	kafkaïen	0.14
la kyrielle	die Vielzahl	words	C1	noun	f	Allgemein	kyrielle	0.14
le labdanum	das Labdanum	words	C1	noun	n	Allgemein	labdanum	0.14
larvaire	larval	words	C1	adjective		Allgemein	larvaire	0.14
la lassitude	die Müdigkeit	words	C1	noun	f	Körper & Gesundheit	lassitude	0.14
le latex	der Latex	words	C1	noun	m	Allgemein	latex	0.14
limousin	limousin	words	C1	adjective		Allgemein	limousin	0.14
la lingerie	die Unterwäsche	words	C1	noun	f	Kleidung & Mode	lingerie	0.14
liquéfier	verflüssigen	words	C1	verb		Allgemein	liquéfier	0.14
lisant	lesend	words	C1	adjective		Allgemein	lisant	0.14
lisible	lesbar	words	C1	adjective		Allgemein	lisible	0.14
littératurer	literaturisieren	words	C1	verb		Allgemein	littératurer	0.14
la localisation	die Lokalisierung	words	C1	noun	f	Allgemein	localisation	0.14
locomotif	lokomotiv	words	C1	adjective		Allgemein	locomotif	0.14
long-courrier	Langstrecken-	words	C1	adjective		Reisen & Urlaub	long-courrier	0.14
la lotion	die Lotion	words	C1	noun	f	Körper & Gesundheit	lotion	0.14
le lubrifiant	das Schmiermittel	words	C1	noun	m	Körper & Gesundheit	lubrifiant	0.14
le lycra	das Lycra	words	C1	noun	m	Kleidung & Mode	lycra	0.14
la légalité	die Legalität	words	C1	noun	f	Allgemein	légalité	0.14
la légitimation	die Legitimierung	words	C1	noun	f	Allgemein	légitimation	0.14
magnanimement	großzügig	words	C1	adverb		Allgemein	magnanimement	0.14
malgache	madagassisch	words	C1	noun		Allgemein	malgache	0.14
malléable	formbar	words	C1	adjective		Allgemein	malléable	0.14
le malus	der Malus	words	C1	noun	m	Allgemein	malus	0.14
marabouter	verzaubern	words	C1	verb		Allgemein	marabouter	0.14
la marguerite	die Margerite	words	C1	noun	f	Tiere & Natur	marguerite	0.14
le maton	der Aufpasser	words	C1	noun	m	Allgemein	maton	0.14
le microbiologiste	der Mikrobiologe	words	C1	noun	m	Allgemein	microbiologiste	0.14
la microscopie	die Mikroskopie	words	C1	noun	f	Allgemein	microscopie	0.14
la microseconde	die Mikrosekunde	words	C1	noun	f	Allgemein	microseconde	0.14
le milouin	der Milouin	words	C1	noun	m	Allgemein	milouin	0.14
la miniature	die Miniatur	words	C1	noun	f	Allgemein	miniature	0.14
minimiser	minimieren	words	C1	verb		Allgemein	minimiser	0.14
minéralogique	mineralogisch	words	C1	adjective		Allgemein	minéralogique	0.14
le misogyne	der Frauenfeind	words	C1	noun	m	Gefühle & Charakter	misogyne	0.14
misérabiliste	miserabilistisch	words	C1	adjective		Allgemein	misérabiliste	0.14
mitoyen	mittelbar	words	C1	adjective		Allgemein	mitoyen	0.14
modestement	bescheiden	words	C1	adverb		Allgemein	modestement	0.14
la moelle	das Mark	words	C1	noun	f	Körper & Gesundheit	moelle	0.14
morbide	morbide	words	C1	adjective		Allgemein	morbide	0.14
morne	trüb	words	C1	adjective		Wetter & Jahreszeiten	morne	0.14
morphinique	morphinisch	words	C1	adjective		Körper & Gesundheit	morphinique	0.14
morphologiquement	morphologisch	words	C1	adverb		Allgemein	morphologiquement	0.14
le mouillage	das Ankern	words	C1	noun	m	Reisen & Urlaub	mouillage	0.14
la mousson	die Monsun	words	C1	noun	f	Wetter & Jahreszeiten	mousson	0.14
muter	mutieren	words	C1	verb		Allgemein	muter	0.14
la myriade	die Myriade	words	C1	noun	f	Zahlen & Mengen	myriade	0.14
médicamenteux	medikamentös	words	C1	adjective		Körper & Gesundheit	médicamenteux	0.14
médico-légal	medizinisch-rechtlich	words	C1	adjective		Körper & Gesundheit	médico-légal	0.14
la méditation	die Meditation	words	C1	noun	f	Körper & Gesundheit	méditation	0.14
mûr	reif	words	C1	adjective		Allgemein	mûr	0.14
le nectar	der Nektar	words	C1	noun	m	Essen & Trinken	nectar	0.14
la neurobiologie	die Neurobiologie	words	C1	noun	f	Körper & Gesundheit	neurobiologie	0.14
la neurologie	die Neurologie	words	C1	noun	f	Körper & Gesundheit	neurologie	0.14
niais	naiv	words	C1	adjective		Gefühle & Charakter	niais	0.14
nicher	nisten	words	C1	verb		Tiere & Natur	nicher	0.14
le non-lieu	der Nichtort	words	C1	noun	m	Allgemein	non-lieu	0.14
la non-observation	die Nichtbeobachtung	words	C1	noun	f	Allgemein	non-observation	0.14
nordique	nordisch	words	C1	adjective		Allgemein	nordique	0.14
la normalité	die Normalität	words	C1	noun	f	Allgemein	normalité	0.14
notifier	benachrichtigen	words	C1	verb		Allgemein	notifier	0.14
la nouba	die Nouba	words	C1	noun	f	Allgemein	nouba	0.14
nuancer	nuancieren	words	C1	verb		Allgemein	nuancer	0.14
négro-africain	negro-afrikanisch	words	C1	adjective		Allgemein	négro-africain	0.14
le néophyte	der Neuling	words	C1	noun	m	Allgemein	néophyte	0.14
l'ocelle	das Ocellus	words	C1	noun	m	Allgemein	ocelle	0.14
oculaire	okular	words	C1	adjective		Körper & Gesundheit	oculaire	0.14
l'ode	die Ode	words	C1	noun	f	Allgemein	ode	0.14
odorant	duftend	words	C1	adjective		Essen & Trinken	odorant	0.14
offensant	offensiv	words	C1	adjective		Allgemein	offensant	0.14
l'oisiveté	die Untätigkeit	words	C1	noun	f	Allgemein	oisiveté	0.14
oléagineux	ölhaltig	words	C1	adjective		Essen & Trinken	oléagineux	0.14
ombreux	schattig	words	C1	adjective		Allgemein	ombreux	0.14
omettre	auslassen	words	C1	verb		Allgemein	omettre	0.14
l'oreillette	die Ohrmuschel	words	C1	noun	f	Körper & Gesundheit	oreillette	0.14
ornithologique	ornithologisch	words	C1	adjective		Allgemein	ornithologique	0.14
pallier	abmildern	words	C1	verb		Allgemein	pallier	0.14
paléolithique	paläolithisch	words	C1	noun		Allgemein	paléolithique	0.14
le panonceau	das Schild	words	C1	noun	m	Allgemein	panonceau	0.14
le papyrus	das Papyrus	words	C1	noun	n	Allgemein	papyrus	0.14
le parchemin	das Pergament	words	C1	noun	n	Allgemein	parchemin	0.14
paritaire	gleichberechtigt	words	C1	adjective		Allgemein	paritaire	0.14
paru	veröffentlicht	words	C1	adjective		Allgemein	paru	0.14
le patchouli	das Patchouli	words	C1	noun	n	Essen & Trinken	patchouli	0.14
phocéen	phokäisch	words	C1	adjective		Allgemein	phocéen	0.14
phénicien	phönizisch	words	C1	adjective		Allgemein	phénicien	0.14
le picotement	das Kribbeln	words	C1	noun	n	Körper & Gesundheit	picotement	0.14
le pictogramme	das Piktogramm	words	C1	noun	n	Allgemein	pictogramme	0.14
pie	schwarz-weiß	words	C1	adjective		Allgemein	pie	0.14
la planette	der Planet	words	C1	noun	f	Allgemein	planette	0.14
le plasma	das Plasma	words	C1	noun	n	Allgemein	plasma	0.14
plumer	rupfen	words	C1	verb		Allgemein	plumer	0.14
la plénitude	die Fülle	words	C1	noun	f	Allgemein	plénitude	0.14
le pochoir	die Schablone	words	C1	noun	m	Allgemein	pochoir	0.14
la poix	das Pech	words	C1	noun	f	Allgemein	poix	0.14
le polyester	das Polyester	words	C1	noun	m	Allgemein	polyester	0.14
polyphonique	mehrstimmig	words	C1	adjective		Allgemein	polyphonique	0.14
le pool	der Pool	words	C1	noun	m	Freizeit & Hobbys	pool	0.14
le pore	die Pore	words	C1	noun	m	Körper & Gesundheit	pore	0.14
portatif	tragbar	words	C1	adjective		Allgemein	portatif	0.14
la poupe	der Heck	words	C1	noun	f	Allgemein	poupe	0.14
printanier	frühlingshaft	words	C1	adjective		Wetter & Jahreszeiten	printanier	0.14
pris	genommen	words	C1	adjective		Allgemein	pris	0.14
la probabilité	die Wahrscheinlichkeit	words	C1	noun	f	Allgemein	probabilité	0.14
probatoire	prüfungs-	words	C1	adjective		Allgemein	probatoire	0.14
productif	produktiv	words	C1	adjective		Allgemein	productif	0.14
la promiscuité	die Promiskuität	words	C1	noun	f	Allgemein	promiscuité	0.14
le propane	das Propan	words	C1	noun	m	Allgemein	propane	0.14
la proportionnalité	die Proportionalität	words	C1	noun	f	Allgemein	proportionnalité	0.14
proportionnellement	proportional	words	C1	adverb		Allgemein	proportionnellement	0.14
prédateur	räuberisch	words	C1	adjective		Allgemein	prédateur	0.14
prétendument	angeblich	words	C1	adverb		Allgemein	prétendument	0.14
pulvériser	zerstäuben	words	C1	verb		Allgemein	pulvériser	0.14
pénitentiaire	straflik	words	C1	adjective		Allgemein	pénitentiaire	0.14
péridural	peridural	words	C1	adjective		Körper & Gesundheit	péridural	0.14
périr	sterben	words	C1	verb		Allgemein	périr	0.14
le périscope	das Periskop	words	C1	noun	n	Allgemein	périscope	0.14
pétarader	knallen	words	C1	verb		Allgemein	pétarader	0.14
pétiller	sprudeln	words	C1	verb		Essen & Trinken	pétiller	0.14
le quadriréacteur	das Quadruple-Triebwerk	words	C1	noun	n	Allgemein	quadriréacteur	0.14
quantique	quantum	words	C1	adjective		Allgemein	quantique	0.14
radioguider	radioguiden	words	C1	verb		Medien & Technik	radioguider	0.14
la radiologie	die Radiologie	words	C1	noun	f	Körper & Gesundheit	radiologie	0.14
raffiné	raffiniert	words	C1	adjective		Allgemein	raffiné	0.14
le rameau	der Zweig	words	C1	noun	m	Tiere & Natur	rameau	0.14
le rampant	der Rampen	words	C1	noun	m	Allgemein	rampant	0.14
le rapprochement	die Annäherung	words	C1	noun	m	Allgemein	rapprochement	0.14
rebeller	rebellieren	words	C1	verb		Allgemein	rebeller	0.14
recombiner	rekombinieren	words	C1	verb		Allgemein	recombiner	0.14
reconquérir	zurückgewinnen	words	C1	verb		Allgemein	reconquérir	0.14
redoutablement	furchtbar	words	C1	adverb		Allgemein	redoutablement	0.14
reformer	reformieren	words	C1	verb		Allgemein	reformer	0.14
le refoulement	der Rückstau	words	C1	noun	m	Allgemein	refoulement	0.14
le relent	der Nachgeschmack	words	C1	noun	m	Essen & Trinken	relent	0.14
remplier	füllen	words	C1	verb		Allgemein	remplier	0.14
la repasse	das Bügeln	words	C1	noun	f	Allgemein	repasse	0.14
la reptation	die Kriechbewegung	words	C1	noun	f	Allgemein	reptation	0.14
restructurer	umstrukturieren	words	C1	verb		Allgemein	restructurer	0.14
la revente	der Wiederverkauf	words	C1	noun	f	Einkaufen & Geld	revente	0.14
revisiter	neu besuchen	words	C1	verb		Allgemein	revisiter	0.14
rhéologique	rheologisch	words	C1	adjective		Allgemein	rhéologique	0.14
rincer	spülen	words	C1	verb		Essen & Trinken	rincer	0.14
la riposte	die Antwort	words	C1	noun	f	Allgemein	riposte	0.14
le romano	der Roman	words	C1	noun	m	Allgemein	romano	0.14
le rouge-gorge	das Rotkehlchen	words	C1	noun	n	Tiere & Natur	rouge-gorge	0.14
réhabiliter	rehabilitieren	words	C1	verb		Allgemein	réhabiliter	0.14
réjouissant	erfreulich	words	C1	adjective		Allgemein	réjouissant	0.14
la rémanence	die Persistenz	words	C1	noun	f	Allgemein	rémanence	0.14
réparable	reparabel	words	C1	adjective		Allgemein	réparable	0.14
rêvasser	träumen	words	C1	verb		Allgemein	rêvasser	0.14
le sans-abri	der Obdachlose	words	C1	noun	m	Allgemein	sans-abri	0.14
le sarcophage	der Sarkophag	words	C1	noun	m	Allgemein	sarcophage	0.14
saturer	sättigen	words	C1	verb		Allgemein	saturer	0.14
scarifier	scarifizieren	words	C1	verb		Allgemein	scarifier	0.14
le scooter	der Roller	words	C1	noun	m	Allgemein	scooter	0.14
le score	der Punktestand	words	C1	noun	m	Allgemein	score	0.14
le secouriste	der Sanitäter	words	C1	noun	m	Körper & Gesundheit	secouriste	0.14
le seizième	der Sechzehnte	words	C1	noun	m	Zahlen & Mengen	seizième	0.14
le sensibilisateur	der Sensibilisierer	words	C1	noun	m	Allgemein	sensibilisateur	0.14
sensitif	sensibel	words	C1	adjective		Allgemein	sensitif	0.14
la sensitivité	die Sensitivität	words	C1	noun	f	Allgemein	sensitivité	0.14
la sente	der Pfad	words	C1	noun	f	Tiere & Natur	sente	0.14
sic	so	words	C1	adverb		Allgemein	sic	0.14
socio-économique	sozioökonomisch	words	C1	adjective		Allgemein	socio-économique	0.14
solidifier	verfestigen	words	C1	verb		Allgemein	solidifier	0.14
sordide	schäbig	words	C1	adjective		Allgemein	sordide	0.14
soul	seelisch	words	C1	adjective		Allgemein	soul	0.14
le sous-ensemble	die Teilmenge	words	C1	noun	m	Allgemein	sous-ensemble	0.14
la spectrométrie	die Spektrometrie	words	C1	noun	f	Allgemein	spectrométrie	0.14
spirituellement	geistig	words	C1	adverb		Allgemein	spirituellement	0.14
le sponsor	der Sponsor	words	C1	noun	m	Allgemein	sponsor	0.14
sporadique	sporadisch	words	C1	adjective		Allgemein	sporadique	0.14
stabiliser	stabilisieren	words	C1	verb		Allgemein	stabiliser	0.14
stagnant	stagnierend	words	C1	adjective		Allgemein	stagnant	0.14
le stigmate	das Stigma	words	C1	noun	m	Allgemein	stigmate	0.14
le stockage	die Lagerung	words	C1	noun	m	Allgemein	stockage	0.14
stopper	stoppen	words	C1	verb		Allgemein	stopper	0.14
la submersion	die Überflutung	words	C1	noun	f	Allgemein	submersion	0.14
la subsistance	die Existenz	words	C1	noun	f	Allgemein	subsistance	0.14
la subversion	die Unterwanderung	words	C1	noun	f	Allgemein	subversion	0.14
le succédané	das Ersatzmittel	words	C1	noun	m	Allgemein	succédané	0.14
suicidaire	suizidal	words	C1	adjective		Körper & Gesundheit	suicidaire	0.14
le supraconducteur	der Supraleiter	words	C1	noun	m	Allgemein	supraconducteur	0.14
la surcharge	die Überlastung	words	C1	noun	f	Allgemein	surcharge	0.14
le surréaliste	der Surrealist	words	C1	noun	m	Allgemein	surréaliste	0.14
surtaxer	besteuern	words	C1	verb		Einkaufen & Geld	surtaxer	0.14
surélever	erhöhen	words	C1	verb		Allgemein	surélever	0.14
suturer	nähen	words	C1	verb		Körper & Gesundheit	suturer	0.14
symboliquement	symbolisch	words	C1	adverb		Allgemein	symboliquement	0.14
la synergie	die Synergie	words	C1	noun	f	Allgemein	synergie	0.14
la sédimentation	die Sedimentation	words	C1	noun	f	Allgemein	sédimentation	0.14
la sérénade	die Serenade	words	C1	noun	f	Allgemein	sérénade	0.14
tacitement	stillschweigend	words	C1	adverb		Allgemein	tacitement	0.14
talentueux	talentiert	words	C1	adjective		Allgemein	talentueux	0.14
technocratique	technokratisch	words	C1	adjective		Allgemein	technocratique	0.14
technophile	technophil	words	C1	adjective		Allgemein	technophile	0.14
tennistique	tennis-	words	C1	adjective		Sport	tennistique	0.14
le tentacule	der Tentakel	words	C1	noun	m	Tiere & Natur	tentacule	0.14
terrer	vergraben	words	C1	verb		Allgemein	terrer	0.14
la tige	der Stängel	words	C1	noun	f	Essen & Trinken	tige	0.14
tissé	gewebt	words	C1	adjective		Allgemein	tissé	0.14
tourné	gedreht	words	C1	adjective		Allgemein	tourné	0.14
la toxicologie	die Toxikologie	words	C1	noun	f	Körper & Gesundheit	toxicologie	0.14
le traducteur	der Übersetzer	words	C1	noun	m	Allgemein	traducteur	0.14
le tram	die Straßenbahn	words	C1	noun	m	Stadt & Verkehr	tram	0.14
transposer	transponieren	words	C1	verb		Allgemein	transposer	0.14
la traçabilité	die Rückverfolgbarkeit	words	C1	noun	f	Allgemein	traçabilité	0.14
tristounet	traurig	words	C1	adjective		Gefühle & Charakter	tristounet	0.14
trépider	zittern	words	C1	verb		Allgemein	trépider	0.14
tubulaire	rohrförmig	words	C1	noun		Allgemein	tubulaire	0.14
la tumeur	der Tumor	words	C1	noun	f	Körper & Gesundheit	tumeur	0.14
la turbulence	die Turbulenz	words	C1	noun	f	Allgemein	turbulence	0.14
l'uniformité	die Einheitlichkeit	words	C1	noun	f	Allgemein	uniformité	0.14
l'usurpation	die Usurpation	words	C1	noun	f	Allgemein	usurpation	0.14
utilisable	benutzbar	words	C1	adjective		Allgemein	utilisable	0.14
utilitariste	utilitaristisch	words	C1	adjective		Allgemein	utilitariste	0.14
vacciné	geimpft	words	C1	adjective		Körper & Gesundheit	vacciné	0.14
vaporiser	versprühen	words	C1	verb		Allgemein	vaporiser	0.14
la varangue	die Veranda	words	C1	noun	f	Wohnen & Haus	varangue	0.14
la variabilité	die Variabilität	words	C1	noun	f	Allgemein	variabilité	0.14
le veinard	der Glückspilz	words	C1	noun	m	Allgemein	veinard	0.14
velouter	verhüllen	words	C1	verb		Allgemein	velouter	0.14
verbaliser	verbalizieren	words	C1	verb		Allgemein	verbaliser	0.14
la vertèbre	der Wirbel	words	C1	noun	f	Körper & Gesundheit	vertèbre	0.14
la viabilité	die Lebensfähigkeit	words	C1	noun	f	Allgemein	viabilité	0.14
la vibration	die Vibration	words	C1	noun	f	Allgemein	vibration	0.14
visionnaire	visionär	words	C1	adjective		Allgemein	visionnaire	0.14
le visiophone	das Videotelefon	words	C1	noun	m	Medien & Technik	visiophone	0.14
la voirie	die Straßeninfrastruktur	words	C1	noun	f	Stadt & Verkehr	voirie	0.14
volatil	flüchtig	words	C1	adjective		Allgemein	volatil	0.14
voluptueusement	genüsslich	words	C1	adverb		Allgemein	voluptueusement	0.14
la voracité	die Gier	words	C1	noun	f	Allgemein	voracité	0.14
le vrombissement	das Dröhnen	words	C1	noun	m	Allgemein	vrombissement	0.14
la vulcanisation	die Vulkanisation	words	C1	noun	f	Allgemein	vulcanisation	0.14
zen	entspannt	words	C1	adjective		Allgemein	zen	0.14
zoner	zonen	words	C1	verb		Allgemein	zoner	0.14
l'oestrogène	das Östrogen	words	C1	noun	m	Körper & Gesundheit	oestrogène	0.14
ânonner	stammeln	words	C1	verb		Allgemein	ânonner	0.14
ébaucher	skizzieren	words	C1	verb		Allgemein	ébaucher	0.14
écarlate	scharlachrot	words	C1	adjective		Farben & Formen	écarlate	0.14
l'échappement	die Abgasanlage	words	C1	noun	m	Allgemein	échappement	0.14
l'élasticité	die Elastizität	words	C1	noun	f	Allgemein	élasticité	0.14
émanciper	emanzipieren	words	C1	verb		Allgemein	émanciper	0.14
l'épicentre	das Epizentrum	words	C1	noun	m	Allgemein	épicentre	0.14
épidémique	epidemisch	words	C1	adjective		Allgemein	épidémique	0.14
épinière	wirbelartig	words	C1	adjective		Allgemein	épinière	0.14
époxy	Epoxid	words	C1	adjective		Allgemein	époxy	0.14
l'érotisme	der Erotismus	words	C1	noun	m	Allgemein	érotisme	0.14
l'éthanol	der Ethanol	words	C1	noun	m	Allgemein	éthanol	0.14
étourdissant	betörend	words	C1	adjective		Allgemein	étourdissant	0.14
l'évaporation	die Verdampfung	words	C1	noun	f	Allgemein	évaporation	0.14
évaporer	verdampfen	words	C1	verb		Allgemein	évaporer	0.14
évaporé	verdampft	words	C1	adjective		Allgemein	évaporé	0.14
jetable	einweg	words	C1	adjective		Allgemein	jetable	0.14
l'ulcère	das Geschwür	words	C1	noun	m	Körper & Gesundheit	ulcère	0.14
la guérison	die Heilung	words	C1	noun	f	Körper & Gesundheit	guérison	0.13
hocher	nicken	words	C1	verb		Allgemein	hocher	0.13
l'intendant	der Verwalter	words	C1	noun	m	Arbeit & Beruf	intendant	0.13
le messager	der Bote	words	C1	noun	m	Allgemein	messager	0.13
naval	maritim	words	C1	adjective		Allgemein	naval	0.13
oc	hier	words	C1	adverb		Allgemein	oc	0.13
la prépondérance	die Überlegenheit	words	C1	noun	f	Allgemein	prépondérance	0.13
la septicémie	die Sepsis	words	C1	noun	f	Körper & Gesundheit	septicémie	0.13
la souveraineté	die Souveränität	words	C1	noun	f	Allgemein	souveraineté	0.13
la succursale	die Filiale	words	C1	noun	f	Arbeit & Beruf	succursale	0.13
le vélocipède	das Fahrrad	words	C1	noun	m	Freizeit & Hobbys	vélocipède	0.13
mylord	mein Lord	words	C1	noun	m	Allgemein	mylord	0.13
le pachyderme	der Dickhäuter	words	C1	noun	m	Tiere & Natur	pachyderme	0.13
messire	mein Herr	words	C1	noun	m	Allgemein	messire	0.13
l'affirmation	die Behauptung	words	C1	noun	f	Allgemein	affirmation	0.12
anesthésier	betäuben	words	C1	verb		Körper & Gesundheit	anesthésier	0.12
barbare	barbarisch	words	C1	adjective		Allgemein	barbare	0.12
chronologique	chronologisch	words	C1	adjective		Allgemein	chronologique	0.12
la cicatrice	die Narbe	words	C1	noun	f	Körper & Gesundheit	cicatrice	0.12
la coalition	die Koalition	words	C1	noun	f	Allgemein	coalition	0.12
le couche-tard	der Nachtmensch	words	C1	noun	m	Allgemein	couche-tard	0.12
disgracieux	ungeschickt	words	C1	adjective		Allgemein	disgracieux	0.12
la dominante	die Dominante	words	C1	noun	f	Allgemein	dominante	0.12
l'eugénol	das Eugenol	words	C1	noun	m	Allgemein	eugénol	0.12
le finnois	der Finne	words	C1	noun	m	Allgemein	finnois	0.12
le frisbee	der Frisbee	words	C1	noun	m	Freizeit & Hobbys	frisbee	0.12
le grille-pain	der Toaster	words	C1	noun	m	Essen & Trinken	grille-pain	0.12
l'inhalation	die Inhalation	words	C1	noun	f	Körper & Gesundheit	inhalation	0.12
le jargon	der Jargon	words	C1	noun	m	Allgemein	jargon	0.12
le loucherbem	der Loucherbem	words	C1	noun	m	Allgemein	loucherbem	0.12
le narghilé	die Wasserpfeife	words	C1	noun	m	Essen & Trinken	narghilé	0.12
l'obus	die Granate	words	C1	noun	m	Allgemein	obus	0.12
le plantigrade	der Pflanzenfresser	words	C1	noun	m	Tiere & Natur	plantigrade	0.12
provisionné	vorrätig	words	C1	adjective		Allgemein	provisionné	0.12
prédisposer	vorbereiten	words	C1	verb		Allgemein	prédisposer	0.12
la pénalité	die Strafe	words	C1	noun	f	Allgemein	pénalité	0.12
le rugby	der Rugby	words	C1	noun	m	Sport	rugby	0.12
la ruralité	die Ländlichkeit	words	C1	noun	f	Allgemein	ruralité	0.12
la réintroduction	die Wiedereinführung	words	C1	noun	f	Allgemein	réintroduction	0.12
saisissant	eindrucksvoll	words	C1	adjective		Allgemein	saisissant	0.12
la suffisance	die Selbstzufriedenheit	words	C1	noun	f	Gefühle & Charakter	suffisance	0.12
la synchronisation	die Synchronisation	words	C1	noun	f	Allgemein	synchronisation	0.12
le syndrome	das Syndrom	words	C1	noun	m	Körper & Gesundheit	syndrome	0.12
l'érection	die Erektion	words	C1	noun	f	Körper & Gesundheit	érection	0.12
la mante	die Gottesanbeterin	words	C1	noun	f	Tiere & Natur	mante	0.12
bancal	wackelig	words	C1	adjective		Allgemein	bancal	0.12
la blancheur	die Weiße	words	C1	noun	f	Farben & Formen	blancheur	0.12
la javel	das Bleichmittel	words	C1	noun	f	Essen & Trinken	javel	0.12
racketter	erpressen	words	C1	verb		Allgemein	racketter	0.12
ravoir	wiederhaben	words	C1	noun		Allgemein	ravoir	0.12
sinistré	schlimm	words	C1	adjective		Allgemein	sinistré	0.12
la blanquette	die Blanquette	words	C1	noun	f	Essen & Trinken	blanquette	0.12
l'escorte	die Eskorte	words	C1	noun	f	Allgemein	escorte	0.12
l'essart	das Rodungsland	words	C1	noun	n	Tiere & Natur	essart	0.12
le valet	der Diener	words	C1	noun	m	Allgemein	valet	0.12
athée	atheistisch	words	C1	adjective		Allgemein	athée	0.12
l'auto-stoppeur	der Tramper	words	C1	noun	m	Reisen & Urlaub	auto-stoppeur	0.12
le bizutage	die Einweihung	words	C1	noun	m	Allgemein	bizutage	0.12
le bouddhisme	der Buddhismus	words	C1	noun	m	Allgemein	bouddhisme	0.12
le boulon	der Bolzen	words	C1	noun	m	Allgemein	boulon	0.12
la cassonade	der Rohrzucker	words	C1	noun	f	Essen & Trinken	cassonade	0.12
cliquer	klicken	words	C1	verb		Medien & Technik	cliquer	0.12
distiller	destillieren	words	C1	verb		Allgemein	distiller	0.12
dénombrer	zählen	words	C1	verb		Allgemein	dénombrer	0.12
grouillant	wimmelnd	words	C1	adjective		Allgemein	grouillant	0.12
la marianne	die Marianne	words	C1	noun	f	Allgemein	marianne	0.12
le millimètre	der Millimeter	words	C1	noun	m	Zahlen & Mengen	millimètre	0.12
la nosographie	die Nosographie	words	C1	noun	f	Körper & Gesundheit	nosographie	0.12
la procréation	die Fortpflanzung	words	C1	noun	f	Körper & Gesundheit	procréation	0.12
la recharge	die Nachladung	words	C1	noun	f	Allgemein	recharge	0.12
le renouveau	die Erneuerung	words	C1	noun	m	Allgemein	renouveau	0.12
spéculatif	spekulativ	words	C1	adjective		Allgemein	spéculatif	0.12
la validité	die Gültigkeit	words	C1	noun	f	Allgemein	validité	0.12
la fanchon	die Fanchon	words	C1	noun	f	Allgemein	fanchon	0.12
argentin	argentinisch	words	C1	adjective		Allgemein	argentin	0.12
la sauterelle	die Heuschrecke	words	C1	noun	f	Tiere & Natur	sauterelle	0.11
le scorpion	der Skorpion	words	C1	noun	m	Tiere & Natur	scorpion	0.11
la trappe	die Falltür	words	C1	noun	f	Allgemein	trappe	0.11
l'aficionado	der Fan	words	C1	noun	m	Freizeit & Hobbys	aficionado	0.11
andalouse	andalusisch	words	C1	adjective		Allgemein	andalouse	0.11
borgne	einäugig	words	C1	noun		Allgemein	borgne	0.11
la broussaille	das Gestrüpp	words	C1	noun	f	Tiere & Natur	broussaille	0.11
concis	prägnant	words	C1	adjective		Allgemein	concis	0.11
la croupe	die Kruppe	words	C1	noun	f	Körper & Gesundheit	croupe	0.11
l'espingole	die Espingole	words	C1	noun	f	Allgemein	espingole	0.11
la feria	die Feria	words	C1	noun	f	Allgemein	feria	0.11
lasser	ermüden	words	C1	verb		Allgemein	lasser	0.11
le librettiste	der Librettist	words	C1	noun	m	Allgemein	librettiste	0.11
aigre	sauer	words	C1	adjective		Essen & Trinken	aigre	0.11
le châssis	der Rahmen	words	C1	noun	m	Allgemein	châssis	0.11
l'assiduité	die Anwesenheit	words	C1	noun	f	Schule & Bildung	assiduité	0.11
l'atermoyeur	der Aufschieber	words	C1	noun	m	Allgemein	atermoyeur	0.11
choral	chormäßig	words	C1	adjective		Allgemein	choral	0.11
la dune	die Düne	words	C1	noun	f	Tiere & Natur	dune	0.11
le déni	die Leugnung	words	C1	noun	m	Allgemein	déni	0.11
funéraire	bestattungs-	words	C1	adjective		Allgemein	funéraire	0.11
himalayen	himalayisch	words	C1	adjective		Allgemein	himalayen	0.11
l'hortensia	die Hortensie	words	C1	noun	m	Tiere & Natur	hortensia	0.11
l'inactivité	die Inaktivität	words	C1	noun	f	Allgemein	inactivité	0.11
mérovingien	merowingisch	words	C1	adjective		Allgemein	mérovingien	0.11
la nécropole	die Nekropole	words	C1	noun	f	Allgemein	nécropole	0.11
le requin	der Hai	words	C1	noun	m	Tiere & Natur	requin	0.11
la scénographie	die Szenografie	words	C1	noun	f	Allgemein	scénographie	0.11
sibérien	sibirisch	words	C1	adjective		Allgemein	sibérien	0.11
la triplette	die Triplette	words	C1	noun	f	Freizeit & Hobbys	triplette	0.11
le vide-ordures	der Müllschacht	words	C1	noun	m	Wohnen & Haus	vide-ordures	0.11
le bagne	das Bagnio	words	C1	noun	m	Allgemein	bagne	0.10
le chevet	das Kopfende	words	C1	noun	m	Wohnen & Haus	chevet	0.10
le presbyte	der Presbyop	words	C1	noun	m	Körper & Gesundheit	presbyte	0.10
l'éclaire	der Lichtstrahl	words	C1	noun	m	Allgemein	éclaire	0.10
l'anatomie	die Anatomie	words	C1	noun	f	Körper & Gesundheit	anatomie	0.10
l'aqueduc	das Aquädukt	words	C1	noun	m	Allgemein	aqueduc	0.10
l'auto-école	die Fahrschule	words	C1	noun	f	Schule & Bildung	auto-école	0.10
le blue-jean	die Jeans	words	C1	noun	m	Kleidung & Mode	blue-jean	0.10
le fondeur	der Gießer	words	C1	noun	m	Arbeit & Beruf	fondeur	0.10
la garde-robe	die Garderobe	words	C1	noun	f	Kleidung & Mode	garde-robe	0.10
officialiser	offiziell machen	words	C1	verb		Allgemein	officialiser	0.10
le rouget	der Rotbarben	words	C1	noun	m	Essen & Trinken	rouget	0.10
la royauté	die Monarchie	words	C1	noun	f	Allgemein	royauté	0.10
rétamer	retamieren	words	C1	verb		Allgemein	rétamer	0.10
la scie	die Säge	words	C1	noun	f	Allgemein	scie	0.10
texto	SMS	words	C1	adverb		Kommunikation	texto	0.10
la tringle	die Gardinenstange	words	C1	noun	f	Wohnen & Haus	tringle	0.10
désabusé	desillusioniert	words	C1	adjective		Gefühle & Charakter	désabusé	0.10
le sous-préfet	der Unterpräfekt	words	C1	noun	m	Allgemein	sous-préfet	0.10
le carreau	die Fliese	words	C1	noun	m	Wohnen & Haus	carreau	0.10
le talus	der Hang	words	C1	noun	m	Allgemein	talus	0.10
l'abomination	die Abscheulichkeit	words	C1	noun	f	Allgemein	abomination	0.10
abordable	bezahlbar	words	C1	adjective		Allgemein	abordable	0.10
abroger	aufheben	words	C1	verb		Allgemein	abroger	0.10
l'accroître	die Zunahme	words	C1	noun	f	Allgemein	accrue	0.10
l'accéléré	der Beschleunigte	words	C1	noun	m	Allgemein	accéléré	0.10
l'achoppement	das Hindernis	words	C1	noun	m	Allgemein	achoppement	0.10
adultérer	verfälschen	words	C1	verb		Allgemein	adultérer	0.10
l'agresseur	der Angreifer	words	C1	noun	m	Allgemein	agresseur	0.10
agroalimentaire	agrarisch	words	C1	adjective		Essen & Trinken	agroalimentaire	0.10
l'agronome	der Agronom	words	C1	noun	m	Allgemein	agronome	0.10
l'agronomie	die Agronomie	words	C1	noun	f	Allgemein	agronomie	0.10
aiguiller	leiten	words	C1	verb		Allgemein	aiguiller	0.10
amadouer	beschwichtigen	words	C1	verb		Allgemein	amadouer	0.10
l'amplificateur	der Verstärker	words	C1	noun	m	Medien & Technik	amplificateur	0.10
l'américanisation	die Amerikanisierung	words	C1	noun	f	Allgemein	américanisation	0.10
l'annonceur	der Werbetreibende	words	C1	noun	m	Medien & Technik	annonceur	0.10
antibactérien	antibakteriell	words	C1	adjective		Körper & Gesundheit	antibactérien	0.10
apparier	paaren	words	C1	verb		Allgemein	apparier	0.10
arpenter	abstecken	words	C1	verb		Allgemein	arpenter	0.10
l'arrangement	das Arrangement	words	C1	noun	n	Allgemein	arrangement	0.10
assigner	zuweisen	words	C1	verb		Allgemein	assigner	0.10
asymétrique	asymmetrisch	words	C1	adjective		Allgemein	asymétrique	0.10
attentiste	abwartend	words	C1	adjective		Allgemein	attentiste	0.10
austral	austral	words	C1	adjective		Allgemein	austral	0.10
autosuffisant	eigensuffizient	words	C1	adjective		Allgemein	autosuffisant	0.10
l'aval	der Abfluss	words	C1	noun	m	Allgemein	aval	0.10
avant-gardiste	avantgardistisch	words	C1	adjective		Allgemein	avant-gardiste	0.10
l'avoué	der Anwalt	words	C1	noun	m	Allgemein	avoué	0.10
biaisé	verzerrt	words	C1	adjective		Allgemein	biaisé	0.10
bioclimatique	bioklimatisch	words	C1	adjective		Allgemein	bioclimatique	0.10
biologiquement	biologisch	words	C1	adverb		Allgemein	biologiquement	0.10
la blennorragie	die Gonorrhoe	words	C1	noun	f	Körper & Gesundheit	blennorragie	0.10
brider	zügeln	words	C1	verb		Allgemein	brider	0.10
la bronchite	die Bronchitis	words	C1	noun	f	Körper & Gesundheit	bronchite	0.10
le bulldozer	der Bulldozer	words	C1	noun	m	Allgemein	bulldozer	0.10
bénéficiaire	der Begünstigte	words	C1	noun	m	Allgemein	bénéficiaire	0.10
le bétail	das Vieh	words	C1	noun	n	Tiere & Natur	bétail	0.10
cadenasser	abschließen	words	C1	verb		Allgemein	cadenasser	0.10
carnivore	fleischfressend	words	C1	adjective		Tiere & Natur	carnivore	0.10
cataloguer	katalogisieren	words	C1	verb		Allgemein	cataloguer	0.10
le certificateur	der Zertifizierer	words	C1	noun	m	Allgemein	certificateur	0.10
chlorophyllien	chlorophyllhaltig	words	C1	adjective		Allgemein	chlorophyllien	0.10
ci	hier	words	C1	adverb		Allgemein	ci	0.10
clarifier	klären	words	C1	verb		Allgemein	clarifier	0.10
clinicien	klinisch	words	C1	adjective		Allgemein	clinicien	0.10
la cohésion	die Kohäsion	words	C1	noun	f	Allgemein	cohésion	0.10
collecter	sammeln	words	C1	verb		Allgemein	collecter	0.10
collectivement	kollektiv	words	C1	adverb		Allgemein	collectivement	0.10
la communautarisation	die Gemeinschaftsbildung	words	C1	noun	f	Allgemein	communautarisation	0.10
comparatif	vergleichend	words	C1	adjective		Allgemein	comparatif	0.10
compréhensible	verständlich	words	C1	adjective		Allgemein	compréhensible	0.10
le conditionnement	die Verpackung	words	C1	noun	n	Allgemein	conditionnement	0.10
la confrontation	die Konfrontation	words	C1	noun	f	Allgemein	confrontation	0.10
la constance	die Beständigkeit	words	C1	noun	f	Allgemein	constance	0.10
contrecarrer	durchkreuzen	words	C1	verb		Allgemein	contrecarrer	0.10
contrefait	fälschlich	words	C1	adjective		Allgemein	contrefait	0.10
la coqueluche	die Coqueluche	words	C1	noun	f	Körper & Gesundheit	coqueluche	0.10
cultuel	kultisch	words	C1	adjective		Allgemein	cultuel	0.10
la cystite	die Blasenentzündung	words	C1	noun	f	Körper & Gesundheit	cystite	0.10
la cécité	die Blindheit	words	C1	noun	f	Körper & Gesundheit	cécité	0.10
deviser	reden	words	C1	verb		Kommunikation	deviser	0.10
le diocèse	das Bistum	words	C1	noun	m	Allgemein	diocèse	0.10
la diphtérie	die Diphtherie	words	C1	noun	f	Körper & Gesundheit	diphtérie	0.10
directif	direktiv	words	C1	adjective		Allgemein	directif	0.10
discal	diskal	words	C1	adjective		Allgemein	discal	0.10
le discrédit	der Diskredit	words	C1	noun	m	Allgemein	discrédit	0.10
disproportionné	disproportional	words	C1	adjective		Allgemein	disproportionné	0.10
la dissolution	die Auflösung	words	C1	noun	f	Allgemein	dissolution	0.10
le distinguo	der Unterschied	words	C1	noun	m	Allgemein	distinguo	0.10
divisionnaire	divisionär	words	C1	adjective		Allgemein	divisionnaire	0.10
la doléance	die Beschwerde	words	C1	noun	f	Allgemein	doléance	0.10
dramatiser	dramatisieren	words	C1	verb		Allgemein	dramatiser	0.10
décevant	enttäuschend	words	C1	adjective		Allgemein	décevant	0.10
la déconstruction	die Dekonstruktion	words	C1	noun	f	Allgemein	déconstruction	0.10
la déconvenue	die Enttäuschung	words	C1	noun	f	Allgemein	déconvenue	0.10
défaitiste	pessimistisch	words	C1	adjective		Allgemein	défaitiste	0.10
la défiance	das Misstrauen	words	C1	noun	f	Allgemein	défiance	0.10
le défrichement	die Rodung	words	C1	noun	m	Allgemein	défrichement	0.10
délibérément	absichtlich	words	C1	adverb		Allgemein	délibérément	0.10
la démagogie	die Demagogie	words	C1	noun	f	Allgemein	démagogie	0.10
le déminage	die Minenräumung	words	C1	noun	m	Allgemein	déminage	0.10
démêler	entwirren	words	C1	verb		Allgemein	démêler	0.10
le déploiement	die Entfaltung	words	C1	noun	m	Allgemein	déploiement	0.10
déplorablement	bedauerlicherweise	words	C1	adverb		Allgemein	déplorablement	0.10
dérangeant	störend	words	C1	adjective		Allgemein	dérangeant	0.10
désenchanter	enttäuschen	words	C1	verb		Allgemein	désenchanter	0.10
la désinformation	die Desinformation	words	C1	noun	f	Allgemein	désinformation	0.10
désister	zurückziehen	words	C1	verb		Allgemein	désister	0.10
l'effeuillage	das Entblättern	words	C1	noun	m	Allgemein	effeuillage	0.10
l'empêcheur	der Störer	words	C1	noun	m	Allgemein	empêcheur	0.10
enfler	anschwellend	words	C1	verb		Allgemein	enfler	0.10
l'engrenage	das Zahnrad	words	C1	noun	n	Allgemein	engrenage	0.10
l'ensemencement	die Aussaat	words	C1	noun	n	Essen & Trinken	ensemencement	0.10
l'examinateur	der Prüfer	words	C1	noun	m	Schule & Bildung	examinateur	0.10
excédentaire	überschüssig	words	C1	adjective		Allgemein	excédentaire	0.10
exigible	fällig	words	C1	adjective		Allgemein	exigible	0.10
explicite	explizit	words	C1	adjective		Allgemein	explicite	0.10
expresse	ausdrücklich	words	C1	adjective		Allgemein	expresse	0.10
l'expédient	das Mittel	words	C1	noun	n	Allgemein	expédient	0.10
le feignant	der Faulenzer	words	C1	noun	m	Allgemein	feignant	0.10
la fertilisation	die Befruchtung	words	C1	noun	f	Essen & Trinken	fertilisation	0.10
la ferveur	die Inbrunst	words	C1	noun	f	Allgemein	ferveur	0.10
fictif	fiktiv	words	C1	adjective		Allgemein	fictif	0.10
filial	filial	words	C1	adjective		Allgemein	filial	0.10
finalisé	finalisiert	words	C1	adjective		Allgemein	finalisé	0.10
flanquer	platzieren	words	C1	verb		Allgemein	flanquer	0.10
le frondeur	der Rebellenführer	words	C1	noun	m	Allgemein	frondeur	0.10
fécond	fruchtbar	words	C1	adjective		Essen & Trinken	fécond	0.10
le gestionnaire	der Manager	words	C1	noun	m	Arbeit & Beruf	gestionnaire	0.10
la godille	die Ruder	words	C1	noun	f	Sport	godille	0.10
guérissable	heilbar	words	C1	adjective		Körper & Gesundheit	guérissable	0.10
génétiquement	genetisch	words	C1	adverb		Allgemein	génétiquement	0.10
gérable	handhabbar	words	C1	adjective		Allgemein	gérable	0.10
halieutique	fischereilich	words	C1	adjective		Allgemein	halieutique	0.10
la hantise	die Angst	words	C1	noun	f	Gefühle & Charakter	hantise	0.10
hardiment	mutig	words	C1	adverb		Allgemein	hardiment	0.10
l'harmonisation	die Harmonisierung	words	C1	noun	f	Allgemein	harmonisation	0.10
l'herméneutique	die Hermeneutik	words	C1	noun	f	Allgemein	herméneutique	0.10
l'holocène	das Holozän	words	C1	noun	n	Allgemein	holocène	0.10
l'homogamie	die Homogamie	words	C1	noun	f	Allgemein	homogamie	0.10
homologuer	homologieren	words	C1	verb		Allgemein	homologuer	0.10
l'hybridation	die Hybridisierung	words	C1	noun	f	Allgemein	hybridation	0.10
iconoclaste	ikonoklastisch	words	C1	adjective		Allgemein	iconoclaste	0.10
l'idiosyncrasie	die Idiosynkrasie	words	C1	noun	f	Allgemein	idiosyncrasie	0.10
l'idylle	die Idylle	words	C1	noun	f	Allgemein	idylle	0.10
illico	sofort	words	C1	adverb		Allgemein	illico	0.10
imaginable	vorstellbar	words	C1	adjective		Allgemein	imaginable	0.10
immigrant	Einwanderer	words	C1	adjective	m	Allgemein	immigrant	0.10
inabordable	unerschwinglich	words	C1	adjective		Allgemein	inabordable	0.10
inapte	ungeeignet	words	C1	adjective		Allgemein	inapte	0.10
incongru	unpassend	words	C1	adjective		Allgemein	incongru	0.10
indifféremment	gleichgültig	words	C1	adverb		Allgemein	indifféremment	0.10
l'individualisation	die Individualisierung	words	C1	noun	f	Allgemein	individualisation	0.10
individualiser	individualisieren	words	C1	verb		Allgemein	individualiser	0.10
l'individualité	die Individualität	words	C1	noun	f	Allgemein	individualité	0.10
l'industrialisation	die Industrialisierung	words	C1	noun	f	Allgemein	industrialisation	0.10
inefficace	ineffektiv	words	C1	adjective		Allgemein	inefficace	0.10
l'inexistence	die Nichtexistenz	words	C1	noun	f	Allgemein	inexistence	0.10
l'infinité	die Unendlichkeit	words	C1	noun	f	Allgemein	infinité	0.10
l'inflammation	die Entzündung	words	C1	noun	f	Körper & Gesundheit	inflammation	0.10
informationnel	informativ	words	C1	adjective		Allgemein	informationnel	0.10
infrarouge	infrarot	words	C1	adjective		Allgemein	infrarouge	0.10
l'initiateur	der Initiator	words	C1	noun	m	Allgemein	initiateur	0.10
l'insatisfaction	die Unzufriedenheit	words	C1	noun	f	Allgemein	insatisfaction	0.10
l'instauration	die Einsetzung	words	C1	noun	f	Allgemein	instauration	0.10
l'intelligibilité	die Verständlichkeit	words	C1	noun	f	Allgemein	intelligibilité	0.10
interculturel	interkulturell	words	C1	adjective		Allgemein	interculturel	0.10
interdépendant	wechselseitig abhängig	words	C1	adjective		Allgemein	interdépendant	0.10
l'intertitre	der Zwischenüberschrift	words	C1	noun	m	Allgemein	intertitre	0.10
l'intrusion	die Eindringung	words	C1	noun	f	Allgemein	intrusion	0.10
jongler	jonglieren	words	C1	verb		Freizeit & Hobbys	jongler	0.10
judicieusement	sinnvoll	words	C1	adverb		Allgemein	judicieusement	0.10
kurde	kurdisch	words	C1	adjective		Allgemein	kurde	0.10
la laïcité	die Laizität	words	C1	noun	f	Allgemein	laïcité	0.10
linéaire	linear	words	C1	adjective		Allgemein	linéaire	0.10
loquace	gesprächig	words	C1	adjective		Allgemein	loquace	0.10
louable	lobenswert	words	C1	adjective		Allgemein	louable	0.10
le maillage	das Netz	words	C1	noun	m	Allgemein	maillage	0.10
maladroitement	ungeschickt	words	C1	adverb		Allgemein	maladroitement	0.10
le matraquage	die Werbung	words	C1	noun	m	Allgemein	matraquage	0.10
le melting-pot	der Schmelztiegel	words	C1	noun	m	Allgemein	melting-pot	0.10
le mentor	der Mentor	words	C1	noun	m	Allgemein	mentor	0.10
microbien	mikrobiell	words	C1	adjective		Körper & Gesundheit	microbien	0.10
le missionnaire	der Missionar	words	C1	noun	m	Allgemein	missionnaire	0.10
la modernisation	die Modernisierung	words	C1	noun	f	Allgemein	modernisation	0.10
monarchique	monarchisch	words	C1	adjective		Allgemein	monarchique	0.10
mondialiser	globalisieren	words	C1	verb		Allgemein	mondialiser	0.10
la morosité	die Trübsal	words	C1	noun	f	Gefühle & Charakter	morosité	0.10
mouver	bewegen	words	C1	verb		Allgemein	mouver	0.10
la mécanisation	die Mechanisierung	words	C1	noun	f	Allgemein	mécanisation	0.10
mélanésien	melanesisch	words	C1	adjective		Allgemein	mélanésien	0.10
la métaphore	die Metapher	words	C1	noun	f	Allgemein	métaphore	0.10
méthodiquement	methodisch	words	C1	adverb		Allgemein	méthodiquement	0.10
métis	gemischt	words	C1	adjective		Allgemein	métis	0.10
la nomenclature	die Nomenklatur	words	C1	noun	f	Allgemein	nomenclature	0.10
nord-américain	nordamerikanisch	words	C1	adjective		Allgemein	nord-américain	0.10
le nutriment	der Nährstoff	words	C1	noun	m	Essen & Trinken	nutriment	0.10
négligent	nachlässig	words	C1	adjective		Allgemein	négligent	0.10
néoromantique	neoromantisch	words	C1	adjective		Allgemein	néoromantique	0.10
l'occidentalisation	die Westlichkeit	words	C1	noun	f	Allgemein	occidentalisation	0.10
opportun	gelegen	words	C1	adjective		Allgemein	opportun	0.10
l'otite	die Ohrenentzündung	words	C1	noun	f	Körper & Gesundheit	otite	0.10
pakistanais	pakistanisch	words	C1	adjective		Allgemein	pakistanais	0.10
le pano	der Stoff	words	C1	noun	m	Kleidung & Mode	pano	0.10
le paradigme	das Paradigma	words	C1	noun	m	Allgemein	paradigme	0.10
parkinsonien	parkinsonisch	words	C1	adjective		Körper & Gesundheit	parkinsonien	0.10
pastoral	pastoral	words	C1	adjective		Allgemein	pastoral	0.10
le pelletier	der Pelzhändler	words	C1	noun	m	Allgemein	pelletier	0.10
pernicieux	schädlich	words	C1	adjective		Allgemein	pernicieux	0.10
perpétrer	verüben	words	C1	verb		Allgemein	perpétrer	0.10
pertinemment	zutreffend	words	C1	adverb		Allgemein	pertinemment	0.10
pesant	schwer	words	C1	adjective		Allgemein	pesant	0.10
la photosynthèse	die Fotosynthese	words	C1	noun	f	Allgemein	photosynthèse	0.10
pictural	bildlich	words	C1	adjective		Allgemein	pictural	0.10
plénier	vollständig	words	C1	adjective		Allgemein	plénier	0.10
le pneumocoque	der Pneumokokkus	words	C1	noun	m	Körper & Gesundheit	pneumocoque	0.10
polynésien	polynesisch	words	C1	adjective		Allgemein	polynésien	0.10
le populisme	der Populismus	words	C1	noun	m	Allgemein	populisme	0.10
le portrait-robot	das Phantombild	words	C1	noun	m	Allgemein	portrait-robot	0.10
pressentir	ahnen	words	C1	verb		Allgemein	pressentir	0.10
la profusion	die Fülle	words	C1	noun	f	Allgemein	profusion	0.10
pronostiquer	prognostizieren	words	C1	verb		Allgemein	pronostiquer	0.10
prospectif	prospektiv	words	C1	adjective		Allgemein	prospectif	0.10
la prostate	die Prostata	words	C1	noun	f	Körper & Gesundheit	prostate	0.10
précautionneux	vorsichtig	words	C1	adjective		Allgemein	précautionneux	0.10
le préside	der Vorsitz	words	C1	noun	m	Allgemein	préside	0.10
le publiphobe	der Publiphobiker	words	C1	noun	m	Allgemein	publiphobe	0.10
le purgatoire	das Fegefeuer	words	C1	noun	m	Allgemein	purgatoire	0.10
le pédopsychiatre	der Kinderpsychiater	words	C1	noun	m	Körper & Gesundheit	pédopsychiatre	0.10
quadriennal	vierjährig	words	C1	adjective		Allgemein	quadriennal	0.10
le qualificatif	das Adjektiv	words	C1	noun	m	Grammatik & Struktur	qualificatif	0.10
qualitatif	qualitativ	words	C1	adjective		Allgemein	qualitatif	0.10
le rapatrié	der Rückkehrer	words	C1	noun	m	Allgemein	rapatrié	0.10
le rattachement	die Zugehörigkeit	words	C1	noun	m	Allgemein	rattachement	0.10
recaler	durchfallen	words	C1	verb		Allgemein	recaler	0.10
le recensement	die Volkszählung	words	C1	noun	m	Allgemein	recensement	0.10
redistribuer	umverteilen	words	C1	verb		Allgemein	redistribuer	0.10
la relecture	die Durchsicht	words	C1	noun	f	Allgemein	relecture	0.10
remuant	beweglich	words	C1	adjective		Allgemein	remuant	0.10
renfrogner	schmollen	words	C1	verb		Allgemein	renfrogner	0.10
le renoncement	der Verzicht	words	C1	noun	m	Allgemein	renoncement	0.10
le repoussoir	der Abweisende	words	C1	noun	m	Allgemein	repoussoir	0.10
retransmettre	übertragen	words	C1	verb		Allgemein	retransmettre	0.10
revitalisant	belebend	words	C1	adjective		Allgemein	revitalisant	0.10
réactiver	reaktivieren	words	C1	verb		Allgemein	réactiver	0.10
réfléchi	nachdenklich	words	C1	adjective		Allgemein	réfléchi	0.10
réinstaller	neu installieren	words	C1	verb		Medien & Technik	réinstaller	0.10
la réintégration	die Reintegration	words	C1	noun	f	Allgemein	réintégration	0.10
réintégrer	wieder eingliedern	words	C1	verb		Allgemein	réintégrer	0.10
réorganiser	neu organisieren	words	C1	verb		Allgemein	réorganiser	0.10
le réserviste	der Reservist	words	C1	noun	m	Arbeit & Beruf	réserviste	0.10
réticent	zögerlich	words	C1	adjective		Gefühle & Charakter	réticent	0.10
la révérence	die Reverenz	words	C1	noun	f	Begrüßung & Höflichkeit	révérence	0.10
le sarcasme	der Sarkasmus	words	C1	noun	m	Allgemein	sarcasme	0.10
sereinement	gelassen	words	C1	adverb		Gefühle & Charakter	sereinement	0.10
le sert	der Dienst	words	C1	noun	m	Allgemein	sert	0.10
le sexologue	der Sexualwissenschaftler	words	C1	noun	m	Körper & Gesundheit	sexologue	0.10
signaliser	signalisieren	words	C1	verb		Allgemein	signaliser	0.10
la sinécure	die Sinécure	words	C1	noun	f	Allgemein	sinécure	0.10
le soubresaut	der Sprung	words	C1	noun	m	Allgemein	soubresaut	0.10
sourciller	die Augenbraue heben	words	C1	verb		Allgemein	sourciller	0.10
la sous-représentation	die Unterrepräsentation	words	C1	noun	f	Allgemein	sous-représentation	0.10
la sous-utilisation	die Unterauslastung	words	C1	noun	f	Allgemein	sous-utilisation	0.10
le spécimen	das Exemplar	words	C1	noun	m	Allgemein	spécimen	0.10
le staphylocoque	der Staphylokokkus	words	C1	noun	m	Körper & Gesundheit	staphylocoque	0.10
stigmatiser	stigmatisieren	words	C1	verb		Allgemein	stigmatiser	0.10
la stratosphère	die Stratosphäre	words	C1	noun	f	Allgemein	stratosphère	0.10
structural	strukturell	words	C1	adjective		Allgemein	structural	0.10
stéréotyper	stereotypisieren	words	C1	verb		Allgemein	stéréotyper	0.10
la subsidiarité	die Subsidiarität	words	C1	noun	f	Allgemein	subsidiarité	0.10
le subterfuge	der Subterfuge	words	C1	noun	m	Allgemein	subterfuge	0.10
surdimensionner	überdimensionieren	words	C1	verb		Allgemein	surdimensionner	0.10
le surinvestissement	das Überinvestieren	words	C1	noun	m	Allgemein	surinvestissement	0.10
la surreprésentation	die Überrepräsentation	words	C1	noun	f	Allgemein	surreprésentation	0.10
le survol	der Überflug	words	C1	noun	m	Allgemein	survol	0.10
symptomatique	symptomatisch	words	C1	adjective		Körper & Gesundheit	symptomatique	0.10
le sédiment	das Sediment	words	C1	noun	m	Allgemein	sédiment	0.10
la sémiologie	die Semiotik	words	C1	noun	f	Allgemein	sémiologie	0.10
le thésard	der Doktorand	words	C1	noun	m	Schule & Bildung	thésard	0.10
tonique	tonisierend	words	C1	adjective		Körper & Gesundheit	tonique	0.10
le totalitarisme	der Totalitarismus	words	C1	noun	m	Allgemein	totalitarisme	0.10
la toxicomanie	die Drogenabhängigkeit	words	C1	noun	f	Körper & Gesundheit	toxicomanie	0.10
les tracas	die Sorgen	words	C1	noun	m	Gefühle & Charakter	tracas	0.10
traire	melken	words	C1	verb		Essen & Trinken	traire	0.10
le transporteur	der Transporteur	words	C1	noun	m	Allgemein	transporteur	0.10
le trente	die dreißig	words	C1	noun	f	Zahlen & Mengen	trente	0.10
le trop-plein	der Überlauf	words	C1	noun	m	Allgemein	trop-plein	0.10
le télégramme	das Telegramm	words	C1	noun	m	Allgemein	télégramme	0.10
téméraire	waghalsig	words	C1	adjective		Allgemein	téméraire	0.10
le tétanos	der Tetanus	words	C1	noun	m	Körper & Gesundheit	tétanos	0.10
unilatéral	einseitig	words	C1	adjective		Allgemein	unilatéral	0.10
urinaire	urinär	words	C1	adjective		Körper & Gesundheit	urinaire	0.10
l'urètre	der Harnleiter	words	C1	noun	m	Körper & Gesundheit	urètre	0.10
l'utérus	die Gebärmutter	words	C1	noun	m	Körper & Gesundheit	utérus	0.10
versatile	vielseitig	words	C1	adjective		Allgemein	versatile	0.10
la vessie	die Blase	words	C1	noun	f	Körper & Gesundheit	vessie	0.10
vicier	verunreinigen	words	C1	verb		Allgemein	vicier	0.10
la vigie	die Wache	words	C1	noun	f	Allgemein	vigie	0.10
l'éclairement	die Beleuchtung	words	C1	noun	m	Allgemein	éclairement	0.10
épingler	anheften	words	C1	verb		Allgemein	épingler	0.10
l'éradication	die Ausrottung	words	C1	noun	f	Allgemein	éradication	0.10
étonnamment	erstaunlicherweise	words	C1	adverb		Allgemein	étonnamment	0.10
fermé	geschlossen	words	C1	adjective		Allgemein	fermé	0.10
le pélican	der Pelikan	words	C1	noun	m	Tiere & Natur	pélican	0.10
la surveille	die Überwachung	words	C1	noun	f	Allgemein	surveille	0.10
l'évadé	der Entflohene	words	C1	noun	m	Allgemein	évadé	0.10
acrobatique	akrobatisch	words	C1	adjective		Allgemein	acrobatique	0.09
anglo-américain	anglo-amerikanisch	words	C1	adjective		Allgemein	anglo-américain	0.09
le canoë-kayak	das Kanu-Kajak	words	C1	noun	m	Freizeit & Hobbys	canoë-kayak	0.09
le castor	der Biber	words	C1	noun	m	Tiere & Natur	castor	0.09
constructible	baubar	words	C1	adjective		Allgemein	constructible	0.09
la déprime	die Depression	words	C1	noun	f	Körper & Gesundheit	déprime	0.09
entreprenant	unternehmerisch	words	C1	adjective		Allgemein	entreprenant	0.09
la lande	die Heide	words	C1	noun	f	Tiere & Natur	lande	0.09
le lé	der Löffel	words	C1	noun	m	Essen & Trinken	lé	0.09
moche	hässlich	words	C1	adjective		Allgemein	moche	0.09
le nettoyeur	der Reiniger	words	C1	noun	m	Allgemein	nettoyeur	0.09
théier	teehaltig	words	C1	adjective		Essen & Trinken	théier	0.09
mort-aux-rats	Rattengift	words	C1	noun		Allgemein	mort-aux-rats	0.09
l'abyme	der Abgrund	words	C1	noun	m	Allgemein	abyme	0.09
affectueusement	liebevoll	words	C1	adverb		Allgemein	affectueusement	0.09
l'albinos	der Albino	words	C1	noun	m	Allgemein	albinos	0.09
l'ananas	die Ananas	words	C1	noun	m	Essen & Trinken	ananas	0.09
les bottes	die Stiefel	words	C1	noun		Kleidung & Mode	boots	0.09
le boudin	der Blutwurst	words	C1	noun	m	Essen & Trinken	boudin	0.09
le brumaire	der Brumaire	words	C1	noun	m	Allgemein	brumaire	0.09
le canut	der Seidenweber	words	C1	noun	m	Allgemein	canut	0.09
le chauffe-eau	der Wasserkocher	words	C1	noun	m	Wohnen & Haus	chauffe-eau	0.09
la châtaigne	die Kastanie	words	C1	noun	f	Essen & Trinken	châtaigne	0.09
la combativité	der Kampfgeist	words	C1	noun	f	Allgemein	combativité	0.09
cravater	krawattieren	words	C1	verb		Allgemein	cravater	0.09
le croque-monsieur	der Toast Hawaii	words	C1	noun	m	Essen & Trinken	croque-monsieur	0.09
le dinar	der Dinar	words	C1	noun	m	Einkaufen & Geld	dinar	0.09
démaquiller	abschminken	words	C1	verb		Körper & Gesundheit	démaquiller	0.09
extra	extra	words	C1	adjective		Allgemein	extra	0.09
la fa	die Fa	words	C1	noun	f	Allgemein	fa	0.09
la féminité	die Weiblichkeit	words	C1	noun	f	Allgemein	féminité	0.09
la grand-tante	die Großtante	words	C1	noun	f	Familie & Freunde	grand-tante	0.09
hivernal	winterlich	words	C1	adjective		Wetter & Jahreszeiten	hivernal	0.09
l'insolation	die Sonnenstrahlung	words	C1	noun	f	Körper & Gesundheit	insolation	0.09
la mariolle	die Mariolle	words	C1	noun	f	Allgemein	mariolle	0.09
le matelot	der Matrose	words	C1	noun	m	Allgemein	matelot	0.09
la mayonnaise	die Mayonnaise	words	C1	noun	f	Essen & Trinken	mayonnaise	0.09
la mie	das Brotinneres	words	C1	noun	f	Essen & Trinken	mie	0.09
la montgolfière	der Heißluftballon	words	C1	noun	f	Reisen & Urlaub	montgolfière	0.09
le peloton	der Verband	words	C1	noun	m	Sport	peloton	0.09
le prospectus	das Prospekt	words	C1	noun	m	Allgemein	prospectus	0.09
le squash	der Squash	words	C1	noun	m	Sport	squash	0.09
la station-service	die Tankstelle	words	C1	noun	f	Stadt & Verkehr	station-service	0.09
la traboule	die Traboule	words	C1	noun	f	Stadt & Verkehr	traboule	0.09
l'églantine	die Heckenrose	words	C1	noun	f	Tiere & Natur	églantine	0.09
le blondel	der Blondel	words	C1	noun	m	Allgemein	blondel	0.09
la chenille	die Raupe	words	C1	noun	f	Tiere & Natur	chenille	0.09
le cordonnier	der Schuhmacher	words	C1	noun	m	Arbeit & Beruf	cordonnier	0.09
le célestin	der Célestin	words	C1	noun	m	Allgemein	célestin	0.09
engraisser	dick machen	words	C1	verb		Körper & Gesundheit	engraisser	0.09
le guérisseur	der Heiler	words	C1	noun	m	Körper & Gesundheit	guérisseur	0.09
le naturalisme	der Naturalismus	words	C1	noun	m	Allgemein	naturalisme	0.09
le poiret	der Birnenbaum	words	C1	noun	m	Essen & Trinken	poiret	0.09
le remue	das Rühren	words	C1	noun	m	Allgemein	remue	0.09
la gazette	die Zeitung	words	C1	noun	f	Medien & Technik	gazette	0.09
le paratonnerre	der Blitzableiter	words	C1	noun	m	Allgemein	paratonnerre	0.09
chanceux	glücklich	words	C1	adjective		Gefühle & Charakter	chanceux	0.09
le clochard	der Obdachlose	words	C1	noun	m	Allgemein	clochard	0.09
clownesque	clownesk	words	C1	adjective		Allgemein	clownesque	0.09
contrevenir	verstoßen	words	C1	verb		Allgemein	contrevenir	0.09
hmm	hmm	words	C1	interjection		Allgemein	hmm	0.09
inopinément	unerwartet	words	C1	adverb		Allgemein	inopinément	0.09
le procès-verbal	das Protokoll	words	C1	noun	m	Allgemein	procès-verbal	0.09
adaptable	anpassbar	words	C1	adjective		Allgemein	adaptable	0.08
l'avalanche	die Lawine	words	C1	noun	f	Wetter & Jahreszeiten	avalanche	0.08
canin	hundlich	words	C1	adjective		Allgemein	canin	0.08
le compost	der Kompost	words	C1	noun	m	Essen & Trinken	compost	0.08
endommager	beschädigen	words	C1	verb		Allgemein	endommager	0.08
le flic	der Bulle	words	C1	noun	m	Allgemein	flic	0.08
le hameau	das Weiler	words	C1	noun	m	Wohnen & Haus	hameau	0.08
impraticable	unpassierbar	words	C1	adjective		Allgemein	impraticable	0.08
subitement	plötzlich	words	C1	adverb		Allgemein	subitement	0.08
ample	weit	words	C1	adjective		Kleidung & Mode	ample	0.08
la broderie	die Stickerei	words	C1	noun	f	Kleidung & Mode	broderie	0.08
la duchesse	die Herzogin	words	C1	noun	f	Allgemein	duchesse	0.08
la déportation	die Deportation	words	C1	noun	f	Allgemein	déportation	0.08
les gentilshommes	die Edelmänner	words	C1	noun	m	Allgemein	gentilshommes	0.08
le justaucorps	der Body	words	C1	noun	m	Kleidung & Mode	justaucorps	0.08
la lady	die Lady	words	C1	noun	f	Allgemein	lady	0.08
milord	mein Herr	words	C1	noun		Allgemein	milord	0.08
le monarque	der Monarch	words	C1	noun	m	Allgemein	monarque	0.08
la pistole	die Pistole	words	C1	noun	f	Allgemein	pistole	0.08
l'étourneau	der Star	words	C1	noun	m	Tiere & Natur	étourneau	0.08
la maïa	die Maia	words	C1	noun	f	Allgemein	maïa	0.08
la chope	der Krug	words	C1	noun	f	Essen & Trinken	chope	0.07
le craquement	das Knacken	words	C1	noun	m	Allgemein	craquement	0.07
le salaud	der Bastard	words	C1	noun	m	Allgemein	salaud	0.07
attribuable	zuordenbar	words	C1	adjective		Allgemein	attribuable	0.07
brut	roh	words	C1	adjective		Allgemein	brut	0.07
bruxellois	brüsseler	words	C1	adjective		Allgemein	bruxellois	0.07
la complaisance	die Gefälligkeit	words	C1	noun	f	Allgemein	complaisance	0.07
la décongélation	die Auftauung	words	C1	noun	f	Essen & Trinken	décongélation	0.07
indicateur	anzeigend	words	C1	adjective		Allgemein	indicateur	0.07
le léopard	der Leopard	words	C1	noun	m	Tiere & Natur	léopard	0.07
le mille-feuille	die Cremeschnitte	words	C1	noun	m	Essen & Trinken	mille-feuille	0.07
la morgue	die Leichenschauhaus	words	C1	noun	f	Körper & Gesundheit	morgue	0.07
la plaquette	die Plakette	words	C1	noun	f	Allgemein	plaquette	0.07
le prompteur	der Teleprompter	words	C1	noun	m	Medien & Technik	prompteur	0.07
la stérilité	die Sterilität	words	C1	noun	f	Körper & Gesundheit	stérilité	0.07
la vermine	die Schädlinge	words	C1	noun	f	Tiere & Natur	vermine	0.07
l'éléphant	der Elefant	words	C1	noun	m	Tiere & Natur	éléphant	0.07
le gravier	der Kies	words	C1	noun	m	Allgemein	gravier	0.07
lugubre	düster	words	C1	adjective		Allgemein	lugubre	0.07
la massue	der Knüppel	words	C1	noun	f	Allgemein	massue	0.07
narcotiser	narkotisieren	words	C1	verb		Körper & Gesundheit	narcotiser	0.07
la pâleur	die Blässe	words	C1	noun	f	Körper & Gesundheit	pâleur	0.07
le radium	das Radium	words	C1	noun	m	Allgemein	radium	0.07
le travestissement	die Verkleidung	words	C1	noun	m	Allgemein	travestissement	0.07
étrangement	seltsamerweise	words	C1	adverb		Allgemein	étrangement	0.07
le rubis	der Rubin	words	C1	noun	m	Allgemein	rubis	0.07
la toiture	das Dach	words	C1	noun	f	Wohnen & Haus	toiture	0.07
la sophie	die Sophie	words	C1	noun	f	Allgemein	sophie	0.07
défoncer	aufbrechen	words	C1	verb		Allgemein	défoncer	0.07
le fion	der Fion	words	C1	noun	m	Allgemein	fion	0.07
le hareng	der Hering	words	C1	noun	m	Essen & Trinken	hareng	0.07
le natif	der Muttersprachler	words	C1	noun	m	Allgemein	natif	0.07
le plurilinguisme	der Plurilingualismus	words	C1	noun	m	Allgemein	plurilinguisme	0.07
socioprofessionnel	sozioprofessionell	words	C1	adjective		Arbeit & Beruf	socioprofessionnel	0.07
le vidéaste	der Videofilmer	words	C1	noun	m	Medien & Technik	vidéaste	0.07
également	auch	words	C1	verb		Allgemein	égaler	0.07
électro	elektronisch	words	C1	adjective		Allgemein	électro	0.07
le baobab	der Baobab	words	C1	noun	m	Tiere & Natur	baobab	0.07
le déclic	der Klick	words	C1	noun	m	Allgemein	déclic	0.07
majoritaire	mehrheitlich	words	C1	adjective		Allgemein	majoritaire	0.07
pédestre	zu Fuß	words	C1	adjective		Stadt & Verkehr	pédestre	0.07
électriser	elektrisieren	words	C1	verb		Allgemein	électriser	0.07
la farandole	die Farandole	words	C1	noun	f	Freizeit & Hobbys	farandole	0.07
abyssal	abgründig	words	C1	adjective		Allgemein	abyssal	0.07
accréditer	akkreditieren	words	C1	verb		Allgemein	accréditer	0.07
l'acompte	die Anzahlung	words	C1	noun	m	Einkaufen & Geld	acompte	0.07
l'affadissement	die Abflachung	words	C1	noun	m	Allgemein	affadissement	0.07
affligeant	erniedrigend	words	C1	adjective		Gefühle & Charakter	affligeant	0.07
l'agio	das Agio	words	C1	noun	m	Einkaufen & Geld	agio	0.07
l'allergie	die Allergie	words	C1	noun	f	Körper & Gesundheit	allergie	0.07
amèrement	bitter	words	C1	adverb		Allgemein	amèrement	0.07
anecdotique	anekdotisch	words	C1	adjective		Allgemein	anecdotique	0.07
l'antagonisme	der Antagonismus	words	C1	noun	m	Allgemein	antagonisme	0.07
antistatique	antistatisch	words	C1	adjective		Allgemein	antistatique	0.07
apocryphe	apokryph	words	C1	adjective		Allgemein	apocryphe	0.07
l'apothéose	die Apotheose	words	C1	noun	f	Allgemein	apothéose	0.07
l'appelé	der Berufene	words	C1	noun	m	Allgemein	appelé	0.07
l'asservissement	die Versklavung	words	C1	noun	m	Allgemein	asservissement	0.07
l'assistanat	die Assistenz	words	C1	noun	m	Arbeit & Beruf	assistanat	0.07
assombrir	dunkler werden	words	C1	verb		Allgemein	assombrir	0.07
l'astrologie	die Astrologie	words	C1	noun	f	Allgemein	astrologie	0.07
l'astéroïde	der Asteroid	words	C1	noun	m	Allgemein	astéroïde	0.07
atroce	grauenhaft	words	C1	adjective		Allgemein	atroce	0.07
l'aubette	die Wartehalle	words	C1	noun	f	Stadt & Verkehr	aubette	0.07
aucunement	keineswegs	words	C1	adverb		Allgemein	aucunement	0.07
aviver	beleben	words	C1	verb		Allgemein	aviver	0.07
la baise	der Kuss	words	C1	noun	f	Gefühle & Charakter	baise	0.07
le bang	der Knall	words	C1	noun	m	Allgemein	bang	0.07
le basalte	der Basalt	words	C1	noun	m	Allgemein	basalte	0.07
le bibi	der Bibi	words	C1	noun	m	Allgemein	bibi	0.07
binaire	binär	words	C1	noun		Allgemein	binaire	0.07
la biodégradabilité	die biologisch abbaubare	words	C1	noun	f	Allgemein	biodégradabilité	0.07
le bombardement	die Bombardierung	words	C1	noun	m	Allgemein	bombardement	0.07
le booster	der Booster	words	C1	noun	m	Allgemein	booster	0.07
bougonner	murren	words	C1	verb		Allgemein	bougonner	0.07
bourgeoisement	bürgerlich	words	C1	adverb		Allgemein	bourgeoisement	0.07
le brunch	der Brunch	words	C1	noun	m	Essen & Trinken	brunch	0.07
le brushing	der Haarschnitt	words	C1	noun	m	Allgemein	brushing	0.07
bruyamment	laut	words	C1	adverb		Allgemein	bruyamment	0.07
le buis	der Buchsbaum	words	C1	noun	m	Tiere & Natur	buis	0.07
bêtement	dumm	words	C1	adverb		Allgemein	bêtement	0.07
cadencer	takten	words	C1	verb		Allgemein	cadencer	0.07
le calcium	das Calcium	words	C1	noun	n	Körper & Gesundheit	calcium	0.07
le camping-car	das Wohnmobil	words	C1	noun	n	Reisen & Urlaub	camping-car	0.07
la canine	der Eckzahn	words	C1	noun	f	Körper & Gesundheit	canine	0.07
la cantonade	die Seitenlinie	words	C1	noun	f	Allgemein	cantonade	0.07
la capitalisation	die Kapitalisierung	words	C1	noun	f	Allgemein	capitalisation	0.07
le capucin	der Kapuziner	words	C1	noun	m	Allgemein	capucin	0.07
le caravaning	das Caravaning	words	C1	noun	m	Reisen & Urlaub	caravaning	0.07
le caroténoïde	der Carotenoid	words	C1	noun	m	Körper & Gesundheit	caroténoïde	0.07
la carpe	der Karpfen	words	C1	noun	f	Tiere & Natur	carpe	0.07
cartographier	kartografieren	words	C1	verb		Allgemein	cartographier	0.07
la castration	die Kastration	words	C1	noun	f	Körper & Gesundheit	castration	0.07
cercler	umkreisen	words	C1	verb		Allgemein	cercler	0.07
cessant	aufhörend	words	C1	adjective		Allgemein	cessant	0.07
la cessation	die Beendigung	words	C1	noun	f	Allgemein	cessation	0.07
le chaos	das Chaos	words	C1	noun	m	Allgemein	chaos	0.07
le chapelain	der Kaplan	words	C1	noun	m	Allgemein	chapelain	0.07
le chariot	der Wagen	words	C1	noun	m	Allgemein	chariot	0.07
chichement	sparsam	words	C1	adverb		Allgemein	chichement	0.07
le chicon	der Chicorée	words	C1	noun	m	Essen & Trinken	chicon	0.07
le chromo	das Chromo	words	C1	noun	m	Allgemein	chromo	0.07
la chrysalide	die Puppe	words	C1	noun	f	Tiere & Natur	chrysalide	0.07
ciao	hallo	words	C1	interjection		Begrüßung & Höflichkeit	ciao	0.07
le cloporte	der Ohrwurm	words	C1	noun	m	Tiere & Natur	cloporte	0.07
le cochonnet	der Boule	words	C1	noun	m	Freizeit & Hobbys	cochonnet	0.07
le coco	die Kokosnuss	words	C1	noun	m	Essen & Trinken	coco	0.07
le colimaçon	die Schnecke	words	C1	noun	m	Tiere & Natur	colimaçon	0.07
le collage	die Collage	words	C1	noun	m	Allgemein	collage	0.07
complaisant	gefällig	words	C1	adjective		Allgemein	complaisant	0.07
la complexification	die Komplexifizierung	words	C1	noun	f	Allgemein	complexification	0.07
le complies	der Complies	words	C1	noun	m	Allgemein	complies	0.07
comportemental	verhaltens-	words	C1	adjective		Allgemein	comportemental	0.07
la compote	die Apfelmus	words	C1	noun	f	Essen & Trinken	compote	0.07
la connerie	der Blödsinn	words	C1	noun	f	Allgemein	connerie	0.07
consentant	einwilligend	words	C1	adjective		Allgemein	consentant	0.07
le consentement	die Zustimmung	words	C1	noun	m	Allgemein	consentement	0.07
la consonance	die Konsonanz	words	C1	noun	f	Allgemein	consonance	0.07
la contagiosité	die Ansteckungsfähigkeit	words	C1	noun	f	Körper & Gesundheit	contagiosité	0.07
le contempteur	der Verächter	words	C1	noun	m	Allgemein	contempteur	0.07
la coque	die Schale	words	C1	noun	f	Essen & Trinken	coque	0.07
le cormier	der Speierling	words	C1	noun	m	Tiere & Natur	cormier	0.07
le coulis	der Coulis	words	C1	noun	m	Essen & Trinken	coulis	0.07
la couque	die Süßgebäck	words	C1	noun	f	Essen & Trinken	couque	0.07
le coutelier	der Messermacher	words	C1	noun	m	Allgemein	coutelier	0.07
la cramique	die Keramik	words	C1	noun	f	Allgemein	cramique	0.07
le craquelin	der Keks	words	C1	noun	m	Essen & Trinken	craquelin	0.07
le credo	das Credo	words	C1	noun	m	Allgemein	credo	0.07
la croûte	die Kruste	words	C1	noun	f	Essen & Trinken	croûte	0.07
créditeur	gläubig	words	C1	adjective		Allgemein	créditeur	0.07
crépiter	knistern	words	C1	verb		Allgemein	crépiter	0.07
cumulatif	kumulativ	words	C1	adjective		Allgemein	cumulatif	0.07
la cuvée	die Cuvée	words	C1	noun	f	Essen & Trinken	cuvée	0.07
le cône	der Kegel	words	C1	noun	m	Allgemein	cône	0.07
damer	damen	words	C1	verb		Allgemein	damer	0.07
le dancing	der Tanzsaal	words	C1	noun	m	Freizeit & Hobbys	dancing	0.07
la diapo	die Diashow	words	C1	noun	f	Medien & Technik	diapo	0.07
dispos	bereit	words	C1	adjective		Allgemein	dispos	0.07
dissymétrique	dysymmetrisch	words	C1	adjective		Allgemein	dissymétrique	0.07
dix-huitième	achtzehnt	words	C1	adjective		Zahlen & Mengen	dix-huitième	0.07
la doctoresse	die Ärztin	words	C1	noun	f	Körper & Gesundheit	doctoresse	0.07
dompter	zähmen	words	C1	verb		Allgemein	dompter	0.07
la dopamine	die Dopamin	words	C1	noun	f	Körper & Gesundheit	dopamine	0.07
le dormeur	der Schläfer	words	C1	noun	m	Körper & Gesundheit	dormeur	0.07
doser	dosieren	words	C1	verb		Allgemein	doser	0.07
dracher	herunterziehen	words	C1	verb		Allgemein	dracher	0.07
la déambulation	der Spaziergang	words	C1	noun	f	Freizeit & Hobbys	déambulation	0.07
le débouté	der Abgewiesene	words	C1	noun	m	Allgemein	débouté	0.07
débrider	freigeben	words	C1	verb		Allgemein	débrider	0.07
le décimal	das Dezimal	words	C1	noun	m	Allgemein	décimal	0.07
décorner	abbrechen	words	C1	verb		Allgemein	décorner	0.07
décédé	verstorben	words	C1	adjective		Allgemein	décédé	0.07
la dégaine	die Haltung	words	C1	noun	f	Allgemein	dégaine	0.07
la déontologie	die Ethik	words	C1	noun	f	Allgemein	déontologie	0.07
déphaser	phasenverschieben	words	C1	verb		Allgemein	déphaser	0.07
la dépréciation	die Abwertung	words	C1	noun	f	Allgemein	dépréciation	0.07
le désagrément	das Unannehmlichkeit	words	C1	noun	m	Allgemein	désagrément	0.07
déshonorant	ehrenrührig	words	C1	adjective		Allgemein	déshonorant	0.07
désolant	bedauerlich	words	C1	adjective		Allgemein	désolant	0.07
le déséquilibre	das Ungleichgewicht	words	C1	noun	m	Allgemein	déséquilibre	0.07
dévaler	hinunterstürzen	words	C1	verb		Allgemein	dévaler	0.07
dévisser	abschrauben	words	C1	verb		Allgemein	dévisser	0.07
l'emmerdeur	der Nervensäge	words	C1	noun	m	Allgemein	emmerdeur	0.07
l'empathie	die Empathie	words	C1	noun	f	Gefühle & Charakter	empathie	0.07
empathique	empathisch	words	C1	adjective		Gefühle & Charakter	empathique	0.07
encombrant	bulky	words	C1	adjective		Allgemein	encombrant	0.07
l'entre-deux	das Dazwischen	words	C1	noun	n	Allgemein	entre-deux	0.07
entêter	verwirren	words	C1	verb		Allgemein	entêter	0.07
l'esse	das Wesen	words	C1	noun	n	Allgemein	esse	0.07
esthète	ästhetisch	words	C1	adjective		Allgemein	esthète	0.07
estropier	verkrüppeln	words	C1	verb		Allgemein	estropier	0.07
l'ethnocentrisme	der Ethnozentrismus	words	C1	noun	m	Allgemein	ethnocentrisme	0.07
fortuit	zufällig	words	C1	adjective		Allgemein	fortuit	0.07
la fourmilière	das Ameisenhaus	words	C1	noun	f	Tiere & Natur	fourmilière	0.07
frauduleux	betrügerisch	words	C1	adjective		Allgemein	frauduleux	0.07
la fâcherie	der Streit	words	C1	noun	f	Familie & Freunde	fâcherie	0.07
la fécule	die Stärke	words	C1	noun	f	Essen & Trinken	fécule	0.07
fêlé	rissig	words	C1	adjective		Allgemein	fêlé	0.07
galopant	galoppierend	words	C1	adjective		Allgemein	galopant	0.07
gastrique	gastrisch	words	C1	adjective		Körper & Gesundheit	gastrique	0.07
le gaïac	das Guajakholz	words	C1	noun	m	Allgemein	gaïac	0.07
girondin	girondin	words	C1	adjective		Allgemein	girondin	0.07
la glaise	der Ton	words	C1	noun	f	Allgemein	glaise	0.07
grassement	üppig	words	C1	adverb		Allgemein	grassement	0.07
la gravure	die Gravur	words	C1	noun	f	Allgemein	gravure	0.07
gribiche	gribiche	words	C1	adjective		Allgemein	gribiche	0.07
grillager	grillen	words	C1	verb		Essen & Trinken	grillager	0.07
gréco-latin	griechisch-lateinisch	words	C1	adjective		Allgemein	gréco-latin	0.07
gueuler	schreien	words	C1	verb		Allgemein	gueuler	0.07
le halo	der Halo	words	C1	noun	m	Allgemein	halo	0.07
hermétiquement	hermetisch	words	C1	adverb		Allgemein	hermétiquement	0.07
hindou	hinduisch	words	C1	adjective		Allgemein	hindou	0.07
l'homonyme	das Homonym	words	C1	noun	m	Allgemein	homonyme	0.07
la horde	die Horde	words	C1	noun	f	Allgemein	horde	0.07
houspiller	schimpfen	words	C1	verb		Allgemein	houspiller	0.07
le huissier	der Gerichtsvollzieher	words	C1	noun	m	Allgemein	huissier	0.07
l'hygiénisme	die Hygiene	words	C1	noun	m	Körper & Gesundheit	hygiénisme	0.07
l'hère	der Häre	words	C1	noun	m	Allgemein	hère	0.07
idéologiquement	ideologisch	words	C1	adverb		Allgemein	idéologiquement	0.07
l'imprégnation	die Imprägnierung	words	C1	noun	f	Allgemein	imprégnation	0.07
inconsidéré	unüberlegt	words	C1	adjective		Allgemein	inconsidéré	0.07
indigent	bedürftig	words	C1	adjective		Allgemein	indigent	0.07
indu	induzierend	words	C1	adjective		Allgemein	indu	0.07
l'inexécution	die Nichterfüllung	words	C1	noun	f	Allgemein	inexécution	0.07
infructueux	erfolglos	words	C1	adjective		Allgemein	infructueux	0.07
inhospitalier	unfreundlich	words	C1	adjective		Allgemein	inhospitalier	0.07
inox	Edelstahl	words	C1	adjective		Allgemein	inox	0.07
l'insomniaque	der Schlaflose	words	C1	noun	m	Körper & Gesundheit	insomniaque	0.07
instrumentaliser	instrumentalisieren	words	C1	verb		Allgemein	instrumentaliser	0.07
l'intempérie	die Unwetter	words	C1	noun	f	Wetter & Jahreszeiten	intempérie	0.07
interférer	interferieren	words	C1	verb		Allgemein	interférer	0.07
l'internement	die Internierung	words	C1	noun	m	Allgemein	internement	0.07
intracérébral	intrazerebral	words	C1	adjective		Allgemein	intracérébral	0.07
inébranlablement	unerschütterlich	words	C1	adverb		Allgemein	inébranlablement	0.07
irrespirable	unerträglich	words	C1	adjective		Körper & Gesundheit	irrespirable	0.07
l'irritation	die Reizung	words	C1	noun	f	Körper & Gesundheit	irritation	0.07
irrésistiblement	unwiderstehlich	words	C1	adverb		Allgemein	irrésistiblement	0.07
jaser	plaudern	words	C1	verb		Allgemein	jaser	0.07
le jeûne	das Fasten	words	C1	noun	m	Essen & Trinken	jeûne	0.07
jogger	joggen	words	C1	verb		Sport	jogger	0.07
le joint	das Gelenk	words	C1	noun	m	Allgemein	joint	0.07
la jouette	die Spielzeug	words	C1	noun	f	Allgemein	jouette	0.07
la jouissance	die Freude	words	C1	noun	f	Allgemein	jouissance	0.07
le jumelage	die Partnerschaft	words	C1	noun	m	Allgemein	jumelage	0.07
laminer	laminieren	words	C1	verb		Allgemein	laminer	0.07
la lapalissade	die Banalität	words	C1	noun	f	Allgemein	lapalissade	0.07
le lauréat	der Preisträger	words	C1	noun	m	Allgemein	lauréat	0.07
le lest	das Gewicht	words	C1	noun	m	Allgemein	lest	0.07
la lisibilité	die Lesbarkeit	words	C1	noun	f	Allgemein	lisibilité	0.07
la literie	die Bettwäsche	words	C1	noun	f	Wohnen & Haus	literie	0.07
locatif	miet-	words	C1	adjective		Wohnen & Haus	locatif	0.07
la longévité	die Langlebigkeit	words	C1	noun	f	Allgemein	longévité	0.07
la loque	die Lumpen	words	C1	noun	f	Allgemein	loque	0.07
lu	gelesen	words	C1	adjective		Allgemein	lu	0.07
le légumier	der Gemüseverkäufer	words	C1	noun	m	Essen & Trinken	légumier	0.07
les lémuriens	die Lemuren	words	C1	noun	m	Tiere & Natur	lémuriens	0.07
le madrier	der Balken	words	C1	noun	m	Wohnen & Haus	madrier	0.07
la mairesse	die Bürgermeisterin	words	C1	noun	f	Allgemein	mairesse	0.07
malveillant	böswillig	words	C1	adjective		Allgemein	malveillant	0.07
le manichéisme	der Manichäismus	words	C1	noun	m	Allgemein	manichéisme	0.07
le maquisard	der Maquisard	words	C1	noun	m	Allgemein	maquisard	0.07
le marinier	der Schiffer	words	C1	noun	m	Allgemein	marinier	0.07
la marmaille	die Kinder	words	C1	noun	f	Familie & Freunde	marmaille	0.07
la mascarade	die Maskerade	words	C1	noun	f	Allgemein	mascarade	0.07
maussade	mürrisch	words	C1	adjective		Gefühle & Charakter	maussade	0.07
la maxime	die Maxime	words	C1	noun	f	Allgemein	maxime	0.07
la mazarine	die Mazarine	words	C1	noun	f	Allgemein	mazarine	0.07
le maïeur	der Bürgermeister	words	C1	noun	m	Allgemein	maïeur	0.07
meublant	möbelnd	words	C1	adjective		Wohnen & Haus	meublant	0.07
le mimétisme	das Mimetismus	words	C1	noun	m	Allgemein	mimétisme	0.07
la musculature	die Muskulatur	words	C1	noun	f	Körper & Gesundheit	musculature	0.07
museler	mundtot machen	words	C1	verb		Allgemein	museler	0.07
le musli	das Müsli	words	C1	noun	n	Essen & Trinken	musli	0.07
le mât	der Mast	words	C1	noun	m	Allgemein	mât	0.07
la méninge	die Hirnhaut	words	C1	noun	f	Körper & Gesundheit	méninge	0.07
méplat	flach	words	C1	adjective		Allgemein	méplat	0.07
la navaja	das Taschenmesser	words	C1	noun	f	Allgemein	navaja	0.07
la nef	das Kirchenschiff	words	C1	noun	f	Allgemein	nef	0.07
nimber	umgeben	words	C1	verb		Allgemein	nimber	0.07
le non-initié	der Unkundige	words	C1	noun	m	Allgemein	non-initié	0.07
la notice	die Anleitung	words	C1	noun	f	Allgemein	notice	0.07
le noyau	der Kern	words	C1	noun	m	Allgemein	noyau	0.07
l'obstination	die Sturheit	words	C1	noun	f	Gefühle & Charakter	obstination	0.07
l'occultisme	der Okkultismus	words	C1	noun	m	Allgemein	occultisme	0.07
octroyer	gewähren	words	C1	verb		Allgemein	octroyer	0.07
l'ocytocine	das Oxytocin	words	C1	noun	f	Körper & Gesundheit	ocytocine	0.07
l'officière	die Offizierin	words	C1	noun	f	Arbeit & Beruf	officière	0.07
opportunément	gelegen	words	C1	adverb		Allgemein	opportunément	0.07
ordinairement	gewöhnlich	words	C1	adverb		Allgemein	ordinairement	0.07
papoter	plaudern	words	C1	verb		Freizeit & Hobbys	papoter	0.07
la parapsychologie	die Parapsychologie	words	C1	noun	f	Allgemein	parapsychologie	0.07
le pardessus	der Überrock	words	C1	noun	m	Kleidung & Mode	pardessus	0.07
paresseusement	träge	words	C1	adverb		Allgemein	paresseusement	0.07
le parmesan	der Parmesan	words	C1	noun	m	Essen & Trinken	parmesan	0.07
le passeur	der Überführer	words	C1	noun	m	Allgemein	passeur	0.07
le penny	der Penny	words	C1	noun	m	Einkaufen & Geld	penny	0.07
perforer	durchbohren	words	C1	verb		Allgemein	perforer	0.07
la persona	die Person	words	C1	noun	f	Allgemein	persona	0.07
petite-bourgeoise	kleinbürgerlich	words	C1	adjective		Allgemein	petite-bourgeoise	0.07
le piaf	der Spatz	words	C1	noun	m	Tiere & Natur	piaf	0.07
piaffer	traben	words	C1	verb		Allgemein	piaffer	0.07
le pineau	der Pineau	words	C1	noun	m	Essen & Trinken	pineau	0.07
le piétinement	das Treten	words	C1	noun	m	Allgemein	piétinement	0.07
plaquer	kleben	words	C1	verb		Allgemein	plaquer	0.07
pliant	faltbar	words	C1	adjective		Allgemein	pliant	0.07
le plutonium	das Plutonium	words	C1	noun	n	Allgemein	plutonium	0.07
le poissonnier	der Fischhändler	words	C1	noun	m	Essen & Trinken	poissonnier	0.07
polymériser	polymerisieren	words	C1	verb		Allgemein	polymériser	0.07
le potassium	das Kalium	words	C1	noun	n	Allgemein	potassium	0.07
la poudrière	das Pulverlager	words	C1	noun	f	Allgemein	poudrière	0.07
la poétesse	die Dichterin	words	C1	noun	f	Allgemein	poétesse	0.07
la praline	die Praline	words	C1	noun	f	Essen & Trinken	praline	0.07
le pressing	die Reinigung	words	C1	noun	m	Essen & Trinken	pressing	0.07
privatif	privativ	words	C1	adjective		Allgemein	privatif	0.07
la profanation	die Profanierung	words	C1	noun	f	Allgemein	profanation	0.07
la progestérone	das Progesteron	words	C1	noun	f	Körper & Gesundheit	progestérone	0.07
la prohibition	das Verbot	words	C1	noun	f	Allgemein	prohibition	0.07
proroger	verlängern	words	C1	verb		Allgemein	proroger	0.07
prospérer	gedeihen	words	C1	verb		Allgemein	prospérer	0.07
précocement	frühzeitig	words	C1	adverb		Allgemein	précocement	0.07
la préfète	die Präfektin	words	C1	noun	f	Allgemein	préfète	0.07
prêcher	predigen	words	C1	verb		Allgemein	prêcher	0.07
psychotrope	psychotrop	words	C1	noun		Körper & Gesundheit	psychotrope	0.07
le puisatier	der Brunnenbauer	words	C1	noun	m	Allgemein	puisatier	0.07
la putain	die Prostituierte	words	C1	noun	f	Allgemein	putain	0.07
la quadrichromie	die Vierfarbdruck	words	C1	noun	f	Allgemein	quadrichromie	0.07
railler	verspotten	words	C1	verb		Allgemein	railler	0.07
le ram	der RAM	words	C1	noun	m	Medien & Technik	ram	0.07
la ramassette	die Kehrschaufel	words	C1	noun	f	Allgemein	ramassette	0.07
la ratatouille	die Ratatouille	words	C1	noun	f	Essen & Trinken	ratatouille	0.07
le rattrapage	die Nachprüfung	words	C1	noun	m	Schule & Bildung	rattrapage	0.07
ravi	entzückt	words	C1	adjective		Gefühle & Charakter	ravi	0.07
la reconstruction	der Wiederaufbau	words	C1	noun	f	Allgemein	reconstruction	0.07
reculé	abgelegen	words	C1	adjective		Allgemein	reculé	0.07
refiler	weitergeben	words	C1	verb		Allgemein	refiler	0.07
le refoulé	der Unterdrückte	words	C1	noun	m	Allgemein	refoulé	0.07
la relaxation	die Entspannung	words	C1	noun	f	Körper & Gesundheit	relaxation	0.07
le relâchement	die Lockerung	words	C1	noun	m	Allgemein	relâchement	0.07
renversé	umgekippt	words	C1	adjective		Allgemein	renversé	0.07
resonger	wieder nachdenken	words	C1	verb		Allgemein	resonger	0.07
resurgir	wieder auftauchen	words	C1	verb		Allgemein	resurgir	0.07
le revendeur	der Händler	words	C1	noun	m	Einkaufen & Geld	revendeur	0.07
le rom	der Roman	words	C1	noun	m	Allgemein	rom	0.07
le ronchon	der Griesgram	words	C1	noun	m	Gefühle & Charakter	ronchon	0.07
la rosace	die Rosette	words	C1	noun	f	Allgemein	rosace	0.07
le rosbif	der Rinderbraten	words	C1	noun	m	Essen & Trinken	rosbif	0.07
le roulis	das Rollen	words	C1	noun	m	Allgemein	roulis	0.07
le réac	der Reaktionär	words	C1	noun	m	Allgemein	réac	0.07
le référé	der Eilantrag	words	C1	noun	m	Allgemein	référé	0.07
réguler	regulieren	words	C1	verb		Allgemein	réguler	0.07
le rémouleur	der Schleifer	words	C1	noun	m	Allgemein	rémouleur	0.07
le répit	die Atempause	words	C1	noun	m	Allgemein	répit	0.07
le rétrécissement	die Verengung	words	C1	noun	m	Allgemein	rétrécissement	0.07
le sablage	das Sandstrahlen	words	C1	noun	m	Allgemein	sablage	0.07
le sablon	die Schablone	words	C1	noun	m	Allgemein	sablon	0.07
le saupoudrage	das Bestäuben	words	C1	noun	m	Essen & Trinken	saupoudrage	0.07
sauvette	heimlich	words	C1	adverb		Allgemein	sauvette	0.07
select	ausgewählt	words	C1	adjective		Allgemein	select	0.07
serviable	hilfsbereit	words	C1	adjective		Allgemein	serviable	0.07
six	sechs	words	C1	noun		Zahlen & Mengen	six	0.07
la soldate	die Soldatin	words	C1	noun	f	Arbeit & Beruf	soldate	0.07
spatio-temporel	raum-zeitlich	words	C1	adjective		Allgemein	spatio-temporel	0.07
le spectromètre	das Spektrometer	words	C1	noun	m	Allgemein	spectromètre	0.07
le standardiste	der Telefonist	words	C1	noun	m	Arbeit & Beruf	standardiste	0.07
la stupidité	die Dummheit	words	C1	noun	f	Allgemein	stupidité	0.07
subjonctif	Konjunktiv	words	C1	adjective		Grammatik & Struktur	subjonctif	0.07
la surenchère	die Überbietung	words	C1	noun	f	Allgemein	surenchère	0.07
sénégalais	senegalesisch	words	C1	adjective		Allgemein	sénégalais	0.07
tabler	tischten	words	C1	verb		Allgemein	tabler	0.07
le tam-tam	die Trommel	words	C1	noun	m	Musik	tam-tam	0.07
tambouriner	trommeln	words	C1	verb		Musik	tambouriner	0.07
tanner	gerben	words	C1	verb		Allgemein	tanner	0.07
le tantinet	das bisschen	words	C1	noun	m	Allgemein	tantinet	0.07
tapant	klopfend	words	C1	adjective		Allgemein	tapant	0.07
tasser	pressen	words	C1	verb		Allgemein	tasser	0.07
teindre	färben	words	C1	verb		Allgemein	teindre	0.07
la tenture	der Wandteppich	words	C1	noun	f	Wohnen & Haus	tenture	0.07
la tette	die Brust	words	C1	noun	f	Körper & Gesundheit	tette	0.07
le théorème	der Satz	words	C1	noun	m	Allgemein	théorème	0.07
tomer	fallen	words	C1	verb		Allgemein	tomer	0.07
torturer	quälen	words	C1	verb		Allgemein	torturer	0.07
la trattoria	die Trattoria	words	C1	noun	f	Allgemein	trattoria	0.07
le trekking	das Trekking	words	C1	noun	n	Allgemein	trekking	0.07
trempé	nass	words	C1	adjective		Allgemein	trempé	0.07
trompeur	betrügerisch	words	C1	noun		Allgemein	tromperie	0.07
tumultueux	tumultartig	words	C1	adjective		Allgemein	tumultueux	0.07
télégraphier	telegraphieren	words	C1	verb		Allgemein	télégraphier	0.07
unanimement	einstimmig	words	C1	adverb		Allgemein	unanimement	0.07
uriner	urinieren	words	C1	verb		Allgemein	uriner	0.07
va-comme-je-te-pousse	mach wie du willst	words	C1	adverb		Allgemein	va-comme-je-te-pousse	0.07
versé	gegossen	words	C1	adjective		Allgemein	versé	0.07
vibratile	vibrant	words	C1	adjective		Allgemein	vibratile	0.07
vigoureusement	energisch	words	C1	adverb		Allgemein	vigoureusement	0.07
la vinification	die Weinbereitung	words	C1	noun	f	Allgemein	vinification	0.07
violenter	gewaltsam behandeln	words	C1	verb		Allgemein	violenter	0.07
visser	schrauben	words	C1	verb		Allgemein	visser	0.07
la volute	die Volute	words	C1	noun	f	Allgemein	volute	0.07
le voyeur	der Voyeur	words	C1	noun	m	Allgemein	voyeur	0.07
la voûte	die Gewölbe	words	C1	noun	f	Allgemein	voûte	0.07
égalitariste	egalitär	words	C1	adjective		Allgemein	égalitariste	0.07
élevé	hoch	words	C1	adjective		Allgemein	élevé	0.07
éluder	umgehen	words	C1	verb		Allgemein	éluder	0.07
l'éléphanteau	das Elefantenbaby	words	C1	noun	m	Allgemein	éléphanteau	0.07
l'émoi	die Aufregung	words	C1	noun	m	Allgemein	émoi	0.07
érailler	abkratzen	words	C1	verb		Allgemein	érailler	0.07
étreindre	umarmen	words	C1	verb		Allgemein	étreindre	0.07
évider	aushöhlen	words	C1	verb		Allgemein	évider	0.07
l'évier	das Spülbecken	words	C1	noun	m	Allgemein	évier	0.07
l'ecchymose	der Bluterguss	words	C1	noun	f	Allgemein	ecchymose	0.07
la férocité	die Wildheit	words	C1	noun	f	Allgemein	férocité	0.07
maltais	maltesisch	words	C1	adjective		Allgemein	maltais	0.07
la tuerie	das Massaker	words	C1	noun	f	Allgemein	tuerie	0.07
l'abruti	der Idiot	words	C1	noun	m	Allgemein	abruti	0.07
accouder	sich lehnen	words	C1	verb		Allgemein	accouder	0.07
l'accroc	der Riss	words	C1	noun	m	Allgemein	accroc	0.07
l'accusateur	der Ankläger	words	C1	noun	m	Allgemein	accusateur	0.07
l'admission	die Zulassung	words	C1	noun	f	Allgemein	admission	0.07
l'adorateur	der Verehrer	words	C1	noun	m	Allgemein	adorateur	0.07
l'amuse-gueule	der Snack	words	C1	noun	m	Allgemein	amuse-gueule	0.07
annonciateur	ankündigend	words	C1	adjective		Allgemein	annonciateur	0.07
antipathique	antipathisch	words	C1	adjective		Allgemein	antipathique	0.07
apeuré	ängstlich	words	C1	adjective		Allgemein	apeuré	0.07
l'apocalypse	die Apokalypse	words	C1	noun	f	Allgemein	apocalypse	0.07
l'approbation	die Genehmigung	words	C1	noun	f	Allgemein	approbation	0.07
l'arak	das Arak	words	C1	noun		Essen & Trinken	arak	0.07
l'arc-en-ciel	der Regenbogen	words	C1	noun	m	Tiere & Natur	arc-en-ciel	0.07
l'ascendance	die Abstammung	words	C1	noun	f	Allgemein	ascendance	0.07
l'ascèse	die Askese	words	C1	noun	f	Allgemein	ascèse	0.07
assoupir	einschläfern	words	C1	verb		Allgemein	assoupir	0.07
astiquer	polieren	words	C1	verb		Allgemein	astiquer	0.07
l'astrophysicien	der Astrophysiker	words	C1	noun	m	Allgemein	astrophysicien	0.07
l'attelage	die Anspannung	words	C1	noun	m	Allgemein	attelage	0.07
attrister	trauriger machen	words	C1	verb		Gefühle & Charakter	attrister	0.07
la bagatelle	die Bagatelle	words	C1	noun	f	Allgemein	bagatelle	0.07
le baisemain	der Handkuss	words	C1	noun	m	Begrüßung & Höflichkeit	baisemain	0.07
la balnéothérapie	die Balneotherapie	words	C1	noun	f	Körper & Gesundheit	balnéothérapie	0.07
la balourdise	die Ungeschicklichkeit	words	C1	noun	f	Allgemein	balourdise	0.07
la balustrade	die Balustrade	words	C1	noun	f	Wohnen & Haus	balustrade	0.07
bander	binden	words	C1	verb		Allgemein	bander	0.07
basaner	gerben	words	C1	verb		Allgemein	basaner	0.07
la bavure	der Fehler	words	C1	noun	f	Allgemein	bavure	0.07
le bibliothécaire	der Bibliothekar	words	C1	noun	m	Schule & Bildung	bibliothécaire	0.07
bichonner	verwöhnen	words	C1	verb		Allgemein	bichonner	0.07
bienfaisant	wohlwollend	words	C1	adjective		Gefühle & Charakter	bienfaisant	0.07
le biscuit	der Keks	words	C1	noun	m	Essen & Trinken	biscuit	0.07
la bosse	der Buckel	words	C1	noun	f	Allgemein	bosse	0.07
le bottin	das Telefonbuch	words	C1	noun	m	Allgemein	bottin	0.07
la boulange	die Bäckerei	words	C1	noun	f	Essen & Trinken	boulange	0.07
le bric-à-brac	der Krimskrams	words	C1	noun	m	Allgemein	bric-à-brac	0.07
la bricole	die Kleinigkeit	words	C1	noun	f	Allgemein	bricole	0.07
la brise	die Brise	words	C1	noun	f	Wetter & Jahreszeiten	brise	0.07
brouiller	verwirren	words	C1	verb		Allgemein	brouiller	0.07
le butin	die Beute	words	C1	noun	m	Allgemein	butin	0.07
bâcler	schlampig machen	words	C1	verb		Allgemein	bâcler	0.07
la bâtisse	das Gebäude	words	C1	noun	f	Wohnen & Haus	bâtisse	0.07
bénite	gesegnet	words	C1	adjective		Allgemein	bénite	0.07
le café-tabac	das Café	words	C1	noun	m	Essen & Trinken	café-tabac	0.07
cambrer	krümmen	words	C1	verb		Allgemein	cambrer	0.07
le cancre	der Faulpelz	words	C1	noun	m	Schule & Bildung	cancre	0.07
caracoler	schaukeln	words	C1	verb		Allgemein	caracoler	0.07
le cartographe	der Kartograf	words	C1	noun	m	Allgemein	cartographe	0.07
la centralisation	die Zentralisierung	words	C1	noun	f	Allgemein	centralisation	0.07
le centurion	der Zenturio	words	C1	noun	m	Allgemein	centurion	0.07
cervical	zervikal	words	C1	adjective		Körper & Gesundheit	cervical	0.07
le chapelet	die Rosenkranz	words	C1	noun	m	Allgemein	chapelet	0.07
le charretier	der Fuhrmann	words	C1	noun	m	Allgemein	charretier	0.07
chaudement	wärmend	words	C1	adverb		Allgemein	chaudement	0.07
le chevron	der Sparren	words	C1	noun	m	Wohnen & Haus	chevron	0.07
le chichi	der Chichi	words	C1	noun	m	Allgemein	chichi	0.07
le chorizo	der Chorizo	words	C1	noun	m	Essen & Trinken	chorizo	0.07
le chorégraphe	der Choreograf	words	C1	noun	m	Allgemein	chorégraphe	0.07
la chorégraphie	die Choreografie	words	C1	noun	f	Allgemein	chorégraphie	0.07
le châtelain	der Burgherr	words	C1	noun	m	Allgemein	châtelain	0.07
circonspect	umsichtig	words	C1	adjective		Allgemein	circonspect	0.07
le citronnier	der Zitronenbaum	words	C1	noun	m	Tiere & Natur	citronnier	0.07
collectiviste	kollektivistisch	words	C1	adjective		Allgemein	collectiviste	0.07
comptant	barzahlung	words	C1	adverb		Einkaufen & Geld	comptant	0.07
compétitif	wettbewerbsfähig	words	C1	adjective		Allgemein	compétitif	0.07
la concordance	die Übereinstimmung	words	C1	noun	f	Allgemein	concordance	0.07
confédéral	föderal	words	C1	adjective		Allgemein	confédéral	0.07
conventionnellement	konventionell	words	C1	adverb		Allgemein	conventionnellement	0.07
le cosmonaute	der Kosmonaut	words	C1	noun	m	Allgemein	cosmonaute	0.07
le cottage	das Cottage	words	C1	noun	m	Wohnen & Haus	cottage	0.07
le courtier	der Makler	words	C1	noun	m	Arbeit & Beruf	courtier	0.07
le courtisan	der Höfling	words	C1	noun	m	Allgemein	courtisan	0.07
craintif	ängstlich	words	C1	adjective		Gefühle & Charakter	craintif	0.07
crasseux	schmutzig	words	C1	adjective		Allgemein	crasseux	0.07
le cresson	der Kresse	words	C1	noun	m	Essen & Trinken	cresson	0.07
le crible	das Sieb	words	C1	noun	m	Allgemein	crible	0.07
la crinière	die Mähne	words	C1	noun	f	Tiere & Natur	crinière	0.07
crédible	glaubwürdig	words	C1	adjective		Allgemein	crédible	0.07
le dactylo	der Schreibmaschinenbediener	words	C1	noun	m	Arbeit & Beruf	dactylo	0.07
dessécher	trocknen	words	C1	verb		Allgemein	dessécher	0.07
difforme	missgestaltet	words	C1	adjective		Allgemein	difforme	0.07
distancer	distanzieren	words	C1	verb		Allgemein	distancer	0.07
la douane	der Zoll	words	C1	noun	f	Reisen & Urlaub	douane	0.07
la dyade	die Dyade	words	C1	noun	f	Allgemein	dyade	0.07
la décadence	der Verfall	words	C1	noun	f	Allgemein	décadence	0.07
décapiter	enthaupten	words	C1	verb		Allgemein	décapiter	0.07
la déchéance	der Verfall	words	C1	noun	f	Allgemein	déchéance	0.07
déclinant	abnehmend	words	C1	adjective		Allgemein	déclinant	0.07
le défunt	der Verstorbene	words	C1	noun	m	Allgemein	défunt	0.07
la démence	die Demenz	words	C1	noun	f	Körper & Gesundheit	démence	0.07
démoniaque	dämonisch	words	C1	adjective		Allgemein	démoniaque	0.07
le démêlé	der Streit	words	C1	noun	m	Allgemein	démêlé	0.07
dénaturer	entfremden	words	C1	verb		Allgemein	dénaturer	0.07
la dépouille	die Hülle	words	C1	noun	f	Allgemein	dépouille	0.07
détériorer	verschlechtern	words	C1	verb		Allgemein	détériorer	0.07
efféminer	verweiblichen	words	C1	verb		Allgemein	efféminer	0.07
l'emballeur	der Verpacker	words	C1	noun	m	Arbeit & Beruf	emballeur	0.07
en-haut	oben	words	C1	noun		Allgemein	en-haut	0.07
l'enclos	der Gehege	words	C1	noun	m	Wohnen & Haus	enclos	0.07
encourir	ausstehen	words	C1	verb		Allgemein	encourir	0.07
engoncer	einengen	words	C1	verb		Allgemein	engoncer	0.07
entacher	beschmutzen	words	C1	verb		Allgemein	entacher	0.07
entrevoir	ahnen	words	C1	verb		Allgemein	entrevoir	0.07
escarper	abtragen	words	C1	verb		Allgemein	escarper	0.07
escarpé	steil	words	C1	adjective		Allgemein	escarpé	0.07
extasier	entzücken	words	C1	verb		Allgemein	extasier	0.07
l'extrémiste	der Extremist	words	C1	noun	m	Allgemein	extrémiste	0.07
la flambée	die Flamme	words	C1	noun	f	Allgemein	flambée	0.07
fleurer	duften	words	C1	verb		Essen & Trinken	fleurer	0.07
le fleuron	das Schmuckstück	words	C1	noun	m	Allgemein	fleuron	0.07
flouer	betrügen	words	C1	verb		Allgemein	flouer	0.07
flûter	flöten	words	C1	verb		Musik	flûter	0.07
le flûteur	der Flötist	words	C1	noun	m	Musik	flûteur	0.07
le forain	der Jahrmarkthändler	words	C1	noun	m	Freizeit & Hobbys	forain	0.07
la fortification	die Befestigung	words	C1	noun	f	Allgemein	fortification	0.07
le fournil	die Bäckerei	words	C1	noun	m	Essen & Trinken	fournil	0.07
fracasser	zerbrechen	words	C1	verb		Allgemein	fracasser	0.07
le fret	die Fracht	words	C1	noun	m	Arbeit & Beruf	fret	0.07
freudien	freudig	words	C1	adjective		Gefühle & Charakter	freudien	0.07
fructifier	fruchtbar machen	words	C1	verb		Allgemein	fructifier	0.07
le gail	der Gaius	words	C1	noun	m	Allgemein	gail	0.07
le galibi	der Galibi	words	C1	noun	m	Allgemein	galibi	0.07
la garnison	die Garnison	words	C1	noun	f	Allgemein	garnison	0.07
la gaucherie	die Ungeschicklichkeit	words	C1	noun	f	Gefühle & Charakter	gaucherie	0.07
le gavage	die Stopfmast	words	C1	noun	m	Essen & Trinken	gavage	0.07
la gazelle	die Gazelle	words	C1	noun	f	Tiere & Natur	gazelle	0.07
la giroflée	die Gewürznelke	words	C1	noun	f	Essen & Trinken	giroflée	0.07
le glaïeul	der Gladiolus	words	C1	noun	m	Tiere & Natur	glaïeul	0.07
le gorgonzola	der Gorgonzola	words	C1	noun	m	Essen & Trinken	gorgonzola	0.07
grincer	knirschen	words	C1	verb		Allgemein	grincer	0.07
la grossièreté	die Grobheit	words	C1	noun	f	Gefühle & Charakter	grossièreté	0.07
le hangar	der Hangar	words	C1	noun	m	Wohnen & Haus	hangar	0.07
le happening	das Happening	words	C1	noun	m	Freizeit & Hobbys	happening	0.07
le hindi	das Hindi	words	C1	noun	m	Allgemein	hindi	0.07
hippomobile	pferdegezogen	words	C1	adjective		Allgemein	hippomobile	0.07
la homogénéisation	die Homogenisierung	words	C1	noun	f	Allgemein	homogénéisation	0.07
la homéopathie	die Homöopathie	words	C1	noun	f	Körper & Gesundheit	homéopathie	0.07
hoqueter	quaken	words	C1	verb		Allgemein	hoqueter	0.07
le houx	der Stechpalme	words	C1	noun	m	Tiere & Natur	houx	0.07
hystérique	hysterisch	words	C1	adjective		Gefühle & Charakter	hystérique	0.07
hérétique	häretisch	words	C1	adjective		Allgemein	hérétique	0.07
immaculé	makellos	words	C1	adjective		Allgemein	immaculé	0.07
immémorial	uralt	words	C1	adjective		Allgemein	immémorial	0.07
improbable	unwahrscheinlich	words	C1	adjective		Allgemein	improbable	0.07
imprononçable	unaussprechlich	words	C1	adjective		Allgemein	imprononçable	0.07
inaltérable	unveränderlich	words	C1	adjective		Allgemein	inaltérable	0.07
l'indigestion	die Verdauungsstörung	words	C1	noun	f	Körper & Gesundheit	indigestion	0.07
l'infidélité	die Untreue	words	C1	noun	f	Gefühle & Charakter	infidélité	0.07
l'inflation	die Inflation	words	C1	noun	f	Allgemein	inflation	0.07
l'infusion	die Infusion	words	C1	noun	f	Körper & Gesundheit	infusion	0.07
l'infériorité	die Unterlegenheit	words	C1	noun	f	Allgemein	infériorité	0.07
inondé	überflutet	words	C1	adjective		Allgemein	inondé	0.07
insouciant	sorglos	words	C1	adjective		Gefühle & Charakter	insouciant	0.07
l'instigation	die Anstiftung	words	C1	noun	f	Allgemein	instigation	0.07
instinctif	instinktiv	words	C1	adjective		Allgemein	instinctif	0.07
l'inter	der Inter	words	C1	noun	m	Allgemein	inter	0.07
l'interconnexion	die Interkonnektivität	words	C1	noun	f	Allgemein	interconnexion	0.07
l'intériorisation	die Verinnerlichung	words	C1	noun	f	Allgemein	intériorisation	0.07
l'investisseur	der Investor	words	C1	noun	m	Arbeit & Beruf	investisseur	0.07
l'iode	das Jod	words	C1	noun	m	Allgemein	iode	0.07
irremplaçable	unersetzlich	words	C1	adjective		Allgemein	irremplaçable	0.07
irréfutable	unbestreitbar	words	C1	adjective		Allgemein	irréfutable	0.07
irrémédiable	irreparabel	words	C1	adjective		Allgemein	irrémédiable	0.07
l'italique	die Kursivschrift	words	C1	noun	f	Medien & Technik	italique	0.07
le jockey	der Jockey	words	C1	noun	m	Sport	jockey	0.07
las	müde	words	C1	interjection		Körper & Gesundheit	las	0.07
la limpidité	die Klarheit	words	C1	noun	f	Allgemein	limpidité	0.07
linguistiquement	sprachlich	words	C1	adverb		Grammatik & Struktur	linguistiquement	0.07
la liqueur	der Likör	words	C1	noun	f	Essen & Trinken	liqueur	0.07
liquider	liquidieren	words	C1	verb		Allgemein	liquider	0.07
le lobby	die Lobby	words	C1	noun	m	Allgemein	lobby	0.07
le loden	der Loden	words	C1	noun	m	Kleidung & Mode	loden	0.07
la lubie	die Laune	words	C1	noun	f	Allgemein	lubie	0.07
luminescent	lumineszent	words	C1	adjective		Allgemein	luminescent	0.07
le législateur	der Gesetzgeber	words	C1	noun	m	Allgemein	législateur	0.07
la lévitation	die Levitation	words	C1	noun	f	Allgemein	lévitation	0.07
la macédoine	die Mischung	words	C1	noun	f	Essen & Trinken	macédoine	0.07
la magnanimité	die Großzügigkeit	words	C1	noun	f	Gefühle & Charakter	magnanimité	0.07
la magouille	die Machenschaft	words	C1	noun	f	Allgemein	magouille	0.07
mandarin	mandarin	words	C1	adjective		Allgemein	mandarin	0.07
la mansarde	das Dachzimmer	words	C1	noun	f	Wohnen & Haus	mansarde	0.07
mansardé	dachförmig	words	C1	adjective		Wohnen & Haus	mansardé	0.07
la mappemonde	die Weltkarte	words	C1	noun	f	Allgemein	mappemonde	0.07
marger	margen	words	C1	verb		Allgemein	marger	0.07
marner	marner	words	C1	verb		Allgemein	marner	0.07
la marquise	die Marquise	words	C1	noun	f	Allgemein	marquise	0.07
le mercenaire	der Söldner	words	C1	noun	m	Allgemein	mercenaire	0.07
la merde	der Mist	words	C1	noun	f	Allgemein	merde	0.07
miraculeux	wunderbar	words	C1	adjective		Allgemein	miraculeux	0.07
mirifique	wunderbar	words	C1	adjective		Allgemein	mirifique	0.07
la misogynie	die Frauenfeindlichkeit	words	C1	noun	f	Allgemein	misogynie	0.07
le mixage	das Mischen	words	C1	noun	m	Medien & Technik	mixage	0.07
moisir	schimmeln	words	C1	verb		Essen & Trinken	moisir	0.07
mollir	weich werden	words	C1	verb		Allgemein	mollir	0.07
la mondanité	die Weltlichkeit	words	C1	noun	f	Allgemein	mondanité	0.07
mortellement	tödlich	words	C1	adverb		Allgemein	mortellement	0.07
la moue	die Schnute	words	C1	noun	f	Allgemein	moue	0.07
mousser	schaumen	words	C1	verb		Essen & Trinken	mousser	0.07
la multiplicité	die Vielfalt	words	C1	noun	f	Allgemein	multiplicité	0.07
la mygale	die Vogelspinne	words	C1	noun	f	Tiere & Natur	mygale	0.07
la mémorisation	die Speicherung	words	C1	noun	f	Allgemein	mémorisation	0.07
le ménagement	die Rücksichtnahme	words	C1	noun	m	Allgemein	ménagement	0.07
le neurobiologiste	der Neurobiologe	words	C1	noun	m	Allgemein	neurobiologiste	0.07
la notabilité	die Bekanntheit	words	C1	noun	f	Allgemein	notabilité	0.07
l'oracle	das Orakel	words	C1	noun	m	Allgemein	oracle	0.07
oratoire	rednerisch	words	C1	adjective		Allgemein	oratoire	0.07
organisant	organisierend	words	C1	adjective		Allgemein	organisant	0.07
le palonnier	der Steuermann	words	C1	noun	m	Allgemein	palonnier	0.07
la paralysie	die Lähmung	words	C1	noun	f	Körper & Gesundheit	paralysie	0.07
le passe-temps	das Hobby	words	C1	noun	m	Freizeit & Hobbys	passe-temps	0.07
le penchant	die Neigung	words	C1	noun	m	Allgemein	penchant	0.07
la perche	die Stange	words	C1	noun	f	Allgemein	perche	0.07
la percussion	die Percussion	words	C1	noun	f	Allgemein	percussion	0.07
le pharaon	der Pharao	words	C1	noun	m	Allgemein	pharaon	0.07
philippin	philippin	words	C1	adjective		Allgemein	philippin	0.07
le phonographe	das Phonograph	words	C1	noun	m	Allgemein	phonographe	0.07
le phosphate	das Phosphat	words	C1	noun	m	Allgemein	phosphate	0.07
phosphorescent	phosphoreszent	words	C1	adjective		Allgemein	phosphorescent	0.07
le photomontage	der Fotomontage	words	C1	noun	m	Allgemein	photomontage	0.07
le pilier	der Pfeiler	words	C1	noun	m	Allgemein	pilier	0.07
le piquant	der Pikanter	words	C1	noun	m	Essen & Trinken	piquant	0.07
le pisciculteur	der Fischzüchter	words	C1	noun	m	Tiere & Natur	pisciculteur	0.07
pleurnicher	weinen	words	C1	verb		Gefühle & Charakter	pleurnicher	0.07
le pointeur	der Zeiger	words	C1	noun	m	Allgemein	pointeur	0.07
le postillon	der Postillon	words	C1	noun	m	Allgemein	postillon	0.07
primer	primen	words	C1	verb		Allgemein	primer	0.07
prodiguer	spenden	words	C1	verb		Allgemein	prodiguer	0.07
prostituer	prostituieren	words	C1	verb		Allgemein	prostituer	0.07
le prostitué	der Prostituierte	words	C1	noun	m	Allgemein	prostitué	0.07
la présidente	die Präsidentin	words	C1	noun	f	Allgemein	présidente	0.07
le psychotechnicien	der Psychotechniker	words	C1	noun	m	Allgemein	psychotechnicien	0.07
le pudding	der Pudding	words	C1	noun	m	Essen & Trinken	pudding	0.07
le pédiatre	der Kinderarzt	words	C1	noun	m	Körper & Gesundheit	pédiatre	0.07
pétrifier	versteinen	words	C1	verb		Allgemein	pétrifier	0.07
le quincaillier	der Eisenwarenhändler	words	C1	noun	m	Einkaufen & Geld	quincaillier	0.07
quitte	frei	words	C1	adjective		Allgemein	quitte	0.07
le raider	der Raider	words	C1	noun	m	Allgemein	raider	0.07
la rambarde	das Geländer	words	C1	noun	f	Wohnen & Haus	rambarde	0.07
la ramification	die Verzweigung	words	C1	noun	f	Allgemein	ramification	0.07
ratier	ratier	words	C1	adjective		Allgemein	ratier	0.07
la rationalité	die Rationalität	words	C1	noun	f	Allgemein	rationalité	0.07
le raté	der Fehlschlag	words	C1	noun	m	Allgemein	raté	0.07
la rave	die Rave	words	C1	noun	f	Allgemein	rave	0.07
rebutant	abstoßend	words	C1	adjective		Allgemein	rebutant	0.07
religieusement	religiös	words	C1	adverb		Allgemein	religieusement	0.07
le renne	das Rentier	words	C1	noun	m	Tiere & Natur	renne	0.07
resserrer	straffen	words	C1	verb		Allgemein	resserrer	0.07
retrousser	hochschlagen	words	C1	verb		Allgemein	retrousser	0.07
le roman-photo	der Foto-Roman	words	C1	noun	m	Medien & Technik	roman-photo	0.07
la rosette	die Rosette	words	C1	noun	f	Allgemein	rosette	0.07
roturier	bürgerlich	words	C1	adjective		Allgemein	roturier	0.07
la rouille	der Rost	words	C1	noun	f	Allgemein	rouille	0.07
le routard	der Rucksacktourist	words	C1	noun	m	Reisen & Urlaub	routard	0.07
royaliste	royalistisch	words	C1	adjective		Allgemein	royaliste	0.07
ruiné	ruiniert	words	C1	adjective		Allgemein	ruiné	0.07
rythmer	rhythmisch gestalten	words	C1	verb		Allgemein	rythmer	0.07
la rédemption	die Erlösung	words	C1	noun	f	Allgemein	rédemption	0.07
réentendre	wieder hören	words	C1	verb		Allgemein	réentendre	0.07
le réfectoire	die Mensa	words	C1	noun	m	Schule & Bildung	réfectoire	0.07
rétracter	zurückziehen	words	C1	verb		Allgemein	rétracter	0.07
réécrire	neu schreiben	words	C1	verb		Allgemein	réécrire	0.07
rééligible	wieder wählbar	words	C1	adjective		Allgemein	rééligible	0.07
la sage-femme	die Hebamme	words	C1	noun	f	Gesundheit & Körper	sage-femme	0.07
la salami	die Salami	words	C1	noun	f	Essen & Trinken	salami	0.07
le saloon	der Saloon	words	C1	noun	m	Allgemein	saloon	0.07
le sans-culotte	der Sansculotte	words	C1	noun	m	Allgemein	sans-culotte	0.07
saoul	betrunken	words	C1	adjective		Allgemein	saoul	0.07
satanique	satanisch	words	C1	adjective		Allgemein	satanique	0.07
sauvegarder	sichern	words	C1	verb		Medien & Technik	sauvegarder	0.07
le schéma	das Schema	words	C1	noun	n	Allgemein	schéma	0.07
la secte	die Sekte	words	C1	noun	f	Allgemein	secte	0.07
sevrer	entwöhnen	words	C1	verb		Allgemein	sevrer	0.07
le sex-appeal	der Sexappeal	words	C1	noun	m	Allgemein	sex-appeal	0.07
le sifflet	die Pfeife	words	C1	noun	m	Allgemein	sifflet	0.07
la sottise	der Unsinn	words	C1	noun	f	Allgemein	sottise	0.07
le sous-directeur	der stellvertretende Direktor	words	C1	noun	m	Arbeit & Beruf	sous-directeur	0.07
souverain	souverän	words	C1	adjective		Allgemein	souverain	0.07
le sphinx	der Sphinx	words	C1	noun	m	Allgemein	sphinx	0.07
le strapontin	der Klappsitz	words	C1	noun	m	Allgemein	strapontin	0.07
la superstar	der Superstar	words	C1	noun	f	Allgemein	superstar	0.07
la superstition	der Aberglaube	words	C1	noun	f	Allgemein	superstition	0.07
surdoué	hochbegabt	words	C1	adjective		Allgemein	surdoué	0.07
surinformé	überinformiert	words	C1	adjective		Allgemein	surinformé	0.07
la survivance	das Überleben	words	C1	noun	f	Allgemein	survivance	0.07
le symbolisme	der Symbolismus	words	C1	noun	m	Allgemein	symbolisme	0.07
sénile	senil	words	C1	adjective		Allgemein	sénile	0.07
tenu	fest	words	C1	adjective		Allgemein	tenu	0.07
la tiare	die Tiara	words	C1	noun	f	Allgemein	tiare	0.07
tinter	läuten	words	C1	verb		Allgemein	tinter	0.07
le tire-au-flanc	der Faulenzer	words	C1	noun	m	Allgemein	tire-au-flanc	0.07
toper	zustimmen	words	C1	verb		Allgemein	toper	0.07
le train-train	der Alltag	words	C1	noun	m	Allgemein	train-train	0.07
transir	zittern	words	C1	verb		Allgemein	transir	0.07
la trempe	das Eintauchen	words	C1	noun	f	Allgemein	trempe	0.07
le trognon	der Kern	words	C1	noun	m	Essen & Trinken	trognon	0.07
le trust	der Trust	words	C1	noun	m	Allgemein	trust	0.07
la tuile	die Fliese	words	C1	noun	f	Wohnen & Haus	tuile	0.07
ténébreux	düster	words	C1	adjective		Allgemein	ténébreux	0.07
le tête-à-tête	das Gespräch unter vier Augen	words	C1	noun	m	Allgemein	tête-à-tête	0.07
ultérieur	später	words	C1	adjective		Allgemein	ultérieur	0.07
underground	unterirdisch	words	C1	adjective		Allgemein	underground	0.07
le vernis	der Lack	words	C1	noun	m	Allgemein	vernis	0.07
le vocable	das Wort	words	C1	noun	m	Allgemein	vocable	0.07
la voilette	das Schleierchen	words	C1	noun	f	Kleidung & Mode	voilette	0.07
ès	in Bezug auf	words	C1	preposition		Allgemein	ès	0.07
échauffer	erwärmen	words	C1	verb		Allgemein	échauffer	0.07
l'éclectisme	der Eklektizismus	words	C1	noun	m	Allgemein	éclectisme	0.07
l'élévation	die Erhebung	words	C1	noun	f	Allgemein	élévation	0.07
l'émanation	die Emanation	words	C1	noun	f	Allgemein	émanation	0.07
épisodiquement	episodisch	words	C1	adverb		Allgemein	épisodiquement	0.07
étriqué	eng	words	C1	adjective		Allgemein	étriqué	0.07
étymologiquement	etymologisch	words	C1	adverb		Allgemein	étymologiquement	0.07
évangéliser	evangelisieren	words	C1	verb		Allgemein	évangéliser	0.07
le chardon	der Distel	words	C1	noun	m	Tiere & Natur	chardon	0.06
normer	normieren	words	C1	verb		Allgemein	normer	0.06
accoler	ankleben	words	C1	verb		Allgemein	accoler	0.06
l'accumulation	die Ansammlung	words	C1	noun	f	Allgemein	accumulation	0.06
actualiser	aktualisieren	words	C1	verb		Allgemein	actualiser	0.06
ad	zudem	words	C1	adverb		Allgemein	ad	0.06
l'administrateur	der Administrator	words	C1	noun	m	Arbeit & Beruf	administrateur	0.06
l'allaitement	das Stillen	words	C1	noun	n	Körper & Gesundheit	allaitement	0.06
l'allégresse	die Freude	words	C1	noun	f	Gefühle & Charakter	allégresse	0.06
l'alphabet	das Alphabet	words	C1	noun	n	Allgemein	alphabet	0.06
l'amateurisme	der Amateurismus	words	C1	noun	m	Allgemein	amateurisme	0.06
anodin	harmlos	words	C1	adjective		Allgemein	anodin	0.06
apatride	staatenlos	words	C1	adjective		Allgemein	apatride	0.06
applicable	anwendbar	words	C1	adjective		Allgemein	applicable	0.06
les arrière-grands-parents	die Urgroßeltern	words	C1	noun	pl	Familie & Freunde	arrière-grands-parents	0.06
l'arête	die Kante	words	C1	noun	f	Allgemein	arête	0.06
l'atoll	das Atoll	words	C1	noun	n	Tiere & Natur	atoll	0.06
auguste	ehrwürdig	words	C1	adjective		Allgemein	auguste	0.06
l'avenant	der Zusatz	words	C1	noun	m	Allgemein	avenant	0.06
aéronautique	luftfahrttechnisch	words	C1	adjective		Allgemein	aéronautique	0.06
barbeler	verwirren	words	C1	verb		Allgemein	barbeler	0.06
le barillet	das Fass	words	C1	noun	n	Allgemein	barillet	0.06
la bestiole	das Tierchen	words	C1	noun	f	Tiere & Natur	bestiole	0.06
le biotope	der Biotop	words	C1	noun	m	Tiere & Natur	biotope	0.06
bosniaque	bosnisch	words	C1	adjective		Allgemein	bosniaque	0.06
boulonner	verschrauben	words	C1	verb		Allgemein	boulonner	0.06
bourguignon	burgundisch	words	C1	adjective		Allgemein	bourguignon	0.06
la broutille	der Kleinkram	words	C1	noun	f	Allgemein	broutille	0.06
budgétaire	haushaltsmäßig	words	C1	adjective		Allgemein	budgétaire	0.06
la cassation	die Aufhebung	words	C1	noun	f	Allgemein	cassation	0.06
le casse-cou	der Draufgänger	words	C1	noun	m	Allgemein	casse-cou	0.06
centripète	zentripetal	words	C1	adjective		Allgemein	centripète	0.06
certifié	zertifiziert	words	C1	adjective		Allgemein	certifié	0.06
le chauvinisme	der Chauvinismus	words	C1	noun	m	Allgemein	chauvinisme	0.06
le cheptel	das Vieh	words	C1	noun	m	Tiere & Natur	cheptel	0.06
chômer	arbeitslos sein	words	C1	verb		Arbeit & Beruf	chômer	0.06
cinquantième	fünfzigste	words	C1	adjective		Zahlen & Mengen	cinquantième	0.06
le cleptomane	der Kleptomane	words	C1	noun	m	Allgemein	cleptomane	0.06
la cleptomanie	die Kleptomanie	words	C1	noun	f	Allgemein	cleptomanie	0.06
la clope	die Zigarette	words	C1	noun	f	Essen & Trinken	clope	0.06
le compte-gouttes	die Pipette	words	C1	noun	m	Allgemein	compte-gouttes	0.06
connoter	konnotieren	words	C1	verb		Allgemein	connoter	0.06
le contradicteur	der Widersprecher	words	C1	noun	m	Allgemein	contradicteur	0.06
le contre-don	das Gegengeschenk	words	C1	noun	m	Allgemein	contre-don	0.06
convenu	vereinbart	words	C1	adjective		Allgemein	convenu	0.06
le copeau	der Span	words	C1	noun	m	Allgemein	copeau	0.06
couchant	untergehend	words	C1	adjective		Wetter & Jahreszeiten	couchant	0.06
couche-tôt	früh ins Bett gehen	words	C1	adjective		Allgemein	couche-tôt	0.06
cribler	sieben	words	C1	verb		Allgemein	cribler	0.06
cuber	würfeln	words	C1	verb		Allgemein	cuber	0.06
le devin	der Wahrsager	words	C1	noun	m	Allgemein	devin	0.06
différé	verschoben	words	C1	adjective		Allgemein	différé	0.06
le diplodocus	der Diplodocus	words	C1	noun	m	Tiere & Natur	diplodocus	0.06
le discounter	der Discounter	words	C1	noun	m	Einkaufen & Geld	discounter	0.06
la diététique	die Diätetik	words	C1	noun	f	Körper & Gesundheit	diététique	0.06
le dolmen	der Dolmen	words	C1	noun	m	Allgemein	dolmen	0.06
dommageable	schädlich	words	C1	adjective		Allgemein	dommageable	0.06
le donneur	der Spender	words	C1	noun	m	Allgemein	donneur	0.06
douillet	gemütlich	words	C1	adjective		Wohnen & Haus	douillet	0.06
le dysfonctionnement	der Fehlbetrieb	words	C1	noun	m	Allgemein	dysfonctionnement	0.06
le déchaînement	der Ausbruch	words	C1	noun	m	Allgemein	déchaînement	0.06
le démographe	der Demograf	words	C1	noun	m	Allgemein	démographe	0.06
dénigrer	herabsetzen	words	C1	verb		Allgemein	dénigrer	0.06
dénoter	bezeichnen	words	C1	verb		Allgemein	dénoter	0.06
déplacé	unangebracht	words	C1	adjective		Allgemein	déplacé	0.06
le dépotoir	der Müllplatz	words	C1	noun	m	Allgemein	dépotoir	0.06
le dérivé	der Derivat	words	C1	noun	m	Allgemein	dérivé	0.06
dérouter	verwirren	words	C1	verb		Allgemein	dérouter	0.06
désapprobateur	missbilligend	words	C1	adjective		Allgemein	désapprobateur	0.06
déshumaniser	entmenschlichen	words	C1	verb		Allgemein	déshumaniser	0.06
la dévastation	die Verwüstung	words	C1	noun	f	Allgemein	dévastation	0.06
l'eldorado	das Eldorado	words	C1	noun		Allgemein	eldorado	0.06
l'embout	der Aufsatz	words	C1	noun	m	Allgemein	embout	0.06
l'emboîtage	das Einlegen	words	C1	noun	n	Allgemein	emboîtage	0.06
l'emmerdement	die Belästigung	words	C1	noun	n	Allgemein	emmerdement	0.06
l'empile	der Stapel	words	C1	noun	m	Allgemein	empile	0.06
l'empâtement	die Verdickung	words	C1	noun	n	Allgemein	empâtement	0.06
enlaidir	verunstalten	words	C1	verb		Allgemein	enlaidir	0.06
ethnologiquement	ethnologisch	words	C1	adverb		Allgemein	ethnologiquement	0.06
l'exactitude	die Genauigkeit	words	C1	noun	f	Allgemein	exactitude	0.06
l'exaltation	die Erregung	words	C1	noun	f	Allgemein	exaltation	0.06
exempt	befreit	words	C1	adjective		Allgemein	exempt	0.06
l'exhibitionnisme	der Exhibitionismus	words	C1	noun	m	Allgemein	exhibitionnisme	0.06
expliciter	erläutern	words	C1	verb		Allgemein	expliciter	0.06
la familiarité	die Vertrautheit	words	C1	noun	f	Allgemein	familiarité	0.06
la filature	die Spinnerei	words	C1	noun	f	Allgemein	filature	0.06
le flag	die Flagge	words	C1	noun	m	Allgemein	flag	0.06
flatteur	schmeichelhaft	words	C1	adjective		Allgemein	flatteur	0.06
flou	unscharf	words	C1	adjective		Allgemein	flou	0.06
le fripier	der Trödler	words	C1	noun	m	Einkaufen & Geld	fripier	0.06
le frémissement	das Flimmern	words	C1	noun	m	Allgemein	frémissement	0.06
le fumier	der Mist	words	C1	noun	m	Allgemein	fumier	0.06
le fédéralisme	der Föderalismus	words	C1	noun	m	Allgemein	fédéralisme	0.06
la gabelle	die Steuer	words	C1	noun	f	Allgemein	gabelle	0.06
le gaélique	das Gälische	words	C1	noun	m	Allgemein	gaélique	0.06
genevois	genfer	words	C1	adjective		Allgemein	genevois	0.06
la globalité	die Gesamtheit	words	C1	noun	f	Allgemein	globalité	0.06
le goudron	der Teer	words	C1	noun	m	Allgemein	goudron	0.06
gradé	graduiert	words	C1	adjective		Allgemein	gradé	0.06
la griffure	die Kratzwunde	words	C1	noun	f	Körper & Gesundheit	griffure	0.06
grivois	anzüglich	words	C1	adjective		Allgemein	grivois	0.06
géométral	geometrisch	words	C1	adjective		Allgemein	géométral	0.06
la hardiesse	der Mut	words	C1	noun	f	Gefühle & Charakter	hardiesse	0.06
le hardware	die Hardware	words	C1	noun	m	Medien & Technik	hardware	0.06
le havre	der Hafen	words	C1	noun	m	Stadt & Verkehr	havre	0.06
herbivore	pflanzenfressend	words	C1	adjective		Tiere & Natur	herbivore	0.06
herculéen	herkulisch	words	C1	adjective		Allgemein	herculéen	0.06
hideux	hässlich	words	C1	adjective		Allgemein	hideux	0.06
hiérarchiser	hierarchisieren	words	C1	verb		Allgemein	hiérarchiser	0.06
hoc	so	words	C1	adverb		Allgemein	hoc	0.06
le hongrois	der Ungar	words	C1	noun	m	Allgemein	hongrois	0.06
humilié	demütigt	words	C1	adjective		Gefühle & Charakter	humilié	0.06
l'héliotrope	das Heliotrop	words	C1	noun	m	Tiere & Natur	héliotrope	0.06
l'hépatite	die Hepatitis	words	C1	noun	f	Körper & Gesundheit	hépatite	0.06
l'idéalisation	die Idealisierung	words	C1	noun	f	Allgemein	idéalisation	0.06
immerger	eintauchen	words	C1	verb		Allgemein	immerger	0.06
impunément	unbestraft	words	C1	adverb		Allgemein	impunément	0.06
l'inanité	die Nichtigkeit	words	C1	noun	f	Allgemein	inanité	0.06
l'incrustation	die Einlage	words	C1	noun	f	Allgemein	incrustation	0.06
indiscutable	unbestreitbar	words	C1	adjective		Allgemein	indiscutable	0.06
indiscutablement	unbestreitbar	words	C1	adverb		Allgemein	indiscutablement	0.06
infime	winzig	words	C1	adjective		Allgemein	infime	0.06
infondé	unbegründet	words	C1	adjective		Allgemein	infondé	0.06
inhabité	unbewohnt	words	C1	adjective		Wohnen & Haus	inhabité	0.06
insulaire	insular	words	C1	adjective		Allgemein	insulaire	0.06
interposé	zwischenliegend	words	C1	adjective		Allgemein	interposé	0.06
inusité	ungewöhnlich	words	C1	adjective		Allgemein	inusité	0.06
irréparablement	unwiederbringlich	words	C1	adverb		Allgemein	irréparablement	0.06
islandais	isländisch	words	C1	adjective		Allgemein	islandais	0.06
itou	auch	words	C1	adverb		Allgemein	itou	0.06
jeunet	jung	words	C1	adjective		Allgemein	jeunet	0.06
jeûner	fasten	words	C1	verb		Essen & Trinken	jeûner	0.06
la jubilation	die Jubel	words	C1	noun	f	Allgemein	jubilation	0.06
la justification	die Rechtfertigung	words	C1	noun	f	Allgemein	justification	0.06
la jérémiade	die Klage	words	C1	noun	f	Allgemein	jérémiade	0.06
le kitsch	der Kitsch	words	C1	noun	m	Allgemein	kitsch	0.06
le klaxon	die Hupe	words	C1	noun	m	Stadt & Verkehr	klaxon	0.06
la lancée	der Schwung	words	C1	noun	f	Allgemein	lancée	0.06
licencieux	unanständig	words	C1	adjective		Allgemein	licencieux	0.06
la lisière	der Rand	words	C1	noun	f	Allgemein	lisière	0.06
logiquement	logisch	words	C1	adverb		Allgemein	logiquement	0.06
légiférer	gesetzgebend	words	C1	verb		Allgemein	légiférer	0.06
légitimement	legitim	words	C1	adverb		Allgemein	légitimement	0.06
magistralement	meisterhaft	words	C1	adverb		Allgemein	magistralement	0.06
la maisonnée	die Hausgemeinschaft	words	C1	noun	f	Wohnen & Haus	maisonnée	0.06
la majoration	die Erhöhung	words	C1	noun	f	Allgemein	majoration	0.06
la manivelle	die Kurbel	words	C1	noun	f	Allgemein	manivelle	0.06
massacrant	massakrierend	words	C1	adjective		Allgemein	massacrant	0.06
la matérialisation	die Verwirklichung	words	C1	noun	f	Allgemein	matérialisation	0.06
maxi	maximal	words	C1	adjective		Allgemein	maxi	0.06
mercantile	kommerziell	words	C1	adjective		Allgemein	mercantile	0.06
mesquin	geizig	words	C1	adjective		Gefühle & Charakter	mesquin	0.06
le messin	der Messin	words	C1	noun	m	Allgemein	messin	0.06
le missile	der Rakete	words	C1	noun	m	Allgemein	missile	0.06
le modernisme	der Modernismus	words	C1	noun	m	Allgemein	modernisme	0.06
monochrome	einfarbig	words	C1	adjective		Farben & Formen	monochrome	0.06
le monticule	der Hügel	words	C1	noun	m	Tiere & Natur	monticule	0.06
muer	sich häuten	words	C1	verb		Allgemein	muer	0.06
multilingue	mehrsprachig	words	C1	adjective		Allgemein	multilingue	0.06
le multilinguisme	der Mehrsprachigkeit	words	C1	noun	m	Allgemein	multilinguisme	0.06
la mutilation	die Verstümmelung	words	C1	noun	f	Allgemein	mutilation	0.06
la médiocrité	die Mittelmäßigkeit	words	C1	noun	f	Allgemein	médiocrité	0.06
méridional	südlich	words	C1	adjective		Allgemein	méridional	0.06
la météorologie	die Meteorologie	words	C1	noun	f	Wetter & Jahreszeiten	météorologie	0.06
narquois	hinterhältig	words	C1	adjective		Gefühle & Charakter	narquois	0.06
la néologie	die Neologismus	words	C1	noun	f	Allgemein	néologie	0.06
obstiner	bestehen	words	C1	verb		Allgemein	obstiner	0.06
l'ocre	die Ocker	words	C1	noun	m	Farben & Formen	ocre	0.06
ocrer	mit Ocker färben	words	C1	verb		Allgemein	ocrer	0.06
l'olympisme	der Olympismus	words	C1	noun	m	Allgemein	olympisme	0.06
l'ombrage	der Schatten	words	C1	noun	m	Tiere & Natur	ombrage	0.06
l'omission	die Auslassung	words	C1	noun	f	Allgemein	omission	0.06
onéreux	kostspielig	words	C1	adjective		Einkaufen & Geld	onéreux	0.06
l'orangé	das Orange	words	C1	noun	m	Farben & Formen	orangé	0.06
l'oscillation	die Oszillation	words	C1	noun	f	Allgemein	oscillation	0.06
le pamphlétaire	der Pamphletist	words	C1	noun	m	Allgemein	pamphlétaire	0.06
le paraphe	die Unterschrift	words	C1	noun	m	Allgemein	paraphe	0.06
passionnément	leidenschaftlich	words	C1	adverb		Allgemein	passionnément	0.06
patrimonial	patrimonial	words	C1	adjective		Allgemein	patrimonial	0.06
la persuasion	die Überzeugung	words	C1	noun	f	Allgemein	persuasion	0.06
la petitesse	die Kleinheit	words	C1	noun	f	Allgemein	petitesse	0.06
pharaonique	pharaonisch	words	C1	adjective		Allgemein	pharaonique	0.06
pincer	zupfen	words	C1	verb		Allgemein	pincer	0.06
le pioupiou	der Piepmatz	words	C1	noun	m	Tiere & Natur	pioupiou	0.06
piteux	erbärmlich	words	C1	adjective		Gefühle & Charakter	piteux	0.06
le plaquage	die Plakette	words	C1	noun	m	Allgemein	plaquage	0.06
la platitude	die Flachheit	words	C1	noun	f	Allgemein	platitude	0.06
le plouc	der Landei	words	C1	noun	m	Allgemein	plouc	0.06
le poivrier	der Pfefferstreuer	words	C1	noun	m	Essen & Trinken	poivrier	0.06
le porcelet	das Ferkel	words	C1	noun	m	Tiere & Natur	porcelet	0.06
la porosité	die Porosität	words	C1	noun	f	Allgemein	porosité	0.06
le portant	der Träger	words	C1	noun	m	Allgemein	portant	0.06
le portefaix	der Lastenträger	words	C1	noun	m	Arbeit & Beruf	portefaix	0.06
pouponner	sich um ein Baby kümmern	words	C1	verb		Familie & Freunde	pouponner	0.06
la poussette	der Kinderwagen	words	C1	noun	f	Familie & Freunde	poussette	0.06
profaner	entweihen	words	C1	verb		Allgemein	profaner	0.06
professoral	professoral	words	C1	adjective		Allgemein	professoral	0.06
le profiteur	der Profiteur	words	C1	noun	m	Allgemein	profiteur	0.06
la proie	die Beute	words	C1	noun	f	Tiere & Natur	proie	0.06
prussien	preußisch	words	C1	adjective		Allgemein	prussien	0.06
le préambule	das Präambel	words	C1	noun	m	Allgemein	préambule	0.06
la préconisation	die Empfehlung	words	C1	noun	f	Allgemein	préconisation	0.06
la pérennité	die Beständigkeit	words	C1	noun	f	Allgemein	pérennité	0.06
rapetisser	verkleinern	words	C1	verb		Allgemein	rapetisser	0.06
recorriger	korrigieren	words	C1	verb		Allgemein	recorriger	0.06
le remaniement	die Umgestaltung	words	C1	noun	m	Allgemein	remaniement	0.06
le remplissage	die Füllung	words	C1	noun	m	Allgemein	remplissage	0.06
resplendir	strahlen	words	C1	verb		Allgemein	resplendir	0.06
le ressentiment	der Groll	words	C1	noun	m	Gefühle & Charakter	ressentiment	0.06
le retentissement	die Auswirkung	words	C1	noun	m	Allgemein	retentissement	0.06
le revirement	die Wende	words	C1	noun	m	Allgemein	revirement	0.06
le rond-point	der Kreisverkehr	words	C1	noun	m	Stadt & Verkehr	rond-point	0.06
le rudoiement	die Grobheit	words	C1	noun	m	Allgemein	rudoiement	0.06
la rythmicité	die Rhythmizität	words	C1	noun	f	Allgemein	rythmicité	0.06
rythmique	rhythmisch	words	C1	adjective		Allgemein	rythmique	0.06
récidiver	rückfällig werden	words	C1	verb		Allgemein	récidiver	0.06
la régularisation	die Regularisierung	words	C1	noun	f	Allgemein	régularisation	0.06
le régulateur	der Regler	words	C1	noun	m	Allgemein	régulateur	0.06
le rétablissement	die Wiederherstellung	words	C1	noun	m	Körper & Gesundheit	rétablissement	0.06
saccager	verwüsten	words	C1	verb		Allgemein	saccager	0.06
la saga	die Saga	words	C1	noun	f	Allgemein	saga	0.06
sainement	gesund	words	C1	adverb		Körper & Gesundheit	sainement	0.06
salé	salzig	words	C1	adjective		Essen & Trinken	salé	0.06
saper	untergraben	words	C1	verb		Allgemein	saper	0.06
les sauropodes	die Sauropoden	words	C1	noun	m	Tiere & Natur	sauropodes	0.06
le serbo-croate	das Serbokroatische	words	C1	noun	m	Allgemein	serbo-croate	0.06
la similarité	die Ähnlichkeit	words	C1	noun	f	Allgemein	similarité	0.06
sous-titrer	untertiteln	words	C1	verb		Medien & Technik	sous-titrer	0.06
le splash	der Spritzer	words	C1	noun	m	Allgemein	splash	0.06
stationner	parken	words	C1	verb		Stadt & Verkehr	stationner	0.06
la succulence	die Saftigkeit	words	C1	noun	f	Essen & Trinken	succulence	0.06
sud-américain	südamerikanisch	words	C1	adjective		Allgemein	sud-américain	0.06
le suffixe	das Suffix	words	C1	noun	m	Grammatik & Struktur	suffixe	0.06
la surimpression	die Überlagerung	words	C1	noun	f	Medien & Technik	surimpression	0.06
le sépia	der Sepia	words	C1	noun	m	Allgemein	sépia	0.06
la séquelle	die Folge	words	C1	noun	f	Körper & Gesundheit	séquelle	0.06
séquencé	sequenziert	words	C1	adjective		Allgemein	séquencé	0.06
le tacle	der Tackle	words	C1	noun	m	Sport	tacle	0.06
la terminologie	die Terminologie	words	C1	noun	f	Allgemein	terminologie	0.06
le tic-tac	das Tick-Tack	words	C1	noun	m	Allgemein	tic-tac	0.06
le tout-petit	das Kleinkind	words	C1	noun	m	Familie & Freunde	tout-petit	0.06
la trachée	die Luftröhre	words	C1	noun	f	Körper & Gesundheit	trachée	0.06
le trampoline	das Trampolin	words	C1	noun	m	Freizeit & Hobbys	trampoline	0.06
la tranchée	der Graben	words	C1	noun	f	Allgemein	tranchée	0.06
la transgression	die Übertretung	words	C1	noun	f	Allgemein	transgression	0.06
le travelling	die Kamerafahrt	words	C1	noun	m	Medien & Technik	travelling	0.06
tributaire	abhängig	words	C1	adjective		Allgemein	tributaire	0.06
le trio	das Trio	words	C1	noun	m	Allgemein	trio	0.06
le troll	der Troll	words	C1	noun	m	Allgemein	troll	0.06
la trouée	die Lücke	words	C1	noun	f	Allgemein	trouée	0.06
tuber	tubieren	words	C1	verb		Allgemein	tuber	0.06
typé	typisiert	words	C1	adjective		Allgemein	typé	0.06
la tôle	das Blech	words	C1	noun	f	Allgemein	tôle	0.06
ultime	ultimativ	words	C1	adjective		Allgemein	ultime	0.06
la uniformisation	die Vereinheitlichung	words	C1	noun	f	Allgemein	uniformisation	0.06
la vacuité	die Leere	words	C1	noun	f	Allgemein	vacuité	0.06
la vahiné	die Vahine	words	C1	noun	f	Allgemein	vahiné	0.06
le vandale	der Vandale	words	C1	noun	m	Allgemein	vandale	0.06
variant	variabel	words	C1	adjective		Allgemein	variant	0.06
verdoyant	grün	words	C1	adjective		Tiere & Natur	verdoyant	0.06
vertigineusement	schwindelerregend	words	C1	adverb		Allgemein	vertigineusement	0.06
le volley	der Volleyball	words	C1	noun	m	Sport	volley	0.06
le voyagiste	der Reiseveranstalter	words	C1	noun	m	Reisen & Urlaub	voyagiste	0.06
l'âcreté	die Schärfe	words	C1	noun	f	Essen & Trinken	âcreté	0.06
l'écrasement	die Zerschlagung	words	C1	noun	m	Allgemein	écrasement	0.06
éducationnel	pädagogisch	words	C1	adjective		Schule & Bildung	éducationnel	0.06
l'énergumène	der Energiebündel	words	C1	noun	m	Allgemein	énergumène	0.06
l'éprouvette	das Reagenzglas	words	C1	noun	f	Allgemein	éprouvette	0.06
l'étouffement	die Erstickung	words	C1	noun	m	Körper & Gesundheit	étouffement	0.06
l'îlot	die Insel	words	C1	noun	m	Tiere & Natur	îlot	0.06
l'arrière-grand-père	der Urgroßvater	words	C1	noun	m	Familie & Freunde	arrière-grand-père	0.06
le troglodyte	der Höhlenbewohner	words	C1	noun	m	Tiere & Natur	troglodyte	0.06
vermeil	vermeil	words	C1	adjective		Allgemein	vermeil	0.06
l'acrobatie	die Akrobatik	words	C1	noun	f	Sport	acrobatie	0.06
l'affinité	die Affinität	words	C1	noun	f	Allgemein	affinité	0.06
l'agoraphobie	die Agoraphobie	words	C1	noun	f	Körper & Gesundheit	agoraphobie	0.06
agrémenter	verzieren	words	C1	verb		Allgemein	agrémenter	0.06
l'aimant	der Magnet	words	C1	noun	m	Allgemein	aimant	0.06
l'alignement	die Ausrichtung	words	C1	noun	m	Allgemein	alignement	0.06
amollir	erweichen	words	C1	verb		Allgemein	amollir	0.06
l'apparat	das Gerät	words	C1	noun	m	Allgemein	apparat	0.06
appauvrir	verarmen	words	C1	verb		Allgemein	appauvrir	0.06
l'après-guerre	die Nachkriegszeit	words	C1	noun	m	Allgemein	après-guerre	0.06
l'ascétisme	der Asketismus	words	C1	noun	m	Allgemein	ascétisme	0.06
l'athéisme	der Atheismus	words	C1	noun	m	Allgemein	athéisme	0.06
attirant	anziehend	words	C1	adjective		Allgemein	attirant	0.06
l'attroupement	die Ansammlung	words	C1	noun	m	Allgemein	attroupement	0.06
augurer	ahnen	words	C1	verb		Allgemein	augurer	0.06
avenue	alle	words	C1	adjective		Stadt & Verkehr	avenu	0.06
la barquette	die Schale	words	C1	noun	f	Essen & Trinken	barquette	0.06
la bavette	die Latzhose	words	C1	noun	f	Kleidung & Mode	bavette	0.06
biaiser	verzerren	words	C1	verb		Allgemein	biaiser	0.06
le bide	der Bauch	words	C1	noun	m	Körper & Gesundheit	bide	0.06
la bionique	die Bionik	words	C1	noun	f	Allgemein	bionique	0.06
blanchâtre	bläulich	words	C1	adjective		Farben & Formen	blanchâtre	0.06
la bobine	die Spule	words	C1	noun	f	Allgemein	bobine	0.06
la bobonne	die Hausfrau	words	C1	noun	f	Familie & Freunde	bobonne	0.06
le bougon	der Griesgram	words	C1	noun	m	Gefühle & Charakter	bougon	0.06
le buste	der Buste	words	C1	noun	m	Allgemein	buste	0.06
le cafard	der Kakerlake	words	C1	noun	m	Tiere & Natur	cafard	0.06
la carapace	der Panzer	words	C1	noun	f	Tiere & Natur	carapace	0.06
le chameau	das Kamel	words	C1	noun	m	Tiere & Natur	chameau	0.06
chauvin	chauvinistisch	words	C1	adjective		Allgemein	chauvin	0.06
le clairon	die Trompete	words	C1	noun	m	Allgemein	clairon	0.06
la claustrophobie	die Klaustrophobie	words	C1	noun	f	Körper & Gesundheit	claustrophobie	0.06
le clodo	der Obdachlose	words	C1	noun	m	Allgemein	clodo	0.06
cohabitant	lebensgemeinschaftlich	words	C1	adjective		Familie & Freunde	cohabitant	0.06
le concubin	der Lebensgefährte	words	C1	noun	m	Familie & Freunde	concubin	0.06
conjoindre	verbinden	words	C1	verb		Allgemein	conjoindre	0.06
consigner	aufzeichnen	words	C1	verb		Allgemein	consigner	0.06
la consternation	die Bestürzung	words	C1	noun	f	Gefühle & Charakter	consternation	0.06
le contraceptif	das Verhütungsmittel	words	C1	noun	m	Körper & Gesundheit	contraceptif	0.06
la convenance	die Bequemlichkeit	words	C1	noun	f	Allgemein	convenance	0.06
le copropriétaire	der Miteigentümer	words	C1	noun	m	Wohnen & Haus	copropriétaire	0.06
cordialement	freundlich	words	C1	adverb		Begrüßung & Höflichkeit	cordialement	0.06
costaud	kräftig	words	C1	adjective		Allgemein	costaud	0.06
la courante	die Strömung	words	C1	noun	f	Allgemein	courante	0.06
criailler	schreien	words	C1	verb		Allgemein	criailler	0.06
la demi-pension	die Halbpension	words	C1	noun	f	Reisen & Urlaub	demi-pension	0.06
le diplomate	der Diplomat	words	C1	noun	m	Arbeit & Beruf	diplomate	0.06
distancier	distanzieren	words	C1	verb		Allgemein	distancier	0.06
la dulcinée	die Geliebte	words	C1	noun	f	Familie & Freunde	dulcinée	0.06
la duperie	der Betrug	words	C1	noun	f	Allgemein	duperie	0.06
le décideur	der Entscheider	words	C1	noun	m	Arbeit & Beruf	décideur	0.06
le décroît	der Rückgang	words	C1	noun	m	Allgemein	décroît	0.06
dégotter	finden	words	C1	verb		Allgemein	dégotter	0.06
dénoyauter	entsteinen	words	C1	verb		Essen & Trinken	dénoyauter	0.06
dérogatoire	abweichend	words	C1	adjective		Allgemein	dérogatoire	0.06
déroger	abweichen	words	C1	verb		Allgemein	déroger	0.06
la désinvolture	die Unbekümmertheit	words	C1	noun	f	Gefühle & Charakter	désinvolture	0.06
désirable	wünschenswert	words	C1	adjective		Allgemein	désirable	0.06
dévoyer	verführen	words	C1	verb		Allgemein	dévoyer	0.06
l'enfilade	die Durchreiche	words	C1	noun	f	Wohnen & Haus	enfilade	0.06
l'enracinement	die Verwurzelung	words	C1	noun	m	Allgemein	enracinement	0.06
entraider	sich gegenseitig helfen	words	C1	verb		Familie & Freunde	entraider	0.06
l'exposant	der Aussteller	words	C1	noun	m	Allgemein	exposant	0.06
exécrer	verabscheuen	words	C1	verb		Gefühle & Charakter	exécrer	0.06
fauter	fehlen	words	C1	verb		Allgemein	fauter	0.06
le fayard	die Buche	words	C1	noun	m	Tiere & Natur	fayard	0.06
le flambeau	die Fackel	words	C1	noun	m	Allgemein	flambeau	0.06
le fleurissement	die Blüte	words	C1	noun	m	Allgemein	fleurissement	0.06
la fonctionnalité	die Funktionalität	words	C1	noun	f	Allgemein	fonctionnalité	0.06
fourbu	erschöpft	words	C1	adjective		Körper & Gesundheit	fourbu	0.06
franger	fransen	words	C1	verb		Allgemein	franger	0.06
galonner	verzieren	words	C1	verb		Allgemein	galonner	0.06
le graphologue	der Graphologe	words	C1	noun	m	Allgemein	graphologue	0.06
le gratte-ciel	der Wolkenkratzer	words	C1	noun	m	Stadt & Verkehr	gratte-ciel	0.06
le graveur	der Graveur	words	C1	noun	m	Allgemein	graveur	0.06
grisant	berauschend	words	C1	adjective		Allgemein	grisant	0.06
griser	betrinken	words	C1	verb		Essen & Trinken	griser	0.06
le guidon	der Lenker	words	C1	noun	m	Stadt & Verkehr	guidon	0.06
la guinguette	die Gartenwirtschaft	words	C1	noun	f	Essen & Trinken	guinguette	0.06
géopolitique	geopolitisch	words	C1	adjective		Allgemein	géopolitique	0.06
le homard	der Hummer	words	C1	noun	m	Essen & Trinken	homard	0.06
homogénéiser	homogenisieren	words	C1	verb		Allgemein	homogénéiser	0.06
humainement	menschlich	words	C1	adverb		Allgemein	humainement	0.06
hypertrophier	hypertrophieren	words	C1	verb		Körper & Gesundheit	hypertrophier	0.06
le hérissement	das Aufrauen	words	C1	noun	n	Allgemein	hérissement	0.06
l'implant	das Implantat	words	C1	noun	n	Körper & Gesundheit	implant	0.06
improviste	spontan	words	C1	adverb		Allgemein	improviste	0.06
incompétent	inkompetent	words	C1	adjective		Allgemein	incompétent	0.06
incorrigiblement	unverbesserlich	words	C1	adverb		Allgemein	incorrigiblement	0.06
l'indigence	die Armut	words	C1	noun	f	Allgemein	indigence	0.06
indéterminé	unbestimmt	words	C1	adjective		Allgemein	indéterminé	0.06
inextinguible	unstillbar	words	C1	adjective		Allgemein	inextinguible	0.06
inlassablement	unermüdlich	words	C1	adverb		Allgemein	inlassablement	0.06
l'insoluble	das Unlösbare	words	C1	noun	n	Allgemein	insoluble	0.06
insupporter	unerträglich sein	words	C1	verb		Allgemein	insupporter	0.06
interner	internieren	words	C1	verb		Allgemein	interner	0.06
l'intouchabilité	die Unantastbarkeit	words	C1	noun	f	Allgemein	intouchabilité	0.06
l'intronisation	die Inthronisation	words	C1	noun	f	Allgemein	intronisation	0.06
le jeunisme	der Jugendkult	words	C1	noun	m	Allgemein	jeunisme	0.06
le judaïsme	das Judentum	words	C1	noun	m	Allgemein	judaïsme	0.06
le jules	der Jules	words	C1	noun	m	Allgemein	jules	0.06
le kilogramme	das Kilogramm	words	C1	noun	n	Zahlen & Mengen	kilogramme	0.06
le leitmotiv	das Leitmotiv	words	C1	noun	n	Allgemein	leitmotiv	0.06
la liesse	die Freude	words	C1	noun	f	Allgemein	liesse	0.06
livresque	buchhaft	words	C1	adjective		Allgemein	livresque	0.06
le livreur	der Lieferant	words	C1	noun	m	Einkaufen & Geld	livreur	0.06
la luzerne	die Luzerne	words	C1	noun	f	Essen & Trinken	luzerne	0.06
la manutention	die Handhabung	words	C1	noun	f	Arbeit & Beruf	manutention	0.06
la massification	die Massenbildung	words	C1	noun	f	Allgemein	massification	0.06
la merguez	die Merguez	words	C1	noun	f	Essen & Trinken	merguez	0.06
le micro-onde	die Mikrowelle	words	C1	noun	m	Essen & Trinken	micro-onde	0.06
le micro-organisme	der Mikroorganismus	words	C1	noun	m	Körper & Gesundheit	micro-organisme	0.06
monstrueusement	ungeheuer	words	C1	adverb		Allgemein	monstrueusement	0.06
la morphologie	die Morphologie	words	C1	noun	f	Allgemein	morphologie	0.06
moutarder	senfartig machen	words	C1	verb		Essen & Trinken	moutarder	0.06
moyenâgeux	mittelalterlich	words	C1	adjective		Allgemein	moyenâgeux	0.06
le muséologue	der Museologe	words	C1	noun	m	Allgemein	muséologue	0.06
médicalement	medizinisch	words	C1	adverb		Körper & Gesundheit	médicalement	0.06
nominatif	nominativ	words	C1	adjective		Grammatik & Struktur	nominatif	0.06
le noviciat	das Noviziat	words	C1	noun	m	Allgemein	noviciat	0.06
paraplégique	querschnittgelähmt	words	C1	adjective		Körper & Gesundheit	paraplégique	0.06
la passivité	die Passivität	words	C1	noun	f	Allgemein	passivité	0.06
le paysagiste	der Landschaftsgestalter	words	C1	noun	m	Allgemein	paysagiste	0.06
perdant	verlierend	words	C1	adjective		Allgemein	perdant	0.06
le perroquet	der Papagei	words	C1	noun	m	Tiere & Natur	perroquet	0.06
perspicace	scharfsinnig	words	C1	adjective		Allgemein	perspicace	0.06
le planisphère	der Weltkarte	words	C1	noun	m	Schule & Bildung	planisphère	0.06
planquer	verstecken	words	C1	verb		Allgemein	planquer	0.06
la primeur	die Frische	words	C1	noun	f	Essen & Trinken	primeur	0.06
la privation	die Entbehrung	words	C1	noun	f	Allgemein	privation	0.06
le profane	der Laie	words	C1	noun	m	Allgemein	profane	0.06
la propagande	die Propaganda	words	C1	noun	f	Allgemein	propagande	0.06
préalablement	zuvor	words	C1	adverb		Allgemein	préalablement	0.06
prétentieux	eingebildet	words	C1	noun		Gefühle & Charakter	prétentieux	0.06
la psychophysiologie	die Psychophysiologie	words	C1	noun	f	Körper & Gesundheit	psychophysiologie	0.06
le psychothérapeute	der Psychotherapeut	words	C1	noun	m	Körper & Gesundheit	psychothérapeute	0.06
pénétrant	durchdringend	words	C1	adjective		Allgemein	pénétrant	0.06
quadriller	unterteilen	words	C1	verb		Allgemein	quadriller	0.06
un quidam	ein gewisser	words	C1	noun	m	Allgemein	quidam	0.06
radoteur	geschwätzig	words	C1	adjective		Allgemein	radoteur	0.06
rageur	wütend	words	C1	adjective		Gefühle & Charakter	rageur	0.06
rationnellement	rational	words	C1	adverb		Allgemein	rationnellement	0.06
recevable	annehmbar	words	C1	adjective		Allgemein	recevable	0.06
la recomposition	die Neugestaltung	words	C1	noun	f	Allgemein	recomposition	0.06
le rectangle	das Rechteck	words	C1	noun	m	Allgemein	rectangle	0.06
renaissant	wiedergeboren	words	C1	adjective		Allgemein	renaissant	0.06
la renommée	der Ruhm	words	C1	noun	f	Allgemein	renommée	0.06
reverser	umkehren	words	C1	verb		Allgemein	reverser	0.06
rigolote	witzig	words	C1	adjective		Allgemein	rigolote	0.06
le rush	der Ansturm	words	C1	noun	m	Allgemein	rush	0.06
réactionnaire	reaktionär	words	C1	adjective		Allgemein	réactionnaire	0.06
régresser	rückschreiten	words	C1	verb		Allgemein	régresser	0.06
la régularité	die Regelmäßigkeit	words	C1	noun	f	Allgemein	régularité	0.06
répulsif	abstoßend	words	C1	adjective		Allgemein	répulsif	0.06
saupoudrer	bestreuen	words	C1	verb		Essen & Trinken	saupoudrer	0.06
sexué	geschlechtlich	words	C1	adjective		Allgemein	sexué	0.06
single	ledig	words	C1	adjective		Allgemein	single	0.06
socio-éducatif	sozialpädagogisch	words	C1	adjective		Allgemein	socio-éducatif	0.06
la solennité	die Feierlichkeit	words	C1	noun	f	Allgemein	solennité	0.06
le sommelier	der Sommelier	words	C1	noun	m	Essen & Trinken	sommelier	0.06
songeur	nachdenklich	words	C1	adjective		Gefühle & Charakter	songeur	0.06
soupçonneux	misstrauisch	words	C1	adjective		Gefühle & Charakter	soupçonneux	0.06
sous-marinier	U-Boot-	words	C1	adjective		Allgemein	sous-marinier	0.06
soûlard	Säufer	words	C1	noun	m	Allgemein	soûlard	0.06
la spiritualité	die Spiritualität	words	C1	noun	f	Allgemein	spiritualité	0.06
spécifier	spezifizieren	words	C1	verb		Allgemein	spécifier	0.06
stagner	stagnieren	words	C1	verb		Allgemein	stagner	0.06
le sténodactylographe	der Stenograf	words	C1	noun	m	Allgemein	sténodactylographe	0.06
succinct	kurz	words	C1	adjective		Allgemein	succinct	0.06
surmener	überanstrengen	words	C1	verb		Allgemein	surmener	0.06
la syncope	die Synkope	words	C1	noun	f	Körper & Gesundheit	syncope	0.06
le syndic	der Verwalter	words	C1	noun	m	Allgemein	syndic	0.06
sédentariser	sesshaft machen	words	C1	verb		Allgemein	sédentariser	0.06
le sépulcre	das Grabmal	words	C1	noun	m	Allgemein	sépulcre	0.06
le timbre-poste	die Briefmarke	words	C1	noun	m	Einkaufen & Geld	timbre-poste	0.06
la toge	die Toga	words	C1	noun	f	Allgemein	toge	0.06
le tollé	der Aufschrei	words	C1	noun	m	Allgemein	tollé	0.06
la toponymie	die Toponymie	words	C1	noun	f	Allgemein	toponymie	0.06
tortillé	gedreht	words	C1	adjective		Allgemein	tortillé	0.06
touchant	berührend	words	C1	preposition		Gefühle & Charakter	touchant	0.06
le toupet	das Toupet	words	C1	noun	m	Allgemein	toupet	0.06
transnational	transnational	words	C1	adjective		Allgemein	transnational	0.06
transparaître	durchscheinen	words	C1	verb		Allgemein	transparaître	0.06
le transpondeur	der Transponder	words	C1	noun	m	Medien & Technik	transpondeur	0.06
trapu	stämmig	words	C1	adjective		Allgemein	trapu	0.06
trompeter	trompeten	words	C1	verb		Allgemein	trompeter	0.06
le tétraplégique	der Querschnittsgelähmte	words	C1	noun	m	Körper & Gesundheit	tétraplégique	0.06
l'ultrason	der Ultraschall	words	C1	noun	m	Körper & Gesundheit	ultrason	0.06
l'urbanisation	die Urbanisierung	words	C1	noun	f	Stadt & Verkehr	urbanisation	0.06
l'urbaniste	der Stadtplaner	words	C1	noun	m	Stadt & Verkehr	urbaniste	0.06
vlan	zack	words	C1	interjection		Allgemein	vlan	0.06
vénérer	verehren	words	C1	verb		Allgemein	vénérer	0.06
éclabousser	spritzen	words	C1	verb		Allgemein	éclabousser	0.06
écrasant	erdrückend	words	C1	adjective		Allgemein	écrasant	0.06
électif	wählbar	words	C1	adjective		Allgemein	électif	0.06
l'épargne	die Ersparnis	words	C1	noun	f	Einkaufen & Geld	épargne	0.06
éperdre	verwirren	words	C1	verb		Allgemein	éperdre	0.06
l'étole	die Stola	words	C1	noun	f	Kleidung & Mode	étole	0.06
la frotte	das Reiben	words	C1	noun	f	Allgemein	frotte	0.06
le couac	der Fehltritt	words	C1	noun	m	Allgemein	couac	0.06
mélodieux	melodisch	words	C1	adjective		Allgemein	mélodieux	0.06
pivoter	drehen	words	C1	verb		Allgemein	pivoter	0.06
l'épouvante	der Schrecken	words	C1	noun	f	Gefühle & Charakter	épouvante	0.06
accabler	überwältigen	words	C1	verb		Allgemein	accabler	0.06
affamé	hungrig	words	C1	adjective		Essen & Trinken	affamé	0.06
andalou	andalusisch	words	C1	noun		Allgemein	andalou	0.06
l'auxiliaire	der Hilfsverb	words	C1	noun	m	Grammatik & Struktur	auxiliaire	0.06
la banderille	die Banderille	words	C1	noun	f	Allgemein	banderille	0.06
le banderillero	der Banderillero	words	C1	noun	m	Allgemein	banderillero	0.06
les bestiaux	das Vieh	words	C1	noun		Tiere & Natur	bestiaux	0.06
le bivouac	der Biwak	words	C1	noun	m	Reisen & Urlaub	bivouac	0.06
la bohème	die Bohème	words	C1	noun	f	Allgemein	bohème	0.06
bouffe	essen	words	C1	adjective		Essen & Trinken	bouffe	0.06
le boxeur	der Boxer	words	C1	noun	m	Sport	boxeur	0.06
le brio	der Schwung	words	C1	noun	m	Allgemein	brio	0.06
le chef-d'oeuvre	das Meisterwerk	words	C1	noun	m	Allgemein	chef-d'oeuvre	0.06
la cigarière	die Zigarrenmacherin	words	C1	noun	f	Allgemein	cigarière	0.06
le confiseur	der Süßwarenhersteller	words	C1	noun	m	Essen & Trinken	confiseur	0.06
la convalescence	die Genesung	words	C1	noun	f	Körper & Gesundheit	convalescence	0.06
le corsage	der Korsett	words	C1	noun	m	Kleidung & Mode	corsage	0.06
la cuadrilla	die Gruppe	words	C1	noun	f	Allgemein	cuadrilla	0.06
cuivrer	kupfern	words	C1	verb		Allgemein	cuivrer	0.06
le deuil	die Trauer	words	C1	noun	m	Gefühle & Charakter	deuil	0.06
la donne	die Gabe	words	C1	noun	f	Allgemein	donne	0.06
le douro	der Douro	words	C1	noun	m	Allgemein	douro	0.06
décamper	fliehen	words	C1	verb		Allgemein	décamper	0.06
les dépens	die Ausgaben	words	C1	noun	m	Einkaufen & Geld	dépens	0.06
la dépose	die Ablage	words	C1	noun	f	Allgemein	dépose	0.06
enferrer	verhaften	words	C1	verb		Allgemein	enferrer	0.06
ensorceler	verzaubern	words	C1	verb		Allgemein	ensorceler	0.06
fiancer	verloben	words	C1	verb		Familie & Freunde	fiancer	0.06
la friture	die Fritte	words	C1	noun	f	Essen & Trinken	friture	0.06
le galon	der Streifen	words	C1	noun	m	Kleidung & Mode	galon	0.06
le harpon	der Harpun	words	C1	noun	m	Allgemein	harpon	0.06
le jupon	der Unterrock	words	C1	noun	m	Kleidung & Mode	jupon	0.06
landais	ländlich	words	C1	adjective		Allgemein	landais	0.06
la mandoline	die Mandoline	words	C1	noun	f	Allgemein	mandoline	0.06
la manzanilla	die Manzanilla	words	C1	noun	f	Essen & Trinken	manzanilla	0.06
mondialement	weltweit	words	C1	adverb		Allgemein	mondialement	0.06
mélancolique	melancholisch	words	C1	adjective		Gefühle & Charakter	mélancolique	0.06
le mélodrame	das Melodrama	words	C1	noun	m	Medien & Technik	mélodrame	0.06
natter	zöpfen	words	C1	verb		Körper & Gesundheit	natter	0.06
l'objectivité	die Objektivität	words	C1	noun	f	Allgemein	objectivité	0.06
ombrager	beschatten	words	C1	verb		Allgemein	ombrager	0.06
l'once	die Unze	words	C1	noun	f	Zahlen & Mengen	once	0.06
le paseo	der Spaziergang	words	C1	noun	m	Freizeit & Hobbys	paseo	0.06
le pinson	der Buchfink	words	C1	noun	m	Tiere & Natur	pinson	0.06
pointilleux	pingelig	words	C1	adjective		Gefühle & Charakter	pointilleux	0.06
le poseur	der Poser	words	C1	noun	m	Allgemein	poseur	0.06
la pouliche	das Fohlen	words	C1	noun	f	Tiere & Natur	pouliche	0.06
le pénitent	der Büßer	words	C1	noun	m	Allgemein	pénitent	0.06
le rami	das Rami	words	C1	noun	m	Freizeit & Hobbys	rami	0.06
recoucher	wieder ins Bett gehen	words	C1	verb		Körper & Gesundheit	recoucher	0.06
la renverse	die Umkehr	words	C1	noun	f	Allgemein	renverse	0.06
la repousse	das Nachwachsen	words	C1	noun	f	Allgemein	repousse	0.06
la rémission	die Remission	words	C1	noun	f	Körper & Gesundheit	rémission	0.06
résigné	resigniert	words	C1	adjective		Gefühle & Charakter	résigné	0.06
rétabli	wiederhergestellt	words	C1	adjective		Allgemein	rétabli	0.06
le sabre	das Schwert	words	C1	noun	m	Allgemein	sabre	0.06
la symphonie	die Symphonie	words	C1	noun	f	Medien & Technik	symphonie	0.06
taurin	stierisch	words	C1	adjective		Allgemein	taurin	0.06
tricher	schummeln	words	C1	verb		Allgemein	tricher	0.06
la trousse	das Etui	words	C1	noun	f	Schule & Bildung	trousse	0.06
tzigan	zigeunerisch	words	C1	adjective		Allgemein	tzigane	0.06
uniformément	einheitlich	words	C1	adverb		Allgemein	uniformément	0.06
la véronique	die Veronika	words	C1	noun	f	Allgemein	véronique	0.06
étrusque	etruskisch	words	C1	adjective		Allgemein	étrusque	0.06
cornique	kornisch	words	C1	adjective		Allgemein	cornique	0.06
le basket-ball	der Basketball	words	C1	noun	m	Sport	basket-ball	0.06
caramel	karmell	words	C1	adjective		Essen & Trinken	caramel	0.06
le finaliste	der Finalist	words	C1	noun	m	Allgemein	finaliste	0.06
rafraîchir	auffrischen	words	C1	verb		Allgemein	rafraîchir	0.06
accoter	stützen	words	C1	verb		Allgemein	accoter	0.05
aigrement	sauer	words	C1	adverb		Allgemein	aigrement	0.05
alexandra	Alexandra	words	C1	noun		Allgemein	alexandra	0.05
aliénant	entfremdend	words	C1	adjective		Allgemein	aliénant	0.05
altier	hochmütig	words	C1	adjective		Gefühle & Charakter	altier	0.05
ambivalent	ambivalent	words	C1	adjective		Allgemein	ambivalent	0.05
l'amont	der Oberlauf	words	C1	noun	m	Allgemein	amont	0.05
l'apaisement	die Beruhigung	words	C1	noun	n	Allgemein	apaisement	0.05
apparenté	verwandt	words	C1	adjective		Familie & Freunde	apparenté	0.05
l'appât	der Köder	words	C1	noun	m	Essen & Trinken	appât	0.05
arboricole	baumlebend	words	C1	adjective		Tiere & Natur	arboricole	0.05
l'armement	die Bewaffnung	words	C1	noun	n	Allgemein	armement	0.05
asservissant	unterdrückend	words	C1	adjective		Allgemein	asservissant	0.05
l'assortiment	das Sortiment	words	C1	noun	n	Einkaufen & Geld	assortiment	0.05
l'aurore	die Morgenröte	words	C1	noun	f	Wetter & Jahreszeiten	aurore	0.05
l'auspice	das Vorzeichen	words	C1	noun	m	Allgemein	auspice	0.05
l'autogestion	die Selbstverwaltung	words	C1	noun	f	Arbeit & Beruf	autogestion	0.05
le baluchon	der Rucksack	words	C1	noun	m	Reisen & Urlaub	baluchon	0.05
le beur	der Beur	words	C1	noun	m	Allgemein	beur	0.05
le bienfaiteur	der Wohltäter	words	C1	noun	m	Allgemein	bienfaiteur	0.05
le boisement	die Aufforstung	words	C1	noun	m	Tiere & Natur	boisement	0.05
bonnement	günstig	words	C1	adverb		Allgemein	bonnement	0.05
botanique	botanisch	words	C1	noun		Allgemein	botanique	0.05
bouddhiste	buddhistisch	words	C1	adjective		Allgemein	bouddhiste	0.05
le branle	das Wanken	words	C1	noun	m	Allgemein	branle	0.05
buissonnier	buschlebend	words	C1	adjective		Tiere & Natur	buissonnier	0.05
la cabale	die Kabale	words	C1	noun	f	Allgemein	cabale	0.05
cancérogène	krebserregend	words	C1	noun		Allgemein	cancérogène	0.05
la carabine	das Gewehr	words	C1	noun	f	Allgemein	carabine	0.05
cartonner	verpacken	words	C1	verb		Einkaufen & Geld	cartonner	0.05
la cartouchière	die Patronentasche	words	C1	noun	f	Allgemein	cartouchière	0.05
le changeur	der Wechsel	words	C1	noun	m	Einkaufen & Geld	changeur	0.05
chroniquement	chronisch	words	C1	adverb		Körper & Gesundheit	chroniquement	0.05
ci-dessous	darunter	words	C1	adverb		Allgemein	ci-dessous	0.05
le cocon	der Kokon	words	C1	noun	m	Tiere & Natur	cocon	0.05
le colin-maillard	das Blinde-Kuh-Spiel	words	C1	noun	m	Freizeit & Hobbys	colin-maillard	0.05
la commanderie	die Kommende	words	C1	noun	f	Allgemein	commanderie	0.05
la commémoration	die Gedenkfeier	words	C1	noun	f	Allgemein	commémoration	0.05
le compagnonnage	die Gesellenzeit	words	C1	noun	m	Arbeit & Beruf	compagnonnage	0.05
configurer	konfigurieren	words	C1	verb		Medien & Technik	configurer	0.05
consommable	verbrauchbar	words	C1	adjective		Allgemein	consommable	0.05
consulaire	konsularisch	words	C1	adjective		Allgemein	consulaire	0.05
la contestation	die Anfechtung	words	C1	noun	f	Allgemein	contestation	0.05
convoyer	transportieren	words	C1	verb		Allgemein	convoyer	0.05
coopératif	kooperativ	words	C1	adjective		Allgemein	coopératif	0.05
la coterie	die Clique	words	C1	noun	f	Familie & Freunde	coterie	0.05
le couronnement	die Krönung	words	C1	noun	m	Allgemein	couronnement	0.05
crevé	platt	words	C1	adjective		Allgemein	crevé	0.05
la crécelle	die Ratsche	words	C1	noun	f	Allgemein	crécelle	0.05
cuisant	brennend	words	C1	adjective		Körper & Gesundheit	cuisant	0.05
le cyclamen	das Alpenveilchen	words	C1	noun	n	Tiere & Natur	cyclamen	0.05
da	ja	words	C1	interjection		Kommunikation	da	0.05
dicter	diktieren	words	C1	verb		Allgemein	dicter	0.05
la dissémination	die Verbreitung	words	C1	noun	f	Allgemein	dissémination	0.05
le débitant	der Händler	words	C1	noun	m	Einkaufen & Geld	débitant	0.05
le démagogue	der Demagoge	words	C1	noun	m	Allgemein	démagogue	0.05
la dématérialisation	die Entmaterialisierung	words	C1	noun	f	Allgemein	dématérialisation	0.05
désemplir	leeren	words	C1	verb		Allgemein	désemplir	0.05
le déserteur	der Deserteur	words	C1	noun	m	Allgemein	déserteur	0.05
la désertification	die Wüstenbildung	words	C1	noun	f	Allgemein	désertification	0.05
le désoeuvrement	die Untätigkeit	words	C1	noun	m	Allgemein	désoeuvrement	0.05
déséquilibrer	aus dem Gleichgewicht bringen	words	C1	verb		Allgemein	déséquilibrer	0.05
empiler	stapeln	words	C1	verb		Allgemein	empiler	0.05
endiguer	dämmen	words	C1	verb		Allgemein	endiguer	0.05
envi	neidisch	words	C1	adverb		Gefühle & Charakter	envi	0.05
l'estrade	die Bühne	words	C1	noun	f	Allgemein	estrade	0.05
excessivement	übermäßig	words	C1	adverb		Allgemein	excessivement	0.05
expressément	ausdrücklich	words	C1	adverb		Allgemein	expressément	0.05
exsangue	blutleer	words	C1	adjective		Allgemein	exsangue	0.05
le fatum	das Schicksal	words	C1	noun	m	Allgemein	fatum	0.05
la favela	die Favela	words	C1	noun	f	Allgemein	favela	0.05
festoyer	feiern	words	C1	verb		Freizeit & Hobbys	festoyer	0.05
le fifre	die Pfeife	words	C1	noun	m	Allgemein	fifre	0.05
fluorescent	fluoreszierend	words	C1	adjective		Allgemein	fluorescent	0.05
franque	offen	words	C1	adjective		Allgemein	franque	0.05
glaner	lesen	words	C1	verb		Essen & Trinken	glaner	0.05
le gobelet	der Becher	words	C1	noun	m	Essen & Trinken	gobelet	0.05
le heurt	der Stoß	words	C1	noun	m	Allgemein	heurt	0.05
l'horticulteur	der Gärtner	words	C1	noun	m	Allgemein	horticulteur	0.05
iconographique	ikonographisch	words	C1	adjective		Allgemein	iconographique	0.05
l'illumination	die Beleuchtung	words	C1	noun	f	Allgemein	illumination	0.05
indistinctement	undeutlich	words	C1	adverb		Allgemein	indistinctement	0.05
inlassable	unermüdlich	words	C1	adjective		Allgemein	inlassable	0.05
insuffisamment	unzureichend	words	C1	adverb		Allgemein	insuffisamment	0.05
interethnique	interethnisch	words	C1	adjective		Allgemein	interethnique	0.05
l'intégralité	die Vollständigkeit	words	C1	noun	f	Allgemein	intégralité	0.05
iranien	iranisch	words	C1	adjective		Allgemein	iranien	0.05
irritant	reizend	words	C1	adjective		Allgemein	irritant	0.05
jeté	geworfen	words	C1	adjective		Allgemein	jeté	0.05
jouxter	angrenzen	words	C1	verb		Allgemein	jouxter	0.05
languedocien	languedocisch	words	C1	adjective		Allgemein	languedocien	0.05
lorrain	lothringisch	words	C1	adjective		Allgemein	lorrain	0.05
le lumignon	die kleine Lampe	words	C1	noun	m	Allgemein	lumignon	0.05
la lunette	die Brille	words	C1	noun	f	Körper & Gesundheit	lunette	0.05
la maisonnette	das Häuschen	words	C1	noun	f	Wohnen & Haus	maisonnette	0.05
la malle-poste	die Postkutsche	words	C1	noun	f	Reisen & Urlaub	malle-poste	0.05
le marqueur	der Marker	words	C1	noun	m	Allgemein	marqueur	0.05
mendier	betteln	words	C1	verb		Allgemein	mendier	0.05
le minet	der Kätzchen	words	C1	noun	m	Tiere & Natur	minet	0.05
minima	minimal	words	C1	adverb		Allgemein	minima	0.05
mixer	mixen	words	C1	verb		Allgemein	mixer	0.05
mollet	muskulös	words	C1	adjective		Allgemein	mollet	0.05
la momie	die Mumie	words	C1	noun	f	Allgemein	momie	0.05
momifier	mumifizieren	words	C1	verb		Allgemein	momifier	0.05
la mongolie	die Mongolei	words	C1	noun	f	Reisen & Urlaub	mongolie	0.05
multilatéral	multilateral	words	C1	adjective		Allgemein	multilatéral	0.05
mutuellement	gegenseitig	words	C1	adverb		Allgemein	mutuellement	0.05
mélomane	Musikliebhaber	words	C1	adjective	m	Freizeit & Hobbys	mélomane	0.05
na	na	words	C1	interjection		Allgemein	na	0.05
naturaliser	naturalizieren	words	C1	verb		Allgemein	naturaliser	0.05
neigeux	schneereich	words	C1	adjective		Wetter & Jahreszeiten	neigeux	0.05
la nicotine	die Nikotin	words	C1	noun	f	Essen & Trinken	nicotine	0.05
le nourrisson	das Säugling	words	C1	noun	m	Körper & Gesundheit	nourrisson	0.05
le négociateur	der Verhandler	words	C1	noun	m	Arbeit & Beruf	négociateur	0.05
la névrose	die Neurose	words	C1	noun	f	Körper & Gesundheit	névrose	0.05
oliver	oliven	words	C1	verb		Essen & Trinken	oliver	0.05
l'orphelinat	das Waisenhaus	words	C1	noun	n	Familie & Freunde	orphelinat	0.05
outrager	beleidigen	words	C1	verb		Allgemein	outrager	0.05
le paletot	der Mantel	words	C1	noun	m	Kleidung & Mode	paletot	0.05
le panel	das Panel	words	C1	noun	n	Allgemein	panel	0.05
pauperiser	verarmen	words	C1	verb		Allgemein	paupériser	0.05
le pavois	der Schild	words	C1	noun	m	Allgemein	pavois	0.05
la penne	die Penne	words	C1	noun	f	Essen & Trinken	penne	0.05
pensant	denkender	words	C1	adjective		Allgemein	pensant	0.05
le peso	das Peso	words	C1	noun	m	Einkaufen & Geld	peso	0.05
le peuplement	die Besiedlung	words	C1	noun	m	Allgemein	peuplement	0.05
le philatéliste	der Philatelist	words	C1	noun	m	Freizeit & Hobbys	philatéliste	0.05
phréatique	grundwasser	words	C1	adjective		Allgemein	phréatique	0.05
le piment	der Pfeffer	words	C1	noun	m	Essen & Trinken	piment	0.05
le plaidoyer	das Plädoyer	words	C1	noun	m	Allgemein	plaidoyer	0.05
la plie	der Scholle	words	C1	noun	f	Essen & Trinken	plie	0.05
le pneumatique	der Reifen	words	C1	noun	m	Allgemein	pneumatique	0.05
le pneumologue	der Pneumologe	words	C1	noun	m	Körper & Gesundheit	pneumologue	0.05
pocher	pochieren	words	C1	verb		Essen & Trinken	pocher	0.05
pomponner	aufpeppen	words	C1	verb		Allgemein	pomponner	0.05
pur-sang	Vollblut	words	C1	noun		Tiere & Natur	pur-sang	0.05
rabat-joie	Spielverderber	words	C1	adjective	m	Allgemein	rabat-joie	0.05
rager	wüten	words	C1	verb		Gefühle & Charakter	rager	0.05
la raideur	die Steifheit	words	C1	noun	f	Körper & Gesundheit	raideur	0.05
le rameur	der Ruderer	words	C1	noun	m	Sport	rameur	0.05
ravageur	verheerend	words	C1	adjective		Allgemein	ravageur	0.05
le rebord	der Rand	words	C1	noun	m	Allgemein	rebord	0.05
rebuter	abstoßen	words	C1	verb		Allgemein	rebuter	0.05
le recueillement	die Andacht	words	C1	noun	m	Allgemein	recueillement	0.05
remiser	einlagern	words	C1	verb		Allgemein	remiser	0.05
ronflant	schwülstig	words	C1	adjective		Allgemein	ronflant	0.05
le rot	der Rülpser	words	C1	noun	m	Körper & Gesundheit	rot	0.05
roter	rülpsen	words	C1	verb		Körper & Gesundheit	roter	0.05
le râle	der Rassel	words	C1	noun	m	Körper & Gesundheit	râle	0.05
récalcitrant	widerspenstig	words	C1	adjective		Allgemein	récalcitrant	0.05
le référendum	das Referendum	words	C1	noun	m	Allgemein	référendum	0.05
la réhabilitation	die Rehabilitation	words	C1	noun	f	Körper & Gesundheit	réhabilitation	0.05
réhabituer	wieder gewöhnen	words	C1	verb		Allgemein	réhabituer	0.05
la réédition	die Neuauflage	words	C1	noun	f	Allgemein	réédition	0.05
le sacrilège	der Sakrileg	words	C1	noun	m	Allgemein	sacrilège	0.05
sacrément	ziemlich	words	C1	adverb		Allgemein	sacrément	0.05
le saint-pierre	der Steinbutt	words	C1	noun	m	Essen & Trinken	saint-pierre	0.05
similaire	ähnlich	words	C1	adjective		Allgemein	similaire	0.05
la somnolence	die Schläfrigkeit	words	C1	noun	f	Körper & Gesundheit	somnolence	0.05
subjectif	subjektiv	words	C1	adjective		Allgemein	subjectif	0.05
sus	oben	words	C1	adverb		Allgemein	sus	0.05
suspecter	verdächtigen	words	C1	verb		Allgemein	suspecter	0.05
sylvestre	waldig	words	C1	adjective		Tiere & Natur	sylvestre	0.05
le sécheur	der Trockner	words	C1	noun	m	Allgemein	sécheur	0.05
taciturne	schweigsam	words	C1	adjective		Allgemein	taciturne	0.05
tarifaire	tariflich	words	C1	adjective		Allgemein	tarifaire	0.05
le tauzin	der Tauzin	words	C1	noun	m	Allgemein	tauzin	0.05
la taverne	die Taverne	words	C1	noun	f	Essen & Trinken	taverne	0.05
textuel	textuell	words	C1	adjective		Allgemein	textuel	0.05
thuringien	thüringisch	words	C1	adjective		Allgemein	thuringien	0.05
tombal	grablich	words	C1	adjective		Allgemein	tombal	0.05
transfigurer	verwandeln	words	C1	verb		Allgemein	transfigurer	0.05
trôner	thronen	words	C1	verb		Allgemein	trôner	0.05
le tubercule	der Knolle	words	C1	noun	m	Essen & Trinken	tubercule	0.05
vendéen	vendéisch	words	C1	adjective		Allgemein	vendéen	0.05
le ventilateur	der Ventilator	words	C1	noun	m	Allgemein	ventilateur	0.05
la verrerie	die Glaswaren	words	C1	noun	f	Allgemein	verrerie	0.05
vêtu	bekleidet	words	C1	adjective		Kleidung & Mode	vêtu	0.05
le yack	der Yak	words	C1	noun	m	Tiere & Natur	yack	0.05
l'égyptologue	der Ägyptologe	words	C1	noun	m	Allgemein	égyptologue	0.05
éperdu	verwirrt	words	C1	adjective		Gefühle & Charakter	éperdu	0.05
le propulseur	der Antrieb	words	C1	noun	m	Allgemein	propulseur	0.05
boniface	gutmütig	words	C1	adjective		Allgemein	boniface	0.05
l'allant	der Schwung	words	C1	noun	m	Allgemein	allant	0.05
le bat	der Schläger	words	C1	noun	m	Sport	bat	0.05
le coupeur	der Schneider	words	C1	noun	m	Allgemein	coupeur	0.05
démocrate	demokratisch	words	C1	adjective		Allgemein	démocrate	0.05
le déterminisme	der Determinismus	words	C1	noun	m	Allgemein	déterminisme	0.05
empierrer	mit Steinen belegen	words	C1	verb		Allgemein	empierrer	0.05
fenêtrer	verglasen	words	C1	verb		Allgemein	fenêtrer	0.05
jaunir	gelb werden	words	C1	verb		Allgemein	jaunir	0.05
marchant	gehend	words	C1	adjective		Allgemein	marchant	0.05
mi-corps	halbkörperlich	words	C1	adverb		Allgemein	mi-corps	0.05
moissonneur	erntebereit	words	C1	adjective		Allgemein	moissonneur	0.05
la moque	die Verspottung	words	C1	noun	f	Allgemein	moque	0.05
par-dessous	von unten	words	C1	adverb		Allgemein	par-dessous	0.05
le renvoi	der Verweis	words	C1	noun	m	Allgemein	renvoi	0.05
le roule	der Roll	words	C1	noun	m	Allgemein	roule	0.05
tendu	gespannt	words	C1	adjective		Allgemein	tendu	0.05
troisièmement	drittens	words	C1	adverb		Allgemein	troisièmement	0.05
trouer	löchern	words	C1	verb		Allgemein	trouer	0.05
voiturier	Fahrzeugführer	words	C1	adjective		Allgemein	voiturier	0.05
l'affectivité	die Affektivität	words	C1	noun	f	Gefühle & Charakter	affectivité	0.05
antarctique	antarktisch	words	C1	adjective		Allgemein	antarctique	0.05
l'anxiété	die Angst	words	C1	noun	f	Körper & Gesundheit	anxiété	0.05
l'arrière-plan	der Hintergrund	words	C1	noun	m	Allgemein	arrière-plan	0.05
l'attestation	die Bescheinigung	words	C1	noun	f	Schule & Bildung	attestation	0.05
l'autographe	das Autogramm	words	C1	noun	m	Allgemein	autographe	0.05
l'aînesse	die Erstgeburt	words	C1	noun	f	Familie & Freunde	aînesse	0.05
banquer	bankieren	words	C1	verb		Arbeit & Beruf	banquer	0.05
bavarois	bayerisch	words	C1	adjective		Essen & Trinken	bavarois	0.05
le bobsleigh	der Bobsleigh	words	C1	noun	m	Sport	bobsleigh	0.05
la bourriche	die Kiste	words	C1	noun	f	Essen & Trinken	bourriche	0.05
la bouée	der Schwimmring	words	C1	noun	f	Freizeit & Hobbys	bouée	0.05
le bâtisseur	der Bauherr	words	C1	noun	m	Arbeit & Beruf	bâtisseur	0.05
le capot	die Haube	words	C1	noun	m	Allgemein	capot	0.05
le cartel	das Kartell	words	C1	noun	m	Allgemein	cartel	0.05
le charter	der Charter	words	C1	noun	m	Reisen & Urlaub	charter	0.05
le chaudron	der Kessel	words	C1	noun	m	Essen & Trinken	chaudron	0.05
le chevrier	der Ziegenhirte	words	C1	noun	m	Tiere & Natur	chevrier	0.05
le cocorico	der Kikeriki	words	C1	noun	m	Tiere & Natur	cocorico	0.05
la combe	das Tal	words	C1	noun	f	Tiere & Natur	combe	0.05
communicatif	kommunikativ	words	C1	adjective		Kommunikation	communicatif	0.05
commémoratif	gedenkend	words	C1	adjective		Allgemein	commémoratif	0.05
la concision	die Prägnanz	words	C1	noun	f	Grammatik & Struktur	concision	0.05
la conjonction	die Konjunktion	words	C1	noun	f	Grammatik & Struktur	conjonction	0.05
la consolidation	die Konsolidierung	words	C1	noun	f	Allgemein	consolidation	0.05
contrôlable	kontrollierbar	words	C1	adjective		Allgemein	contrôlable	0.05
le crack	der Crack	words	C1	noun	m	Allgemein	crack	0.05
cruellement	grausam	words	C1	adverb		Allgemein	cruellement	0.05
crétois	kretisch	words	C1	adjective		Allgemein	crétois	0.05
cuiter	kochen	words	C1	verb		Essen & Trinken	cuiter	0.05
le denim	der Denim	words	C1	noun	m	Kleidung & Mode	denim	0.05
le descendeur	der Abseiler	words	C1	noun	m	Sport	descendeur	0.05
le différend	der Streit	words	C1	noun	m	Allgemein	différend	0.05
la dissection	die Dissektion	words	C1	noun	f	Schule & Bildung	dissection	0.05
le dédoublement	die Doppelung	words	C1	noun	m	Allgemein	dédoublement	0.05
déficitaire	defizitär	words	C1	adjective		Allgemein	déficitaire	0.05
démesuré	übertrieben	words	C1	adjective		Allgemein	démesuré	0.05
le dépositaire	der Verwahrer	words	C1	noun	m	Allgemein	dépositaire	0.05
dételer	abspannen	words	C1	verb		Allgemein	dételer	0.05
dévorant	verschlingend	words	C1	adjective		Allgemein	dévorant	0.05
l'envahissement	die Überflutung	words	C1	noun	m	Allgemein	envahissement	0.05
l'escalator	der Aufzug	words	C1	noun	m	Stadt & Verkehr	escalator	0.05
espacer	abstand halten	words	C1	verb		Allgemein	espacer	0.05
ethnologique	ethnologisch	words	C1	adjective		Allgemein	ethnologique	0.05
exclu	ausgeschlossen	words	C1	adjective		Allgemein	exclu	0.05
fendiller	ritzen	words	C1	verb		Allgemein	fendiller	0.05
filtrer	filtern	words	C1	verb		Allgemein	filtrer	0.05
le fondant	der Fondant	words	C1	noun	m	Essen & Trinken	fondant	0.05
la frayeur	die Angst	words	C1	noun	f	Körper & Gesundheit	frayeur	0.05
fringant	flott	words	C1	adjective		Kleidung & Mode	fringant	0.05
galérer	kämpfen	words	C1	verb		Allgemein	galérer	0.05
le gourou	der Guru	words	C1	noun	m	Allgemein	gourou	0.05
gronder	schimpfen	words	C1	verb		Allgemein	gronder	0.05
guillotiner	enthaupten	words	C1	verb		Allgemein	guillotiner	0.05
générateur	erzeugend	words	C1	adjective		Allgemein	générateur	0.05
la géologie	die Geologie	words	C1	noun	f	Allgemein	géologie	0.05
l'habillement	die Bekleidung	words	C1	noun	f	Kleidung & Mode	habillement	0.05
l'hydraulicien	der Hydrauliker	words	C1	noun	m	Allgemein	hydraulicien	0.05
l'hydraulique	die Hydraulik	words	C1	noun	f	Allgemein	hydraulique	0.05
l'hystérie	die Hysterie	words	C1	noun	f	Allgemein	hystérie	0.05
l'impartialité	die Unparteilichkeit	words	C1	noun	f	Allgemein	impartialité	0.05
impoli	unhöflich	words	C1	adjective		Allgemein	impoli	0.05
l'inadaptation	die Unanpassung	words	C1	noun	f	Allgemein	inadaptation	0.05
indiscipliné	undiszipliniert	words	C1	adjective		Allgemein	indiscipliné	0.05
l'indiscrétion	die Indiskretion	words	C1	noun	f	Allgemein	indiscrétion	0.05
injustifié	ungerechtfertigt	words	C1	adjective		Allgemein	injustifié	0.05
l'interjection	die Interjektion	words	C1	noun	f	Grammatik & Struktur	interjection	0.05
interpoler	einfügen	words	C1	verb		Allgemein	interpoler	0.05
intraitable	unbeugsam	words	C1	adjective		Allgemein	intraitable	0.05
inviolé	unverletzlich	words	C1	adjective		Allgemein	inviolé	0.05
irrégulier	unregelmäßig	words	C1	adjective		Allgemein	irrégulier	0.05
la jacquerie	die Jacquerie	words	C1	noun	f	Allgemein	jacquerie	0.05
la kraft	die Kraft	words	C1	noun	f	Allgemein	kraft	0.05
laminé	laminiert	words	C1	adjective		Allgemein	laminé	0.05
le living-room	das Wohnzimmer	words	C1	noun	n	Wohnen & Haus	living-room	0.05
luxembourgeois	luxemburgisch	words	C1	adjective		Allgemein	luxembourgeois	0.05
léonard	leonard	words	C1	adjective		Allgemein	léonard	0.05
maladivement	krankhaft	words	C1	adverb		Allgemein	maladivement	0.05
mature	reif	words	C1	adjective		Allgemein	mature	0.05
le microbe	der Mikrobe	words	C1	noun	m	Körper & Gesundheit	microbe	0.05
mil	mil	words	C1	adjective		Allgemein	mil	0.05
la milice	die Miliz	words	C1	noun	f	Allgemein	milice	0.05
le millionnaire	der Millionär	words	C1	noun	m	Allgemein	millionnaire	0.05
la mixité	die Mischung	words	C1	noun	f	Allgemein	mixité	0.05
le modélisme	der Modellbau	words	C1	noun	m	Freizeit & Hobbys	modélisme	0.05
le modéliste	der Modellbauer	words	C1	noun	m	Freizeit & Hobbys	modéliste	0.05
le mont-de-piété	der Pfandbrief	words	C1	noun	m	Einkaufen & Geld	mont-de-piété	0.05
mouvementer	bewegen	words	C1	verb		Allgemein	mouvementer	0.05
mugir	muhen	words	C1	verb		Tiere & Natur	mugir	0.05
méditer	meditieren	words	C1	verb		Allgemein	méditer	0.05
le nationalisme	der Nationalismus	words	C1	noun	m	Allgemein	nationalisme	0.05
névrotique	neurotisch	words	C1	adjective		Allgemein	névrotique	0.05
l'obscurantisme	der Obskurantismus	words	C1	noun	m	Allgemein	obscurantisme	0.05
obstinément	hartnäckig	words	C1	adverb		Allgemein	obstinément	0.05
océanien	ozeanisch	words	C1	adjective		Allgemein	océanien	0.05
le paparazzi	der Paparazzo	words	C1	noun	m	Allgemein	paparazzi	0.05
le passe-partout	der Universalschlüssel	words	C1	noun	m	Allgemein	passe-partout	0.05
pataud	tollpatschig	words	C1	adjective		Allgemein	pataud	0.05
patricien	patrizisch	words	C1	adjective		Allgemein	patricien	0.05
le pensionnaire	der Pensionär	words	C1	noun	m	Allgemein	pensionnaire	0.05
la piété	die Frömmigkeit	words	C1	noun	f	Allgemein	piété	0.05
le prorata	der Anteil	words	C1	noun	m	Allgemein	prorata	0.05
le protoxyde	das Protoxid	words	C1	noun	m	Allgemein	protoxyde	0.05
psalmodier	psalmodieren	words	C1	verb		Allgemein	psalmodier	0.05
le pédalo	das Tretboot	words	C1	noun	n	Freizeit & Hobbys	pédalo	0.05
les quatre-saisons	die vier Jahreszeiten	words	C1	noun		Wetter & Jahreszeiten	quatre-saisons	0.05
le raccommodeur	der Schneider	words	C1	noun	m	Allgemein	raccommodeur	0.05
reboucher	wieder verschließen	words	C1	verb		Allgemein	reboucher	0.05
le rempailleur	der Korbmacher	words	C1	noun	m	Allgemein	rempailleur	0.05
le renchérissement	die Teuerung	words	C1	noun	m	Allgemein	renchérissement	0.05
renommé	berühmt	words	C1	adjective		Allgemein	renommé	0.05
le rhumatisme	der Rheumatismus	words	C1	noun	m	Körper & Gesundheit	rhumatisme	0.05
le rhumb	der Rhumb	words	C1	noun	m	Allgemein	rhumb	0.05
la rigole	der Graben	words	C1	noun	f	Allgemein	rigole	0.05
la ritournelle	die Melodie	words	C1	noun	f	Allgemein	ritournelle	0.05
le rébus	das Rätsel	words	C1	noun	m	Allgemein	rébus	0.05
régalien	staatlich	words	C1	adjective		Allgemein	régalien	0.05
réinscrire	wieder einschreiben	words	C1	verb		Schule & Bildung	réinscrire	0.05
le rétameur	der Zinnner	words	C1	noun	m	Allgemein	rétameur	0.05
sanguinaire	blutrünstig	words	C1	adjective		Allgemein	sanguinaire	0.05
le sans-emploi	der Arbeitslose	words	C1	noun	m	Arbeit & Beruf	sans-emploi	0.05
la satiété	die Sättigung	words	C1	noun	f	Essen & Trinken	satiété	0.05
le scoubidou	der Scoubidou	words	C1	noun	m	Freizeit & Hobbys	scoubidou	0.05
le signataire	der Unterzeichner	words	C1	noun	m	Allgemein	signataire	0.05
sociable	gesellig	words	C1	adjective		Gefühle & Charakter	sociable	0.05
le sosie	der Doppelgänger	words	C1	noun	m	Allgemein	sosie	0.05
le stoïcisme	der Stoizismus	words	C1	noun	m	Allgemein	stoïcisme	0.05
le substrat	das Substrat	words	C1	noun	m	Allgemein	substrat	0.05
la supplique	die Bitte	words	C1	noun	f	Allgemein	supplique	0.05
la tablette	das Tablet	words	C1	noun	f	Medien & Technik	tablette	0.05
tapoter	tippen	words	C1	verb		Allgemein	tapoter	0.05
la thalassothérapie	die Thalassotherapie	words	C1	noun	f	Körper & Gesundheit	thalassothérapie	0.05
la tombola	die Tombola	words	C1	noun	f	Allgemein	tombola	0.05
traînasser	herumtrödeln	words	C1	verb		Freizeit & Hobbys	traînasser	0.05
la tresse	der Zopf	words	C1	noun	f	Kleidung & Mode	tresse	0.05
la trombe	der Wasserstrahl	words	C1	noun	f	Allgemein	trombe	0.05
le tronçon	der Abschnitt	words	C1	noun	m	Allgemein	tronçon	0.05
le tutoiement	das Duzen	words	C1	noun	m	Kommunikation	tutoiement	0.05
l'unanimisme	der Unanimismus	words	C1	noun		Allgemein	unanimisme	0.05
ustensile	das Utensil	words	C1	adjective		Allgemein	ustensile	0.05
l'usurier	der Wucherer	words	C1	noun	m	Allgemein	usurier	0.05
utopiste	utopisch	words	C1	adjective		Allgemein	utopiste	0.05
v'là	da ist	words	C1	adverb		Allgemein	v'là	0.05
vigoureux	kräftig	words	C1	adjective		Allgemein	vigoureux	0.05
vitré	verglast	words	C1	adjective		Allgemein	vitré	0.05
la voiturette	das Auto	words	C1	noun	f	Stadt & Verkehr	voiturette	0.05
le volatile	der Vogel	words	C1	noun	m	Tiere & Natur	volatile	0.05
le volontariat	der Freiwilligendienst	words	C1	noun	m	Arbeit & Beruf	volontariat	0.05
le vouvoiement	das Siezen	words	C1	noun	m	Kommunikation	vouvoiement	0.05
la vulnérabilité	die Verwundbarkeit	words	C1	noun	f	Allgemein	vulnérabilité	0.05
l'ânesse	die Eselin	words	C1	noun	f	Tiere & Natur	ânesse	0.05
égorger	schlachten	words	C1	verb		Essen & Trinken	égorger	0.05
l'épicurisme	der Epikureismus	words	C1	noun	m	Essen & Trinken	épicurisme	0.05
l'éponge	der Schwamm	words	C1	noun	f	Allgemein	éponge	0.05
épurer	reinigen	words	C1	verb		Allgemein	épurer	0.05
l'équivoque	die Mehrdeutigkeit	words	C1	noun	f	Allgemein	équivoque	0.05
étanche	wasserdicht	words	C1	adjective		Allgemein	étanche	0.05
évaser	verbreitern	words	C1	verb		Allgemein	évaser	0.05
la bouchère	die Metzgerin	words	C1	noun	f	Essen & Trinken	bouchère	0.05
clac	klack	words	C1	interjection		Allgemein	clac	0.05
le coupe-papier	der Brieföffner	words	C1	noun	m	Allgemein	coupe-papier	0.05
déambuler	bummeln	words	C1	verb		Freizeit & Hobbys	déambuler	0.05
familièrement	umgangssprachlich	words	C1	adverb		Allgemein	familièrement	0.05
infatigable	unermüdlich	words	C1	adjective		Allgemein	infatigable	0.05
pentu	steil	words	C1	adjective		Allgemein	pentu	0.05
repeigner	kämmen	words	C1	verb		Körper & Gesundheit	repeigner	0.05
l'échappé	der Entflohene	words	C1	noun	m	Allgemein	échappé	0.05
l'élucidation	die Aufklärung	words	C1	noun	f	Allgemein	élucidation	0.05
désobéir	gehorchen	words	C1	verb		Allgemein	désobéir	0.05
la sibylle	die Sibylle	words	C1	noun	f	Allgemein	sibylle	0.05
la nageoire	die Flosse	words	C2	noun	f	Tiere & Natur	nageoire	0.43
le tétrapode	der Tetrápode	words	C2	noun	m	Tiere & Natur	tétrapode	0.43
la divergence	die Divergenz	words	C2	noun	f	Allgemein	divergence	0.39
heuristique	heuristisch	words	C2	adjective		Allgemein	heuristique	0.33
décennal	zehnjährig	words	C2	adjective		Allgemein	décennal	0.29
décisionnel	entscheidend	words	C2	adjective		Allgemein	décisionnel	0.29
le rehaussement	die Erhöhung	words	C2	noun	m	Allgemein	rehaussement	0.29
sexiste	sexistisch	words	C2	adjective		Allgemein	sexiste	0.29
assidu	fleißig	words	C2	adjective		Allgemein	assidu	0.29
la branchie	die Kiemen	words	C2	noun	f	Tiere & Natur	branchie	0.29
la conjugalité	die Ehelichkeit	words	C2	noun	f	Familie & Freunde	conjugalité	0.29
les corticoïdes	die Kortikosteroide	words	C2	noun		Körper & Gesundheit	corticoïdes	0.29
dévonien	devonisch	words	C2	noun		Allgemein	dévonien	0.29
foetal	fetal	words	C2	adjective		Körper & Gesundheit	foetal	0.29
le glucose	der Glukose	words	C2	noun	m	Körper & Gesundheit	glucose	0.29
la machinerie	die Maschinen	words	C2	noun	f	Allgemein	machinerie	0.29
ombilical	nabel-	words	C2	adjective		Allgemein	ombilical	0.29
l'opercule	der Deckel	words	C2	noun	m	Allgemein	opercule	0.29
le préau	der Vorplatz	words	C2	noun	m	Schule & Bildung	préau	0.29
prétendu	angeblich	words	C2	adjective		Allgemein	prétendu	0.29
quia	weil	words	C2	adverb		Allgemein	quia	0.29
rhétorique	rhetorisch	words	C2	adjective		Allgemein	rhétorique	0.29
le salariat	die Anstellung	words	C2	noun	m	Arbeit & Beruf	salariat	0.29
l'émigrant	der Emigrant	words	C2	noun	m	Allgemein	émigrant	0.29
pollinisateur	bestäubend	words	C2	adjective		Tiere & Natur	pollinisateur	0.26
fictionnel	fiktiv	words	C2	adjective		Allgemein	fictionnel	0.20
le leurre	der Köder	words	C2	noun	m	Allgemein	leurre	0.20
le séquençage	die Sequenzierung	words	C2	noun	m	Allgemein	séquençage	0.20
concocter	ausbrüten	words	C2	verb		Allgemein	concocter	0.20
le contentieux	der Rechtsstreit	words	C2	noun	m	Allgemein	contentieux	0.20
la crispation	die Anspannung	words	C2	noun	f	Gefühle & Charakter	crispation	0.20
galvaniser	galvanisieren	words	C2	verb		Allgemein	galvaniser	0.20
le kaori	der Kaori	words	C2	noun	m	Tiere & Natur	kaori	0.20
machiste	macho	words	C2	adjective		Allgemein	machiste	0.20
pulmonaire	pulmonal	words	C2	adjective		Körper & Gesundheit	pulmonaire	0.20
raviver	wiederbeleben	words	C2	verb		Allgemein	raviver	0.20
rhodanien	rhodanisch	words	C2	adjective		Allgemein	rhodanien	0.20
le réglage	die Einstellung	words	C2	noun	m	Allgemein	réglage	0.20
le sexagénaire	der Sechziger	words	C2	noun	m	Allgemein	sexagénaire	0.20
sédentaire	sesshaft	words	C2	noun		Allgemein	sédentaire	0.20
édifiant	erbauend	words	C2	adjective		Allgemein	édifiant	0.20
l'abstraction	die Abstraktion	words	C2	noun	f	Allgemein	abstraction	0.14
l'acacia	der Akazie	words	C2	noun	m	Tiere & Natur	acacia	0.14
l'acétylcholine	die Acetylcholin	words	C2	noun	f	Allgemein	acétylcholine	0.14
affluer	strömen	words	C2	verb		Allgemein	affluer	0.14
l'allocution	die Ansprache	words	C2	noun	f	Allgemein	allocution	0.14
les amphibiens	die Amphibien	words	C2	noun		Tiere & Natur	amphibiens	0.14
l'antifascisme	der Antifaschismus	words	C2	noun	m	Allgemein	antifascisme	0.14
assidûment	eifrig	words	C2	adverb		Schule & Bildung	assidûment	0.14
assujettir	unterwerfen	words	C2	verb		Allgemein	assujettir	0.14
l'atavisme	das Atavismus	words	C2	noun	n	Allgemein	atavisme	0.14
atomiser	zerstäuben	words	C2	verb		Allgemein	atomiser	0.14
l'atonie	die Atonie	words	C2	noun	f	Körper & Gesundheit	atonie	0.14
autocentré	egozentrisch	words	C2	adjective		Gefühle & Charakter	autocentré	0.14
autoréférentiel	autoreferenziell	words	C2	adjective		Allgemein	autoréférentiel	0.14
le baby-boom	der Babyboom	words	C2	noun	m	Allgemein	baby-boom	0.14
le bayou	der Bayou	words	C2	noun	m	Tiere & Natur	bayou	0.14
butiner	sammeln	words	C2	verb		Allgemein	butiner	0.14
le cafetan	der Kaftan	words	C2	noun	m	Kleidung & Mode	cafetan	0.14
caraïbe	karibisch	words	C2	adjective		Allgemein	caraïbe	0.14
le carbonifère	das Steinkohlenzeitalter	words	C2	noun	m	Allgemein	carbonifère	0.14
le carcan	der Joch	words	C2	noun	m	Allgemein	carcan	0.14
chambouler	umwerfen	words	C2	verb		Allgemein	chambouler	0.14
le chantre	der Sänger	words	C2	noun	m	Allgemein	chantre	0.14
la clairvoyance	die Hellsicht	words	C2	noun	f	Allgemein	clairvoyance	0.14
cliver	spalten	words	C2	verb		Allgemein	cliver	0.14
le cléricalisme	der Klerikalismus	words	C2	noun	m	Allgemein	cléricalisme	0.14
le codage	die Codierung	words	C2	noun	m	Medien & Technik	codage	0.14
le colonialisme	der Kolonialismus	words	C2	noun	m	Allgemein	colonialisme	0.14
colonialiste	kolonialistisch	words	C2	adjective		Allgemein	colonialiste	0.14
concomitamment	gleichzeitig	words	C2	adverb		Allgemein	concomitamment	0.14
concurremment	gleichzeitig	words	C2	adverb		Allgemein	concurremment	0.14
conjoncturel	konjunkturell	words	C2	adjective		Allgemein	conjoncturel	0.14
consistant	beständig	words	C2	adjective		Allgemein	consistant	0.14
le continuum	das Kontinuum	words	C2	noun	n	Allgemein	continuum	0.14
contrebalancer	ausgleichen	words	C2	verb		Allgemein	contrebalancer	0.14
le contrepoint	der Kontrapunkt	words	C2	noun	m	Allgemein	contrepoint	0.14
conçu	entworfen	words	C2	adjective		Allgemein	conçu	0.14
la corrélation	die Korrelation	words	C2	noun	f	Allgemein	corrélation	0.14
corvéable	arbeitspflichtig	words	C2	adjective		Allgemein	corvéable	0.14
la cotation	die Bewertung	words	C2	noun	f	Allgemein	cotation	0.14
cotiser	beitragen	words	C2	verb		Allgemein	cotiser	0.14
le cubitus	der Ellenbogen	words	C2	noun	m	Körper & Gesundheit	cubitus	0.14
la demi-soeur	die Halbschwester	words	C2	noun	f	Familie & Freunde	demi-soeur	0.14
dermique	dermatisch	words	C2	adjective		Körper & Gesundheit	dermique	0.14
le diacre	der Diakon	words	C2	noun	m	Allgemein	diacre	0.14
la diglossie	die Diglossie	words	C2	noun	f	Allgemein	diglossie	0.14
la distorsion	die Verzerrung	words	C2	noun	f	Allgemein	distorsion	0.14
distractif	distraktiv	words	C2	adjective		Allgemein	distractif	0.14
docile	fügsam	words	C2	adjective		Allgemein	docile	0.14
déceler	entdecken	words	C2	verb		Allgemein	déceler	0.14
le décompte	die Abrechnung	words	C2	noun	m	Allgemein	décompte	0.14
le découvreur	der Entdecker	words	C2	noun	m	Allgemein	découvreur	0.14
dédoubler	verdoppeln	words	C2	verb		Allgemein	dédoubler	0.14
dégeler	auftauen	words	C2	verb		Allgemein	dégeler	0.14
le dégras	das Entfetten	words	C2	noun	m	Allgemein	dégras	0.14
délétère	schädlich	words	C2	adjective		Allgemein	délétère	0.14
démotique	demotisch	words	C2	adjective		Allgemein	démotique	0.14
déontologique	deontologisch	words	C2	adjective		Allgemein	déontologique	0.14
embryonnaire	embryonal	words	C2	adjective		Allgemein	embryonnaire	0.14
l'entremise	die Vermittlung	words	C2	noun	f	Allgemein	entremise	0.14
estomper	verblassen	words	C2	verb		Allgemein	estomper	0.14
exclusif	exklusiv	words	C2	adjective		Allgemein	exclusif	0.14
exponentiel	exponentiell	words	C2	adjective		Allgemein	exponentiel	0.14
expérimentalement	experimentell	words	C2	adverb		Allgemein	expérimentalement	0.14
le faiseur	der Macher	words	C2	noun	m	Allgemein	faiseur	0.14
le fat	der Eitle	words	C2	noun	m	Allgemein	fat	0.14
la fragilisation	die Fragilisierung	words	C2	noun	f	Allgemein	fragilisation	0.14
la fragmentation	die Fragmentierung	words	C2	noun	f	Allgemein	fragmentation	0.14
la fratrie	die Geschwister	words	C2	noun	f	Familie & Freunde	fratrie	0.14
frissonnant	fröstelnd	words	C2	adjective		Körper & Gesundheit	frissonnant	0.14
fusionner	fusionieren	words	C2	verb		Allgemein	fusionner	0.14
fédérateur	vereinigend	words	C2	adjective		Allgemein	fédérateur	0.14
la glande	die Drüse	words	C2	noun	f	Körper & Gesundheit	glande	0.14
le goutte-à-goutte	der Tropfen	words	C2	noun	m	Allgemein	goutte-à-goutte	0.14
le guarani	der Guarani	words	C2	noun	m	Allgemein	guarani	0.14
le guignol	der Kasper	words	C2	noun	m	Allgemein	guignol	0.14
le génocide	der Völkermord	words	C2	noun	m	Allgemein	génocide	0.14
le hiatus	die Unterbrechung	words	C2	noun	m	Allgemein	hiatus	0.14
la hiérarchisation	die Hierarchisierung	words	C2	noun	f	Allgemein	hiérarchisation	0.14
le humérus	der Oberarmknochen	words	C2	noun	m	Körper & Gesundheit	humérus	0.14
l'hygiéniste	der Hygieniker	words	C2	noun	m	Körper & Gesundheit	hygiéniste	0.14
l'immersion	die Eintauchen	words	C2	noun	f	Allgemein	immersion	0.14
l'immédiateté	die Unmittelbarkeit	words	C2	noun	f	Allgemein	immédiateté	0.14
implicitement	implizit	words	C2	adverb		Allgemein	implicitement	0.14
l'import	der Import	words	C2	noun	m	Allgemein	import	0.14
impréciser	unbestimmen	words	C2	verb		Allgemein	impréciser	0.14
l'incitant	der Anreiz	words	C2	noun	m	Allgemein	incitant	0.14
indéniablement	unbestreitbar	words	C2	adverb		Allgemein	indéniablement	0.14
indéterminer	unbestimmen	words	C2	verb		Allgemein	indéterminer	0.14
inexorable	unerbittlich	words	C2	adjective		Allgemein	inexorable	0.14
ingénu	naiv	words	C2	adjective		Allgemein	ingénu	0.14
institutionnaliser	institutionalisieren	words	C2	verb		Allgemein	institutionnaliser	0.14
instructif	lehrreich	words	C2	adjective		Allgemein	instructif	0.14
instrumental	instrumental	words	C2	adjective		Allgemein	instrumental	0.14
internationaliste	internationalistisch	words	C2	adjective		Allgemein	internationaliste	0.14
intervenant	intervenierend	words	C2	adjective		Allgemein	intervenant	0.14
intuitivement	intuitiv	words	C2	adverb		Allgemein	intuitivement	0.14
l'investigateur	der Ermittler	words	C2	noun	m	Allgemein	investigateur	0.14
l'irresponsabilité	die Verantwortungslosigkeit	words	C2	noun	f	Allgemein	irresponsabilité	0.14
le karaté	das Karate	words	C2	noun	n	Sport	karaté	0.14
le laboureur	der Bauer	words	C2	noun	m	Allgemein	laboureur	0.14
le laisser-aller	das Laisser-faire	words	C2	noun	n	Allgemein	laisser-aller	0.14
langagier	sprachlich	words	C2	adjective		Allgemein	langagier	0.14
la lignée	die Linie	words	C2	noun	f	Allgemein	lignée	0.14
le lipide	das Lipid	words	C2	noun	m	Körper & Gesundheit	lipide	0.14
le lyncheur	der Lynchmob	words	C2	noun	m	Allgemein	lyncheur	0.14
la lâcheté	die Feigheit	words	C2	noun	f	Gefühle & Charakter	lâcheté	0.14
la maintenance	die Wartung	words	C2	noun	f	Arbeit & Beruf	maintenance	0.14
la marionnette	die Marionette	words	C2	noun	f	Allgemein	marionnette	0.14
le marquage	die Markierung	words	C2	noun	m	Allgemein	marquage	0.14
le masochisme	der Masochismus	words	C2	noun	m	Allgemein	masochisme	0.14
monopolistique	monopolistisch	words	C2	adjective		Allgemein	monopolistique	0.14
le museau	die Schnauze	words	C2	noun	m	Tiere & Natur	museau	0.14
le médiateur	der Mediator	words	C2	adjective	m	Allgemein	médiateur	0.14
la métamorphose	die Metamorphose	words	C2	noun	f	Allgemein	métamorphose	0.14
narratif	narrativ	words	C2	adjective		Allgemein	narratif	0.14
nasal	nasal	words	C2	adjective		Körper & Gesundheit	nasal	0.14
le neurotransmetteur	der Neurotransmitter	words	C2	noun	m	Körper & Gesundheit	neurotransmetteur	0.14
nord-africain	nordafrikanisch	words	C2	adjective		Allgemein	nord-africain	0.14
la nuptialité	die Nuptialität	words	C2	noun	f	Allgemein	nuptialité	0.14
l'oméga	das Omega	words	C2	noun	n	Allgemein	oméga	0.14
l'ordonnancement	die Anordnung	words	C2	noun	n	Allgemein	ordonnancement	0.14
l'orteil	der Zeh	words	C2	noun	m	Körper & Gesundheit	orteil	0.14
l'ostracisme	das Ostrakismus	words	C2	noun	n	Allgemein	ostracisme	0.14
l'otage	der Geisel	words	C2	noun	m	Allgemein	otage	0.14
outrepasser	überschreiten	words	C2	verb		Allgemein	outrepasser	0.14
oxydant	oxidierend	words	C2	adjective		Allgemein	oxydant	0.14
l'oxydation	die Oxidation	words	C2	noun	f	Allgemein	oxydation	0.14
oxygéner	sauerstoffanreichern	words	C2	verb		Körper & Gesundheit	oxygéner	0.14
palliatif	palliativ	words	C2	noun		Körper & Gesundheit	palliatif	0.14
le paléontologue	der Paläontologe	words	C2	noun	m	Allgemein	paléontologue	0.14
par-delà	jenseits	words	C2	preposition		Allgemein	par-delà	0.14
le patronyme	der Nachname	words	C2	noun	m	Familie & Freunde	patronyme	0.14
la percée	der Durchbruch	words	C2	noun	f	Allgemein	percée	0.14
la perversité	die Perversion	words	C2	noun	f	Allgemein	perversité	0.14
la pesanteur	die Schwere	words	C2	noun	f	Allgemein	pesanteur	0.14
planifier	planen	words	C2	verb		Allgemein	planifier	0.14
postuler	bewerben	words	C2	verb		Arbeit & Beruf	postuler	0.14
postérieur	hinter	words	C2	adjective		Allgemein	postérieur	0.14
procédural	verfahrensmäßig	words	C2	adjective		Allgemein	procédural	0.14
le prolétariat	das Proletariat	words	C2	noun	n	Allgemein	prolétariat	0.14
protéiforme	formwandelnd	words	C2	adjective		Allgemein	protéiforme	0.14
la prédominance	die Vorherrschaft	words	C2	noun	f	Allgemein	prédominance	0.14
préexister	vorhanden sein	words	C2	verb		Allgemein	préexister	0.14
la psychanalyse	die Psychoanalyse	words	C2	noun	f	Allgemein	psychanalyse	0.14
le psychisme	der Psychismus	words	C2	noun	m	Allgemein	psychisme	0.14
le psychosomaticien	der Psychosomatiker	words	C2	noun	m	Körper & Gesundheit	psychosomaticien	0.14
le radius	der Radius	words	C2	noun	m	Allgemein	radius	0.14
le ragréage	der Ausgleich	words	C2	noun	m	Allgemein	ragréage	0.14
le rating	die Bewertung	words	C2	noun	m	Allgemein	rating	0.14
la recension	die Rezension	words	C2	noun	f	Allgemein	recension	0.14
reclure	reklamieren	words	C2	verb		Allgemein	reclure	0.14
recru	neu	words	C2	adjective		Allgemein	recru	0.14
relationnel	beziehungs-	words	C2	adjective		Allgemein	relationnel	0.14
le renversement	die Umkehr	words	C2	noun	n	Allgemein	renversement	0.14
repérable	auffindbar	words	C2	adjective		Allgemein	repérable	0.14
revitaliser	revitalisieren	words	C2	verb		Allgemein	revitaliser	0.14
la rocaille	der Kies	words	C2	noun	f	Tiere & Natur	rocaille	0.14
réductible	reduzierbar	words	C2	adjective		Allgemein	réductible	0.14
réfractaire	widerständig	words	C2	adjective		Allgemein	réfractaire	0.14
régénérer	regenerieren	words	C2	verb		Allgemein	régénérer	0.14
la régénérescence	die Regeneration	words	C2	noun	f	Körper & Gesundheit	régénérescence	0.14
la rénovation	die Renovierung	words	C2	noun	f	Allgemein	rénovation	0.14
la réprobation	die Missbilligung	words	C2	noun	f	Allgemein	réprobation	0.14
le réquisitoire	das Plädoyer	words	C2	noun	m	Allgemein	réquisitoire	0.14
le saxon	der Sachse	words	C2	noun	m	Allgemein	saxon	0.14
le schizo	der Schizo	words	C2	noun	m	Allgemein	schizo	0.14
le schizophrène	der Schizophrene	words	C2	noun	m	Allgemein	schizophrène	0.14
soluble	löslich	words	C2	adjective		Allgemein	soluble	0.14
le sous-diacre	der Unterdiakon	words	C2	noun	m	Allgemein	sous-diacre	0.14
le spin	der Spin	words	C2	noun	m	Allgemein	spin	0.14
sporadiquement	sporadisch	words	C2	adverb		Allgemein	sporadiquement	0.14
la stagnation	die Stagnation	words	C2	noun	f	Allgemein	stagnation	0.14
statutaire	statutarisch	words	C2	adjective		Allgemein	statutaire	0.14
sucrier	zuckerhaltig	words	C2	adjective		Essen & Trinken	sucrier	0.14
la surproduction	die Überproduktion	words	C2	noun	f	Allgemein	surproduction	0.14
surrénal	nebenniere	words	C2	adjective		Körper & Gesundheit	surrénal	0.14
synaptique	synaptisch	words	C2	adjective		Körper & Gesundheit	synaptique	0.14
le syntagme	der Syntagma	words	C2	noun	m	Grammatik & Struktur	syntagme	0.14
la syntaxe	die Syntax	words	C2	noun	f	Grammatik & Struktur	syntaxe	0.14
taillable	veränderbar	words	C2	adjective		Allgemein	taillable	0.14
tentateur	verführerisch	words	C2	adjective		Allgemein	tentateur	0.14
la titularisation	die Titularisierung	words	C2	noun	f	Allgemein	titularisation	0.14
la tontine	die Tontine	words	C2	noun	f	Einkaufen & Geld	tontine	0.14
la travée	die Traverse	words	C2	noun	f	Allgemein	travée	0.14
trimestriel	vierteljährlich	words	C2	adjective		Allgemein	trimestriel	0.14
le trophée	der Pokal	words	C2	noun	m	Allgemein	trophée	0.14
tyrannique	tyrannisch	words	C2	adjective		Allgemein	tyrannique	0.14
télégénique	fernsehgeeignet	words	C2	adjective		Allgemein	télégénique	0.14
ubuesque	absurd	words	C2	adjective		Allgemein	ubuesque	0.14
la vascularisation	die Vaskularisation	words	C2	noun	f	Allgemein	vascularisation	0.14
vaseux	trüb	words	C2	adjective		Allgemein	vaseux	0.14
vernaculaire	vertraut	words	C2	adjective		Allgemein	vernaculaire	0.14
la versatilité	die Vielseitigkeit	words	C2	noun	f	Allgemein	versatilité	0.14
vertébré	wirbeltier	words	C2	adjective		Tiere & Natur	vertébré	0.14
vespéral	abendlich	words	C2	adjective		Allgemein	vespéral	0.14
vidé	leer	words	C2	adjective		Allgemein	vidé	0.14
le violoncelle	das Violoncello	words	C2	noun	m	Allgemein	violoncelle	0.14
visualiser	visualisieren	words	C2	verb		Allgemein	visualiser	0.14
l'oecuménisme	der Ökumenismus	words	C2	noun	m	Allgemein	oecuménisme	0.14
l'éclatement	die Explosion	words	C2	noun	m	Allgemein	éclatement	0.14
l'élargissement	die Erweiterung	words	C2	noun	m	Allgemein	élargissement	0.14
l'énonciation	die Äußerung	words	C2	noun	f	Allgemein	énonciation	0.14
l'épanchement	die Ausgießung	words	C2	noun	m	Allgemein	épanchement	0.14
l'équateur	der Äquator	words	C2	noun	m	Allgemein	équateur	0.14
l'aboutissement	der Abschluss	words	C2	noun	m	Allgemein	aboutissement	0.10
l'activisme	der Aktivismus	words	C2	noun	m	Allgemein	activisme	0.10
l'affect	das Gefühl	words	C2	noun	m	Gefühle & Charakter	affect	0.10
l'amortissement	die Abschreibung	words	C2	noun	m	Allgemein	amortissement	0.10
antinucléaire	antinatürlich	words	C2	adjective		Allgemein	antinucléaire	0.10
aplanir	ebnen	words	C2	verb		Allgemein	aplanir	0.10
l'argumentaire	das Argument	words	C2	noun	n	Allgemein	argumentaire	0.10
l'avarie	der Schaden	words	C2	noun	f	Allgemein	avarie	0.10
le berceau	die Wiege	words	C2	noun	m	Allgemein	berceau	0.10
la biomasse	die Biomasse	words	C2	noun	f	Allgemein	biomasse	0.10
brasser	brauen	words	C2	verb		Essen & Trinken	brasser	0.10
bénigne	gutartig	words	C2	adjective		Körper & Gesundheit	bénigne	0.10
cabrer	aufbocken	words	C2	verb		Allgemein	cabrer	0.10
carboné	kohlenstoffhaltig	words	C2	adjective		Allgemein	carboné	0.10
la cavité	die Höhle	words	C2	noun	f	Allgemein	cavité	0.10
centrifuge	zentrifugal	words	C2	adjective		Allgemein	centrifuge	0.10
la chancelière	die Kanzlerin	words	C2	noun	f	Allgemein	chancelière	0.10
choyer	verwöhnen	words	C2	verb		Allgemein	choyer	0.10
la colonisation	die Kolonisation	words	C2	noun	f	Allgemein	colonisation	0.10
la combustion	die Verbrennung	words	C2	noun	f	Allgemein	combustion	0.10
la configuration	die Konfiguration	words	C2	noun	f	Allgemein	configuration	0.10
conforter	bestärken	words	C2	verb		Allgemein	conforter	0.10
coronaire	koronar	words	C2	adjective		Körper & Gesundheit	coronaire	0.10
le câlin	die Umarmung	words	C2	noun	m	Familie & Freunde	câlin	0.10
la disparité	die Ungleichheit	words	C2	noun	f	Allgemein	disparité	0.10
la diurèse	die Diurese	words	C2	noun	f	Körper & Gesundheit	diurèse	0.10
débouler	herunterkommen	words	C2	verb		Allgemein	débouler	0.10
le défaitisme	der Pessimismus	words	C2	noun	m	Allgemein	défaitisme	0.10
la délibération	die Beratung	words	C2	noun	f	Allgemein	délibération	0.10
la désaffectation	die Stilllegung	words	C2	noun	f	Allgemein	désaffectation	0.10
le détracteur	der Kritiker	words	C2	noun	m	Allgemein	détracteur	0.10
l'embonpoint	die Fettleibigkeit	words	C2	noun	m	Körper & Gesundheit	embonpoint	0.10
l'encouragement	die Ermutigung	words	C2	noun	m	Allgemein	encouragement	0.10
l'endettement	die Verschuldung	words	C2	noun	f	Allgemein	endettement	0.10
enhardir	ermutigen	words	C2	verb		Allgemein	enhardir	0.10
entériner	genehmigen	words	C2	verb		Allgemein	entériner	0.10
exhaustif	ausführlich	words	C2	adjective		Allgemein	exhaustif	0.10
extrapoler	extrapolieren	words	C2	verb		Allgemein	extrapoler	0.10
exulter	jubeln	words	C2	verb		Allgemein	exulter	0.10
franco-provençal	franco-provenzalisch	words	C2	noun		Allgemein	franco-provençal	0.10
le franquisme	der Franquismus	words	C2	noun	m	Allgemein	franquisme	0.10
le gardon	der Gardon	words	C2	noun	m	Tiere & Natur	gardon	0.10
gratifier	belohnen	words	C2	verb		Allgemein	gratifier	0.10
la greffe	die Transplantation	words	C2	noun	f	Körper & Gesundheit	greffe	0.10
l'haltère	die Hantel	words	C2	noun	f	Sport	haltère	0.10
l'haltérophilie	das Gewichtheben	words	C2	noun	f	Sport	haltérophilie	0.10
l'hydrate	das Hydrat	words	C2	noun	n	Allgemein	hydrate	0.10
immiscer	mischen	words	C2	verb		Allgemein	immiscer	0.10
l'immobilisation	die Immobilisation	words	C2	noun	f	Allgemein	immobilisation	0.10
imparable	unaufhaltsam	words	C2	adjective		Allgemein	imparable	0.10
l'incitation	die Anregung	words	C2	noun	f	Allgemein	incitation	0.10
l'incompréhension	das Missverständnis	words	C2	noun	f	Allgemein	incompréhension	0.10
indissociable	untrennbar	words	C2	adjective		Allgemein	indissociable	0.10
l'infarctus	der Herzinfarkt	words	C2	noun	m	Körper & Gesundheit	infarctus	0.10
inflationniste	inflationistisch	words	C2	adjective		Allgemein	inflationniste	0.10
l'insinuation	die Andeutung	words	C2	noun	f	Allgemein	insinuation	0.10
irriguer	bewässern	words	C2	verb		Allgemein	irriguer	0.10
le kilowattheure	die Kilowattstunde	words	C2	noun	m	Allgemein	kilowattheure	0.10
la leucémie	die Leukämie	words	C2	noun	f	Körper & Gesundheit	leucémie	0.10
la législature	die Legislatur	words	C2	noun	f	Allgemein	législature	0.10
madrilène	madrilänisch	words	C2	adjective		Allgemein	madrilène	0.10
la magistrature	die Magistratur	words	C2	noun	f	Allgemein	magistrature	0.10
le maquereau	der Makrele	words	C2	noun	m	Essen & Trinken	maquereau	0.10
millésimer	jahrgangsbestimmen	words	C2	verb		Allgemein	millésimer	0.10
le modérateur	der Moderator	words	C2	noun	m	Allgemein	modérateur	0.10
monarchiste	monarchistisch	words	C2	adjective		Allgemein	monarchiste	0.10
nippon	japanisch	words	C2	adjective		Allgemein	nippon	0.10
nonante	neunzig	words	C2	adjective		Zahlen & Mengen	nonante	0.10
nourricier	nahrhaft	words	C2	adjective		Essen & Trinken	nourricier	0.10
la numération	die Numeration	words	C2	noun	f	Allgemein	numération	0.10
le négoce	der Handel	words	C2	noun	m	Arbeit & Beruf	négoce	0.10
l'obstruction	die Behinderung	words	C2	noun	f	Allgemein	obstruction	0.10
obérer	belasten	words	C2	verb		Allgemein	obérer	0.10
l'oligo-élément	das Spurenelement	words	C2	noun	m	Körper & Gesundheit	oligo-élément	0.10
l'ostéoporose	die Osteoporose	words	C2	noun	f	Körper & Gesundheit	ostéoporose	0.10
paramédical	paramedizinisch	words	C2	adjective		Körper & Gesundheit	paramédical	0.10
le passe-passe	der Trick	words	C2	noun	m	Allgemein	passe-passe	0.10
percutant	treffend	words	C2	adjective		Allgemein	percutant	0.10
percé	durchbrochen	words	C2	adjective		Allgemein	percé	0.10
persévérer	beharren	words	C2	verb		Allgemein	persévérer	0.10
la pharmacologie	die Pharmakologie	words	C2	noun	f	Körper & Gesundheit	pharmacologie	0.10
phonologique	phonologisch	words	C2	adjective		Allgemein	phonologique	0.10
plafonner	deckeln	words	C2	verb		Allgemein	plafonner	0.10
pluriannuel	mehrjährig	words	C2	adjective		Allgemein	pluriannuel	0.10
potentiellement	potenziell	words	C2	adverb		Allgemein	potentiellement	0.10
psychosocial	psychosozial	words	C2	adjective		Allgemein	psychosocial	0.10
psychosomatique	psychosomatisch	words	C2	adjective		Körper & Gesundheit	psychosomatique	0.10
puissamment	mächtig	words	C2	adverb		Allgemein	puissamment	0.10
la pulsation	die Pulsation	words	C2	noun	f	Körper & Gesundheit	pulsation	0.10
la pulsion	der Drang	words	C2	noun	f	Allgemein	pulsion	0.10
le pédagogue	der Pädagoge	words	C2	noun	m	Schule & Bildung	pédagogue	0.10
pétulant	lebhaft	words	C2	adjective		Allgemein	pétulant	0.10
le quolibet	der Spott	words	C2	noun	m	Allgemein	quolibet	0.10
le raffermissement	die Festigung	words	C2	noun	m	Allgemein	raffermissement	0.10
recommandé	empfohlen	words	C2	adjective		Allgemein	recommandé	0.10
la rhumatologie	die Rheumatologie	words	C2	noun	f	Körper & Gesundheit	rhumatologie	0.10
la scintigraphie	die Szintigraphie	words	C2	noun	f	Körper & Gesundheit	scintigraphie	0.10
sidérurgique	stahlerzeugend	words	C2	adjective		Allgemein	sidérurgique	0.10
signalé	signalisiert	words	C2	adjective		Allgemein	signalé	0.10
singulariser	einzigartig machen	words	C2	verb		Allgemein	singulariser	0.10
soudoyer	bestechen	words	C2	verb		Allgemein	soudoyer	0.10
squelettique	skelettartig	words	C2	adjective		Allgemein	squelettique	0.10
talonner	verfolgen	words	C2	verb		Allgemein	talonner	0.10
le thon	der Thunfisch	words	C2	noun	m	Essen & Trinken	thon	0.10
la thrombose	die Thrombose	words	C2	noun	f	Körper & Gesundheit	thrombose	0.10
touiller	umrühren	words	C2	verb		Essen & Trinken	touiller	0.10
transgresser	übertreten	words	C2	verb		Allgemein	transgresser	0.10
la transpiration	die Transpiration	words	C2	noun	f	Körper & Gesundheit	transpiration	0.10
traumatisant	traumatisierend	words	C2	adjective		Allgemein	traumatisant	0.10
la turbine	die Turbine	words	C2	noun	f	Allgemein	turbine	0.10
l'urine	der Urin	words	C2	noun	f	Körper & Gesundheit	urine	0.10
voiler	verhüllen	words	C2	verb		Allgemein	voiler	0.10
l'éclaircissement	die Aufklärung	words	C2	noun	m	Allgemein	éclaircissement	0.10
éjecter	ejectieren	words	C2	verb		Allgemein	éjecter	0.10
l'éjection	die Ejektion	words	C2	noun	f	Allgemein	éjection	0.10
l'électoraliste	der Wahlkämpfer	words	C2	noun	m	Allgemein	électoraliste	0.10
l'électrocardiogramme	das Elektrokardiogramm	words	C2	noun	m	Körper & Gesundheit	électrocardiogramme	0.10
l'élitisme	der Elitismus	words	C2	noun	m	Allgemein	élitisme	0.10
émérite	emeritiert	words	C2	adjective		Allgemein	émérite	0.10
l'érudit	der Gelehrte	words	C2	noun	m	Allgemein	érudit	0.10
l'éviction	die Ausweisung	words	C2	noun	f	Allgemein	éviction	0.10
évincer	ausgrenzen	words	C2	verb		Allgemein	évincer	0.10
aldéhydé	Aldehyd	words	C2	adjective		Allgemein	aldéhydé	0.07
annuellement	jährlich	words	C2	adverb		Zeit & Datum	annuellement	0.07
l'anophèle	die Anophelesmücke	words	C2	noun	f	Tiere & Natur	anophèle	0.07
assertif	durchsetzungsfähig	words	C2	adjective		Allgemein	assertif	0.07
le cassis	die schwarze Johannisbeere	words	C2	noun	m	Essen & Trinken	cassis	0.07
le chèvrefeuille	der Geißblatt	words	C2	noun	m	Tiere & Natur	chèvrefeuille	0.07
circonstancier	umstände	words	C2	verb		Allgemein	circonstancier	0.07
le cogito	das Cogito	words	C2	noun	m	Allgemein	cogito	0.07
le collet	der Kragen	words	C2	noun	m	Kleidung & Mode	collet	0.07
confit	konfit	words	C2	adjective		Essen & Trinken	confit	0.07
le consortium	das Konsortium	words	C2	noun	m	Allgemein	consortium	0.07
court-circuiter	umgehen	words	C2	verb		Allgemein	court-circuiter	0.07
le daim	der Rehbock	words	C2	noun	m	Tiere & Natur	daim	0.07
le didacticien	der Didaktiker	words	C2	noun	m	Schule & Bildung	didacticien	0.07
doctoral	doktoral	words	C2	adjective		Allgemein	doctoral	0.07
défiger	versteifen	words	C2	verb		Allgemein	défiger	0.07
la détoxication	die Entgiftung	words	C2	noun	f	Körper & Gesundheit	détoxication	0.07
l'encens	das Räucherwerk	words	C2	noun	n	Allgemein	encens	0.07
enfantin	kindlich	words	C2	adjective		Allgemein	enfantin	0.07
enorgueillir	stolz machen	words	C2	verb		Allgemein	enorgueillir	0.07
l'entité	die Entität	words	C2	noun	f	Allgemein	entité	0.07
fausser	verfälschen	words	C2	verb		Allgemein	fausser	0.07
la fausseté	die Falschheit	words	C2	noun	f	Allgemein	fausseté	0.07
la feintise	die Heuchelei	words	C2	noun	f	Allgemein	feintise	0.07
le frangipanier	der Frangipani	words	C2	noun	m	Tiere & Natur	frangipanier	0.07
fugace	flüchtig	words	C2	adjective		Allgemein	fugace	0.07
le gardénia	der Gardenie	words	C2	noun	m	Tiere & Natur	gardénia	0.07
historiographique	historiographisch	words	C2	adjective		Allgemein	historiographique	0.07
l'homophonie	die Homophonie	words	C2	noun	f	Allgemein	homophonie	0.07
humoriste	humorvoll	words	C2	adjective		Allgemein	humoriste	0.07
imaginatif	einfallsreich	words	C2	adjective		Allgemein	imaginatif	0.07
l'imitateur	der Imitator	words	C2	noun	m	Allgemein	imitateur	0.07
l'imitation	die Imitation	words	C2	noun	f	Allgemein	imitation	0.07
implicite	implizit	words	C2	adjective		Allgemein	implicite	0.07
inchangé	unverändert	words	C2	adjective		Allgemein	inchangé	0.07
indécis	unentschlossen	words	C2	adjective		Allgemein	indécis	0.07
inexact	un genau	words	C2	adjective		Allgemein	inexact	0.07
l'instigateur	der Anstifter	words	C2	noun	m	Allgemein	instigateur	0.07
la jacinthe	die Hyazinthe	words	C2	noun	f	Tiere & Natur	jacinthe	0.07
lettrer	buchstabieren	words	C2	verb		Allgemein	lettrer	0.07
le litho	der Litho	words	C2	noun	m	Allgemein	litho	0.07
la mandarine	die Mandarine	words	C2	noun	f	Essen & Trinken	mandarine	0.07
le musc	der Moschus	words	C2	noun	m	Essen & Trinken	musc	0.07
musqué	moschusartig	words	C2	adjective		Essen & Trinken	musqué	0.07
la myrrhe	die Myrrhe	words	C2	noun	f	Essen & Trinken	myrrhe	0.07
la naturalité	die Natürlichkeit	words	C2	noun	f	Allgemein	naturalité	0.07
observable	beobachtbar	words	C2	adjective		Allgemein	observable	0.07
olfactif	olfaktorisch	words	C2	adjective		Allgemein	olfactif	0.07
l'ontologie	die Ontologie	words	C2	noun	f	Allgemein	ontologie	0.07
oranger	orange färben	words	C2	verb		Allgemein	oranger	0.07
l'overdose	die Überdosis	words	C2	noun	f	Körper & Gesundheit	overdose	0.07
le palimpseste	das Palimpsest	words	C2	noun	m	Allgemein	palimpseste	0.07
persistant	anhaltend	words	C2	adjective		Allgemein	persistant	0.07
plurivoque	mehrdeutig	words	C2	adjective		Allgemein	plurivoque	0.07
le pollen	der Pollen	words	C2	noun	m	Körper & Gesundheit	pollen	0.07
projectif	projektiv	words	C2	adjective		Allgemein	projectif	0.07
la prégnance	die Pregnanz	words	C2	noun	f	Allgemein	prégnance	0.07
la prémisse	die Prämisse	words	C2	noun	f	Allgemein	prémisse	0.07
le présupposé	die Annahme	words	C2	noun	m	Allgemein	présupposé	0.07
pérenniser	dauerhaft machen	words	C2	verb		Allgemein	pérenniser	0.07
la rondeur	die Rundung	words	C2	noun	f	Allgemein	rondeur	0.07
la ruche	die Bienenstock	words	C2	noun	f	Tiere & Natur	ruche	0.07
le santal	das Sandelholz	words	C2	noun	m	Allgemein	santal	0.07
le sillage	die Spur	words	C2	noun	m	Allgemein	sillage	0.07
la sous-espèce	die Unterart	words	C2	noun	f	Tiere & Natur	sous-espèce	0.07
subordonner	unterordnen	words	C2	verb		Grammatik & Struktur	subordonner	0.07
sémantique	semantisch	words	C2	adjective		Allgemein	sémantique	0.07
tahitien	tahitianisch	words	C2	adjective		Allgemein	tahitien	0.07
la transcription	die Transkription	words	C2	noun	f	Allgemein	transcription	0.07
l'équivalence	die Äquivalenz	words	C2	noun	f	Allgemein	équivalence	0.07
la banalité	die Banalität	words	C2	noun	f	Allgemein	banalité	0.05
le kiosquier	der Kioskbesitzer	words	C2	noun	m	Einkaufen & Geld	kiosquier	0.05
le mimosa	der Mimosenbaum	words	C2	noun	m	Tiere & Natur	mimosa	0.05
le module	das Modul	words	C2	noun	m	Allgemein	module	0.05
auvergnat	auvergnatisch	words	C2	adjective		Allgemein	auvergnat	0.05
le rôti	der Braten	words	C2	noun	m	Essen & Trinken	rôti	0.05
tranquillisant	beruhigend	words	C2	adjective		Körper & Gesundheit	tranquillisant	0.05
l'entrait	der Querbalken	words	C2	noun	m	Allgemein	entrait	0.05
le fief	das Lehen	words	C2	noun	m	Allgemein	fief	0.05
le fleuriste	der Florist	words	C2	adjective	m	Einkaufen & Geld	fleuriste	0.05
grand-peine	mit großer Mühe	words	C2	adverb		Allgemein	grand-peine	0.05
joseph	der Joseph	words	C2	noun	m	Allgemein	joseph	0.05
lavé	gewaschen	words	C2	adjective		Allgemein	lavé	0.05
liser	lesen	words	C2	verb		Allgemein	liser	0.05
mi-jambe	halbweg bis zum Knie	words	C2	adverb		Allgemein	mi-jambe	0.05
peigné	gekämmt	words	C2	adjective		Körper & Gesundheit	peigné	0.05
recoudre	wieder nähen	words	C2	verb		Allgemein	recoudre	0.05
replié	gefaltet	words	C2	adjective		Allgemein	replié	0.05
la retourne	die Rückkehr	words	C2	noun	f	Allgemein	retourne	0.05
le serra	der Schraubstock	words	C2	noun	m	Allgemein	serra	0.05
triangulaire	dreieckig	words	C2	adjective		Allgemein	triangulaire	0.05
acclimater	akklimatisieren	words	C2	verb		Allgemein	acclimater	0.05
l'adjuvant	der Zusatz	words	C2	noun	m	Allgemein	adjuvant	0.05
alcoolique	alkoholisch	words	C2	adjective		Körper & Gesundheit	alcoolique	0.05
alsacien	elsässisch	words	C2	adjective		Allgemein	alsacien	0.05
l'ambivalence	die Ambivalenz	words	C2	noun	f	Allgemein	ambivalence	0.05
américaniser	amerikanisieren	words	C2	verb		Allgemein	américaniser	0.05
l'annulation	die Stornierung	words	C2	noun	f	Allgemein	annulation	0.05
anticonformiste	nicht konformistisch	words	C2	adjective		Allgemein	anticonformiste	0.05
l'apprenant	der Lernende	words	C2	noun	m	Schule & Bildung	apprenant	0.05
l'assimilation	die Assimilation	words	C2	noun	f	Allgemein	assimilation	0.05
l'aubade	die Aubade	words	C2	noun	f	Allgemein	aubade	0.05
l'aven	der Aven	words	C2	noun	m	Allgemein	aven	0.05
l'avertissement	die Warnung	words	C2	noun	n	Allgemein	avertissement	0.05
le badge	das Abzeichen	words	C2	noun	m	Allgemein	badge	0.05
le bison	der Bison	words	C2	noun	m	Tiere & Natur	bison	0.05
le bouquiniste	der Buchhändler	words	C2	noun	m	Einkaufen & Geld	bouquiniste	0.05
le briseur	der Brecher	words	C2	noun	m	Allgemein	briseur	0.05
le buron	die Berghütte	words	C2	noun	m	Wohnen & Haus	buron	0.05
la camaraderie	die Kameradschaft	words	C2	noun	f	Familie & Freunde	camaraderie	0.05
le carabin	der Karabiner	words	C2	noun	m	Allgemein	carabin	0.05
caricatural	karikaturistisch	words	C2	adjective		Allgemein	caricatural	0.05
la caricature	die Karikatur	words	C2	noun	f	Allgemein	caricature	0.05
le cassoulet	das Cassoulet	words	C2	noun	m	Essen & Trinken	cassoulet	0.05
le cerisier	der Kirschbaum	words	C2	noun	m	Tiere & Natur	cerisier	0.05
le chromosome	das Chromosom	words	C2	noun	m	Allgemein	chromosome	0.05
cocu	eifersüchtig	words	C2	adjective		Gefühle & Charakter	cocu	0.05
le coloris	die Farbnuance	words	C2	noun	m	Farben & Formen	coloris	0.05
colérique	reizbar	words	C2	adjective		Gefühle & Charakter	colérique	0.05
le compteur	der Zähler	words	C2	noun	m	Allgemein	compteur	0.05
conciliant	versöhnlich	words	C2	adjective		Gefühle & Charakter	conciliant	0.05
corroborer	bestätigen	words	C2	verb		Allgemein	corroborer	0.05
la croisière	die Kreuzfahrt	words	C2	noun	f	Reisen & Urlaub	croisière	0.05
le cétacé	der Wal	words	C2	noun	m	Tiere & Natur	cétacé	0.05
le delta	das Delta	words	C2	noun	m	Allgemein	delta	0.05
le demi-échec	der Teilerfolg	words	C2	noun	m	Allgemein	demi-échec	0.05
diagnostiquer	diagnostizieren	words	C2	verb		Körper & Gesundheit	diagnostiquer	0.05
le disquaire	der Plattenladen	words	C2	noun	m	Einkaufen & Geld	disquaire	0.05
la dynamite	die Dynamit	words	C2	noun	f	Allgemein	dynamite	0.05
défensif	defensiv	words	C2	adjective		Allgemein	défensif	0.05
déficient	defizient	words	C2	adjective		Allgemein	déficient	0.05
le délire	der Wahn	words	C2	noun	m	Allgemein	délire	0.05
la déloyauté	die Illoyalität	words	C2	noun	f	Gefühle & Charakter	déloyauté	0.05
désapprouver	missbilligen	words	C2	verb		Allgemein	désapprouver	0.05
désordonner	unordnen	words	C2	verb		Allgemein	désordonner	0.05
l'embêtement	die Belästigung	words	C2	noun	n	Allgemein	embêtement	0.05
l'entresol	das Zwischengeschoss	words	C2	noun	n	Wohnen & Haus	entresol	0.05
l'escrime	das Fechten	words	C2	noun	f	Sport	escrime	0.05
exaspérant	nervig	words	C2	adjective		Gefühle & Charakter	exaspérant	0.05
le figurant	der Statist	words	C2	noun	m	Allgemein	figurant	0.05
le flamant	der Flamingo	words	C2	noun	m	Tiere & Natur	flamant	0.05
fugitif	flüchtig	words	C2	adjective		Allgemein	fugitif	0.05
la garance	die Garance	words	C2	noun	f	Allgemein	garance	0.05
le gardian	der Hirte	words	C2	noun	m	Allgemein	gardian	0.05
la garrigue	die Garrigue	words	C2	noun	f	Tiere & Natur	garrigue	0.05
le haut-parleur	der Lautsprecher	words	C2	noun	m	Medien & Technik	haut-parleur	0.05
l'hémicycle	das Hémicycle	words	C2	noun	m	Allgemein	hémicycle	0.05
le héron	der Reiher	words	C2	noun	m	Tiere & Natur	héron	0.05
l'immatriculation	die Zulassung	words	C2	noun	f	Allgemein	immatriculation	0.05
l'immatérialité	die Immaterialität	words	C2	noun	f	Allgemein	immatérialité	0.05
immoral	immoral	words	C2	adjective		Allgemein	immoral	0.05
indiscret	indiskret	words	C2	adjective		Allgemein	indiscret	0.05
irresponsable	irresponsabel	words	C2	adjective		Allgemein	irresponsable	0.05
le judoka	der Judoka	words	C2	noun	m	Sport	judoka	0.05
le krach	der Krach	words	C2	noun	m	Allgemein	krach	0.05
la limonade	die Limonade	words	C2	noun	f	Essen & Trinken	limonade	0.05
le maquettiste	der Modellbauer	words	C2	noun	m	Allgemein	maquettiste	0.05
le marécage	der Sumpf	words	C2	noun	m	Tiere & Natur	marécage	0.05
le massacre	das Massaker	words	C2	noun	m	Allgemein	massacre	0.05
la masure	die Bruchbude	words	C2	noun	f	Wohnen & Haus	masure	0.05
la meute	die Meute	words	C2	noun	f	Tiere & Natur	meute	0.05
monorail	Monorail	words	C2	adjective		Stadt & Verkehr	monorail	0.05
le monoski	der Monoski	words	C2	noun	m	Sport	monoski	0.05
morphologique	morphologisch	words	C2	adjective		Allgemein	morphologique	0.05
le mouflon	das Mufflon	words	C2	noun	n	Tiere & Natur	mouflon	0.05
la nichée	das Gelege	words	C2	noun	f	Tiere & Natur	nichée	0.05
nivernais	nivernais	words	C2	adjective		Allgemein	nivernais	0.05
la noisette	die Haselnuss	words	C2	noun	f	Essen & Trinken	noisette	0.05
le non-salarié	der Selbständige	words	C2	noun	m	Arbeit & Beruf	non-salarié	0.05
le nord-est	der Nordosten	words	C2	noun	m	Allgemein	nord-est	0.05
le néon	das Neon	words	C2	noun	n	Allgemein	néon	0.05
obèse	fettleibig	words	C2	noun		Körper & Gesundheit	obèse	0.05
le parapente	das Paragliding	words	C2	noun	m	Sport	parapente	0.05
la patinoire	die Eishalle	words	C2	noun	f	Sport	patinoire	0.05
le pingouin	der Pinguin	words	C2	noun	m	Tiere & Natur	pingouin	0.05
le prolonge	die Verlängerung	words	C2	noun	m	Allgemein	prolonge	0.05
protégé	geschützt	words	C2	adjective		Allgemein	protégé	0.05
provisionnel	vorläufig	words	C2	adjective		Allgemein	provisionnel	0.05
publiquement	öffentlich	words	C2	adverb		Allgemein	publiquement	0.05
rallier	vereinigen	words	C2	verb		Allgemein	rallier	0.05
le ranch	die Ranch	words	C2	noun	m	Allgemein	ranch	0.05
le rapace	der Raubvogel	words	C2	noun	m	Tiere & Natur	rapace	0.05
le relevé	die Erhebung	words	C2	noun	m	Allgemein	relevé	0.05
la remontée	der Aufstieg	words	C2	noun	f	Sport	remontée	0.05
le renfort	die Verstärkung	words	C2	noun	m	Allgemein	renfort	0.05
le régal	das Festmahl	words	C2	noun	m	Essen & Trinken	régal	0.05
réprouver	verurteilen	words	C2	verb		Allgemein	réprouver	0.05
sabine	sabine	words	C2	adjective		Allgemein	sabin	0.05
le sari	der Sari	words	C2	noun	m	Kleidung & Mode	sari	0.05
scandaliser	skandalisieren	words	C2	verb		Allgemein	scandaliser	0.05
le scientiste	der Wissenschaftler	words	C2	noun	m	Allgemein	scientiste	0.05
serpenter	schlängeln	words	C2	verb		Allgemein	serpenter	0.05
la soucoupe	die Untertasse	words	C2	noun	f	Allgemein	soucoupe	0.05
le spéculateur	der Spekulant	words	C2	noun	m	Allgemein	spéculateur	0.05
la spéléologie	die Höhlenforschung	words	C2	noun	f	Freizeit & Hobbys	spéléologie	0.05
sumérien	sumerisch	words	C2	adjective		Allgemein	sumérien	0.05
le superlatif	der Superlativ	words	C2	noun	m	Grammatik & Struktur	superlatif	0.05
le syndicaliste	der Gewerkschafter	words	C2	noun	m	Arbeit & Beruf	syndicaliste	0.05
la teinture	die Färbung	words	C2	noun	f	Allgemein	teinture	0.05
le tract	der Flugzettel	words	C2	noun	m	Allgemein	tract	0.05
tâtonner	tasten	words	C2	verb		Allgemein	tâtonner	0.05
la varappe	die Varappe	words	C2	noun	f	Allgemein	varappe	0.05
le verdict	das Urteil	words	C2	noun	m	Allgemein	verdict	0.05
verse	verse	words	C2	adjective		Allgemein	verse	0.05
la virginité	die Jungfräulichkeit	words	C2	noun	f	Allgemein	virginité	0.05
vulgaire	vulgär	words	C2	adjective		Allgemein	vulgaire	0.05
le wisigoth	der Westgot	words	C2	noun	m	Allgemein	wisigoth	0.05
économe	sparsam	words	C2	adjective		Allgemein	économe	0.05
l'épi	der Ähre	words	C2	noun	m	Essen & Trinken	épi	0.05
l'étreinte	die Umarmung	words	C2	noun	f	Gefühle & Charakter	étreinte	0.05
l'aigue-marine	die Aquamarin	words	C2	noun	f	Allgemein	aigue-marine	0.05
l'alpage	die Alm	words	C2	noun	m	Tiere & Natur	alpage	0.05
la nacre	die Perlmutt	words	C2	noun	f	Allgemein	nacre	0.05
l'opale	der Opal	words	C2	noun	m	Allgemein	opale	0.05
la biguine	die Biguine	words	C2	noun	f	Allgemein	biguine	0.05
bé	bäh	words	C2	interjection		Allgemein	bé	0.05
la demi-bouteille	die Halbliterflasche	words	C2	noun	f	Essen & Trinken	demi-bouteille	0.05
l'import-export	der Import-Export	words	C2	noun	m	Arbeit & Beruf	import-export	0.05
le kiwi	der Kiwi	words	C2	noun	m	Essen & Trinken	kiwi	0.05
le muscadet	der Muscadet	words	C2	noun	m	Essen & Trinken	muscadet	0.05
la damoiselle	die Dame	words	C2	noun	f	Familie & Freunde	damoiselle	0.05
le troubadour	der Troubadour	words	C2	noun	m	Allgemein	troubadour	0.05
amicalement	freundlich	words	C2	adverb		Begrüßung & Höflichkeit	amicalement	0.05
l'androïde	der Android	words	C2	noun	m	Medien & Technik	androïde	0.05
aromatiser	aromatisieren	words	C2	verb		Essen & Trinken	aromatiser	0.05
astronomique	astronomisch	words	C2	adjective		Allgemein	astronomique	0.05
biennal	biennal	words	C2	adjective		Allgemein	biennal	0.05
bouler	rollen	words	C2	verb		Allgemein	bouler	0.05
le bozo	der Bozo	words	C2	noun	m	Allgemein	bozo	0.05
braiser	schmoren	words	C2	verb		Essen & Trinken	braiser	0.05
le brasseur	der Brauer	words	C2	noun	m	Arbeit & Beruf	brasseur	0.05
le brie	der Brie	words	C2	noun	m	Essen & Trinken	brie	0.05
le camembert	der Camembert	words	C2	noun	m	Essen & Trinken	camembert	0.05
chambrer	temperieren	words	C2	verb		Essen & Trinken	chambrer	0.05
le chèche	der Chèche	words	C2	noun	m	Kleidung & Mode	chèche	0.05
les cieux	die Himmel	words	C2	noun		Wetter & Jahreszeiten	cieux	0.05
climatiser	klimatisieren	words	C2	verb		Allgemein	climatiser	0.05
compréhensif	verständnisvoll	words	C2	adjective		Gefühle & Charakter	compréhensif	0.05
la confiserie	die Süßwaren	words	C2	noun	f	Essen & Trinken	confiserie	0.05
le consommé	der Consommé	words	C2	noun	m	Essen & Trinken	consommé	0.05
le court-métrage	der Kurzfilm	words	C2	noun	m	Medien & Technik	court-métrage	0.05
la crampe	die Krämpfe	words	C2	noun	f	Körper & Gesundheit	crampe	0.05
le cuistot	der Koch	words	C2	noun	m	Essen & Trinken	cuistot	0.05
la dorade	die Dorade	words	C2	noun	f	Essen & Trinken	dorade	0.05
dénommer	benennen	words	C2	verb		Allgemein	dénommer	0.05
enchevêtrer	verwickeln	words	C2	verb		Allgemein	enchevêtrer	0.05
fluvial	fluvial	words	C2	adjective		Allgemein	fluvial	0.05
flécher	markieren	words	C2	verb		Allgemein	flécher	0.05
le gruyère	der Gruyère	words	C2	noun	m	Essen & Trinken	gruyère	0.05
le guéret	der Guéret	words	C2	noun	m	Allgemein	guéret	0.05
hip	hip	words	C2	adjective		Allgemein	hip	0.05
incontesté	unbestritten	words	C2	adjective		Allgemein	incontesté	0.05
le labyrinthe	das Labyrinth	words	C2	noun	m	Allgemein	labyrinthe	0.05
lapidaire	lapidar	words	C2	adjective		Allgemein	lapidaire	0.05
le lardon	der Speck	words	C2	noun	m	Essen & Trinken	lardon	0.05
le lave-vaisselle	der Geschirrspüler	words	C2	noun	m	Wohnen & Haus	lave-vaisselle	0.05
la loue	die Miete	words	C2	noun	f	Wohnen & Haus	loue	0.05
le macaron	der Macaron	words	C2	noun	m	Essen & Trinken	macaron	0.05
malien	malisch	words	C2	adjective		Allgemein	malien	0.05
la moquette	der Teppich	words	C2	noun	f	Wohnen & Haus	moquette	0.05
la mosquée	die Moschee	words	C2	noun	f	Allgemein	mosquée	0.05
médicinal	medizinisch	words	C2	adjective		Körper & Gesundheit	médicinal	0.05
la nasse	das Netz	words	C2	noun	f	Allgemein	nasse	0.05
paléontologique	paläontologisch	words	C2	adjective		Allgemein	paléontologique	0.05
paradisiaque	paradiesisch	words	C2	adjective		Allgemein	paradisiaque	0.05
le petit-beurre	der Butterkeks	words	C2	noun	m	Essen & Trinken	petit-beurre	0.05
peureux	ängstlich	words	C2	adjective		Gefühle & Charakter	peureux	0.05
le pompiste	der Tankwart	words	C2	noun	m	Arbeit & Beruf	pompiste	0.05
le poney	das Pony	words	C2	noun	m	Tiere & Natur	poney	0.05
la poutrelle	der Träger	words	C2	noun	f	Allgemein	poutrelle	0.05
propager	verbreiten	words	C2	verb		Allgemein	propager	0.05
la quenelle	die Quenelle	words	C2	noun	f	Essen & Trinken	quenelle	0.05
la reinette	der Apfel	words	C2	noun	f	Essen & Trinken	reinette	0.05
râpé	gerieben	words	C2	adjective		Essen & Trinken	râpé	0.05
la réclame	die Werbung	words	C2	noun	f	Medien & Technik	réclame	0.05
la sandale	die Sandale	words	C2	noun	f	Kleidung & Mode	sandale	0.05
scénique	szenisch	words	C2	adjective		Allgemein	scénique	0.05
silhouetter	silhouettieren	words	C2	verb		Allgemein	silhouetter	0.05
sommaire	übersichtlich	words	C2	adjective		Allgemein	sommaire	0.05
soudanais	sudanesisch	words	C2	adjective		Allgemein	soudanais	0.05
succulent	köstlich	words	C2	adjective		Essen & Trinken	succulent	0.05
tapisser	tapezieren	words	C2	verb		Wohnen & Haus	tapisser	0.05
la tourtière	die Pastete	words	C2	noun	f	Essen & Trinken	tourtière	0.05
la traite	der Handel	words	C2	noun	f	Allgemein	traite	0.05
le trois-pièces	der Anzug	words	C2	noun	m	Kleidung & Mode	trois-pièces	0.05
la typographie	die Typografie	words	C2	noun	f	Medien & Technik	typographie	0.05
vinicole	weinbaulich	words	C2	adjective		Essen & Trinken	vinicole	0.05
le vitrage	die Verglasung	words	C2	noun	m	Wohnen & Haus	vitrage	0.05
la vulgarisation	die Popularisierung	words	C2	noun	f	Allgemein	vulgarisation	0.05
le zigomar	der Zigomar	words	C2	noun	m	Allgemein	zigomar	0.05
éponger	abtrocknen	words	C2	verb		Körper & Gesundheit	éponger	0.05
l'érable	der Ahorn	words	C2	noun	m	Tiere & Natur	érable	0.05
l'éruption	der Ausbruch	words	C2	noun	f	Allgemein	éruption	0.05
étager	regalieren	words	C2	verb		Wohnen & Haus	étager	0.05
l'araignée	die Spinne	words	C2	noun	f	Tiere & Natur	araignée	0.05
le battoir	der Schläger	words	C2	noun	m	Allgemein	battoir	0.05
bourbeux	schlammig	words	C2	adjective		Allgemein	bourbeux	0.05
la charrue	der Pflug	words	C2	noun	f	Allgemein	charrue	0.05
le cultivateur	der Landwirt	words	C2	noun	m	Arbeit & Beruf	cultivateur	0.05
dressé	aufgerichtet	words	C2	adjective		Allgemein	dressé	0.05
ficeler	binden	words	C2	verb		Allgemein	ficeler	0.05
goutter	tropfen	words	C2	verb		Allgemein	goutter	0.05
la gêne	die Scham	words	C2	noun	f	Gefühle & Charakter	gêne	0.05
le mordant	der Biss	words	C2	noun	m	Allgemein	mordant	0.05
la neutralité	die Neutralität	words	C2	noun	f	Allgemein	neutralité	0.05
la pioche	die Picke	words	C2	noun	f	Allgemein	pioche	0.05
le plaignant	der Kläger	words	C2	noun	m	Allgemein	plaignant	0.05
le poulailler	der Hühnerstall	words	C2	noun	m	Wohnen & Haus	poulailler	0.05
repêcher	wiederholen	words	C2	verb		Allgemein	repêcher	0.05
la retombe	der Rückfall	words	C2	noun	f	Allgemein	retombe	0.05
rusé	listig	words	C2	adjective		Allgemein	rusé	0.05
tirant	der Zug	words	C2	noun	m	Allgemein	tirant	0.05
tombé	gefallen	words	C2	adjective		Allgemein	tombé	0.05
le sas	der Schleusenraum	words	C2	noun	m	Allgemein	sas	0.04
contondant	stumpf	words	C2	adjective		Allgemein	contondant	0.04
converser	unterhalten	words	C2	verb		Kommunikation	converser	0.04
le pied-de-biche	der Brecheisen	words	C2	noun	m	Allgemein	pied-de-biche	0.04
l'abstention	die Enthaltung	words	C2	noun	f	Allgemein	abstention	0.04
adjuger	vergeben	words	C2	verb		Allgemein	adjuger	0.04
admirablement	bewundernswert	words	C2	adverb		Allgemein	admirablement	0.04
l'affluence	der Andrang	words	C2	noun	f	Allgemein	affluence	0.04
l'afflux	der Zufluss	words	C2	noun	m	Allgemein	afflux	0.04
aliéner	entfremden	words	C2	verb		Allgemein	aliéner	0.04
amaigrir	abnehmen	words	C2	verb		Körper & Gesundheit	amaigrir	0.04
l'amphi	das Auditorium	words	C2	noun	m	Schule & Bildung	amphi	0.04
amputer	amputieren	words	C2	verb		Körper & Gesundheit	amputer	0.04
antiraciste	antirassistisch	words	C2	adjective		Allgemein	antiraciste	0.04
appartenant	gehörend	words	C2	adjective		Allgemein	appartenant	0.04
aquacole	aquakultur	words	C2	adjective		Allgemein	aquacole	0.04
l'astronef	das Raumschiff	words	C2	noun	m	Allgemein	astronef	0.04
athénien	athenisch	words	C2	adjective		Allgemein	athénien	0.04
automnal	herbstlich	words	C2	adjective		Wetter & Jahreszeiten	automnal	0.04
le badaud	der Schaulustige	words	C2	noun	m	Allgemein	badaud	0.04
barder	verzieren	words	C2	verb		Allgemein	barder	0.04
la berlue	die Illusion	words	C2	noun	f	Allgemein	berlue	0.04
bienheureux	glücklich	words	C2	adjective		Gefühle & Charakter	bienheureux	0.04
le bistouri	das Skalpell	words	C2	noun	m	Körper & Gesundheit	bistouri	0.04
blindé	gepanzert	words	C2	adjective		Allgemein	blindé	0.04
braquer	zielen	words	C2	verb		Allgemein	braquer	0.04
byzantin	byzantinisch	words	C2	adjective		Allgemein	byzantin	0.04
le bémol	der Widerspruch	words	C2	noun	m	Allgemein	bémol	0.04
le caddie	der Einkaufswagen	words	C2	noun	m	Einkaufen & Geld	caddie	0.04
la cargaison	die Ladung	words	C2	noun	f	Allgemein	cargaison	0.04
ceinturer	umgürten	words	C2	verb		Allgemein	ceinturer	0.04
le chansonnier	der Sänger	words	C2	noun	m	Allgemein	chansonnier	0.04
le chemisier	die Bluse	words	C2	noun	m	Kleidung & Mode	chemisier	0.04
clinquant	glänzend	words	C2	adjective		Allgemein	clinquant	0.04
la coiffe	die Kopfbedeckung	words	C2	noun	f	Kleidung & Mode	coiffe	0.04
compulsif	zwanghaft	words	C2	adjective		Allgemein	compulsif	0.04
le condensé	der Konzentrator	words	C2	noun	m	Allgemein	condensé	0.04
conter	erzählen	words	C2	verb		Allgemein	conter	0.04
converger	konvergieren	words	C2	verb		Allgemein	converger	0.04
corporel	körperlich	words	C2	adjective		Körper & Gesundheit	corporel	0.04
la couchette	die Liege	words	C2	noun	f	Reisen & Urlaub	couchette	0.04
la dentition	die Zahnentwicklung	words	C2	noun	f	Körper & Gesundheit	dentition	0.04
discréditer	diskreditieren	words	C2	verb		Allgemein	discréditer	0.04
le dock	der Dock	words	C2	noun	m	Stadt & Verkehr	dock	0.04
débourser	ausgeben	words	C2	verb		Einkaufen & Geld	débourser	0.04
débrancher	abziehen	words	C2	verb		Medien & Technik	débrancher	0.04
la décontraction	die Entspannung	words	C2	noun	f	Körper & Gesundheit	décontraction	0.04
démonétiser	entwerten	words	C2	verb		Allgemein	démonétiser	0.04
déprimant	deprimierend	words	C2	adjective		Gefühle & Charakter	déprimant	0.04
l'emphase	die Betonung	words	C2	noun	f	Kommunikation	emphase	0.04
l'emplette	der Einkauf	words	C2	noun	f	Einkaufen & Geld	emplette	0.04
enliser	festfahren	words	C2	verb		Allgemein	enliser	0.04
entrebâiller	einklemmen	words	C2	verb		Allgemein	entrebâiller	0.04
essaimer	schwärmen	words	C2	verb		Allgemein	essaimer	0.04
essouffler	aufräumen	words	C2	verb		Körper & Gesundheit	essouffler	0.04
extérieurement	äußerlich	words	C2	adverb		Allgemein	extérieurement	0.04
faner	welken	words	C2	verb		Essen & Trinken	faner	0.04
le fascisme	der Faschismus	words	C2	noun	m	Allgemein	fascisme	0.04
le flamenco	der Flamenco	words	C2	noun	m	Freizeit & Hobbys	flamenco	0.04
flâneur	bummeln	words	C2	adjective		Freizeit & Hobbys	flâneur	0.04
le folio	das Blatt	words	C2	noun	m	Allgemein	folio	0.04
fouler	treten	words	C2	verb		Allgemein	fouler	0.04
la gibelotte	die Gibelotte	words	C2	noun	f	Essen & Trinken	gibelotte	0.04
la grand-messe	die große Messe	words	C2	noun	f	Allgemein	grand-messe	0.04
gratiné	überbacken	words	C2	adjective		Essen & Trinken	gratiné	0.04
impensable	unvorstellbar	words	C2	adjective		Allgemein	impensable	0.04
l'imperfection	die Unvollkommenheit	words	C2	noun	f	Allgemein	imperfection	0.04
imperturbable	unerschütterlich	words	C2	adjective		Gefühle & Charakter	imperturbable	0.04
inaliénable	unveräußerlich	words	C2	adjective		Allgemein	inaliénable	0.04
incomparablement	unvergleichlich	words	C2	adverb		Allgemein	incomparablement	0.04
inexprimablement	unaussprechlich	words	C2	adverb		Allgemein	inexprimablement	0.04
injurier	beleidigen	words	C2	verb		Allgemein	injurier	0.04
inopportun	unpassend	words	C2	adjective		Allgemein	inopportun	0.04
l'inventaire	das Inventar	words	C2	noun	m	Allgemein	inventaire	0.04
inégalable	unvergleichbar	words	C2	adjective		Allgemein	inégalable	0.04
le jardinet	der Garten	words	C2	noun	m	Wohnen & Haus	jardinet	0.04
la malnutrition	die Mangelernährung	words	C2	noun	f	Körper & Gesundheit	malnutrition	0.04
le marchandage	das Feilschen	words	C2	noun	m	Einkaufen & Geld	marchandage	0.04
miroiter	spiegeln	words	C2	verb		Allgemein	miroiter	0.04
morose	trübsinnig	words	C2	adjective		Gefühle & Charakter	morose	0.04
motoriser	motorisieren	words	C2	verb		Medien & Technik	motoriser	0.04
le méandre	der Windung	words	C2	noun	m	Allgemein	méandre	0.04
méprendre	missverstehen	words	C2	verb		Kommunikation	méprendre	0.04
le nazisme	der Nazismus	words	C2	noun	m	Allgemein	nazisme	0.04
non-conformiste	nicht konformistisch	words	C2	adjective		Allgemein	non-conformiste	0.04
négligeable	geringfügig	words	C2	adjective		Allgemein	négligeable	0.04
officieux	inoffiziell	words	C2	adjective		Allgemein	officieux	0.04
l'oisif	der Müßiggänger	words	C2	noun	m	Allgemein	oisif	0.04
l'ombrelle	der Sonnenschirm	words	C2	noun	f	Wohnen & Haus	ombrelle	0.04
peaufiner	verfeinern	words	C2	verb		Allgemein	peaufiner	0.04
perler	perlen	words	C2	verb		Allgemein	perler	0.04
le phosphore	der Phosphor	words	C2	noun	m	Allgemein	phosphore	0.04
le pied-à-terre	der Zweitwohnsitz	words	C2	noun	m	Wohnen & Haus	pied-à-terre	0.04
pimpant	schick	words	C2	adjective		Kleidung & Mode	pimpant	0.04
plomber	verstopfen	words	C2	verb		Allgemein	plomber	0.04
la plomberie	die Sanitärtechnik	words	C2	noun	f	Allgemein	plomberie	0.04
le porte-documents	der Aktenordner	words	C2	noun	m	Schule & Bildung	porte-documents	0.04
problématique	problematisch	words	C2	adjective		Allgemein	problématique	0.04
profitable	profitabel	words	C2	adjective		Allgemein	profitable	0.04
la précieuse	die Kostbarkeit	words	C2	noun	f	Allgemein	précieuse	0.04
présupposer	voraussetzen	words	C2	verb		Allgemein	présupposer	0.04
le pâturage	die Weide	words	C2	noun	m	Tiere & Natur	pâturage	0.04
le racontar	der Bericht	words	C2	noun	m	Allgemein	racontar	0.04
les raviolis	die Ravioli	words	C2	noun		Essen & Trinken	ravioli	0.04
le rectorat	das Rektorat	words	C2	noun	m	Schule & Bildung	rectorat	0.04
rehausser	erhöhen	words	C2	verb		Allgemein	rehausser	0.04
le renom	der Ruf	words	C2	noun	m	Allgemein	renom	0.04
revigorer	beleben	words	C2	verb		Allgemein	revigorer	0.04
roder	abfahren	words	C2	verb		Allgemein	roder	0.04
rosé	rosafarben	words	C2	adjective		Farben & Formen	rosé	0.04
réadapter	neu anpassen	words	C2	verb		Allgemein	réadapter	0.04
réaffirmer	wieder bekräftigen	words	C2	verb		Allgemein	réaffirmer	0.04
réapprovisionner	nachliefern	words	C2	verb		Einkaufen & Geld	réapprovisionner	0.04
réassortir	neu sortieren	words	C2	verb		Einkaufen & Geld	réassortir	0.04
réconfortant	tröstlich	words	C2	adjective		Gefühle & Charakter	réconfortant	0.04
le saisissement	das Erstaunen	words	C2	noun	m	Gefühle & Charakter	saisissement	0.04
sautiller	hüpfen	words	C2	verb		Freizeit & Hobbys	sautiller	0.04
sous-entendre	andeuten	words	C2	verb		Kommunikation	sous-entendre	0.04
le substitut	der Ersatz	words	C2	noun	m	Allgemein	substitut	0.04
superviser	überwachen	words	C2	verb		Arbeit & Beruf	superviser	0.04
le surréalisme	der Surrealismus	words	C2	noun	m	Allgemein	surréalisme	0.04
taillader	einschneiden	words	C2	verb		Allgemein	taillader	0.04
tarir	versiegen	words	C2	verb		Allgemein	tarir	0.04
la taïga	die Taiga	words	C2	noun	f	Tiere & Natur	taïga	0.04
la technicité	die Technizität	words	C2	noun	f	Allgemein	technicité	0.04
le thérapeute	der Therapeut	words	C2	noun	m	Körper & Gesundheit	thérapeute	0.04
la verrue	die Warze	words	C2	noun	f	Körper & Gesundheit	verrue	0.04
la virevolte	der Wirbel	words	C2	noun	f	Allgemein	virevolte	0.04
vénéneux	giftig	words	C2	adjective		Tiere & Natur	vénéneux	0.04
l'écrevisse	der Krebs	words	C2	noun	f	Tiere & Natur	écrevisse	0.04
beige	beige	words	C2	adjective		Farben & Formen	beige	0.04
l'en-cas	der Snack	words	C2	noun	m	Essen & Trinken	en-cas	0.04
le nord-ouest	der Nordwesten	words	C2	noun	m	Allgemein	nord-ouest	0.04
le tarot	das Tarot	words	C2	noun	m	Allgemein	tarot	0.04
le trois-mâts	der Dreimaster	words	C2	noun	m	Allgemein	trois-mâts	0.04
la sous-préfecture	die Unterpräfektur	words	C2	noun	f	Allgemein	sous-préfecture	0.04
aborigène	aborigin	words	C2	adjective		Allgemein	aborigène	0.04
abrutir	verblöden	words	C2	verb		Allgemein	abrutir	0.04
affilier	anschließen	words	C2	verb		Allgemein	affilier	0.04
affilée	angeschlossen	words	C2	adverb		Allgemein	affilée	0.04
affranchi	befreit	words	C2	adjective		Allgemein	affranchi	0.04
l'alcootest	das Alkotest	words	C2	noun	n	Allgemein	alcootest	0.04
l'allocataire	der Leistungsempfänger	words	C2	noun	m	Allgemein	allocataire	0.04
allusif	anspielend	words	C2	adjective		Allgemein	allusif	0.04
ancestral	ahnen-	words	C2	adjective		Allgemein	ancestral	0.04
annexe	anhängend	words	C2	adjective		Allgemein	annexe	0.04
antédiluvien	uralt	words	C2	adjective		Allgemein	antédiluvien	0.04
apaiser	beruhigen	words	C2	verb		Allgemein	apaiser	0.04
l'aperçu	der Überblick	words	C2	noun	m	Allgemein	aperçu	0.04
après-vente	nach dem Verkauf	words	C2	adjective		Allgemein	après-vente	0.04
l'arrosage	die Bewässerung	words	C2	noun	m	Allgemein	arrosage	0.04
l'assainissement	die Sanierung	words	C2	noun	n	Allgemein	assainissement	0.04
l'astuce	der Trick	words	C2	noun	f	Allgemein	astuce	0.04
l'auditorium	das Auditorium	words	C2	noun	n	Allgemein	auditorium	0.04
l'azur	das Azur	words	C2	noun	n	Allgemein	azur	0.04
la bandoulière	der Schultergurt	words	C2	noun	f	Kleidung & Mode	bandoulière	0.04
le batteur	der Schlagzeuger	words	C2	noun	m	Musik	batteur	0.04
le bayard	der Bayard	words	C2	noun	m	Allgemein	bayard	0.04
la belle-famille	die Schwiegerfamilie	words	C2	noun	f	Familie & Freunde	belle-famille	0.04
le blues	der Blues	words	C2	noun	m	Musik	blues	0.04
bouffant	aufgebauscht	words	C2	adjective		Kleidung & Mode	bouffant	0.04
la boum	die Party	words	C2	noun	f	Freizeit & Hobbys	boum	0.04
bourdonner	summen	words	C2	verb		Allgemein	bourdonner	0.04
broder	sticken	words	C2	verb		Kunst & Handwerk	broder	0.04
cahotant	holprig	words	C2	adjective		Allgemein	cahotant	0.04
calamistrer	locken	words	C2	verb		Allgemein	calamistrer	0.04
canaque	kanak	words	C2	adjective		Allgemein	canaque	0.04
carthaginois	karthagisch	words	C2	adjective		Allgemein	carthaginois	0.04
casse-gueule	gefährlich	words	C2	adjective		Allgemein	casse-gueule	0.04
le cataclysme	die Katastrophe	words	C2	noun	m	Allgemein	cataclysme	0.04
le cil	die Wimper	words	C2	noun	m	Körper & Gesundheit	cil	0.04
le cloaque	der Abwasserkanal	words	C2	noun	m	Allgemein	cloaque	0.04
la compression	die Kompression	words	C2	noun	f	Allgemein	compression	0.04
concentrique	konzentrisch	words	C2	adjective		Allgemein	concentrique	0.04
la confirmation	die Bestätigung	words	C2	noun	f	Allgemein	confirmation	0.04
coutumier	gewöhnlich	words	C2	adjective		Allgemein	coutumier	0.04
crotter	kotzen	words	C2	verb		Allgemein	crotter	0.04
daigner	geruhen	words	C2	verb		Allgemein	daigner	0.04
le dentier	das Gebiss	words	C2	noun	m	Körper & Gesundheit	dentier	0.04
le dilettante	der Dilettant	words	C2	noun	m	Allgemein	dilettante	0.04
la discorde	die Zwietracht	words	C2	noun	f	Allgemein	discorde	0.04
débarbouiller	abwaschen	words	C2	verb		Körper & Gesundheit	débarbouiller	0.04
le déblaiement	die Räumung	words	C2	noun	m	Allgemein	déblaiement	0.04
débordant	überfließend	words	C2	adjective		Allgemein	débordant	0.04
désopilant	urkomisch	words	C2	adjective		Allgemein	désopilant	0.04
encercler	umkreisen	words	C2	verb		Allgemein	encercler	0.04
endosser	anziehen	words	C2	verb		Allgemein	endosser	0.04
l'entrain	der Elan	words	C2	noun	m	Allgemein	entrain	0.04
l'entrepôt	das Lager	words	C2	noun	n	Arbeit & Beruf	entrepôt	0.04
l'escroquerie	der Betrug	words	C2	noun	f	Allgemein	escroquerie	0.04
ex	ehemalig	words	C2	adverb		Allgemein	ex	0.04
exaucer	erfüllen	words	C2	verb		Allgemein	exaucer	0.04
l'excrément	der Kot	words	C2	noun	m	Körper & Gesundheit	excrément	0.04
fortifiant	stärkend	words	C2	adjective		Körper & Gesundheit	fortifiant	0.04
la fourniture	die Ausstattung	words	C2	noun	f	Schule & Bildung	fourniture	0.04
la fromagerie	die Käseproduktion	words	C2	noun	f	Essen & Trinken	fromagerie	0.04
la féerie	die Märchenwelt	words	C2	noun	f	Allgemein	féerie	0.04
fêler	brechen	words	C2	verb		Allgemein	fêler	0.04
la garniture	die Beilage	words	C2	noun	f	Essen & Trinken	garniture	0.04
la gazinière	der Herd	words	C2	noun	f	Wohnen & Haus	gazinière	0.04
grogner	grunzen	words	C2	verb		Tiere & Natur	grogner	0.04
harassant	ermüdend	words	C2	adjective		Allgemein	harassant	0.04
le hochement	das Nicken	words	C2	noun	m	Kommunikation	hochement	0.04
horticole	gartenbaulich	words	C2	adjective		Allgemein	horticole	0.04
hospitalier	gastfreundlich	words	C2	adjective		Allgemein	hospitalier	0.04
l'impassibilité	die Unerschütterlichkeit	words	C2	noun	f	Allgemein	impassibilité	0.04
l'improvisation	die Improvisation	words	C2	noun	f	Allgemein	improvisation	0.04
indigeste	schwer verdaulich	words	C2	adjective		Essen & Trinken	indigeste	0.04
informatiser	digitalisieren	words	C2	verb		Medien & Technik	informatiser	0.04
infranchissable	unüberwindbar	words	C2	adjective		Allgemein	infranchissable	0.04
insoupçonné	unverdächtig	words	C2	adjective		Allgemein	insoupçonné	0.04
instinctivement	instinktiv	words	C2	adverb		Allgemein	instinctivement	0.04
interloquer	verwirren	words	C2	verb		Kommunikation	interloquer	0.04
irritable	reizbar	words	C2	adjective		Gefühle & Charakter	irritable	0.04
lacérer	zerreißen	words	C2	verb		Allgemein	lacérer	0.04
la lamelle	die Schicht	words	C2	noun	f	Allgemein	lamelle	0.04
la marginalité	die Marginalität	words	C2	noun	f	Allgemein	marginalité	0.04
le marmiton	der Küchenhelfer	words	C2	noun	m	Essen & Trinken	marmiton	0.04
matir	meistern	words	C2	verb		Allgemein	matir	0.04
la mixture	die Mischung	words	C2	noun	f	Essen & Trinken	mixture	0.04
monogame	monogam	words	C2	adjective		Allgemein	monogame	0.04
le motard	der Motorradfahrer	words	C2	noun	m	Freizeit & Hobbys	motard	0.04
oralement	mündlich	words	C2	adverb		Kommunikation	oralement	0.04
l'oreillon	das Ohrläppchen	words	C2	noun	n	Körper & Gesundheit	oreillon	0.04
l'ostentation	die Prahlerei	words	C2	noun	f	Allgemein	ostentation	0.04
le paillasson	der Fußabtreter	words	C2	noun	m	Wohnen & Haus	paillasson	0.04
la palabre	die Diskussion	words	C2	noun	f	Kommunikation	palabre	0.04
panafricain	panafrikanisch	words	C2	adjective		Allgemein	panafricain	0.04
le panthéon	das Pantheon	words	C2	noun	m	Allgemein	panthéon	0.04
le pathos	das Pathos	words	C2	noun	m	Allgemein	pathos	0.04
la patinette	der Roller	words	C2	noun	f	Freizeit & Hobbys	patinette	0.04
patrouiller	patrouillieren	words	C2	verb		Allgemein	patrouiller	0.04
pelleter	schaufeln	words	C2	verb		Allgemein	pelleter	0.04
pelé	geschält	words	C2	adjective		Essen & Trinken	pelé	0.04
la perplexité	die Verwirrung	words	C2	noun	f	Gefühle & Charakter	perplexité	0.04
le pirate	der Pirat	words	C2	noun	m	Allgemein	pirate	0.04
la pneumonie	die Lungenentzündung	words	C2	noun	f	Körper & Gesundheit	pneumonie	0.04
poignant	berührend	words	C2	adjective		Allgemein	poignant	0.04
la polygamie	die Polygamie	words	C2	noun	f	Allgemein	polygamie	0.04
le pompage	das Pumpen	words	C2	noun	m	Allgemein	pompage	0.04
le poursuivant	der Verfolger	words	C2	noun	m	Allgemein	poursuivant	0.04
le psychopathe	der Psychopath	words	C2	noun	m	Allgemein	psychopathe	0.04
pâtir	leiden	words	C2	verb		Allgemein	pâtir	0.04
pétillant	spritzig	words	C2	adjective		Essen & Trinken	pétillant	0.04
le quartet	das Quartett	words	C2	noun	m	Allgemein	quartet	0.04
radiophonique	radiophonisch	words	C2	adjective		Medien & Technik	radiophonique	0.04
la radioscopie	die Radioskopie	words	C2	noun	f	Allgemein	radioscopie	0.04
ravitailler	versorgen	words	C2	verb		Allgemein	ravitailler	0.04
le relogement	die Umsiedlung	words	C2	noun	m	Wohnen & Haus	relogement	0.04
la relève	die Ablösung	words	C2	noun	f	Allgemein	relève	0.04
richissime	reich	words	C2	adjective		Allgemein	richissime	0.04
romancer	romantisieren	words	C2	verb		Allgemein	romancer	0.04
le récidiviste	der Rückfalltäter	words	C2	noun	m	Allgemein	récidiviste	0.04
rétro	retro	words	C2	adjective		Allgemein	rétro	0.04
le sergent	der Sergeant	words	C2	noun	m	Allgemein	sergent	0.04
simuler	simulieren	words	C2	verb		Allgemein	simuler	0.04
sororal	schwesterlich	words	C2	adjective		Allgemein	sororal	0.04
souder	schweißen	words	C2	verb		Allgemein	souder	0.04
le sous-off	der Unteroffizier	words	C2	noun	m	Allgemein	sous-off	0.04
la statuette	die Statue	words	C2	noun	f	Allgemein	statuette	0.04
stipulant	festlegend	words	C2	adjective		Allgemein	stipulant	0.04
superbement	herrlich	words	C2	adverb		Allgemein	superbement	0.04
sur-le-champ	sofort	words	C2	adverb		Allgemein	sur-le-champ	0.04
la tabasse	die Prügel	words	C2	noun	f	Allgemein	tabasse	0.04
le tact	der Takt	words	C2	noun	m	Allgemein	tact	0.04
tancer	rügen	words	C2	verb		Allgemein	tancer	0.04
tatouer	tätowieren	words	C2	verb		Allgemein	tatouer	0.04
le tisserand	der Weber	words	C2	noun	m	Allgemein	tisserand	0.04
la tortue	die Schildkröte	words	C2	noun	f	Tiere & Natur	tortue	0.04
le trac	die Nervosität	words	C2	noun	m	Allgemein	trac	0.04
transpirer	schwitzen	words	C2	verb		Körper & Gesundheit	transpirer	0.04
trimballer	herumtragen	words	C2	verb		Allgemein	trimballer	0.04
le tréteau	das Gestell	words	C2	noun	m	Allgemein	tréteau	0.04
tétaniser	lähmen	words	C2	verb		Allgemein	tétaniser	0.04
l'ukulélé	das Ukulele	words	C2	noun		Allgemein	ukulélé	0.04
vivrier	lebensmittelproduzierend	words	C2	adjective		Essen & Trinken	vivrier	0.04
en vrac	los	words	C2	adverb		Essen & Trinken	vrac	0.04
le zoom	der Zoom	words	C2	noun	m	Medien & Technik	zoom	0.04
l'ébéniste	der Tischler	words	C2	noun	m	Allgemein	ébéniste	0.04
égocentrique	egozentrisch	words	C2	adjective		Allgemein	égocentrique	0.04
électrotechnique	elektrotechnisch	words	C2	adjective		Allgemein	électrotechnique	0.04
épater	beeindrucken	words	C2	verb		Allgemein	épater	0.04
l'étalon	der Hengst	words	C2	noun	m	Allgemein	étalon	0.04
la luge	der Schlitten	words	C2	noun	f	Freizeit & Hobbys	luge	0.04
le clerc	der Gehilfe	words	C2	noun	m	Allgemein	clerc	0.04
le piquet	der Pfahl	words	C2	noun	m	Allgemein	piquet	0.04
le saint-père	der Heilige Vater	words	C2	noun	m	Allgemein	saint-père	0.04
l'étable	der Stall	words	C2	noun	f	Tiere & Natur	étable	0.04
aduler	vergöttern	words	C2	verb		Allgemein	aduler	0.04
affirmatif	bejahend	words	C2	adjective		Grammatik & Struktur	affirmatif	0.04
l'affront	die Beleidigung	words	C2	noun	m	Allgemein	affront	0.04
aimablement	freundlich	words	C2	adverb		Begrüßung & Höflichkeit	aimablement	0.04
l'albâtre	der Alabaster	words	C2	noun	m	Allgemein	albâtre	0.04
l'ameublement	die Möbel	words	C2	noun	m	Wohnen & Haus	ameublement	0.04
l'arabesque	die Arabeske	words	C2	noun	f	Allgemein	arabesque	0.04
attenter	attentieren	words	C2	verb		Allgemein	attenter	0.04
la barbiche	der Kinnbart	words	C2	noun	f	Körper & Gesundheit	barbiche	0.04
le baudrier	der Gurt	words	C2	noun	m	Allgemein	baudrier	0.04
bouillonnant	kochend	words	C2	adjective		Essen & Trinken	bouillonnant	0.04
la braise	die Glut	words	C2	noun	f	Essen & Trinken	braise	0.04
le cabot	der Hund	words	C2	noun	m	Tiere & Natur	cabot	0.04
cacheter	versiegeln	words	C2	verb		Allgemein	cacheter	0.04
le camélia	die Kamelie	words	C2	noun	m	Tiere & Natur	camélia	0.04
le canon	der Kanon	words	C2	noun	m	Allgemein	canon	0.04
le canot	das Boot	words	C2	noun	m	Reisen & Urlaub	canot	0.04
la capeline	der Hut	words	C2	noun	f	Kleidung & Mode	capeline	0.04
la carmélite	die Karmelitin	words	C2	noun	f	Allgemein	carmélite	0.04
la carrure	die Statur	words	C2	noun	f	Körper & Gesundheit	carrure	0.04
la casaque	die Jacke	words	C2	noun	f	Kleidung & Mode	casaque	0.04
le causeur	der Plauderer	words	C2	noun	m	Allgemein	causeur	0.04
le charisme	das Charisma	words	C2	noun	m	Allgemein	charisme	0.04
la chevauchée	der Ritt	words	C2	noun	f	Sport	chevauchée	0.04
le chignon	der Dutt	words	C2	noun	m	Kleidung & Mode	chignon	0.04
le chouchou	der Liebling	words	C2	noun	m	Familie & Freunde	chouchou	0.04
cochère	fährt	words	C2	adjective		Allgemein	cochère	0.04
la collerette	der Kragen	words	C2	noun	f	Kleidung & Mode	collerette	0.04
comploter	verschwören	words	C2	verb		Allgemein	comploter	0.04
confiant	zuversichtlich	words	C2	adjective		Gefühle & Charakter	confiant	0.04
confisquer	konfiszieren	words	C2	verb		Allgemein	confisquer	0.04
la conspiration	die Verschwörung	words	C2	noun	f	Allgemein	conspiration	0.04
le contre-espionnage	die Spionageabwehr	words	C2	noun	m	Allgemein	contre-espionnage	0.04
contrit	reuevoll	words	C2	adjective		Gefühle & Charakter	contrit	0.04
corrompre	bestechen	words	C2	verb		Allgemein	corrompre	0.04
le corset	das Korsett	words	C2	noun	m	Kleidung & Mode	corset	0.04
courroucer	ärgern	words	C2	verb		Allgemein	courroucer	0.04
le crispin	der Crispin	words	C2	noun	m	Allgemein	crispin	0.04
crépu	kraus	words	C2	adjective		Körper & Gesundheit	crépu	0.04
curer	reinigen	words	C2	verb		Allgemein	curer	0.04
demi-mort	halb tot	words	C2	adjective		Allgemein	demi-mort	0.04
le dresseur	der Trainer	words	C2	noun	m	Sport	dresseur	0.04
le duelliste	der Duellant	words	C2	noun	m	Allgemein	duelliste	0.04
décacheter	öffnen	words	C2	verb		Allgemein	décacheter	0.04
démanteler	demontieren	words	C2	verb		Allgemein	démanteler	0.04
désemparer	verwirren	words	C2	verb		Allgemein	désemparer	0.04
l'embrasure	der Fensterrahmen	words	C2	noun	f	Wohnen & Haus	embrasure	0.04
l'enduit	der Putz	words	C2	noun	m	Wohnen & Haus	enduit	0.04
l'escouade	die Gruppe	words	C2	noun	f	Allgemein	escouade	0.04
farce	falsch	words	C2	adjective		Allgemein	farce	0.04
le feutre	der Filzstift	words	C2	noun	m	Schule & Bildung	feutre	0.04
la fougue	die Leidenschaft	words	C2	noun	f	Gefühle & Charakter	fougue	0.04
frémissant	zitternd	words	C2	adjective		Allgemein	frémissant	0.04
le gascon	der Gaskon	words	C2	noun	m	Allgemein	gascon	0.04
guerroyer	kriegen	words	C2	verb		Allgemein	guerroyer	0.04
hennir	wiehern	words	C2	verb		Tiere & Natur	hennir	0.04
hollywoodien	hollywoodianisch	words	C2	adjective		Allgemein	hollywoodien	0.04
l'immortel	der Unsterbliche	words	C2	noun	m	Allgemein	immortel	0.04
imprudemment	unvorsichtig	words	C2	adverb		Allgemein	imprudemment	0.04
l'incroyant	der Ungläubige	words	C2	noun	m	Allgemein	incroyant	0.04
infamant	schändlich	words	C2	adjective		Allgemein	infamant	0.04
l'inimité	die Feindschaft	words	C2	noun	f	Gefühle & Charakter	inimitié	0.04
l'intrus	der Eindringling	words	C2	noun	m	Allgemein	intrus	0.04
inévitablement	unvermeidlich	words	C2	adverb		Allgemein	inévitablement	0.04
le lansquenet	der Landsknecht	words	C2	noun	m	Allgemein	lansquenet	0.04
le laquais	der Lakai	words	C2	noun	m	Allgemein	laquais	0.04
le libertin	der Libertin	words	C2	noun	m	Allgemein	libertin	0.04
le libérateur	der Befreier	words	C2	noun	m	Allgemein	libérateur	0.04
libéré	befreit	words	C2	adjective		Allgemein	libéré	0.04
lorgner	linsen	words	C2	verb		Allgemein	lorgner	0.04
la main-forte	die Hilfe	words	C2	noun	f	Allgemein	main-forte	0.04
la mainmise	die Kontrolle	words	C2	noun	f	Allgemein	mainmise	0.04
mauresque	maurisch	words	C2	adjective		Allgemein	mauresque	0.04
le mousquet	das Musket	words	C2	noun	m	Allgemein	mousquet	0.04
napolitain	neapolitanisch	words	C2	adjective		Allgemein	napolitain	0.04
la naïveté	die Naivität	words	C2	noun	f	Allgemein	naïveté	0.04
nonchalamment	lässig	words	C2	adverb		Allgemein	nonchalamment	0.04
orageux	stürmisch	words	C2	adjective		Wetter & Jahreszeiten	orageux	0.04
pardieu	bei Gott	words	C2	interjection		Allgemein	pardieu	0.04
pensif	nachdenklich	words	C2	adjective		Gefühle & Charakter	pensif	0.04
la perdrix	die Rebhuhn	words	C2	noun	f	Tiere & Natur	perdrix	0.04
la perfidie	die Hinterlist	words	C2	noun	f	Allgemein	perfidie	0.04
le politicien	der Politiker	words	C2	noun	m	Arbeit & Beruf	politicien	0.04
pondérer	abwägen	words	C2	verb		Allgemein	pondérer	0.04
posément	ruhig	words	C2	adverb		Allgemein	posément	0.04
le psaume	der Psalm	words	C2	noun	m	Allgemein	psaume	0.04
le puni	der Bestrafte	words	C2	noun	m	Allgemein	puni	0.04
rabaisser	herabsetzen	words	C2	verb		Allgemein	rabaisser	0.04
la rade	die Bucht	words	C2	noun	f	Allgemein	rade	0.04
rebondissant	springend	words	C2	adjective		Allgemein	rebondissant	0.04
redresseur	der Richtigmacher	words	C2	adjective	m	Allgemein	redresseur	0.04
le revenant	der Rückkehrer	words	C2	noun	m	Allgemein	revenant	0.04
la régence	die Regentschaft	words	C2	noun	f	Allgemein	régence	0.04
réprimander	tadeln	words	C2	verb		Allgemein	réprimander	0.04
la sentence	das Urteil	words	C2	noun	f	Allgemein	sentence	0.04
la soubreveste	die Unterjacke	words	C2	noun	f	Allgemein	soubreveste	0.04
le soufflet	der Schlag	words	C2	noun	m	Allgemein	soufflet	0.04
le sous-entendu	das Unterlassen	words	C2	noun	m	Allgemein	sous-entendu	0.04
