"id","fr","de","wortart","genus","beispielsatz_fr","themenfeld","quelle","created_at"
"1","être","sein","verb","","Je suis à la maison.","Allgemein","",""
"2","avoir","haben","verb","","Nous avons un cours de français.","Allgemein","",""
"3","aller","gehen","verb","","Je vais à l'école à huit heures.","Allgemein","",""
"4","faire","machen","verb","","Elle fait ses devoirs.","Allgemein","",""
"5","venir","kommen","verb","","Mes amis viennent chez moi ce soir.","Allgemein","",""
"6","dire","sagen","verb","","Je te dis la vérité.","Allgemein","",""
"7","voir","sehen","verb","","Je vois la gare depuis la fenêtre.","Allgemein","",""
"8","mettre","legen; stellen","verb","","Je mets les clés sur la table.","Allgemein","",""
"9","prendre","nehmen","verb","","Je prends le métro pour aller au centre-ville.","Allgemein","",""
"10","donner","geben","verb","","Elle me donne son adresse.","Allgemein","",""
"11","trouver","finden","verb","","Je trouve cet exercice assez difficile.","Allgemein","",""
"12","penser","denken","verb","","Je pense que c'est une bonne solution.","Allgemein","",""
"13","croire","glauben","verb","","Je crois qu'il a oublié le rendez-vous.","Allgemein","",""
"14","savoir","wissen","verb","","Je sais où habite Marie.","Allgemein","",""
"15","connaître","kennen","verb","","Je connais bien ce quartier.","Allgemein","",""
"16","pouvoir","können","verb","","On peut commencer maintenant.","Allgemein","",""
"17","vouloir","wollen","verb","","Je veux apprendre à mieux parler français.","Allgemein","",""
"18","devoir","müssen; sollen","verb","","Nous devons finir avant midi.","Allgemein","",""
"19","falloir","müssen; nötig sein","verb","","Il faut attendre ici quelques minutes.","Allgemein","",""
"20","tenir","halten","verb","","Elle tient son téléphone dans la main.","Allgemein","",""
"21","attendre","warten","verb","","J'attends le bus devant le lycée.","Allgemein","",""
"22","rester","bleiben","verb","","Je reste à la maison cet après-midi.","Allgemein","",""
"23","partir","weggehen","verb","","On part dans dix minutes.","Allgemein","",""
"24","sortir","hinausgehen","verb","","Elle sort avec ses amis ce soir.","Allgemein","",""
"25","entrer","eintreten","verb","","Entrez, la porte est ouverte.","Allgemein","",""
"26","ouvrir","öffnen","verb","","Peux-tu ouvrir la porte, s'il te plaît ?","Allgemein","",""
"27","fermer","schließen","verb","","N'oublie pas de fermer la fenêtre.","Allgemein","",""
"28","commencer","anfangen","verb","","Le cours commence à huit heures dix.","Allgemein","",""
"29","finir","beenden","verb","","Je finis mes devoirs avant le dîner.","Allgemein","",""
"30","continuer","fortsetzen","verb","","Nous continuons le projet demain.","Allgemein","",""
"31","apprendre","lernen","verb","","Nous apprenons de nouveaux mots.","Schule","",""
"32","étudier","lernen; studieren","verb","","J'étudie pour le contrôle de demain.","Schule","",""
"33","réviser","wiederholen","verb","","Je révise le vocabulaire avant le cours.","Schule","",""
"34","comprendre","verstehen","verb","","Je comprends mieux la grammaire maintenant.","Schule","",""
"35","répondre","antworten","verb","","Merci de répondre rapidement.","Schule","",""
"36","demander","fragen","verb","","Je vais demander un renseignement.","Schule","",""
"37","expliquer","erklären","verb","","Le professeur explique la nouvelle règle.","Schule","",""
"38","écouter","zuhören","verb","","Écoute bien la consigne.","Schule","",""
"39","lire","lesen","verb","","Nous lisons un texte en classe.","Schule","",""
"40","écrire","schreiben","verb","","Elle écrit une carte postale.","Schule","",""
"41","parler","sprechen","verb","","Nous parlons de nos projets pour l'été.","Schule","",""
"42","répéter","wiederholen","verb","","Peux-tu répéter la dernière phrase ?","Schule","",""
"43","traduire","übersetzen","verb","","Il traduit ce texte en allemand.","Schule","",""
"44","corriger","korrigieren","verb","","Le professeur corrige les copies cet après-midi.","Schule","",""
"45","noter","aufschreiben","verb","","Je note les points importants.","Schule","",""
"46","chercher","suchen","verb","","Je cherche mes clés depuis ce matin.","Schule","",""
"47","aimer","mögen; lieben","verb","","J'aime les films français et les séries historiques.","Meinungen & Kommunikation","",""
"48","adorer","lieben","verb","","Elle adore dessiner après l'école.","Meinungen & Kommunikation","",""
"49","détester","hassen","verb","","Il déteste attendre dans les longues files.","Meinungen & Kommunikation","",""
"50","préférer","bevorzugen","verb","","Je préfère le chocolat à la vanille.","Meinungen & Kommunikation","",""
"51","espérer","hoffen","verb","","J'espère que tout va bien.","Meinungen & Kommunikation","",""
"52","essayer","versuchen","verb","","On essaie une autre méthode.","Meinungen & Kommunikation","",""
"53","oublier","vergessen","verb","","J'oublie souvent mon mot de passe.","Meinungen & Kommunikation","",""
"54","se souvenir","sich erinnern","verb","","Je me souviens très bien de cette chanson.","Meinungen & Kommunikation","",""
"55","aider","helfen","verb","","Peux-tu m'aider avec ce formulaire ?","Meinungen & Kommunikation","",""
"56","rencontrer","treffen","verb","","Nous rencontrons nos amis devant la gare.","Meinungen & Kommunikation","",""
"57","montrer","zeigen","verb","","Montre-moi la photo, s'il te plaît.","Meinungen & Kommunikation","",""
"58","raconter","erzählen","verb","","Elle raconte une histoire drôle à la classe.","Meinungen & Kommunikation","",""
"59","parler de","über etwas sprechen","phrase","","On parle souvent de voyages en classe.","Meinungen & Kommunikation","",""
"60","téléphoner","telefonieren","verb","","Je téléphone à ma grand-mère le dimanche soir.","Meinungen & Kommunikation","",""
"61","inviter","einladen","verb","","J'invite deux amis à mon anniversaire.","Meinungen & Kommunikation","",""
"62","préparer","vorbereiten","verb","","Nous préparons le repas ensemble dans la cuisine.","Meinungen & Kommunikation","",""
"63","se lever","aufstehen","verb","","Je me lève à six heures et demie.","Zahlen & Zeit","",""
"64","se coucher","ins Bett gehen","verb","","Les enfants se couchent tôt le dimanche soir.","Zahlen & Zeit","",""
"65","se réveiller","aufwachen","verb","","Je me réveille avant mon alarme le lundi.","Zahlen & Zeit","",""
"66","se laver","sich waschen","verb","","Les enfants se lavent les mains avant de manger.","Zahlen & Zeit","",""
"67","s'habiller","sich anziehen","verb","","Elle s'habille rapidement avant de partir.","Zahlen & Zeit","",""
"68","se dépêcher","sich beeilen","verb","","Si on se dépêche, on arrivera à l'heure.","Zahlen & Zeit","",""
"69","manger","essen","verb","","On mange à la cantine aujourd'hui.","Zahlen & Zeit","",""
"70","boire","trinken","verb","","Je bois de l'eau après le sport.","Zahlen & Zeit","",""
"71","cuisiner","kochen","verb","","Mon père cuisine souvent le samedi soir.","Zahlen & Zeit","",""
"72","travailler","arbeiten","verb","","Ma sœur travaille dans une pharmacie.","Zahlen & Zeit","",""
"73","jouer","spielen","verb","","Les enfants jouent dans le jardin après l'école.","Zahlen & Zeit","",""
"74","regarder","anschauen","verb","","Nous regardons une série ce soir.","Zahlen & Zeit","",""
"75","écouter de la musique","Musik hören","phrase","","J'écoute de la musique dans le bus.","Zahlen & Zeit","",""
"76","utiliser","benutzen","verb","","On utilise cet ordinateur pour faire les devoirs.","Zahlen & Zeit","",""
"77","voyager","reisen","verb","","Ils aiment voyager en train à travers la France.","Zahlen & Zeit","",""
"78","la famille","die Familie","noun","f","Ma famille habite à Berlin.","Familie & Freunde","",""
"79","le père","der Vater","noun","m","Le père prépare le dîner ce soir.","Familie & Freunde","",""
"80","la mère","die Mutter","noun","f","La mère lit une histoire avant de dormir.","Familie & Freunde","",""
"81","le frère","der Bruder","noun","m","Mon frère joue souvent au foot après l'école.","Familie & Freunde","",""
"82","la sœur","die Schwester","noun","f","Ma sœur aime dessiner dans sa chambre.","Familie & Freunde","",""
"83","les parents","die Eltern","noun","","Les parents attendent devant l'école.","Familie & Freunde","",""
"84","le fils","der Sohn","noun","m","Leur fils a huit ans.","Familie & Freunde","",""
"85","la fille","die Tochter","noun","f","Sa fille apprend à faire du vélo.","Familie & Freunde","",""
"86","le grand-père","der Großvater","noun","m","Mon grand-père raconte souvent des histoires de son enfance.","Familie & Freunde","",""
"87","la grand-mère","die Großmutter","noun","f","Ma grand-mère fait un gâteau le dimanche.","Familie & Freunde","",""
"88","l'oncle","der Onkel","noun","","Mon oncle habite à Lyon.","Familie & Freunde","",""
"89","la tante","die Tante","noun","f","Ma tante vient nous voir ce week-end.","Familie & Freunde","",""
"90","le cousin","der Cousin","noun","m","Mon cousin commence le collège en septembre.","Familie & Freunde","",""
"91","la cousine","die Cousine","noun","f","Ma cousine joue du piano depuis deux ans.","Familie & Freunde","",""
"92","l'ami","der Freund","noun","","Mon ami m'aide pour les devoirs.","Familie & Freunde","",""
"93","l'amie","die Freundin","noun","","Mon amie arrive dans dix minutes.","Familie & Freunde","",""
"94","le voisin","der Nachbar","noun","m","Le voisin ferme toujours la porte du jardin.","Familie & Freunde","",""
"95","la voisine","die Nachbarin","noun","f","La voisine promène son chien chaque matin.","Familie & Freunde","",""
"96","l'école","die Schule","noun","","L'école est près du parc.","Schule","",""
"97","le collège","die weiterführende Schule","noun","m","Le collège se trouve derrière la mairie.","Schule","",""
"98","le professeur","der Lehrer","noun","m","Le professeur explique la grammaire au tableau.","Schule","",""
"99","la professeure","die Lehrerin","noun","f","C'est la professeure.","Schule","",""
"100","l'élève","der Schüler","noun","","C'est l'élève.","Schule","",""
"101","la classe","die Klasse","noun","f","La classe commence à huit heures.","Schule","",""
"102","la salle de classe","das Klassenzimmer","noun","f","La salle de classe est calme ce matin.","Schule","",""
"103","la table","der Tisch","noun","f","La table est couverte de cahiers.","Schule","",""
"104","la chaise","der Stuhl","noun","f","La chaise est près de la fenêtre.","Schule","",""
"105","le cahier","das Heft","noun","m","C'est le cahier.","Schule","",""
"106","le livre","das Buch","noun","m","Le livre est ouvert à la page trente.","Schule","",""
"107","le stylo","der Stift","noun","m","Il cherche un stylo bleu dans son sac.","Schule","",""
"108","le crayon","der Bleistift","noun","m","Le crayon roule sous la table.","Schule","",""
"109","la gomme","der Radiergummi","noun","f","C'est la gomme.","Schule","",""
"110","le sac","die Tasche","noun","m","Son sac est déjà prêt pour demain.","Schule","",""
"111","le devoir","die Hausaufgabe","noun","m","C'est le devoir.","Schule","",""
"112","l'exercice","die Übung","noun","","C'est l'exercice.","Schule","",""
"113","la question","die Frage","noun","f","J'ai une question sur l'exercice.","Schule","",""
"114","la réponse","die Antwort","noun","f","Ta réponse est correcte.","Schule","",""
"115","la matière","das Fach","noun","f","Ma matière préférée est l'histoire.","Schule","",""
"131","la maison","das Haus","noun","f","La maison a un petit jardin.","Haus & Wohnen","",""
"132","l'appartement","die Wohnung","noun","","Notre appartement est petit mais lumineux.","Haus & Wohnen","",""
"133","la chambre","das Zimmer","noun","f","Sa chambre donne sur le jardin.","Haus & Wohnen","",""
"134","la cuisine","die Küche","noun","f","La cuisine sent encore le café.","Haus & Wohnen","",""
"135","la salle de bains","das Badezimmer","noun","f","La salle de bains est juste à côté de la chambre.","Haus & Wohnen","",""
"136","le salon","das Wohnzimmer","noun","m","Nous passons la soirée dans le salon.","Haus & Wohnen","",""
"137","le jardin","der Garten","noun","m","Le jardin est plein de fleurs au printemps.","Haus & Wohnen","",""
"138","la porte","die Tür","noun","f","C'est la porte.","Haus & Wohnen","",""
"139","la fenêtre","das Fenster","noun","f","La fenêtre reste ouverte toute la matinée.","Haus & Wohnen","",""
"140","le lit","das Bett","noun","m","Le lit est trop petit pour deux personnes.","Haus & Wohnen","",""
"141","la lampe","die Lampe","noun","f","La lampe éclaire bien le coin lecture.","Haus & Wohnen","",""
"142","le bureau","der Schreibtisch","noun","m","Le bureau est couvert de papiers.","Haus & Wohnen","",""
"143","l'ordinateur","der Computer","noun","","L'ordinateur met du temps à démarrer.","Haus & Wohnen","",""
"144","la clé","der Schlüssel","noun","f","Je ne trouve plus la clé du garage.","Haus & Wohnen","",""
"145","le mur","die Wand","noun","m","Le mur est peint en blanc.","Haus & Wohnen","",""
"146","le pain","das Brot","noun","m","Je mange du pain au petit déjeuner.","Essen","",""
"147","le lait","die Milch","noun","m","Le lait est dans le frigo.","Essen","",""
"148","l'eau","das Wasser","noun","","L'eau est trop froide pour moi.","Essen","",""
"149","le jus","der Saft","noun","m","Le jus est servi au petit déjeuner.","Essen","",""
"150","le fromage","der Käse","noun","m","Le fromage vient du marché du samedi.","Essen","",""
"151","la viande","das Fleisch","noun","f","La viande cuit doucement dans la poêle.","Essen","",""
"152","le poisson","der Fisch","noun","m","Le poisson est servi avec du riz.","Essen","",""
"153","la salade","der Salat","noun","f","La salade est déjà prête.","Essen","",""
"154","la pomme","der Apfel","noun","f","La pomme est dans mon sac.","Essen","",""
"155","la banane","die Banane","noun","f","La banane est parfaite pour le goûter.","Essen","",""
"156","la tomate","die Tomate","noun","f","La tomate vient du marché.","Essen","",""
"157","la pomme de terre","die Kartoffel","noun","f","La pomme de terre doit encore cuire un peu.","Essen","",""
"158","le petit déjeuner","das Frühstück","noun","m","Le petit déjeuner commence à sept heures.","Essen","",""
"159","le déjeuner","das Mittagessen","noun","m","Le déjeuner est servi à midi.","Essen","",""
"160","le dîner","das Abendessen","noun","m","Le dîner est presque prêt.","Essen","",""
"215","grand","groß","adjective","","Mon frère est grand.","Allgemein","",""
"216","petit","klein","adjective","","Le chat est petit mais très rapide.","Allgemein","",""
"217","bon","gut","adjective","","C'est bon.","Allgemein","",""
"218","mauvais","schlecht","adjective","","Ce café est mauvais aujourd'hui.","Allgemein","",""
"219","beau","schön","adjective","","C'est beau.","Allgemein","",""
"220","joli","hübsch","adjective","","Ta robe est vraiment jolie.","Allgemein","",""
"221","jeune","jung","adjective","","Mon frère est encore jeune.","Allgemein","",""
"222","vieux","alt","adjective","","Mon grand-père est vieux, mais en forme.","Allgemein","",""
"223","nouveau","neu","adjective","","J'ai un nouveau téléphone.","Allgemein","",""
"224","important","wichtig","adjective","","C'est important.","Allgemein","",""
"225","facile","einfach","adjective","","C'est facile.","Allgemein","",""
"226","difficile","schwierig","adjective","","C'est difficile.","Allgemein","",""
"227","rapide","schnell","adjective","","C'est rapide.","Allgemein","",""
"228","lent","langsam","adjective","","Le bus est lent ce matin.","Allgemein","",""
"229","chaud","warm","adjective","","C'est chaud.","Allgemein","",""
"230","froid","kalt","adjective","","C'est froid.","Allgemein","",""
"231","cher","teuer","adjective","","C'est cher.","Allgemein","",""
"232","gratuit","kostenlos","adjective","","L'entrée au musée est gratuite.","Allgemein","",""
"233","content","zufrieden","adjective","","Je suis content.","Allgemein","",""
"234","fatigué","müde","adjective","","Je suis fatigué ce soir.","Allgemein","",""
"235","triste","traurig","adjective","","Je suis triste.","Allgemein","",""
"236","heureux","glücklich","adjective","","Je suis heureux.","Allgemein","",""
"237","gentil","nett","adjective","","Notre voisine est très gentille.","Allgemein","",""
"238","sympa","sympathisch","adjective","","Ton frère est vraiment sympa.","Allgemein","",""
"239","drôle","lustig","adjective","","Il est drôle.","Allgemein","",""
"240","possible","möglich","adjective","","C'est possible.","Allgemein","",""
"241","prêt","bereit","adjective","","Je suis prêt à partir.","Allgemein","",""
"242","occupé","beschäftigt","adjective","","Je suis occupé cet après-midi.","Allgemein","",""
"243","long","lang","adjective","","Elle a les cheveux longs.","Kleidung & Mode","",""
"244","court","kurz","adjective","","Il porte un short court en été.","Kleidung & Mode","",""
"245","blond","blond","adjective","","Son fils est blond comme elle.","Kleidung & Mode","",""
"246","brun","braunhaarig","adjective","","Il est brun et porte des lunettes.","Kleidung & Mode","",""
"247","clair","hell","adjective","","Il est clair.","Kleidung & Mode","",""
"248","foncé","dunkel","adjective","","Je préfère le bleu foncé.","Kleidung & Mode","",""
"249","propre","sauber","adjective","","La cuisine est propre maintenant.","Kleidung & Mode","",""
"250","sale","schmutzig","adjective","","Mes chaussures sont sales après la pluie.","Kleidung & Mode","",""
"251","toujours","immer","adverb","","Il est toujours à l'heure le matin.","Allgemein","",""
"252","souvent","oft","adverb","","Nous allons souvent au parc le dimanche.","Allgemein","",""
"253","parfois","manchmal","adverb","","Parfois, je rentre tard.","Allgemein","",""
"254","jamais","nie","adverb","","Je ne prends jamais de sucre dans mon café.","Allgemein","",""
"255","déjà","schon","adverb","","C'est déjà mieux comme ça.","Zahlen & Zeit","",""
"256","encore","noch","adverb","","Encore un problème à résoudre ?","Zahlen & Zeit","",""
"257","maintenant","jetzt","adverb","","Maintenant, il faut décider.","Zahlen & Zeit","",""
"258","ici","hier","adverb","","Viens ici, j'ai quelque chose à te montrer.","Stadt","",""
"259","là bas","dort drüben","adverb","","Le supermarché est là-bas, au coin.","Stadt","",""
"260","près","nahe","adverb","","La gare est près d'ici.","Stadt","",""
"261","loin","weit","adverb","","L'école est loin de chez nous.","Stadt","",""
"262","vite","schnell","adverb","","Viens vite, le train arrive.","Allgemein","",""
"263","bien","gut","adverb","","Tu parles très bien français maintenant.","Allgemein","",""
"264","mal","schlecht","adverb","","Je dors mal quand il fait trop chaud.","Allgemein","",""
"265","très","sehr","adverb","","Je suis très content aujourd'hui.","Allgemein","",""
"266","trop","zu sehr","adverb","","Tu parles trop fort.","Allgemein","",""
"267","mais","aber","conjunction","","Je suis fatigué, mais je dois encore travailler.","Meinungen & Kommunikation","",""
"268","et","und","conjunction","","Paul et Marie arrivent à huit heures.","Meinungen & Kommunikation","",""
"269","ou","oder","conjunction","","Tu préfères le thé ou le café ?","Meinungen & Kommunikation","",""
"270","parce que","weil","conjunction","","Je reste à la maison parce que je suis malade.","Meinungen & Kommunikation","",""
"271","donc","also","conjunction","","Il pleut, donc nous restons à la maison.","Meinungen & Kommunikation","",""
"272","puis","dann","conjunction","","Je finis mes devoirs, puis je regarde une série.","Meinungen & Kommunikation","",""
"273","si","wenn; ob","conjunction","","Si tu changes d'avis, écris-moi.","Meinungen & Kommunikation","",""
"274","je ne comprends pas","ich verstehe nicht","phrase","","Je ne comprends pas cette question.","Schule","",""
"275","tu peux répéter","kannst du wiederholen","phrase","","Tu peux répéter plus lentement ?","Schule","",""
"276","comment on dit","wie sagt man","phrase","","Comment on dit ""Fenster"" en français ?","Schule","",""
"277","qu'est-ce que ça veut dire","was bedeutet das","phrase","","Qu'est-ce que ça veut dire exactement ?","Schule","",""
"278","j'ai oublié","ich habe vergessen","phrase","","J'ai oublié mon cahier à la maison.","Schule","",""
"279","je n'ai pas de devoirs","ich habe keine Hausaufgaben","phrase","","Aujourd'hui, je n'ai pas de devoirs.","Schule","",""
"280","ouvrez le livre","öffnet das Buch","phrase","","Ouvrez le livre à la page dix.","Schule","",""
"281","fermez la porte","schließt die Tür","phrase","","Fermez la porte, il fait froid.","Schule","",""
"282","écoutez","hört zu","phrase","","Écoutez bien la consigne.","Schule","",""
"283","répétez s'il vous plaît","wiederholt bitte","phrase","","Répétez s'il vous plaît après moi.","Schule","",""
"284","bonjour","guten Tag","phrase","","Bonjour, comment ça va aujourd'hui ?","Allgemein","",""
"285","salut","hallo","phrase","","Salut, tu vas bien ?","Allgemein","",""
"286","bonsoir","guten Abend","phrase","","Bonsoir, vous avez réservé ?","Allgemein","",""
"287","au revoir","auf Wiedersehen","phrase","","Au revoir, à lundi !","Allgemein","",""
"288","à bientôt","bis bald","phrase","","À bientôt, j'espère !","Allgemein","",""
"289","merci","danke","phrase","","Merci pour ton message.","Allgemein","",""
"290","merci beaucoup","vielen Dank","phrase","","Merci beaucoup pour votre aide.","Allgemein","",""
"291","de rien","gern geschehen","phrase","","De rien, ça me fait plaisir.","Allgemein","",""
"292","s'il te plaît","bitte","phrase","","Ferme la fenêtre, s'il te plaît.","Allgemein","",""
"293","excuse-moi","entschuldige","phrase","","Excuse-moi, je suis un peu en retard.","Allgemein","",""
"294","pardon","Entschuldigung","phrase","","Pardon, je peux passer ?","Allgemein","",""
"295","ça va","es geht","phrase","","Ça va, inutile de répéter.","Allgemein","",""
"296","ça va bien","es geht gut","phrase","","Oui, ça va bien aujourd'hui.","Allgemein","",""
"297","comme ci comme ça","so lala","phrase","","Ça va ? Comme ci comme ça.","Allgemein","",""
"298","je vais bien","mir geht es gut","phrase","","Je vais bien, merci.","Allgemein","",""
"299","je suis fatigué","ich bin müde","phrase","","Je suis fatigué après le sport.","Allgemein","",""
"300","j'ai faim","ich habe Hunger","phrase","","J'ai faim, on mange quand ?","Allgemein","",""
"301","j'ai soif","ich habe Durst","phrase","","J'ai soif, je voudrais de l'eau.","Allgemein","",""
"302","j'ai peur","ich habe Angst","phrase","","J'ai peur dans le noir.","Allgemein","",""
"303","j'ai besoin de","ich brauche","phrase","","J'ai besoin de ton aide.","Allgemein","",""
"304","je ne sais pas","ich weiß nicht","phrase","","Je ne sais pas la réponse.","Allgemein","",""
"305","je pense que","ich denke, dass","phrase","","Je pense que tu as raison.","Allgemein","",""
"306","je crois que","ich glaube, dass","phrase","","Je crois que c'est une bonne idée.","Allgemein","",""
"307","je suis d'accord","ich bin einverstanden","phrase","","Oui, je suis d'accord avec toi.","Allgemein","",""
"308","pas du tout","überhaupt nicht","phrase","","Tu es fâché ? Pas du tout.","Allgemein","",""
"309","ça dépend","das kommt darauf an","phrase","","Ça dépend du prix.","Allgemein","",""
"310","bien sûr","natürlich","phrase","","Bien sûr, je peux t'aider.","Allgemein","",""
"311","où est la gare","wo ist der Bahnhof","phrase","","Où est la gare, s'il vous plaît ?","Stadt","",""
"312","c'est à gauche","es ist links","phrase","","La pharmacie ? C'est à gauche après le feu.","Stadt","",""
"313","c'est à droite","es ist rechts","phrase","","La poste est à droite de la mairie.","Stadt","",""
"314","tout droit","geradeaus","phrase","","Continuez tout droit jusqu'à la place.","Stadt","",""
"315","je cherche","ich suche","phrase","","Bonjour, je cherche la gare centrale.","Stadt","",""
"316","c'est loin","es ist weit","phrase","","La plage ? Oui, c'est loin d'ici.","Stadt","",""
"317","c'est près d'ici","es ist hier in der Nähe","phrase","","Le supermarché est près d'ici.","Stadt","",""
"318","combien ça coûte","wie viel kostet das","phrase","","Combien ça coûte, ce pull ?","Stadt","",""
"319","je voudrais","ich hätte gern","phrase","","Je voudrais un jus d'orange, s'il vous plaît.","Stadt","",""
"320","l'addition s'il vous plaît","die Rechnung bitte","phrase","","L'addition, s'il vous plaît.","Stadt","",""
"321","je m'appelle","ich heiße","phrase","","Je m'appelle Clara.","Familie & Freunde","",""
"322","j'ai douze ans","ich bin zwölf Jahre alt","phrase","","J'ai douze ans et je suis en sixième.","Familie & Freunde","",""
"323","j'habite à","ich wohne in","phrase","","J'habite à Berlin depuis deux ans.","Familie & Freunde","",""
"324","voici ma famille","das ist meine Familie","phrase","","Voici ma famille sur la photo.","Familie & Freunde","",""
"325","j'ai un frère","ich habe einen Bruder","phrase","","J'ai un frère plus âgé que moi.","Familie & Freunde","",""
"326","j'ai une sœur","ich habe eine Schwester","phrase","","J'ai une sœur qui aime la musique.","Familie & Freunde","",""
"327","mon anniversaire est le","mein Geburtstag ist am","phrase","","Mon anniversaire est le 14 mai.","Familie & Freunde","",""
"328","j'aime le sport","ich mag Sport","phrase","","J'aime le sport, surtout le tennis.","Freizeit & Hobbys","",""
"329","j'adore la musique","ich liebe Musik","phrase","","J'adore la musique française.","Freizeit & Hobbys","",""
"330","je préfère","ich bevorzuge","phrase","","Je préfère le train à la voiture.","Freizeit & Hobbys","",""
"331","je joue au football","ich spiele Fußball","phrase","","Je joue au football le mercredi.","Freizeit & Hobbys","",""
"332","je regarde un film","ich schaue einen Film","phrase","","Le soir, je regarde un film avec mes parents.","Freizeit & Hobbys","",""
"333","je lis un livre","ich lese ein Buch","phrase","","Dans le train, je lis un livre.","Freizeit & Hobbys","",""
"334","on se retrouve","wir treffen uns","phrase","","On se retrouve devant le cinéma à huit heures.","Freizeit & Hobbys","",""
"382","le pantalon","die Hose","noun","m","Ce pantalon est très confortable.","Kleidung & Mode","",""
"383","le jean","die Jeans","noun","m","On voit le jean sur la photo.","Kleidung & Mode","",""
"384","le t shirt","das T Shirt","noun","m","On voit le t shirt sur la photo.","Kleidung & Mode","",""
"385","la chemise","das Hemd","noun","f","On voit la chemise sur la photo.","Kleidung & Mode","",""
"386","le pull","der Pullover","noun","m","On voit le pull sur la photo.","Kleidung & Mode","",""
"387","la veste","die Jacke","noun","f","On voit la veste sur la photo.","Kleidung & Mode","",""
"388","le manteau","der Mantel","noun","m","On voit le manteau sur la photo.","Kleidung & Mode","",""
"389","la robe","das Kleid","noun","f","On voit la robe sur la photo.","Kleidung & Mode","",""
"390","la jupe","der Rock","noun","f","On voit la jupe sur la photo.","Kleidung & Mode","",""
"391","les chaussures","die Schuhe","noun","","On voit les chaussures sur la photo.","Kleidung & Mode","",""
"392","les baskets","die Turnschuhe","noun","","On voit les baskets sur la photo.","Kleidung & Mode","",""
"393","les chaussettes","die Socken","noun","","On voit les chaussettes sur la photo.","Kleidung & Mode","",""
"394","le chapeau","der Hut","noun","m","On voit le chapeau sur la photo.","Kleidung & Mode","",""
"395","l'écharpe","der Schal","noun","","On voit l'écharpe sur la photo.","Kleidung & Mode","",""
"396","le bonnet","die Mütze","noun","m","On voit le bonnet sur la photo.","Kleidung & Mode","",""
"397","les gants","die Handschuhe","noun","","On voit les gants sur la photo.","Kleidung & Mode","",""
"398","la taille","die Größe","noun","f","On voit la taille sur la photo.","Kleidung & Mode","",""
"399","la mode","die Mode","noun","f","On voit la mode sur la photo.","Kleidung & Mode","",""
"400","coloré","bunt","adjective","","C'est coloré.","Kleidung & Mode","",""
"401","confortable","bequem","adjective","","C'est confortable.","Kleidung & Mode","",""
"402","serré","eng","adjective","","C'est serré.","Kleidung & Mode","",""
"403","large","weit","adjective","","C'est large.","Kleidung & Mode","",""
"404","élégant","elegant","adjective","","C'est élégant.","Kleidung & Mode","",""
"405","sportif","sportlich","adjective","","C'est sportif.","Kleidung & Mode","",""
"406","bon marché","günstig","adjective","","C'est bon marché.","Kleidung & Mode","",""
"412","le soleil","die Sonne","noun","m","En été, le soleil est très fort.","Umwelt","",""
"413","la pluie","der Regen","noun","f","Aujourd'hui, on observe la pluie.","Umwelt","",""
"414","le vent","der Wind","noun","m","Aujourd'hui, on observe le vent.","Umwelt","",""
"415","la neige","der Schnee","noun","f","Aujourd'hui, on observe la neige.","Umwelt","",""
"416","le nuage","die Wolke","noun","m","Aujourd'hui, on observe le nuage.","Umwelt","",""
"417","le ciel","der Himmel","noun","m","Aujourd'hui, on observe le ciel.","Umwelt","",""
"418","la température","die Temperatur","noun","f","Aujourd'hui, on observe la température.","Umwelt","",""
"419","le printemps","der Frühling","noun","m","Aujourd'hui, on observe le printemps.","Umwelt","",""
"420","l'été","der Sommer","noun","","Aujourd'hui, on observe l'été.","Umwelt","",""
"421","l'automne","der Herbst","noun","","Aujourd'hui, on observe l'automne.","Umwelt","",""
"422","l'hiver","der Winter","noun","","Aujourd'hui, on observe l'hiver.","Umwelt","",""
"423","la forêt","der Wald","noun","f","Aujourd'hui, on observe la forêt.","Umwelt","",""
"424","la nature","die Natur","noun","f","Aujourd'hui, on observe la nature.","Umwelt","",""
"425","la terre","die Erde","noun","f","Aujourd'hui, on observe la terre.","Umwelt","",""
"426","l'environnement","die Umwelt","noun","","Aujourd'hui, on observe l'environnement.","Umwelt","",""
"427","ensoleillé","sonnig","adjective","","Le temps est ensoleillé.","Natur","",""
"428","nuageux","bewölkt","adjective","","Le temps est nuageux.","Natur","",""
"429","pluvieux","regnerisch","adjective","","Le temps est pluvieux.","Natur","",""
"430","humide","feucht","adjective","","Le temps est humide.","Natur","",""
"431","sec","trocken","adjective","","Le temps est sec.","Natur","",""
"432","frais","kühl","adjective","","Le temps est frais.","Natur","",""
"433","il fait beau","das Wetter ist schön","phrase","","Aujourd'hui, il fait beau et chaud.","Natur","",""
"434","il fait mauvais","das Wetter ist schlecht","phrase","","En novembre, il fait souvent mauvais.","Natur","",""
"435","il fait chaud","es ist warm","phrase","","En été, il fait très chaud à Marseille.","Natur","",""
"436","il fait froid","es ist kalt","phrase","","Ce matin, il fait froid dehors.","Natur","",""
"437","il pleut","es regnet","phrase","","Prends un parapluie, il pleut.","Natur","",""
"438","il neige","es schneit","phrase","","Regarde, il neige enfin !","Natur","",""
"439","quel temps fait-il","wie ist das Wetter","phrase","","Quel temps fait-il aujourd'hui à Paris ?","Natur","",""
"500","pourquoi","warum","pronoun","","Pourquoi tu es triste ?","Meinungen & Kommunikation","",""
"501","quand","wann","pronoun","","Quand est-ce que tu arrives ?","Meinungen & Kommunikation","",""
"502","comment","wie","pronoun","","Comment fonctionne ce bouton ?","Meinungen & Kommunikation","",""
"503","où","wo","pronoun","","Où commence la visite ?","Meinungen & Kommunikation","",""
"504","qui","wer","pronoun","","Qui a laissé ce message ?","Meinungen & Kommunikation","",""
"505","avec","mit","preposition","","Je viens avec ma sœur.","Meinungen & Kommunikation","",""
"506","sans","ohne","preposition","","Je sors sans veste aujourd'hui.","Meinungen & Kommunikation","",""
"507","sur","auf","preposition","","Le livre est sur la table.","Meinungen & Kommunikation","",""
"508","sous","unter","preposition","","Les clés sont sous le journal.","Meinungen & Kommunikation","",""
"509","entre","zwischen","preposition","","La poste est entre la banque et la pharmacie.","Meinungen & Kommunikation","",""
"510","avant","vor","preposition","","Je prends un café avant le travail.","Meinungen & Kommunikation","",""
"511","après","nach","preposition","","Après l'école, je vais au parc.","Meinungen & Kommunikation","",""
"512","goûter","probieren; kosten","verb","","On peut goûter un nouveau plat.","Essen","",""
"513","servir","servieren","verb","","On peut servir le repas rapidement.","Essen","",""
"514","couper","schneiden","verb","","Dans la vie quotidienne, on peut couper.","Essen","",""
"515","la faim","der Hunger","noun","f","Après le sport, j'ai très faim.","Trinken & Gastronomie","",""
"516","la soif","der Durst","noun","f","On voit la soif sur la photo.","Trinken & Gastronomie","",""
"517","le repas","die Mahlzeit","noun","m","On voit le repas sur la photo.","Trinken & Gastronomie","",""
"518","le menu","die Speisekarte","noun","m","On voit le menu sur la photo.","Trinken & Gastronomie","",""
"519","le dessert","die Nachspeise","noun","m","Mon dessert préféré est la glace.","Trinken & Gastronomie","",""
"520","la soupe","die Suppe","noun","f","On voit la soupe sur la photo.","Trinken & Gastronomie","",""
"521","le poulet","das Hähnchen","noun","m","On voit le poulet sur la photo.","Trinken & Gastronomie","",""
"522","le riz","der Reis","noun","m","On voit le riz sur la photo.","Trinken & Gastronomie","",""
"523","les pâtes","die Nudeln","noun","","On voit les pâtes sur la photo.","Trinken & Gastronomie","",""
"524","l'œuf","das Ei","noun","","On voit l'œuf sur la photo.","Trinken & Gastronomie","",""
"525","le beurre","die Butter","noun","m","On voit le beurre sur la photo.","Trinken & Gastronomie","",""
"526","le sucre","der Zucker","noun","m","On voit le sucre sur la photo.","Trinken & Gastronomie","",""
"527","le sel","das Salz","noun","m","On voit le sel sur la photo.","Trinken & Gastronomie","",""
"528","le poivre","der Pfeffer","noun","m","On voit le poivre sur la photo.","Trinken & Gastronomie","",""
"529","le fruit","das Obst","noun","m","On voit le fruit sur la photo.","Trinken & Gastronomie","",""
"530","le légume","das Gemüse","noun","m","On voit le légume sur la photo.","Trinken & Gastronomie","",""
"531","la fraise","die Erdbeere","noun","f","On voit la fraise sur la photo.","Trinken & Gastronomie","",""
"532","l'orange","die Orange","noun","","On voit l'orange sur la photo.","Trinken & Gastronomie","",""
"533","la glace","das Eis","noun","f","On voit la glace sur la photo.","Trinken & Gastronomie","",""
"534","la pizza","die Pizza","noun","f","On voit la pizza sur la photo.","Trinken & Gastronomie","",""
"535","le sandwich","das Sandwich","noun","m","On voit le sandwich sur la photo.","Trinken & Gastronomie","",""
"536","la boisson","das Getränk","noun","f","On voit la boisson sur la photo.","Trinken & Gastronomie","",""
"537","j'ai très faim","ich habe großen Hunger","phrase","","J'ai très faim.","Essen","",""
"538","qu'est-ce que tu manges","was isst du","phrase","","Qu'est-ce que tu manges ?","Essen","",""
"539","je voudrais une pizza","ich hätte gern eine Pizza","phrase","","Au restaurant, je voudrais une pizza et de l'eau.","Essen","",""
"540","c'est délicieux","das ist köstlich","phrase","","C'est délicieux.","Essen","",""
"541","je n'aime pas ça","das mag ich nicht","phrase","","Je n'aime pas ça.","Essen","",""
"542","on mange à quelle heure","um wie viel Uhr essen wir","phrase","","On mange à quelle heure.","Essen","",""
"543","je prends un dessert","ich nehme eine Nachspeise","phrase","","Je prends un dessert.","Essen","",""
"551","le tableau","die Tafel","noun","m","Le professeur écrit au tableau.","Schule","",""
"552","la feuille","das Blatt","noun","f","Aujourd'hui, le cours porte sur la feuille.","Schule","",""
"553","la note","die Note","noun","f","Aujourd'hui, le cours porte sur la note.","Schule","",""
"554","le contrôle","der Test","noun","m","Aujourd'hui, le cours porte sur le contrôle.","Schule","",""
"555","l'examen","die Prüfung","noun","","Aujourd'hui, le cours porte sur l'examen.","Schule","",""
"556","la règle","das Lineal","noun","f","Aujourd'hui, le cours porte sur la règle.","Schule","",""
"557","la calculatrice","der Taschenrechner","noun","f","Aujourd'hui, le cours porte sur la calculatrice.","Schule","",""
"558","le dictionnaire","das Wörterbuch","noun","m","Aujourd'hui, le cours porte sur le dictionnaire.","Schule","",""
"559","la page","die Seite","noun","f","Aujourd'hui, le cours porte sur la page.","Schule","",""
"560","le groupe","die Gruppe","noun","m","Aujourd'hui, le cours porte sur le groupe.","Schule","",""
"561","le projet","das Projekt","noun","m","Notre projet parle de Paris.","Schule","",""
"562","la présentation","die Präsentation","noun","f","Aujourd'hui, le cours porte sur la présentation.","Schule","",""
"563","le texte","der Text","noun","m","Aujourd'hui, le cours porte sur le texte.","Schule","",""
"564","la phrase","der Satz","noun","f","Aujourd'hui, le cours porte sur la phrase.","Schule","",""
"565","le mot","das Wort","noun","m","Aujourd'hui, le cours porte sur le mot.","Schule","",""
"566","la traduction","die Übersetzung","noun","f","Aujourd'hui, le cours porte sur la traduction.","Schule","",""
"567","la grammaire","die Grammatik","noun","f","Aujourd'hui, le cours porte sur la grammaire.","Schule","",""
"568","je peux aller aux toilettes","kann ich auf die Toilette gehen","phrase","","Je peux aller aux toilettes.","Schule","",""
"569","j'ai terminé","ich bin fertig","phrase","","J'ai terminé.","Schule","",""
"570","je n'ai pas compris la question","ich habe die Frage nicht verstanden","phrase","","Je n'ai pas compris la question.","Schule","",""
"571","travaillez en groupe","arbeitet in Gruppen","phrase","","Travaillez en groupe.","Schule","",""
"572","écrivez la date","schreibt das Datum","phrase","","Écrivez la date.","Schule","",""
"573","ouvrez vos cahiers","öffnet eure Hefte","phrase","","Ouvrez vos cahiers.","Schule","",""
"574","quelle page","welche Seite","phrase","","Quelle page ?","Schule","",""
"575","comment ça s'écrit","wie schreibt man das","phrase","","Comment ça s'écrit en français ?","Schule","",""
"576","sortir avec des amis","mit Freunden ausgehen","phrase","","Dans la vie quotidienne, on peut sortir avec des amis.","Freizeit & Hobbys","",""
"577","nager","schwimmen","verb","","En été, j'aime nager à la piscine.","Freizeit & Hobbys","",""
"578","courir","laufen","verb","","Dans la vie quotidienne, on peut courir.","Freizeit & Hobbys","",""
"579","chanter","singen","verb","","Dans la vie quotidienne, on peut chanter.","Freizeit & Hobbys","",""
"580","danser","tanzen","verb","","Dans la vie quotidienne, on peut danser.","Freizeit & Hobbys","",""
"581","collectionner","sammeln","verb","","Dans la vie quotidienne, on peut collectionner.","Freizeit & Hobbys","",""
"582","se détendre","sich entspannen","verb","","Après le travail, j'aime me détendre avec de la musique.","Freizeit & Hobbys","",""
"583","gagner","gewinnen","verb","","Dans la vie quotidienne, on peut gagner.","Freizeit & Hobbys","",""
"584","perdre","verlieren","verb","","Dans la vie quotidienne, on peut perdre.","Freizeit & Hobbys","",""
"585","le match","das Spiel; Match","noun","m","Dans la vie quotidienne, on parle souvent de le match.","Freizeit & Hobbys","",""
"586","l'entraînement","das Training","noun","","Dans la vie quotidienne, on parle souvent de l'entraînement.","Freizeit & Hobbys","",""
"587","l'équipe","die Mannschaft","noun","","Dans la vie quotidienne, on parle souvent de l'équipe.","Freizeit & Hobbys","",""
"588","le joueur","der Spieler","noun","m","Dans la vie quotidienne, on parle souvent de le joueur.","Freizeit & Hobbys","",""
"589","le concert","das Konzert","noun","m","Dans la vie quotidienne, on parle souvent de le concert.","Freizeit & Hobbys","",""
"590","le spectacle","die Aufführung","noun","m","Dans la vie quotidienne, on parle souvent de le spectacle.","Freizeit & Hobbys","",""
"591","le week-end","das Wochenende","noun","m","Le week-end, je sors avec mes amis.","Freizeit & Hobbys","",""
"592","le passe temps","die Freizeitbeschäftigung","noun","m","Dans la vie quotidienne, on parle souvent de le passe temps.","Freizeit & Hobbys","",""
"593","la télévision","das Fernsehen","noun","f","Dans la vie quotidienne, on parle souvent de la télévision.","Freizeit & Hobbys","",""
"594","la radio","das Radio","noun","f","Dans la vie quotidienne, on parle souvent de la radio.","Freizeit & Hobbys","",""
"595","la tablette","das Tablet","noun","f","Dans la vie quotidienne, on parle souvent de la tablette.","Freizeit & Hobbys","",""
"596","le casque","der Kopfhörer","noun","m","Dans la vie quotidienne, on parle souvent de le casque.","Freizeit & Hobbys","",""
"597","qu'est-ce que tu fais le week-end","was machst du am Wochenende","phrase","","Qu'est-ce que tu fais le week-end ? Je joue au tennis.","Freizeit & Hobbys","",""
"598","j'écoute de la musique","ich höre Musik","phrase","","J'écoute de la musique.","Freizeit & Hobbys","",""
"599","je regarde une série","ich schaue eine Serie","phrase","","Je regarde une série.","Freizeit & Hobbys","",""
"600","on joue ensemble","wir spielen zusammen","phrase","","On joue ensemble.","Freizeit & Hobbys","",""
"601","j'ai gagné","ich habe gewonnen","phrase","","J'ai gagné.","Freizeit & Hobbys","",""
"602","j'ai perdu","ich habe verloren","phrase","","J'ai perdu.","Freizeit & Hobbys","",""
"603","la date","das Datum","noun","f","C'est la date.","Zahlen & Zeit","",""
"604","le calendrier","der Kalender","noun","m","Le calendrier est accroché dans la cuisine.","Zahlen & Zeit","",""
"605","l'horloge","die Uhr","noun","","L'horloge indique déjà midi.","Zahlen & Zeit","",""
"606","l'anniversaire","der Geburtstag","noun","","Mon anniversaire est en octobre.","Zahlen & Zeit","",""
"607","le lundi","der Montag","noun","m","Lundi, nous avons sport à la première heure.","Zahlen & Zeit","",""
"608","le mardi","der Dienstag","noun","m","Mardi, je termine les cours à seize heures.","Zahlen & Zeit","",""
"609","le mercredi","der Mittwoch","noun","m","Mercredi, ma sœur n'a pas cours l'après-midi.","Zahlen & Zeit","",""
"610","le jeudi","der Donnerstag","noun","m","Jeudi, nous allons à la bibliothèque.","Zahlen & Zeit","",""
"611","le vendredi","der Freitag","noun","m","Vendredi, toute la classe semble fatiguée.","Zahlen & Zeit","",""
"612","le samedi","der Samstag","noun","m","Samedi, nous faisons les courses en famille.","Zahlen & Zeit","",""
"613","le dimanche","der Sonntag","noun","m","Dimanche, la maison est plus calme.","Zahlen & Zeit","",""
"614","janvier","Januar","noun","","En janvier, il fait souvent froid.","Zahlen & Zeit","",""
"615","février","Februar","noun","","En février, il fait encore froid.","Zahlen & Zeit","",""
"616","mars","März","noun","","En mars, les arbres commencent à bourgeonner.","Zahlen & Zeit","",""
"617","avril","April","noun","","En avril, il pleut souvent.","Zahlen & Zeit","",""
"618","mai","Mai","noun","","En mai, les journées deviennent plus longues.","Zahlen & Zeit","",""
"619","juin","Juni","noun","","En juin, les examens approchent.","Zahlen & Zeit","",""
"620","juillet","Juli","noun","","En juillet, beaucoup de familles partent en vacances.","Zahlen & Zeit","",""
"621","août","August","noun","","En août, la ville est presque vide.","Zahlen & Zeit","",""
"622","septembre","September","noun","","En septembre, les élèves retournent à l'école.","Zahlen & Zeit","",""
"623","octobre","Oktober","noun","","En octobre, les feuilles tombent.","Zahlen & Zeit","",""
"624","novembre","November","noun","","En novembre, la nuit arrive tôt.","Zahlen & Zeit","",""
"625","décembre","Dezember","noun","","En décembre, les rues sont illuminées.","Zahlen & Zeit","",""
"626","quelle heure est-il","wie spät ist es","phrase","","Excuse-moi, quelle heure est-il ?","Zahlen & Zeit","",""
"627","il est huit heures","es ist acht Uhr","phrase","","Il est huit heures, on doit partir.","Zahlen & Zeit","",""
"628","à quelle heure","um wie viel Uhr","phrase","","À quelle heure commence ton cours ?","Zahlen & Zeit","",""
"629","aujourd'hui, c'est lundi","heute ist Montag","phrase","","Aujourd'hui, c'est lundi et il pleut.","Zahlen & Zeit","",""
"630","mon anniversaire est en mai","mein Geburtstag ist im Mai","phrase","","Mon anniversaire est en mai, juste avant l'été.","Zahlen & Zeit","",""
"631","nous sommes le 8 avril","wir haben den 8. April","phrase","","Nous sommes le 8 avril aujourd'hui.","Zahlen & Zeit","",""
"632","je","ich","pronoun","","Je suis à Berlin aujourd'hui.","Lernen & Bildung","",""
"633","tu","du","pronoun","","Tu arrives demain.","Lernen & Bildung","",""
"634","il","er","pronoun","","Il arrive demain.","Lernen & Bildung","",""
"635","elle","sie","pronoun","","Elle arrive demain.","Lernen & Bildung","",""
"636","nous","wir","pronoun","","Nous arrivons demain.","Lernen & Bildung","",""
"637","vous","ihr; Sie","pronoun","","Vous arrivez demain.","Lernen & Bildung","",""
"638","ils","sie","pronoun","","Ils arrivent demain.","Lernen & Bildung","",""
"639","elles","sie","pronoun","","Elles arrivent demain.","Lernen & Bildung","",""
"640","mon","mein","pronoun","","Mon livre est ici.","Lernen & Bildung","",""
"641","ma","meine","pronoun","","Ma veste est ici.","Lernen & Bildung","",""
"642","mes","meine","pronoun","","Mes clés sont ici.","Lernen & Bildung","",""
"643","ton","dein","pronoun","","Ton sac est prêt.","Lernen & Bildung","",""
"644","ta","deine","pronoun","","Ta chambre est prête.","Lernen & Bildung","",""
"645","tes","deine","pronoun","","Tes affaires sont prêtes.","Lernen & Bildung","",""
"646","son","sein; ihr","pronoun","","Son ami arrive.","Lernen & Bildung","",""
"647","sa","seine; ihre","pronoun","","Sa sœur arrive.","Lernen & Bildung","",""
"648","ses","seine; ihre","pronoun","","Ses parents arrivent.","Lernen & Bildung","",""
"649","notre","unser","pronoun","","Notre école est grande.","Lernen & Bildung","",""
"650","nos","unsere","pronoun","","Nos livres sont là.","Lernen & Bildung","",""
"651","votre","euer; Ihr","pronoun","","Votre table est prête.","Lernen & Bildung","",""
"652","vos","eure; Ihre","pronoun","","Vos billets sont ici.","Lernen & Bildung","",""
"653","leur","ihr","pronoun","","Leur professeur parle.","Lernen & Bildung","",""
"654","leurs","ihre","pronoun","","Leurs enfants jouent.","Lernen & Bildung","",""
"655","ce","dieser","pronoun","","Ce livre est utile.","Lernen & Bildung","",""
"656","cette","diese","pronoun","","Cette idée est bonne.","Lernen & Bildung","",""
"657","ces","diese","pronoun","","Ces phrases sont claires.","Lernen & Bildung","",""
"658","quel","welcher","pronoun","","Quel livre choisis-tu ?","Lernen & Bildung","",""
"659","quelle","welche","pronoun","","Quelle page cherches-tu ?","Lernen & Bildung","",""
"660","quels","welche","pronoun","","Quels exercices fais-tu ?","Lernen & Bildung","",""
"661","quelles","welche","pronoun","","Quelles questions poses-tu ?","Lernen & Bildung","",""
"662","habiter","wohnen","verb","","J'habite dans une petite maison.","Haus & Wohnen","",""
"663","ranger","aufräumen","verb","","Dans la vie quotidienne, on peut ranger.","Haus & Wohnen","",""
"664","nettoyer","putzen","verb","","Dans la vie quotidienne, on peut nettoyer.","Haus & Wohnen","",""
"665","allumer","anmachen","verb","","Dans la vie quotidienne, on peut allumer.","Haus & Wohnen","",""
"666","éteindre","ausschalten","verb","","Dans la vie quotidienne, on peut éteindre.","Haus & Wohnen","",""
"667","installer","einrichten","verb","","Dans la vie quotidienne, on peut installer.","Haus & Wohnen","",""
"668","décorer","dekorieren","verb","","Dans la vie quotidienne, on peut décorer.","Haus & Wohnen","",""
"669","le canapé","das Sofa","noun","m","Le canapé est dans le salon.","Haus & Wohnen","",""
"670","l'armoire","der Schrank","noun","","Dans la vie quotidienne, on parle souvent de l'armoire.","Haus & Wohnen","",""
"671","l'étagère","das Regal","noun","","Dans la vie quotidienne, on parle souvent de l'étagère.","Haus & Wohnen","",""
"672","le miroir","der Spiegel","noun","m","Dans la vie quotidienne, on parle souvent de le miroir.","Haus & Wohnen","",""
"673","le tapis","der Teppich","noun","m","Dans la vie quotidienne, on parle souvent de le tapis.","Haus & Wohnen","",""
"674","le frigo","der Kühlschrank","noun","m","Dans la vie quotidienne, on parle souvent de le frigo.","Haus & Wohnen","",""
"675","le four","der Ofen","noun","m","Dans la vie quotidienne, on parle souvent de le four.","Haus & Wohnen","",""
"676","la douche","die Dusche","noun","f","Dans la vie quotidienne, on parle souvent de la douche.","Haus & Wohnen","",""
"677","la serviette","das Handtuch","noun","f","Dans la vie quotidienne, on parle souvent de la serviette.","Haus & Wohnen","",""
"678","le ménage","der Haushalt","noun","m","Dans la vie quotidienne, on parle souvent de le ménage.","Haus & Wohnen","",""
"679","la lumière","das Licht","noun","f","Dans la vie quotidienne, on parle souvent de la lumière.","Haus & Wohnen","",""
"680","le voisinage","die Nachbarschaft","noun","m","Dans la vie quotidienne, on parle souvent de le voisinage.","Haus & Wohnen","",""
"681","j'habite dans un appartement","ich wohne in einer Wohnung","phrase","","J'habite dans un appartement.","Haus & Wohnen","",""
"682","ma chambre est petite","mein Zimmer ist klein","phrase","","Ma chambre est petite.","Haus & Wohnen","",""
"683","peux-tu ouvrir la fenêtre","kannst du das Fenster öffnen","phrase","","Peux-tu ouvrir la fenêtre ?","Haus & Wohnen","",""
"684","la lumière est allumée","das Licht ist an","phrase","","La lumière est allumée.","Haus & Wohnen","",""
"685","nous rangeons la chambre","wir räumen das Zimmer auf","phrase","","Nous rangeons la chambre.","Haus & Wohnen","",""
"686","viens chez moi","komm zu mir nach Hause","phrase","","Viens chez moi.","Haus & Wohnen","",""
"687","le caractère","der Charakter","noun","m","Dans la vie quotidienne, on parle souvent de le caractère.","Gefühle","",""
"688","le sourire","das Lächeln","noun","m","Dans la vie quotidienne, on parle souvent de le sourire.","Gefühle","",""
"689","les cheveux","die Haare","noun","","Dans la vie quotidienne, on parle souvent de les cheveux.","Gefühle","",""
"690","le visage","das Gesicht","noun","m","Dans la vie quotidienne, on parle souvent de le visage.","Gefühle","",""
"691","l'humour","der Humor","noun","","Dans la vie quotidienne, on parle souvent de l'humour.","Gefühle","",""
"692","la personnalité","die Persönlichkeit","noun","f","Dans la vie quotidienne, on parle souvent de la personnalité.","Gefühle","",""
"693","l'amitié","die Freundschaft","noun","","Dans la vie quotidienne, on parle souvent de l'amitié.","Gefühle","",""
"694","mince","schlank","adjective","","Il est mince.","Gefühle","",""
"695","fort","kräftig","adjective","","Il est fort.","Gefühle","",""
"696","timide","schüchtern","adjective","","Elle est timide au début.","Gefühle","",""
"697","ouvert","offen","adjective","","Le musée est ouvert le samedi.","Gefühle","",""
"698","sérieux","ernst","adjective","","Il est sérieux.","Gefühle","",""
"699","créatif","kreativ","adjective","","Il est créatif.","Gefühle","",""
"700","patient","geduldig","adjective","","Il est patient.","Gefühle","",""
"701","impatient","ungeduldig","adjective","","Il est impatient.","Gefühle","",""
"702","poli","höflich","adjective","","Il est toujours poli avec les professeurs.","Gefühle","",""
"703","curieux","neugierig","adjective","","Les élèves curieux posent beaucoup de questions.","Gefühle","",""
"704","il a les cheveux bruns","er hat braune Haare","phrase","","Mon frère a les cheveux bruns.","Meinungen & Kommunikation","",""
"705","elle a les yeux bleus","sie hat blaue Augen","phrase","","Elle a les yeux bleus.","Meinungen & Kommunikation","",""
"706","il est très gentil","er ist sehr nett","phrase","","Il est très gentil.","Meinungen & Kommunikation","",""
"707","elle est un peu timide","sie ist etwas schüchtern","phrase","","Elle est un peu timide.","Meinungen & Kommunikation","",""
"708","mon ami est drôle","mein Freund ist lustig","phrase","","Mon ami est drôle.","Meinungen & Kommunikation","",""
"709","comment est-il","wie ist er","phrase","","Comment est-il ?","Meinungen & Kommunikation","",""
"755","zéro","null","adjective","","Le nombre est zéro.","Lernen & Bildung","",""
"756","un","eins; ein","adjective","","Le nombre est un.","Lernen & Bildung","",""
"757","deux","zwei","adjective","","J'ai deux chats à la maison.","Lernen & Bildung","",""
"758","trois","drei","adjective","","Le nombre est trois.","Lernen & Bildung","",""
"759","quatre","vier","adjective","","Le nombre est quatre.","Lernen & Bildung","",""
"760","cinq","fünf","adjective","","Le nombre est cinq.","Lernen & Bildung","",""
"761","six","sechs","adjective","","Le nombre est six.","Lernen & Bildung","",""
"762","sept","sieben","adjective","","Le nombre est sept.","Lernen & Bildung","",""
"763","huit","acht","adjective","","Le nombre est huit.","Lernen & Bildung","",""
"764","neuf","neun","adjective","","Le nombre est neuf.","Lernen & Bildung","",""
"765","dix","zehn","adjective","","Le nombre est dix.","Lernen & Bildung","",""
"766","vingt","zwanzig","adjective","","Le nombre est vingt.","Lernen & Bildung","",""
"767","trente","dreißig","adjective","","Le nombre est trente.","Lernen & Bildung","",""
"768","quarante","vierzig","adjective","","Le nombre est quarante.","Lernen & Bildung","",""
"769","cinquante","fünfzig","adjective","","Le nombre est cinquante.","Lernen & Bildung","",""
"770","cent","hundert","adjective","","Le nombre est cent.","Lernen & Bildung","",""
"771","mille","tausend","adjective","","Le nombre est mille.","Lernen & Bildung","",""
"772","beaucoup de","viel","adjective","","Nous avons beaucoup de devoirs aujourd'hui.","Lernen & Bildung","",""
"773","un peu de","ein wenig","adjective","","J'ai un peu de temps.","Lernen & Bildung","",""
"774","assez de","genug","adjective","","Nous avons assez de place.","Lernen & Bildung","",""
"775","plus de","mehr","adjective","","Il faut plus de temps.","Lernen & Bildung","",""
"776","moins de","weniger","adjective","","Il y a moins de bruit ici.","Lernen & Bildung","",""
"777","le kilo","das Kilo","noun","m","Aujourd'hui, le cours porte sur le kilo.","Lernen & Bildung","",""
"778","le litre","der Liter","noun","m","Aujourd'hui, le cours porte sur le litre.","Lernen & Bildung","",""
"779","le mètre","der Meter","noun","m","Aujourd'hui, le cours porte sur le mètre.","Lernen & Bildung","",""
"780","j'ai deux frères","ich habe zwei Brüder","phrase","","J'ai deux frères et une sœur.","Lernen & Bildung","",""
"781","ça coûte dix euros","das kostet zehn Euro","phrase","","Excusez-moi, ça coûte dix euros ?","Lernen & Bildung","",""
"782","un kilo de pommes","ein Kilo Äpfel","phrase","","Je voudrais un kilo de pommes, s'il vous plaît.","Lernen & Bildung","",""
"783","beaucoup de travail","viel Arbeit","phrase","","J'ai beaucoup de travail cette semaine.","Lernen & Bildung","",""
"784","un peu d'eau","ein wenig Wasser","noun","","Il reste encore un peu d'eau dans la bouteille.","Lernen & Bildung","",""
"788","se brosser les dents","sich die Zähne putzen","verb","","Je me brosse les dents avant de dormir.","Zahlen & Zeit","",""
"789","prendre le petit déjeuner","frühstücken","phrase","","Dans la vie quotidienne, on peut prendre le petit déjeuner.","Zahlen & Zeit","",""
"790","quitter la maison","das Haus verlassen","phrase","","Dans la vie quotidienne, on peut quitter la maison.","Zahlen & Zeit","",""
"791","rentrer","zurückkommen","verb","","Dans la vie quotidienne, on peut rentrer.","Zahlen & Zeit","",""
"792","se reposer","sich ausruhen","verb","","Le dimanche, je me repose à la maison.","Zahlen & Zeit","",""
"793","faire une pause","eine Pause machen","phrase","","Dans la vie quotidienne, on peut faire une pause.","Zahlen & Zeit","",""
"794","se promener","spazieren gehen","verb","","Le soir, ils se promènent le long du fleuve.","Zahlen & Zeit","",""
"795","se connecter","sich einloggen","verb","","Je me connecte à mon compte tous les matins.","Zahlen & Zeit","",""
"796","le réveil","der Wecker","noun","m","Dans la vie quotidienne, on parle souvent de le réveil.","Zahlen & Zeit","",""
"797","la pause","die Pause","noun","f","À midi, nous faisons une pause.","Zahlen & Zeit","",""
"798","la routine","die Routine","noun","f","Dans la vie quotidienne, on parle souvent de la routine.","Zahlen & Zeit","",""
"799","le trajet","der Weg; die Strecke","noun","m","Dans la vie quotidienne, on parle souvent de le trajet.","Zahlen & Zeit","",""
"800","la journée","der Tag","noun","f","Ma journée commence très tôt.","Zahlen & Zeit","",""
"801","la soirée","der Abend","noun","f","Dans la vie quotidienne, on parle souvent de la soirée.","Zahlen & Zeit","",""
"802","je me lève à sept heures","ich stehe um sieben Uhr auf","phrase","","Je me lève à sept heures.","Zahlen & Zeit","",""
"803","je prends le petit déjeuner","ich frühstücke","phrase","","Je prends le petit déjeuner.","Zahlen & Zeit","",""
"804","je rentre à la maison","ich komme nach Hause zurück","phrase","","Je rentre à la maison.","Zahlen & Zeit","",""
"805","après l'école","nach der Schule","phrase","","Après l'école.","Zahlen & Zeit","",""
"806","avant de dormir","vor dem Schlafen","phrase","","Avant de dormir.","Zahlen & Zeit","",""
"807","je suis en retard","ich bin zu spät","phrase","","Désolé, je suis en retard aujourd'hui.","Zahlen & Zeit","",""
"960","le","der; die; das","pronoun","","Le livre est ici.","Lernen & Bildung","",""
"961","la","die","pronoun","","La porte est ouverte.","Lernen & Bildung","",""
"962","les","die","pronoun","","Les enfants jouent dehors.","Lernen & Bildung","",""
"963","un","ein","pronoun","","Un ami arrive.","Lernen & Bildung","",""
"964","une","eine","pronoun","","Une idée suffit.","Lernen & Bildung","",""
"965","des","einige","pronoun","","Des élèves attendent.","Lernen & Bildung","",""
"969","cet","dieser","pronoun","","Cet exercice est facile.","Lernen & Bildung","",""
"970","c'est","das ist","phrase","","C'est une très bonne idée.","Lernen & Bildung","",""
"971","ce sont","das sind","phrase","","Ce sont mes amis de classe.","Lernen & Bildung","",""
"972","il y a","es gibt","phrase","","Je l'ai rencontré il y a deux ans.","Lernen & Bildung","",""
"2017","le stylo à bille","der Kugelschreiber","noun","m","J'écris avec un stylo à bille bleu.","Schule","",""
"2018","le crayon de couleur","der Buntstift","noun","m","Elle colorie le soleil avec un crayon de couleur jaune.","Schule","",""
"2019","le taille-crayon","der Anspitzer","noun","m","On voit le taille-crayon sur la photo.","Schule","",""
"2030","la réponse correcte","die richtige Antwort","noun","f","C'est la réponse correcte.","Schule","",""
"2031","la réponse fausse","die falsche Antwort","noun","f","Aujourd'hui, le cours porte sur la réponse fausse.","Schule","",""
"2032","la bonne note","die gute Note","noun","f","Il a eu une bonne note en français.","Schule","",""
"2033","la mauvaise note","die schlechte Note","noun","f","Aujourd'hui, le cours porte sur la mauvaise note.","Schule","",""
"2046","la pause déjeuner","die Mittagspause","noun","f","Aujourd'hui, le cours porte sur la pause déjeuner.","Schule","",""
"2062","préparer son sac","seine Tasche vorbereiten","phrase","","Je prépare mon sac la veille.","Schule","",""
"2063","oublier son cahier","sein Heft vergessen","phrase","","En classe, on peut oublier son cahier.","Schule","",""
"2064","noter la date","das Datum aufschreiben","phrase","","Note la date en haut de la page.","Schule","",""
"2065","copier la phrase","den Satz abschreiben","phrase","","En classe, on peut copier la phrase.","Schule","",""
"2070","lever la main","die Hand heben","phrase","","Tu dois lever la main pour parler.","Schule","",""
"2071","donner une réponse","eine Antwort geben","phrase","","Chaque élève doit donner une réponse.","Schule","",""
"2073","recevoir une note","eine Note bekommen","phrase","","En classe, on peut recevoir une note.","Schule","",""
"2087","aller à la bibliothèque","in die Bibliothek gehen","phrase","","En classe, on peut aller à la bibliothèque.","Schule","",""
"2096","j'ai oublié mon cahier","ich habe mein Heft vergessen","phrase","","J'ai oublié mon cahier.","Schule","",""
"2099","je peux poser une question","darf ich eine Frage stellen","phrase","","Je peux poser une question avant l'exercice ?","Schule","",""
"2103","ouvrez votre cahier d'exercices","öffnet euer Arbeitsheft","phrase","","Ouvrez votre cahier d'exercices.","Schule","",""
"2120","le bébé","das Baby","noun","m","Dans la vie quotidienne, on parle souvent de le bébé.","Familie & Freunde","",""
"2123","le repas de famille","das Familienessen","noun","m","Dans la vie quotidienne, on parle souvent de le repas de famille.","Familie & Freunde","",""
"2124","la photo de famille","das Familienfoto","noun","f","Dans la vie quotidienne, on parle souvent de la photo de famille.","Familie & Freunde","",""
"2129","le meilleur ami","der beste Freund","noun","m","Mon meilleur ami habite près de chez moi.","Familie & Freunde","",""
"2130","la meilleure amie","die beste Freundin","noun","f","Dans la vie quotidienne, on parle souvent de la meilleure amie.","Familie & Freunde","",""
"2139","passer du temps en famille","Zeit mit der Familie verbringen","phrase","","Dans la vie quotidienne, on peut passer du temps en famille.","Familie & Freunde","",""
"2140","aider ses parents","seinen Eltern helfen","phrase","","Le week-end, il aide ses parents à la maison.","Familie & Freunde","",""
"2147","inviter un ami","einen Freund einladen","phrase","","J'invite un ami pour mon anniversaire.","Familie & Freunde","",""
"2158","sympathique","sympathisch","adjective","","Il est sympathique.","Familie & Freunde","",""
"2163","on mange ensemble ce soir","wir essen heute Abend zusammen","phrase","","On mange ensemble ce soir.","Familie & Freunde","",""
"2164","je dois aider mon père","ich muss meinem Vater helfen","phrase","","Je dois aider mon père.","Familie & Freunde","",""
"2170","tu veux venir chez moi samedi","willst du am Samstag zu mir kommen","phrase","","Tu veux venir chez moi samedi.","Familie & Freunde","",""
"2174","la porte d'entrée","die Eingangstür","noun","f","Dans la vie quotidienne, on parle souvent de la porte d'entrée.","Haus & Wohnen","",""
"2175","le couloir","der Flur","noun","m","Dans la vie quotidienne, on parle souvent de le couloir.","Haus & Wohnen","",""
"2177","la salle à manger","das Esszimmer","noun","f","Dans la vie quotidienne, on parle souvent de la salle à manger.","Haus & Wohnen","",""
"2199","la clé de la maison","der Haustürschlüssel","noun","f","Dans la vie quotidienne, on parle souvent de la clé de la maison.","Haus & Wohnen","",""
"2201","prendre une douche","duschen","phrase","","Je prends une douche après le sport.","Haus & Wohnen","",""
"2203","faire son lit","sein Bett machen","phrase","","Je fais mon lit avant de partir à l'école.","Haus & Wohnen","",""
"2212","préparer le dîner","das Abendessen vorbereiten","phrase","","Dans la vie quotidienne, on peut préparer le dîner.","Haus & Wohnen","",""
"2217","chercher ses clés","seine Schlüssel suchen","phrase","","Dans la vie quotidienne, on peut chercher ses clés.","Haus & Wohnen","",""
"2219","allumer la lumière","das Licht einschalten","phrase","","Peux-tu allumer la lumière dans la cuisine ?","Haus & Wohnen","",""
"2220","éteindre la lumière","das Licht ausschalten","phrase","","N'oublie pas d'éteindre la lumière en sortant.","Haus & Wohnen","",""
"2228","vide","leer","adjective","","C'est vide.","Haus & Wohnen","",""
"2229","plein","voll","adjective","","C'est plein.","Haus & Wohnen","",""
"2231","je cherche ma brosse à dents","ich suche meine Zahnbürste","phrase","","Je cherche ma brosse à dents.","Haus & Wohnen","",""
"2237","je mets le lait au frigo","ich stelle die Milch in den Kühlschrank","phrase","","Je mets le lait au frigo.","Haus & Wohnen","",""
"2239","n'oublie pas les clés","vergiss die Schlüssel nicht","phrase","","N'oublie pas les clés, la porte se ferme toute seule.","Haus & Wohnen","",""
"2247","le morceau de pain","das Stück Brot","noun","m","On voit le morceau de pain sur la photo.","Essen","",""
"2248","le croissant chaud","das warme Croissant","noun","m","Aujourd'hui, le repas comprend le croissant chaud.","Essen","",""
"2249","le pain au chocolat","das Schokocroissant","noun","m","Aujourd'hui, le repas comprend le pain au chocolat.","Essen","",""
"2250","le miel","der Honig","noun","m","Aujourd'hui, le repas comprend le miel.","Essen","",""
"2251","le yaourt nature","der Naturjoghurt","noun","m","On voit le yaourt nature sur la photo.","Essen","",""
"2254","le jambon","der Schinken","noun","m","On voit le jambon sur la photo.","Essen","",""
"2259","l'œuf dur","das gekochte Ei","noun","","On voit l'œuf dur sur la photo.","Essen","",""
"2266","le raisin","die Weintraube","noun","m","On voit le raisin sur la photo.","Essen","",""
"2267","la poire","die Birne","noun","f","On voit la poire sur la photo.","Essen","",""
"2270","le jus d'orange","der Orangensaft","noun","m","Aujourd'hui, le repas comprend le jus d'orange.","Trinken & Gastronomie","",""
"2271","le thé chaud","der heiße Tee","noun","m","Aujourd'hui, le repas comprend le thé chaud.","Trinken & Gastronomie","",""
"2272","la bouteille d'eau","die Wasserflasche","noun","f","Aujourd'hui, le repas comprend la bouteille d'eau.","Trinken & Gastronomie","",""
"2273","le verre de lait","das Glas Milch","noun","m","Aujourd'hui, le repas comprend le verre de lait.","Trinken & Gastronomie","",""
"2275","la glace au chocolat","das Schokoladeneis","noun","f","Aujourd'hui, le repas comprend la glace au chocolat.","Essen","",""
"2276","la glace à la vanille","das Vanilleeis","noun","f","Aujourd'hui, le repas comprend la glace à la vanille.","Essen","",""
"2278","le serveur","der Kellner","noun","m","On voit le serveur sur la photo.","Trinken & Gastronomie","",""
"2279","la serveuse","die Kellnerin","noun","f","On voit la serveuse sur la photo.","Trinken & Gastronomie","",""
"2282","la liste de courses","der Einkaufszettel","noun","f","Dans la vie quotidienne, on parle souvent de la liste de courses.","Essen","",""
"2283","le prix total","der Gesamtpreis","noun","m","Dans la vie quotidienne, on parle souvent de le prix total.","Reisen","",""
"2288","le pantalon noir","die schwarze Hose","noun","m","Dans la vie quotidienne, on parle souvent de le pantalon noir.","Kleidung & Mode","",""
"2289","les chaussures de sport","die Sportschuhe","noun","","Dans la vie quotidienne, on parle souvent de les chaussures de sport.","Kleidung & Mode","",""
"2291","boire un jus d'orange","einen Orangensaft trinken","phrase","","Dans la vie quotidienne, on peut boire un jus d'orange.","Trinken & Gastronomie","",""
"2292","manger une salade","einen Salat essen","phrase","","À midi, je mange une salade avec du pain.","Essen","",""
"2293","couper le pain","das Brot schneiden","phrase","","Dans la vie quotidienne, on peut couper le pain.","Essen","",""
"2297","prendre un dessert","einen Nachtisch nehmen","phrase","","Dans la vie quotidienne, on peut prendre un dessert.","Essen","",""
"2298","avoir encore faim","noch Hunger haben","phrase","","Dans la vie quotidienne, on peut avoir encore faim.","Essen","",""
"2299","avoir très soif","sehr Durst haben","phrase","","Dans la vie quotidienne, on peut avoir très soif.","Essen","",""
"2302","demander l'addition","die Rechnung verlangen","phrase","","Excusez-moi, nous voudrions demander l'addition.","Trinken & Gastronomie","",""
"2303","payer en espèces","bar bezahlen","phrase","","Dans la vie quotidienne, on peut payer en espèces.","Reisen","",""
"2304","payer avec sa carte","mit Karte bezahlen","phrase","","Ici, on peut payer avec sa carte sans problème.","Reisen","",""
"2305","faire les courses","einkaufen gehen","phrase","","Nous faisons les courses le samedi matin.","Essen","",""
"2306","prendre un panier","einen Einkaufskorb nehmen","phrase","","Dans la vie quotidienne, on peut prendre un panier.","Essen","",""
"2314","sucré","süß","adjective","","C'est sucré.","Essen","",""
"2315","salé","salzig","adjective","","C'est salé.","Essen","",""
"2319","je prépare le petit déjeuner","ich bereite das Frühstück vor","phrase","","Je prépare le petit déjeuner.","Essen","",""
"2320","je voudrais un jus d'orange","ich hätte gern einen Orangensaft","phrase","","Bonjour, je voudrais un jus d'orange, s'il vous plaît.","Trinken & Gastronomie","",""
"2321","on mange des pâtes ce soir","wir essen heute Abend Nudeln","phrase","","On mange des pâtes ce soir.","Essen","",""
"2323","je prends une salade verte","ich nehme einen grünen Salat","phrase","","Je prends une salade verte.","Trinken & Gastronomie","",""
"2324","je n'ai plus faim","ich habe keinen Hunger mehr","phrase","","Je n'ai plus faim.","Essen","",""
"2326","on partage une pizza","wir teilen uns eine Pizza","phrase","","On partage une pizza.","Trinken & Gastronomie","",""
"2327","je paie en espèces","ich bezahle bar","phrase","","Je paie en espèces.","Reisen","",""
"2357","le plan de la ville","der Stadtplan","noun","m","Aujourd'hui, le trajet passe par le plan de la ville.","Reisen","",""
"2360","la bonne direction","die richtige Richtung","noun","f","Aujourd'hui, le trajet passe par la bonne direction.","Stadt","",""
"2362","traverser la rue","die Straße überqueren","phrase","","On traverse la rue au feu vert.","Verkehr","",""
"2366","prendre le tram","die Straßenbahn nehmen","phrase","","Dans la vie quotidienne, on peut prendre le tram.","Verkehr","",""
"2369","faire une promenade","einen Spaziergang machen","phrase","","Dans la vie quotidienne, on peut faire une promenade.","Stadt","",""
"2370","prendre le train","den Zug nehmen","phrase","","Demain, nous allons prendre le train pour Lyon.","Verkehr","",""
"2373","faire sa valise","seinen Koffer packen","phrase","","Je fais ma valise la veille du départ.","Reisen","",""
"2390","je traverse au passage piéton","ich gehe über den Zebrastreifen","phrase","","Je traverse au passage piéton.","Verkehr","",""
"2392","où est la mairie","wo ist das Rathaus","phrase","","Où est la mairie ?","Stadt","",""
"2394","je cherche la bonne direction","ich suche die richtige Richtung","phrase","","Je cherche la bonne direction.","Stadt","",""
"2403","le clavier","die Tastatur","noun","m","On voit le clavier sur la photo.","Medien","",""
"2404","la souris","die Maus","noun","f","On voit la souris sur la photo.","Medien","",""
"2408","le site web","die Website","noun","m","Aujourd'hui, l'article porte sur le site web.","Internet & Social Media","",""
"2412","la connexion internet","die Internetverbindung","noun","f","On voit la connexion internet sur la photo.","Medien","",""
"2413","la caméra","die Kamera","noun","f","On voit la caméra sur la photo.","Medien","",""
"2414","le micro","das Mikrofon","noun","m","On voit le micro sur la photo.","Medien","",""
"2415","les écouteurs","die Ohrhörer","noun","","On voit les écouteurs sur la photo.","Medien","",""
"2426","charger son téléphone","sein Handy aufladen","phrase","","En ligne, on peut charger son téléphone.","Medien","",""
"2429","fermer une application","eine App schließen","phrase","","En ligne, on peut fermer une application.","Internet & Social Media","",""
"2434","chercher sur internet","im Internet suchen","phrase","","Elle cherche l'adresse sur internet.","Internet & Social Media","",""
"2447","en ligne","online","adjective","","Le service est en ligne.","Internet & Social Media","",""
"2450","ma batterie est presque vide","mein Akku ist fast leer","phrase","","Ma batterie est presque vide.","Medien","",""
"2451","je cherche le chargeur","ich suche das Ladegerät","phrase","","Je cherche le chargeur.","Medien","",""
"2460","la tristesse","die Traurigkeit","noun","f","La tristesse passe quand on en parle.","Gefühle","",""
"2465","la toux","der Husten","noun","f","Cette toux l'empêche de dormir depuis deux nuits.","Körper & Gesundheit","",""
"2467","le genou","das Knie","noun","m","On voit le genou sur la photo.","Körper & Gesundheit","",""
"2472","le pansement","das Pflaster","noun","m","Aujourd'hui, la consultation porte sur le pansement.","Körper & Gesundheit","",""
"2474","la météo du jour","das Wetter heute","noun","f","La météo du jour annonce de la pluie.","Natur","",""
"2481","le champ","das Feld","noun","m","On voit le champ sur la photo.","Natur","",""
"2483","l'arbre","der Baum","noun","","On voit l'arbre sur la photo.","Natur","",""
"2485","l'herbe","das Gras","noun","","On voit l'herbe sur la photo.","Natur","",""
"2487","l'oiseau","der Vogel","noun","","On voit l'oiseau sur la photo.","Natur","",""
"2490","le cheval","das Pferd","noun","m","On voit le cheval sur la photo.","Natur","",""
"2491","la vache","die Kuh","noun","f","On voit la vache sur la photo.","Natur","",""
"2492","le mouton","das Schaf","noun","m","On voit le mouton sur la photo.","Natur","",""
"2497","se sentir triste","sich traurig fühlen","verb","","Je me sens triste depuis son départ.","Gefühle","",""
"2498","se sentir en colère","sich wütend fühlen","verb","","Il se sent en colère après cette injustice.","Gefühle","",""
"2502","dormir suffisamment","genug schlafen","phrase","","Dans certaines situations, on peut dormir suffisamment.","Körper & Gesundheit","",""
"2503","boire de l'eau","Wasser trinken","phrase","","Il faut boire de l'eau quand il fait chaud.","Körper & Gesundheit","",""
"2504","avoir de la fièvre","Fieber haben","phrase","","Dans certaines situations, on peut avoir de la fièvre.","Körper & Gesundheit","",""
"2509","regarder la météo","den Wetterbericht schauen","phrase","","Dans certaines situations, on peut regarder la météo.","Natur","",""
"2517","en colère","wütend","adjective","","Je suis en colère.","Gefühle","",""
"2519","malade","krank","adjective","","Je suis malade.","Körper & Gesundheit","",""
"2520","en forme","fit","adjective","","Je suis en forme.","Körper & Gesundheit","",""
"2524","je me sens triste aujourd'hui","ich fühle mich heute traurig","phrase","","Je me sens triste aujourd'hui.","Gefühle","",""
"2528","j'ai mal au dos","ich habe Rückenschmerzen","phrase","","J'ai mal au dos.","Körper & Gesundheit","",""
"2529","j'ai de la fièvre","ich habe Fieber","phrase","","Je reste à la maison parce que j'ai de la fièvre.","Körper & Gesundheit","",""
"2536","le premier exemple","das erste Beispiel","noun","m","Aujourd'hui, le cours porte sur le premier exemple.","Lernen & Bildung","",""
"2537","le deuxième exemple","das zweite Beispiel","noun","m","Aujourd'hui, le cours porte sur le deuxième exemple.","Lernen & Bildung","",""
"2558","simple","einfach","adjective","","Ce texte est simple.","Lernen & Bildung","",""
"2561","correct","korrekt","adjective","","Ce texte est correct.","Lernen & Bildung","",""
"2564","par exemple","zum Beispiel","phrase","","Par exemple.","Lernen & Bildung","",""
"2565","en général","im Allgemeinen","phrase","","En général.","Lernen & Bildung","",""
"2566","en ce moment","im Moment","phrase","","En ce moment.","Lernen & Bildung","",""
"2567","la semaine prochaine","nächste Woche","noun","","La semaine prochaine.","Lernen & Bildung","",""
"2568","le mois prochain","nächsten Monat","noun","","Le mois prochain.","Lernen & Bildung","",""
"2569","le mois dernier","letzten Monat","noun","","Le mois dernier.","Lernen & Bildung","",""
"2573","en premier","zuerst","phrase","","En premier.","Lernen & Bildung","",""
"2574","en dernier","zuletzt","phrase","","En dernier.","Lernen & Bildung","",""
"2577","à la fin","am Ende","phrase","","À la fin.","Lernen & Bildung","",""
"2578","au début","am Anfang","phrase","","Au début.","Lernen & Bildung","",""
"2579","jusqu'à demain","bis morgen","phrase","","Jusqu'à demain.","Lernen & Bildung","",""
"2580","depuis hier","seit gestern","phrase","","Depuis hier.","Lernen & Bildung","",""
"2581","avant midi","vor Mittag","phrase","","Avant midi.","Lernen & Bildung","",""
"2582","après les cours","nach dem Unterricht","phrase","","Après les cours.","Lernen & Bildung","",""
"2584","sans problème","ohne Problem","phrase","","Sans problème.","Lernen & Bildung","",""
"2585","avec plaisir","gern","phrase","","Avec plaisir.","Lernen & Bildung","",""
"2591","d'abord","zuerst","adverb","","L'adverbe ""d'abord"" revient souvent dans ce type d'enonce.","Lernen & Bildung","",""
"2592","enfin","schließlich","adverb","","L'adverbe ""enfin"" revient souvent dans ce type d'enonce.","Lernen & Bildung","",""
"2594","pendant","während","preposition","","On emploie souvent ""pendant"" dans cette tournure.","Lernen & Bildung","",""
"2595","depuis","seit","preposition","","On emploie souvent ""depuis"" dans cette tournure.","Lernen & Bildung","",""
"2596","jusqu'à","bis","preposition","","On emploie souvent ""jusqu'à"" dans cette tournure.","Lernen & Bildung","",""
"2710","où est le cahier","wo ist das Heft","phrase","","Où est le cahier ?","Schule","",""
"2711","j'ai oublié le cahier","ich habe das Heft vergessen","phrase","","J'ai oublié le cahier.","Schule","",""
"2712","je prends le cahier","ich nehme das Heft","phrase","","Je prends le cahier.","Schule","",""
"2715","où est le manuel","wo ist das Lehrbuch","phrase","","Où est le manuel ?","Schule","",""
"2716","j'ai oublié le manuel","ich habe das Lehrbuch vergessen","phrase","","J'ai oublié le manuel.","Schule","",""
"2717","je prends le manuel","ich nehme das Lehrbuch","phrase","","Je prends le manuel.","Schule","",""
"2720","où est le dictionnaire","wo ist das Wörterbuch","phrase","","Où est le dictionnaire ?","Schule","",""
"2721","j'ai oublié le dictionnaire","ich habe das Wörterbuch vergessen","phrase","","J'ai oublié le dictionnaire.","Schule","",""
"2722","je prends le dictionnaire","ich nehme das Wörterbuch","phrase","","Je prends le dictionnaire.","Schule","",""
"2725","où est le classeur","wo ist der Ordner","phrase","","Où est le classeur ?","Schule","",""
"2726","j'ai oublié le classeur","ich habe der Ordner vergessen","phrase","","J'ai oublié le classeur.","Schule","",""
"2727","je prends le classeur","ich nehme der Ordner","phrase","","Je prends le classeur.","Schule","",""
"2730","où est la règle","wo ist das Lineal","phrase","","Où est la règle ?","Schule","",""
"2731","j'ai oublié la règle","ich habe das Lineal vergessen","phrase","","J'ai oublié la règle.","Schule","",""
"2732","je prends la règle","ich nehme das Lineal","phrase","","Je prends la règle.","Schule","",""
"2735","où est la feuille","wo ist das Blatt","phrase","","Où est la feuille ?","Schule","",""
"2736","j'ai oublié la feuille","ich habe das Blatt vergessen","phrase","","J'ai oublié la feuille.","Schule","",""
"2737","je prends la feuille","ich nehme das Blatt","phrase","","Je prends la feuille.","Schule","",""
"2740","où est la calculatrice","wo ist der Taschenrechner","phrase","","Où est la calculatrice ?","Schule","",""
"2741","j'ai oublié la calculatrice","ich habe der Taschenrechner vergessen","phrase","","J'ai oublié la calculatrice.","Schule","",""
"2742","je prends la calculatrice","ich nehme der Taschenrechner","phrase","","Je prends la calculatrice.","Schule","",""
"2745","où est l'ordinateur","wo ist der Computer","phrase","","Où est l'ordinateur ?","Schule","",""
"2746","j'ai oublié l'ordinateur","ich habe der Computer vergessen","phrase","","J'ai oublié l'ordinateur.","Schule","",""
"2747","je prends l'ordinateur","ich nehme der Computer","phrase","","Je prends l'ordinateur.","Schule","",""
"2750","où est la tablette","wo ist das Tablet","phrase","","Où est la tablette ?","Schule","",""
"2751","j'ai oublié la tablette","ich habe das Tablet vergessen","phrase","","J'ai oublié la tablette.","Schule","",""
"2752","je prends la tablette","ich nehme das Tablet","phrase","","Je prends la tablette.","Schule","",""
"2755","où est le sac","wo ist die Tasche","phrase","","Où est le sac ?","Schule","",""
"2756","j'ai oublié le sac","ich habe die Tasche vergessen","phrase","","J'ai oublié le sac.","Schule","",""
"2757","je prends le sac","ich nehme die Tasche","phrase","","Je prends le sac.","Schule","",""
"2760","où est le stylo","wo ist der Stift","phrase","","Où est le stylo ?","Schule","",""
"2761","j'ai oublié le stylo","ich habe der Stift vergessen","phrase","","J'ai oublié le stylo.","Schule","",""
"2762","je prends le stylo","ich nehme der Stift","phrase","","Je prends le stylo.","Schule","",""
"2765","où est la gomme","wo ist der Radiergummi","phrase","","Où est la gomme ?","Schule","",""
"2766","j'ai oublié la gomme","ich habe der Radiergummi vergessen","phrase","","J'ai oublié la gomme.","Schule","",""
"2767","je prends la gomme","ich nehme der Radiergummi","phrase","","Je prends la gomme.","Schule","",""
"2784","je prends une salade","ich nehme einen Salat","phrase","","Je prends une salade.","Trinken & Gastronomie","",""
"2785","je voudrais une salade","ich hätte gern einen Salat","phrase","","Je voudrais une salade.","Trinken & Gastronomie","",""
"2786","on partage une salade","wir teilen einen Salat","phrase","","On partage une salade.","Trinken & Gastronomie","",""
"2787","tu veux une salade","willst du einen Salat","phrase","","Tu veux une salade.","Trinken & Gastronomie","",""
"2788","j'aime une salade","ich mag einen Salat","phrase","","J'aime une salade.","Essen","",""
"2789","je n'aime pas une salade","ich mag einen Salat nicht","phrase","","Je n'aime pas une salade.","Essen","",""
"2790","je prends une soupe","ich nehme eine Suppe","phrase","","Je prends une soupe.","Trinken & Gastronomie","",""
"2791","je voudrais une soupe","ich hätte gern eine Suppe","phrase","","Je voudrais une soupe.","Trinken & Gastronomie","",""
"2792","on partage une soupe","wir teilen eine Suppe","phrase","","On partage une soupe.","Trinken & Gastronomie","",""
"2793","tu veux une soupe","willst du eine Suppe","phrase","","Tu veux une soupe.","Trinken & Gastronomie","",""
"2794","j'aime une soupe","ich mag eine Suppe","phrase","","J'aime une soupe.","Essen","",""
"2795","je n'aime pas une soupe","ich mag eine Suppe nicht","phrase","","Je n'aime pas une soupe.","Essen","",""
"2796","je prends du fromage","ich nehme Käse","phrase","","Je prends du fromage.","Trinken & Gastronomie","",""
"2797","je voudrais du fromage","ich hätte gern Käse","phrase","","Je voudrais du fromage.","Trinken & Gastronomie","",""
"2798","on partage du fromage","wir teilen Käse","phrase","","On partage du fromage.","Trinken & Gastronomie","",""
"2799","tu veux du fromage","willst du Käse","phrase","","Tu veux du fromage.","Trinken & Gastronomie","",""
"2800","j'aime du fromage","ich mag Käse","phrase","","J'aime du fromage.","Essen","",""
"2801","je n'aime pas du fromage","ich mag Käse nicht","phrase","","Je n'aime pas du fromage.","Essen","",""
"2802","je prends du pain","ich nehme Brot","phrase","","Je prends du pain.","Trinken & Gastronomie","",""
"2803","je voudrais du pain","ich hätte gern Brot","phrase","","Je voudrais du pain.","Trinken & Gastronomie","",""
"2804","on partage du pain","wir teilen Brot","phrase","","On partage du pain.","Trinken & Gastronomie","",""
"2805","tu veux du pain","willst du Brot","phrase","","Tu veux du pain.","Trinken & Gastronomie","",""
"2806","j'aime du pain","ich mag Brot","phrase","","J'aime du pain.","Essen","",""
"2807","je n'aime pas du pain","ich mag Brot nicht","phrase","","Je n'aime pas du pain.","Essen","",""
"2808","je prends une pizza","ich nehme eine Pizza","phrase","","Je prends une pizza.","Trinken & Gastronomie","",""
"2809","tu veux une pizza","willst du eine Pizza","phrase","","Tu veux une pizza.","Trinken & Gastronomie","",""
"2810","j'aime une pizza","ich mag eine Pizza","phrase","","J'aime une pizza.","Essen","",""
"2811","je n'aime pas une pizza","ich mag eine Pizza nicht","phrase","","Je n'aime pas une pizza.","Essen","",""
"2812","je prends des pâtes","ich nehme Nudeln","phrase","","Je prends des pâtes.","Trinken & Gastronomie","",""
"2813","je voudrais des pâtes","ich hätte gern Nudeln","phrase","","Je voudrais des pâtes.","Trinken & Gastronomie","",""
"2814","on partage des pâtes","wir teilen Nudeln","phrase","","On partage des pâtes.","Trinken & Gastronomie","",""
"2815","tu veux des pâtes","willst du Nudeln","phrase","","Tu veux des pâtes.","Trinken & Gastronomie","",""
"2816","j'aime des pâtes","ich mag Nudeln","phrase","","J'aime des pâtes.","Essen","",""
"2817","je n'aime pas des pâtes","ich mag Nudeln nicht","phrase","","Je n'aime pas des pâtes.","Essen","",""
"2818","je voudrais un dessert","ich hätte gern einen Nachtisch","phrase","","Je voudrais un dessert.","Trinken & Gastronomie","",""
"2819","tu veux un dessert","willst du einen Nachtisch","phrase","","Tu veux un dessert.","Trinken & Gastronomie","",""
"2820","j'aime un dessert","ich mag einen Nachtisch","phrase","","J'aime un dessert.","Essen","",""
"2821","je n'aime pas un dessert","ich mag einen Nachtisch nicht","phrase","","Je n'aime pas un dessert.","Essen","",""
"2822","je prends un jus de pomme","ich nehme einen Apfelsaft","phrase","","Je prends un jus de pomme.","Trinken & Gastronomie","",""
"2823","je voudrais un jus de pomme","ich hätte gern einen Apfelsaft","phrase","","Je voudrais un jus de pomme.","Trinken & Gastronomie","",""
"2824","on partage un jus de pomme","wir teilen einen Apfelsaft","phrase","","On partage un jus de pomme.","Trinken & Gastronomie","",""
"2825","tu veux un jus de pomme","willst du einen Apfelsaft","phrase","","Tu veux un jus de pomme.","Trinken & Gastronomie","",""
"2826","j'aime un jus de pomme","ich mag einen Apfelsaft","phrase","","J'aime un jus de pomme.","Essen","",""
"2827","je n'aime pas un jus de pomme","ich mag einen Apfelsaft nicht","phrase","","Je n'aime pas un jus de pomme.","Essen","",""
"2828","je voudrais un chocolat chaud","ich hätte gern einen Kakao","phrase","","Je voudrais un chocolat chaud.","Trinken & Gastronomie","",""
"2829","on partage un chocolat chaud","wir teilen einen Kakao","phrase","","On partage un chocolat chaud.","Trinken & Gastronomie","",""
"2830","tu veux un chocolat chaud","willst du einen Kakao","phrase","","Tu veux un chocolat chaud.","Trinken & Gastronomie","",""
"2831","j'aime un chocolat chaud","ich mag einen Kakao","phrase","","J'aime un chocolat chaud.","Essen","",""
"2832","je n'aime pas un chocolat chaud","ich mag einen Kakao nicht","phrase","","Je n'aime pas un chocolat chaud.","Essen","",""
"2833","je prends une glace","ich nehme ein Eis","phrase","","Je prends une glace.","Trinken & Gastronomie","",""
"2834","je voudrais une glace","ich hätte gern ein Eis","phrase","","Je voudrais une glace.","Trinken & Gastronomie","",""
"2835","on partage une glace","wir teilen ein Eis","phrase","","On partage une glace.","Trinken & Gastronomie","",""
"2836","tu veux une glace","willst du ein Eis","phrase","","Tu veux une glace.","Trinken & Gastronomie","",""
"2837","j'aime une glace","ich mag ein Eis","phrase","","J'aime une glace.","Essen","",""
"2838","je n'aime pas une glace","ich mag ein Eis nicht","phrase","","Je n'aime pas une glace.","Essen","",""
"2922","je me sens triste","ich fühle mich traurig","phrase","","Je me sens triste quand je suis seul.","Gefühle","",""
"2924","je me sens heureux","ich fühle mich glücklich","phrase","","Je me sens heureux.","Gefühle","",""
"2928","je me sens fatigué","ich fühle mich müde","phrase","","Je me sens fatigué.","Gefühle","",""
"2958","le gel douche","das Duschgel","noun","m","Dans la vie quotidienne, on parle souvent de le gel douche.","Haus & Wohnen","",""
"2966","ouvrir la porte d'entrée","die Haustür öffnen","phrase","","Dans la vie quotidienne, on peut ouvrir la porte d'entrée.","Haus & Wohnen","",""
"2967","fermer la porte d'entrée","die Haustür schließen","phrase","","Dans la vie quotidienne, on peut fermer la porte d'entrée.","Haus & Wohnen","",""
"2972","le stylo rouge","der rote Stift","noun","m","On voit le stylo rouge sur la photo.","Schule","",""
"2973","le stylo bleu","der blaue Stift","noun","m","On voit le stylo bleu sur la photo.","Schule","",""
"2987","ça coûte trop cher","das kostet zu viel","phrase","","Ça coûte trop cher.","Reisen","",""
"2988","le jus de fruits","der Fruchtsaft","noun","m","Aujourd'hui, le repas comprend le jus de fruits.","Trinken & Gastronomie","",""
"2994","le biscuit au chocolat","der Schokokeks","noun","m","Aujourd'hui, le repas comprend le biscuit au chocolat.","Essen","",""
"3030","le cartable","der Schulranzen","noun","m","On voit le cartable sur la photo.","Schule","",""
"3031","la craie","die Kreide","noun","f","On voit la craie sur la photo.","Schule","",""
"3033","le camarade","der Mitschüler","noun","m","Aujourd'hui, le cours porte sur le camarade.","Schule","",""
"3034","la camarade","die Mitschülerin","noun","f","Aujourd'hui, le cours porte sur la camarade.","Schule","",""
"3038","la farine","das Mehl","noun","f","Aujourd'hui, le repas comprend la farine.","Essen","",""
"3039","la bouteille","die Flasche","noun","f","Aujourd'hui, le repas comprend la bouteille.","Trinken & Gastronomie","",""
"3040","la cliente","die Kundin","noun","f","Dans la vie quotidienne, on parle souvent de la cliente.","Meinungen & Kommunikation","",""
"3056","le pluriel","der Plural","noun","m","Aujourd'hui, le cours porte sur le pluriel.","Lernen & Bildung","",""
"3057","le singulier","der Singular","noun","m","Aujourd'hui, le cours porte sur le singulier.","Lernen & Bildung","",""
"3058","le féminin","das Femininum","noun","m","Aujourd'hui, le cours porte sur le féminin.","Lernen & Bildung","",""
"3059","le masculin","das Maskulinum","noun","m","Aujourd'hui, le cours porte sur le masculin.","Lernen & Bildung","",""
"3072","normal","normal","adjective","","C'est normal.","Allgemein","",""
"3086","bien sûr","natürlich","adverb","","L'adverbe ""bien sûr"" revient souvent dans ce type d'enonce.","Meinungen & Kommunikation","",""
"3100","effacer","ausradieren","verb","","En classe, on peut effacer.","Schule","",""
"3105","laver","waschen","verb","","Dans la vie quotidienne, on peut laver.","Haus & Wohnen","",""
"3108","respirer","atmen","verb","","Dans certaines situations, on peut respirer.","Körper & Gesundheit","",""
"3112","la solution","die Lösung","noun","f","Dans la vie quotidienne, on parle souvent de la solution.","Allgemein","",""
"3114","le bruit","das Geräusch","noun","m","Dans la vie quotidienne, on parle souvent de le bruit.","Allgemein","",""
"3115","le plat","das Gericht","noun","m","On voit le plat sur la photo.","Trinken & Gastronomie","",""
"3116","l'addition","die Rechnung","noun","","On voit l'addition sur la photo.","Trinken & Gastronomie","",""
"3117","le village","das Dorf","noun","m","On voit le village sur la photo.","Stadt","",""
"3127","le froid","die Kälte","noun","m","Aujourd'hui, on observe le froid.","Natur","",""
"3214","l'adresse","die Adresse","noun","","Aujourd'hui, le trajet passe par l'adresse.","Stadt","",""
"3221","l'information","die Information","noun","","Aujourd'hui, l'article porte sur l'information.","Medien","",""
"3226","la géographie","die Geografie","noun","f","Aujourd'hui, le cours porte sur la géographie.","Schule","",""
"3293","dehors","draußen","adverb","","L'adverbe ""dehors"" revient souvent dans ce type d'enonce.","Stadt","",""
"3294","dedans","drinnen","adverb","","L'adverbe ""dedans"" revient souvent dans ce type d'enonce.","Haus & Wohnen","",""
"3432","ensemble","zusammen","adverb","","L'adverbe ""ensemble"" revient souvent dans ce type d'enonce.","Familie & Freunde","",""
"4917","avec plaisir","gern","adverb","","L'adverbe ""avec plaisir"" revient souvent dans ce type d'enonce.","Meinungen & Kommunikation","",""
"4939","rire","lachen","verb","","Dans certaines situations, on peut rire.","Gefühle","",""
"5021","tout droit","geradeaus","adverb","","L'adverbe ""tout droit"" revient souvent dans ce type d'enonce.","Stadt","",""
"34017","le langage enfantin","Kindersprache","noun","m","Au quotidien, le langage enfantin compte beaucoup.","Familie & Freunde","",""
"34018","le parler bébé","Babysprache","noun","m","Au quotidien, le parler bébé compte beaucoup.","Familie & Freunde","",""
"34019","le mot d'enfant","Kinderwort","noun","m","Au quotidien, le mot d'enfant compte beaucoup.","Familie & Freunde","",""
"34020","le premier mot","erstes Wort","noun","m","Au quotidien, le premier mot compte beaucoup.","Familie & Freunde","",""
"34021","le petit mot gentil","liebes kleines Wort","noun","m","Au quotidien, le petit mot gentil compte beaucoup.","Familie & Freunde","",""
"34022","le mot magique","Zauberwort","noun","m","Au quotidien, le mot magique compte beaucoup.","Familie & Freunde","",""
"34023","le surnom affectueux","Kosename","noun","m","Au quotidien, le surnom affectueux compte beaucoup.","Familie & Freunde","",""
"34024","le doudou plat","Schmusetuch","noun","m","Au quotidien, le doudou plat compte beaucoup.","Familie & Freunde","",""
"34025","le doudou lapin","Hasen-Schmusetier","noun","m","Au quotidien, le doudou lapin compte beaucoup.","Familie & Freunde","",""
"34026","le doudou de nuit","Einschlaf-Kuscheltier","noun","m","Au quotidien, le doudou de nuit compte beaucoup.","Familie & Freunde","",""
"34027","le nounours de nuit","Nacht-Teddy","noun","m","Au quotidien, le nounours de nuit compte beaucoup.","Familie & Freunde","",""
"34028","la tétine de secours","Ersatzschnuller","noun","f","Au quotidien, la tétine de secours compte beaucoup.","Familie & Freunde","",""
"34029","l'attache-tétine","Schnullerband","noun","","Au quotidien, l'attache-tétine compte beaucoup.","Familie & Freunde","",""
"34030","la boîte à tétines","Schnullerbox","noun","f","Au quotidien, la boîte à tétines compte beaucoup.","Familie & Freunde","",""
"34031","le biberon du soir","Abendfläschchen","noun","m","Au quotidien, le biberon du soir compte beaucoup.","Familie & Freunde","",""
"34032","le biberon d'eau","Wasserfläschchen","noun","m","Au quotidien, le biberon d'eau compte beaucoup.","Familie & Freunde","",""
"34033","le goupillon à biberon","Flaschenbürste","noun","m","Au quotidien, le goupillon à biberon compte beaucoup.","Familie & Freunde","",""
"34034","la boîte doseuse","Portionierdose","noun","f","Au quotidien, la boîte doseuse compte beaucoup.","Familie & Freunde","",""
"34035","la dose de lait","Milchportion","noun","f","Au quotidien, la dose de lait compte beaucoup.","Familie & Freunde","",""
"34036","le lait infantile","Säuglingsmilch","noun","m","Au quotidien, le lait infantile compte beaucoup.","Familie & Freunde","",""
"34037","le petit pot bébé","Babygläschen","noun","m","Au quotidien, le petit pot bébé compte beaucoup.","Familie & Freunde","",""
"34038","l'assiette ventouse","Saugnapfteller","noun","","Au quotidien, l'assiette ventouse compte beaucoup.","Familie & Freunde","",""
"34039","le bol à oreilles","Kinderschale mit Griffen","noun","m","Au quotidien, le bol à oreilles compte beaucoup.","Familie & Freunde","",""
"34040","la cuillère souple","weicher Löffel","noun","f","Au quotidien, la cuillère souple compte beaucoup.","Familie & Freunde","",""
"34041","le gobelet anti-fuite","auslaufsicherer Becher","noun","m","Au quotidien, le gobelet anti-fuite compte beaucoup.","Familie & Freunde","",""
"34042","le gobelet à bec souple","Trinklernbecher","noun","m","Au quotidien, le gobelet à bec souple compte beaucoup.","Familie & Freunde","",""
"34043","le bavoir à manches","Ärmellätzchen","noun","m","Au quotidien, le bavoir à manches compte beaucoup.","Familie & Freunde","",""
"34044","le lange en coton","Baumwolltuch","noun","m","Au quotidien, le lange en coton compte beaucoup.","Familie & Freunde","",""
"34045","le carré de lange","Mulltuch","noun","m","Au quotidien, le carré de lange compte beaucoup.","Familie & Freunde","",""
"34046","la couche de nuit","Nachtwindel","noun","f","Au quotidien, la couche de nuit compte beaucoup.","Familie & Freunde","",""
"34047","la couche de jour","Tageswindel","noun","f","Au quotidien, la couche de jour compte beaucoup.","Familie & Freunde","",""
"34048","la couche-culotte","Höschenwindel","noun","f","Au quotidien, la couche-culotte compte beaucoup.","Familie & Freunde","",""
"34049","le sac à couches","Windeltasche","noun","m","Au quotidien, le sac à couches compte beaucoup.","Familie & Freunde","",""
"34050","le matelas à langer","Wickelauflage","noun","m","Au quotidien, le matelas à langer compte beaucoup.","Familie & Freunde","",""
"34051","la crème de change","Wundschutzcreme","noun","f","Au quotidien, la crème de change compte beaucoup.","Familie & Freunde","",""
"34052","le thermomètre de bain","Badethermometer","noun","m","Au quotidien, le thermomètre de bain compte beaucoup.","Familie & Freunde","",""
"34053","la baignoire bébé","Babybadewanne","noun","f","Au quotidien, la baignoire bébé compte beaucoup.","Familie & Freunde","",""
"34054","le transat de bain","Badeeinsatz","noun","m","Au quotidien, le transat de bain compte beaucoup.","Familie & Freunde","",""
"34055","la serviette à capuche","Kapuzenhandtuch","noun","f","Au quotidien, la serviette à capuche compte beaucoup.","Familie & Freunde","",""
"34056","la turbulette d'hiver","Winterschlafsack","noun","f","Au quotidien, la turbulette d'hiver compte beaucoup.","Familie & Freunde","",""
"34057","la gigoteuse légère","leichter Schlafsack","noun","f","Au quotidien, la gigoteuse légère compte beaucoup.","Familie & Freunde","",""
"34058","la veilleuse musicale","musikalisches Nachtlicht","noun","f","Au quotidien, la veilleuse musicale compte beaucoup.","Familie & Freunde","",""
"34059","le mobile de lit","Bettmobile","noun","m","Au quotidien, le mobile de lit compte beaucoup.","Familie & Freunde","",""
"34060","le lit à barreaux","Gitterbett","noun","m","Au quotidien, le lit à barreaux compte beaucoup.","Familie & Freunde","",""
"34061","le drap-housse bébé","Spannbettlaken fürs Baby","noun","m","Au quotidien, le drap-housse bébé compte beaucoup.","Familie & Freunde","",""
"34062","la chancelière de poussette","Fußsack für den Kinderwagen","noun","f","Au quotidien, la chancelière de poussette compte beaucoup.","Familie & Freunde","",""
"34063","la poussette canne","Buggy","noun","f","Au quotidien, la poussette canne compte beaucoup.","Familie & Freunde","",""
"34064","la nacelle souple","weiche Babywanne","noun","f","Au quotidien, la nacelle souple compte beaucoup.","Familie & Freunde","",""
"34065","le porte-bébé physiologique","ergonomische Babytrage","noun","m","Au quotidien, le porte-bébé physiologique compte beaucoup.","Familie & Freunde","",""
"34066","l'écharpe de portage","Tragetuch","noun","","Au quotidien, l'écharpe de portage compte beaucoup.","Familie & Freunde","",""
"34067","le siège-auto bébé","Babyschale im Auto","noun","m","Au quotidien, le siège-auto bébé compte beaucoup.","Familie & Freunde","",""
"34068","le miroir de voiture bébé","Baby-Rückspiegel fürs Auto","noun","m","Au quotidien, le miroir de voiture bébé compte beaucoup.","Familie & Freunde","",""
"34069","le cosy bébé","Babyschale","noun","m","Au quotidien, le cosy bébé compte beaucoup.","Familie & Freunde","",""
"34070","la chaise haute évolutive","mitwachsender Hochstuhl","noun","f","Au quotidien, la chaise haute évolutive compte beaucoup.","Familie & Freunde","",""
"34071","le rehausseur de table","Tischsitzerhöhung","noun","m","Au quotidien, le rehausseur de table compte beaucoup.","Familie & Freunde","",""
"34072","le parc pour bébé","Laufgitter","noun","m","Au quotidien, le parc pour bébé compte beaucoup.","Familie & Freunde","",""
"34073","le tapis d'éveil sensoriel","sensorische Krabbeldecke","noun","m","Au quotidien, le tapis d'éveil sensoriel compte beaucoup.","Familie & Freunde","",""
"34074","l'arche d'éveil","Spielbogen","noun","","Au quotidien, l'arche d'éveil compte beaucoup.","Familie & Freunde","",""
"34075","l'anneau de dentition réfrigérant","gekühlter Beißring","noun","","Au quotidien, l'anneau de dentition réfrigérant compte beaucoup.","Familie & Freunde","",""
"34076","le hochet en bois","Holzrassel","noun","m","Au quotidien, le hochet en bois compte beaucoup.","Familie & Freunde","",""
"34077","le cube sensoriel","Sinneswürfel","noun","m","Au quotidien, le cube sensoriel compte beaucoup.","Familie & Freunde","",""
"34078","le livre de bain","Badebuch","noun","m","Au quotidien, le livre de bain compte beaucoup.","Familie & Freunde","",""
"34079","le livre en tissu","Stoffbuch","noun","m","Au quotidien, le livre en tissu compte beaucoup.","Familie & Freunde","",""
"34080","la peluche sonore","klingendes Kuscheltier","noun","f","Au quotidien, la peluche sonore compte beaucoup.","Familie & Freunde","",""
"34081","la boîte à doudou","Schmusetierbox","noun","f","Au quotidien, la boîte à doudou compte beaucoup.","Familie & Freunde","",""
"34082","le coin doudou","Kuschelecke","noun","m","Au quotidien, le coin doudou compte beaucoup.","Familie & Freunde","",""
"34083","le langage du tout-petit","Sprache des Kleinkinds","noun","m","Au quotidien, le langage du tout-petit compte beaucoup.","Familie & Freunde","",""
"34084","le lexique du tout-petit","Kleinkindwortschatz","noun","m","Au quotidien, le lexique du tout-petit compte beaucoup.","Familie & Freunde","",""
"34086","le rituel du coucher","Einschlafritual","noun","m","Au quotidien, le rituel du coucher compte beaucoup.","Allgemein","",""
"34087","le rituel du matin","Morgenritual","noun","m","Au quotidien, le rituel du matin compte beaucoup.","Allgemein","",""
"34088","la histoire du soir","Gute-Nacht-Geschichte","noun","f","Au quotidien, la histoire du soir compte beaucoup.","Allgemein","",""
"34089","la chanson du coucher","Einschlaflied","noun","f","Au quotidien, la chanson du coucher compte beaucoup.","Allgemein","",""
"34090","la berceuse du soir","Abendlied zum Einschlafen","noun","f","Au quotidien, la berceuse du soir compte beaucoup.","Allgemein","",""
"34091","le temps calme","Ruhezeit","noun","m","Au quotidien, le temps calme compte beaucoup.","Allgemein","",""
"34092","le temps câlin","Kuschelzeit","noun","m","Au quotidien, le temps câlin compte beaucoup.","Allgemein","",""
"34093","le moment câlin","Kuschelmoment","noun","m","Au quotidien, le moment câlin compte beaucoup.","Allgemein","",""
"34094","le câlin de réconfort","Tröstekuscheln","noun","m","Au quotidien, le câlin de réconfort compte beaucoup.","Allgemein","",""
"34095","le gros chagrin","großer Kummer","noun","m","Au quotidien, le gros chagrin compte beaucoup.","Allgemein","",""
"34096","la petite frayeur","kleiner Schreck","noun","f","Au quotidien, la petite frayeur compte beaucoup.","Allgemein","",""
"34097","la peur du loup","Angst vor dem Wolf","noun","f","Au quotidien, la peur du loup compte beaucoup.","Allgemein","",""
"34098","la peur de la séparation","Trennungsangst","noun","f","Au quotidien, la peur de la séparation compte beaucoup.","Allgemein","",""
"34099","la crise du soir","Abendkrise","noun","f","Au quotidien, la crise du soir compte beaucoup.","Allgemein","",""
"34100","la crise de larmes","Tränenausbruch","noun","f","Au quotidien, la crise de larmes compte beaucoup.","Allgemein","",""
"34101","la larme de crocodile","Krokodilsträne","noun","f","Au quotidien, la larme de crocodile compte beaucoup.","Allgemein","",""
"34102","le bobo du genou","Aua am Knie","noun","m","Au quotidien, le bobo du genou compte beaucoup.","Allgemein","",""
"34103","le bobo de la main","Aua an der Hand","noun","m","Au quotidien, le bobo de la main compte beaucoup.","Allgemein","",""
"34104","la bosse sur le front","Beule an der Stirn","noun","f","Au quotidien, la bosse sur le front compte beaucoup.","Allgemein","",""
"34105","la poussée dentaire","Zahnungsphase","noun","f","Au quotidien, la poussée dentaire compte beaucoup.","Allgemein","",""
"34106","la dent de lait","Milchzahn","noun","f","Au quotidien, la dent de lait compte beaucoup.","Allgemein","",""
"34107","la première dent","erster Zahn","noun","f","Au quotidien, la première dent compte beaucoup.","Allgemein","",""
"34108","l'apprentissage de la propreté","Sauberwerden","noun","","Au quotidien, l'apprentissage de la propreté compte beaucoup.","Allgemein","",""
"34109","le passage au pot","Umstieg aufs Töpfchen","noun","m","Au quotidien, le passage au pot compte beaucoup.","Allgemein","",""
"34110","le réducteur de toilettes","Toilettenaufsatz","noun","m","Au quotidien, le réducteur de toilettes compte beaucoup.","Allgemein","",""
"34111","le marchepied de salle de bain","Badezimmerhocker","noun","m","Au quotidien, le marchepied de salle de bain compte beaucoup.","Allgemein","",""
"34112","la sieste du matin","Vormittagsschlaf","noun","f","Au quotidien, la sieste du matin compte beaucoup.","Allgemein","",""
"34113","la sieste de l'après-midi","Mittagsschlaf","noun","f","Au quotidien, la sieste de l'après-midi compte beaucoup.","Allgemein","",""
"34114","le dortoir de sieste","Schlafraum","noun","m","Au quotidien, le dortoir de sieste compte beaucoup.","Allgemein","",""
"34115","le réveil en douceur","sanftes Aufwachen","noun","m","Au quotidien, le réveil en douceur compte beaucoup.","Allgemein","",""
"34116","la comptine du rangement","Aufräumlied","noun","f","Au quotidien, la comptine du rangement compte beaucoup.","Allgemein","",""
"34117","la chanson du bonjour","Begrüßungslied","noun","f","Au quotidien, la chanson du bonjour compte beaucoup.","Allgemein","",""
"34118","la chanson d'au revoir","Abschiedslied","noun","f","Au quotidien, la chanson d'au revoir compte beaucoup.","Allgemein","",""
"34119","la routine du bain","Baderoutine","noun","f","Au quotidien, la routine du bain compte beaucoup.","Allgemein","",""
"34120","la routine du repas","Essensroutine","noun","f","Au quotidien, la routine du repas compte beaucoup.","Allgemein","",""
"34122","le petit déjeuner de crèche","Krippenfrühstück","noun","m","Au quotidien, le petit déjeuner de crèche compte beaucoup.","Allgemein","",""
"34123","le goûter du matin","Vormittagssnack","noun","m","Au quotidien, le goûter du matin compte beaucoup.","Allgemein","",""
"34124","le goûter d'anniversaire","Geburtstagsimbiss","noun","m","Au quotidien, le goûter d'anniversaire compte beaucoup.","Allgemein","",""
"34125","le repas mixé","pürierte Mahlzeit","noun","m","Au quotidien, le repas mixé compte beaucoup.","Allgemein","",""
"34126","la compote à boire","Quetschmus","noun","f","Au quotidien, la compote à boire compte beaucoup.","Allgemein","",""
"34127","la purée de légumes","Gemüsepüree","noun","f","Au quotidien, la purée de légumes compte beaucoup.","Allgemein","",""
"34128","le morceau fondant","weiches Stückchen","noun","m","Au quotidien, le morceau fondant compte beaucoup.","Allgemein","",""
"34129","le petit encas","kleiner Snack","noun","m","Au quotidien, le petit encas compte beaucoup.","Allgemein","",""
"34130","le doudou oublié","vergessenes Kuscheltier","noun","m","Au quotidien, le doudou oublié compte beaucoup.","Allgemein","",""
"34131","le chagrin de séparation","Trennungskummer","noun","m","Au quotidien, le chagrin de séparation compte beaucoup.","Allgemein","",""
"34132","la retrouvailles du soir","Wiedersehen am Abend","noun","f","Au quotidien, la retrouvailles du soir compte beaucoup.","Allgemein","",""
"34133","le départ du matin","Abschied am Morgen","noun","m","Au quotidien, le départ du matin compte beaucoup.","Allgemein","",""
"34134","l'arrivée à la crèche","Ankunft in der Krippe","noun","","Au quotidien, l'arrivée à la crèche compte beaucoup.","Allgemein","",""
"34135","la promenade en poussette","Kinderwagenfahrt","noun","f","Au quotidien, la promenade en poussette compte beaucoup.","Allgemein","",""
"34136","la sortie au parc","Ausflug in den Park","noun","f","Au quotidien, la sortie au parc compte beaucoup.","Allgemein","",""
"34137","la heure du bain","Badezeit","noun","f","Au quotidien, la heure du bain compte beaucoup.","Allgemein","",""
"34139","la heure du goûter","Snackzeit","noun","f","Au quotidien, la heure du goûter compte beaucoup.","Allgemein","",""
"34140","le temps de change","Wickelzeit","noun","m","Au quotidien, le temps de change compte beaucoup.","Allgemein","",""
"34141","le change complet","kompletter Windelwechsel","noun","m","Au quotidien, le change complet compte beaucoup.","Allgemein","",""
"34142","la couche propre","saubere Windel","noun","f","Au quotidien, la couche propre compte beaucoup.","Allgemein","",""
"34143","la couche sale","volle Windel","noun","f","Au quotidien, la couche sale compte beaucoup.","Allgemein","",""
"34144","le petit accident","kleines Malheur","noun","m","Au quotidien, le petit accident compte beaucoup.","Allgemein","",""
"34145","le temps du pot","Töpfchenzeit","noun","m","Au quotidien, le temps du pot compte beaucoup.","Allgemein","",""
"34146","le réveil de sieste","Aufwachen nach dem Schlaf","noun","m","Au quotidien, le réveil de sieste compte beaucoup.","Allgemein","",""
"34147","le temps de transition","Übergangszeit","noun","m","Au quotidien, le temps de transition compte beaucoup.","Allgemein","",""
"34148","la micro-crèche","Mikrokrippe","noun","f","Au quotidien, la micro-crèche compte beaucoup.","Allgemein","",""
"34149","la halte-garderie","Kurzzeitkrippe","noun","f","Au quotidien, la halte-garderie compte beaucoup.","Allgemein","",""
"34150","la section des petits","Gruppe der Kleinen","noun","f","Au quotidien, la section des petits compte beaucoup.","Allgemein","",""
"34151","la section des moyens","Gruppe der Mittleren","noun","f","Au quotidien, la section des moyens compte beaucoup.","Allgemein","",""
"34152","la section des grands","Gruppe der Großen","noun","f","Au quotidien, la section des grands compte beaucoup.","Allgemein","",""
"34153","la salle de motricité","Bewegungsraum","noun","f","Au quotidien, la salle de motricité compte beaucoup.","Allgemein","",""
"34154","le parcours de motricité","Bewegungsparcours","noun","m","Au quotidien, le parcours de motricité compte beaucoup.","Allgemein","",""
"34155","le coin dînette","Spielküchenecke","noun","m","Au quotidien, le coin dînette compte beaucoup.","Allgemein","",""
"34156","le coin poupées","Puppenecke","noun","m","Au quotidien, le coin poupées compte beaucoup.","Allgemein","",""
"34157","le coin garage","Autoecke","noun","m","Au quotidien, le coin garage compte beaucoup.","Allgemein","",""
"34158","le coin construction","Bauecke","noun","m","Au quotidien, le coin construction compte beaucoup.","Allgemein","",""
"34159","le coin cuisine","Küchenecke","noun","m","Au quotidien, le coin cuisine compte beaucoup.","Allgemein","",""
"34160","le coin musique","Musikecke","noun","m","Au quotidien, le coin musique compte beaucoup.","Allgemein","",""
"34161","le coin dessin","Malecke","noun","m","Au quotidien, le coin dessin compte beaucoup.","Allgemein","",""
"34162","le coin peinture","Farbecke","noun","m","Au quotidien, le coin peinture compte beaucoup.","Allgemein","",""
"34163","le coin repos","Ruheecke","noun","m","Au quotidien, le coin repos compte beaucoup.","Allgemein","",""
"34164","le coin calme","stille Ecke","noun","m","Au quotidien, le coin calme compte beaucoup.","Allgemein","",""
"34165","le coin cabane","Höhlenecke","noun","m","Au quotidien, le coin cabane compte beaucoup.","Allgemein","",""
"34166","le coin bébé","Babyecke","noun","m","Au quotidien, le coin bébé compte beaucoup.","Allgemein","",""
"34167","le tapis de regroupement","Gruppenteppich","noun","m","Au quotidien, le tapis de regroupement compte beaucoup.","Allgemein","",""
"34168","le temps de regroupement","Morgenkreiszeit","noun","m","Au quotidien, le temps de regroupement compte beaucoup.","Allgemein","",""
"34169","la ronde du matin","Morgenrunde","noun","f","Au quotidien, la ronde du matin compte beaucoup.","Allgemein","",""
"34170","le rituel de présence","Anwesenheitsritual","noun","m","Au quotidien, le rituel de présence compte beaucoup.","Allgemein","",""
"34171","le tableau des présences","Anwesenheitstafel","noun","m","Au quotidien, le tableau des présences compte beaucoup.","Allgemein","",""
"34172","l'étiquette-prénom","Namensschild","noun","","Au quotidien, l'étiquette-prénom compte beaucoup.","Allgemein","",""
"34173","le porte-manteau d'enfant","Kinderhaken","noun","m","Au quotidien, le porte-manteau d'enfant compte beaucoup.","Allgemein","",""
"34174","le casier d'enfant","Kinderfach","noun","m","Au quotidien, le casier d'enfant compte beaucoup.","Allgemein","",""
"34175","le vestiaire de crèche","Krippengarderobe","noun","m","Au quotidien, le vestiaire de crèche compte beaucoup.","Allgemein","",""
"34176","le sac de change","Wechselsachenbeutel","noun","m","Au quotidien, le sac de change compte beaucoup.","Allgemein","",""
"34177","le cahier de liaison","Mitteilungsheft","noun","m","Au quotidien, le cahier de liaison compte beaucoup.","Allgemein","",""
"34178","le calendrier illustré","Bildkalender","noun","m","Au quotidien, le calendrier illustré compte beaucoup.","Allgemein","",""
"34179","la roue des émotions","Emotionsrad","noun","f","Au quotidien, la roue des émotions compte beaucoup.","Allgemein","",""
"34180","le tableau des responsabilités","Verantwortungstafel","noun","m","Au quotidien, le tableau des responsabilités compte beaucoup.","Allgemein","",""
"34181","le responsable du jour","Kind des Tages","noun","m","Au quotidien, le responsable du jour compte beaucoup.","Allgemein","",""
"34182","le service de table","Tischdienst","noun","m","Au quotidien, le service de table compte beaucoup.","Allgemein","",""
"34183","la serviette de cantine","Kantinenserviette","noun","f","Au quotidien, la serviette de cantine compte beaucoup.","Allgemein","",""
"34184","le verre incassable","bruchsicheres Glas","noun","m","Au quotidien, le verre incassable compte beaucoup.","Allgemein","",""
"34185","la petite chaise","kleiner Stuhl","noun","f","Au quotidien, la petite chaise compte beaucoup.","Allgemein","",""
"34186","la petite table","kleiner Tisch","noun","f","Au quotidien, la petite table compte beaucoup.","Allgemein","",""
"34187","le banc de regroupement","Sitzbank für die Gruppe","noun","m","Au quotidien, le banc de regroupement compte beaucoup.","Allgemein","",""
"34188","le tapis de lecture","Leseteppich","noun","m","Au quotidien, le tapis de lecture compte beaucoup.","Allgemein","",""
"34189","le bac sensoriel","Sinneswanne","noun","m","Au quotidien, le bac sensoriel compte beaucoup.","Allgemein","",""
"34190","la table lumineuse","Leuchttisch","noun","f","Au quotidien, la table lumineuse compte beaucoup.","Allgemein","",""
"34191","la bouteille sensorielle","Sinnesflasche","noun","f","Au quotidien, la bouteille sensorielle compte beaucoup.","Allgemein","",""
"34192","le jeu d'encastrement","Steckspiel","noun","m","Au quotidien, le jeu d'encastrement compte beaucoup.","Allgemein","",""
"34193","le jeu d'empilement","Stapelspiel","noun","m","Au quotidien, le jeu d'empilement compte beaucoup.","Allgemein","",""
"34194","le jeu de transvasement","Umfüllspiel","noun","m","Au quotidien, le jeu de transvasement compte beaucoup.","Allgemein","",""
"34195","le bac à semoule","Grießwanne","noun","m","Au quotidien, le bac à semoule compte beaucoup.","Allgemein","",""
"34196","la pâte à modeler","Knetmasse","noun","f","Au quotidien, la pâte à modeler compte beaucoup.","Allgemein","",""
"34197","la pâte à sel","Salzteig","noun","f","Au quotidien, la pâte à sel compte beaucoup.","Allgemein","",""
"34198","la peinture aux doigts","Fingerfarbe","noun","f","Au quotidien, la peinture aux doigts compte beaucoup.","Allgemein","",""
"34199","la gommette ronde","runder Aufkleberpunkt","noun","f","Au quotidien, la gommette ronde compte beaucoup.","Allgemein","",""
"34200","la gommette étoile","Stern-Aufkleber","noun","f","Au quotidien, la gommette étoile compte beaucoup.","Allgemein","",""
"34201","le feutre lavable","auswaschbarer Filzstift","noun","m","Au quotidien, le feutre lavable compte beaucoup.","Allgemein","",""
"34202","le tablier de peinture","Malkittel","noun","m","Au quotidien, le tablier de peinture compte beaucoup.","Allgemein","",""
"34203","le chevalet d'enfant","Kinderstaffelei","noun","m","Au quotidien, le chevalet d'enfant compte beaucoup.","Allgemein","",""
"34204","l'ardoise magique","Zaubertafel","noun","","Au quotidien, l'ardoise magique compte beaucoup.","Allgemein","",""
"34205","le puzzle en bois","Holzpuzzle","noun","m","Au quotidien, le puzzle en bois compte beaucoup.","Allgemein","",""
"34206","la marionnette à doigt","Fingerpuppe","noun","f","Au quotidien, la marionnette à doigt compte beaucoup.","Allgemein","",""
"34207","la marionnette à main","Handpuppe","noun","f","Au quotidien, la marionnette à main compte beaucoup.","Allgemein","",""
"34208","l'imagier sonore","Geräuschbildwörterbuch","noun","","Au quotidien, l'imagier sonore compte beaucoup.","Allgemein","",""
"34209","l'album cartonné","Pappbilderbuch","noun","","Au quotidien, l'album cartonné compte beaucoup.","Allgemein","",""
"34210","le livre à toucher","Fühlbuch","noun","m","Au quotidien, le livre à toucher compte beaucoup.","Allgemein","",""
"34211","le livre à rabats","Klappenbuch","noun","m","Au quotidien, le livre à rabats compte beaucoup.","Allgemein","",""
"34212","la boîte à histoires","Geschichtenbox","noun","f","Au quotidien, la boîte à histoires compte beaucoup.","Allgemein","",""
"34213","le toboggan de crèche","Krippenrutsche","noun","m","Au quotidien, le toboggan de crèche compte beaucoup.","Allgemein","",""
"34214","le tunnel de motricité","Bewegungstunnel","noun","m","Au quotidien, le tunnel de motricité compte beaucoup.","Allgemein","",""
"34215","la piscine à balles","Bällebad","noun","f","Au quotidien, la piscine à balles compte beaucoup.","Allgemein","",""
"34216","la draisienne de cour","Laufrad für den Hof","noun","f","Au quotidien, la draisienne de cour compte beaucoup.","Allgemein","",""
"34217","le porteur enfant","Rutschfahrzeug","noun","m","Au quotidien, le porteur enfant compte beaucoup.","Allgemein","",""
"34218","le vélo sans pédales","Laufrad","noun","m","Au quotidien, le vélo sans pédales compte beaucoup.","Allgemein","",""
"34219","l'éveil au langage","Sprachförderung im frühen Alter","noun","","Au quotidien, l'éveil au langage compte beaucoup.","Allgemein","",""
"34220","l'atelier langage","Sprachatelier","noun","","Au quotidien, l'atelier langage compte beaucoup.","Allgemein","",""
"34221","le coin langage","Sprachecke","noun","m","Au quotidien, le coin langage compte beaucoup.","Allgemein","",""
"34222","le bain de langage","Sprachbad","noun","m","Au quotidien, le bain de langage compte beaucoup.","Allgemein","",""
"34223","le jeu de doigts","Fingerspiel","noun","m","Au quotidien, le jeu de doigts compte beaucoup.","Allgemein","",""
"34224","la comptine à gestes","Bewegungslied","noun","f","Au quotidien, la comptine à gestes compte beaucoup.","Allgemein","",""
"34225","la comptine de doigts","Fingerreim","noun","f","Au quotidien, la comptine de doigts compte beaucoup.","Allgemein","",""
"34226","la comptine pour s'endormir","Einschlafreim","noun","f","Au quotidien, la comptine pour s'endormir compte beaucoup.","Allgemein","",""
"34227","la chanson à gestes","Lied mit Bewegungen","noun","f","Au quotidien, la chanson à gestes compte beaucoup.","Allgemein","",""
"34228","la histoire mimée","nachgespielte Geschichte","noun","f","Au quotidien, la histoire mimée compte beaucoup.","Allgemein","",""
"34229","la histoire racontée","erzählte Geschichte","noun","f","Au quotidien, la histoire racontée compte beaucoup.","Allgemein","",""
"34230","la phrase de consolation","Trostsatz","noun","f","Au quotidien, la phrase de consolation compte beaucoup.","Allgemein","",""
"34231","la phrase de félicitation","Lobesatz","noun","f","Au quotidien, la phrase de félicitation compte beaucoup.","Allgemein","",""
"34232","le mot d'encouragement","Ermutigungswort","noun","m","Au quotidien, le mot d'encouragement compte beaucoup.","Allgemein","",""
"34233","la voix rassurante","beruhigende Stimme","noun","f","Au quotidien, la voix rassurante compte beaucoup.","Allgemein","",""
"34234","le ton rassurant","beruhigender Ton","noun","m","Au quotidien, le ton rassurant compte beaucoup.","Allgemein","",""
"34235","la consigne illustrée","bebilderte Anweisung","noun","f","Au quotidien, la consigne illustrée compte beaucoup.","Allgemein","",""
"34236","le pictogramme de consigne","Anweisungspiktogramm","noun","m","Au quotidien, le pictogramme de consigne compte beaucoup.","Allgemein","",""
"34237","le repère visuel","visuelle Orientierungshilfe","noun","m","Au quotidien, le repère visuel compte beaucoup.","Allgemein","",""
"34238","la suite d'images","Bildfolge","noun","f","Au quotidien, la suite d'images compte beaucoup.","Allgemein","",""
"34239","la carte des émotions","Emotionskarte","noun","f","Au quotidien, la carte des émotions compte beaucoup.","Allgemein","",""
"34240","la boîte à émotions","Emotionsbox","noun","f","Au quotidien, la boîte à émotions compte beaucoup.","Allgemein","",""
"34241","le tableau du jour","Tagesübersicht","noun","m","Au quotidien, le tableau du jour compte beaucoup.","Allgemein","",""
"34242","la phrase du jour","Satz des Tages","noun","f","Au quotidien, la phrase du jour compte beaucoup.","Allgemein","",""
"34243","le mot du jour","Wort des Tages","noun","m","Au quotidien, le mot du jour compte beaucoup.","Allgemein","",""
"34244","l'image séquentielle","Bildabfolge","noun","","Au quotidien, l'image séquentielle compte beaucoup.","Allgemein","",""
"34245","la routine visuelle","visuelle Routine","noun","f","Au quotidien, la routine visuelle compte beaucoup.","Allgemein","",""
"34246","le langage des émotions","Gefühlssprache","noun","m","Au quotidien, le langage des émotions compte beaucoup.","Allgemein","",""
"34247","le vocabulaire du corps","Körperwortschatz","noun","m","Au quotidien, le vocabulaire du corps compte beaucoup.","Allgemein","",""
"34248","le vocabulaire de la maison","Wortschatz Haus","noun","m","Au quotidien, le vocabulaire de la maison compte beaucoup.","Allgemein","",""
"34249","le vocabulaire des animaux","Tierwortschatz","noun","m","Au quotidien, le vocabulaire des animaux compte beaucoup.","Allgemein","",""
"34250","le vocabulaire des aliments","Essenswortschatz","noun","m","Au quotidien, le vocabulaire des aliments compte beaucoup.","Allgemein","",""
"34251","la question simple","einfache Frage","noun","f","Au quotidien, la question simple compte beaucoup.","Allgemein","",""
"34252","la demande de pardon","Bitte um Verzeihung","noun","f","Au quotidien, la demande de pardon compte beaucoup.","Allgemein","",""
"34253","le mot de transition","Übergangswort","noun","m","Au quotidien, le mot de transition compte beaucoup.","Allgemein","",""
"34254","le mot de liaison simple","einfaches Verbindungswort","noun","m","Au quotidien, le mot de liaison simple compte beaucoup.","Allgemein","",""
"34255","la histoire en images","Bildergeschichte","noun","f","Au quotidien, la histoire en images compte beaucoup.","Allgemein","",""
"34256","le jeu de questions","Fragespiel","noun","m","Au quotidien, le jeu de questions compte beaucoup.","Allgemein","",""
"34257","le petit dialogue","kleiner Dialog","noun","m","Au quotidien, le petit dialogue compte beaucoup.","Allgemein","",""
"34258","le dialogue du matin","Morgendialog","noun","m","Au quotidien, le dialogue du matin compte beaucoup.","Allgemein","",""
"34259","le dialogue du départ","Abschiedsdialog","noun","m","Au quotidien, le dialogue du départ compte beaucoup.","Allgemein","",""
"34260","la salutation du soir","Abendgruß","noun","f","Au quotidien, la salutation du soir compte beaucoup.","Allgemein","",""
"34261","le petit message aux parents","kurze Nachricht an die Eltern","noun","m","Au quotidien, le petit message aux parents compte beaucoup.","Allgemein","",""
"34262","le mot dans le cahier","Eintrag im Heft","noun","m","Au quotidien, le mot dans le cahier compte beaucoup.","Allgemein","",""
"34263","l'appel de présence","Anwesenheitsaufruf","noun","","Au quotidien, l'appel de présence compte beaucoup.","Allgemein","",""
"34264","le prénom en capitales","Vorname in Druckbuchstaben","noun","m","Au quotidien, le prénom en capitales compte beaucoup.","Allgemein","",""
"34265","le prénom en script","Vorname in Schreibschrift","noun","m","Au quotidien, le prénom en script compte beaucoup.","Allgemein","",""
"34266","la boîte à sons","Lautebox","noun","f","Au quotidien, la boîte à sons compte beaucoup.","Allgemein","",""
"36267","le chien","der Hund","noun","m","Le chien dort devant la porte.","Natur","",""
"38020","à","zu; in; an; nach","preposition","","Je vais à Paris demain.","Meinungen & Kommunikation","",""
"38021","de","von; aus; über","preposition","","Je viens de Berlin.","Meinungen & Kommunikation","",""
"38022","on","man; wir","pronoun","","On arrive dans cinq minutes.","Lernen & Bildung","",""
"38023","me","mich; mir","pronoun","","Elle me parle doucement.","Lernen & Bildung","",""
"38024","te","dich; dir","pronoun","","Je te téléphone ce soir.","Lernen & Bildung","",""
"38025","se","sich","pronoun","","Il se lève tôt.","Lernen & Bildung","",""
"38029","ne","nicht","adverb","","Je ne sais pas.","Lernen & Bildung","",""
"38030","ça","das; es","pronoun","","Ça va bien aujourd'hui.","Lernen & Bildung","",""
"38035","dans","in; hinein","preposition","","Le livre est dans le sac.","Meinungen & Kommunikation","",""
"38036","pour","für; um zu","preposition","","C'est pour toi.","Meinungen & Kommunikation","",""
"38038","chez","bei; zu Hause bei","preposition","","Je suis chez le médecin.","Meinungen & Kommunikation","",""
"38040","au","zum; am","pronoun","","Il va au bureau.","Lernen & Bildung","",""
"38043","moins","weniger","adverb","","Elle parle moins vite.","Allgemein","",""
"38044","là","da; dort","adverb","","Le livre est là.","Stadt","",""
"38045","que","dass; der/die/das; als","conjunction","","Je pense que c'est vrai.","Meinungen & Kommunikation","",""
"38621","appeler les pompiers","die Feuerwehr rufen","phrase","","En voyant la fumée, il faut appeler les pompiers tout de suite.","Stadt","",""
"38622","appeler la police","die Polizei rufen","phrase","","Si quelqu'un est agressif, appelle la police immédiatement.","Stadt","",""
"38826","aller à l'église","in die Kirche gehen","phrase","","Le dimanche, sa grand-mère aime aller à l'église.","Kultur & Unterhaltung","",""
"38827","entrer dans une église","eine Kirche betreten","phrase","","En voyage, nous aimons entrer dans une église ancienne.","Kultur & Unterhaltung","",""
"38852","être ado","ein Teenager sein","phrase","","Quand on est ado, on veut souvent plus d'indépendance.","Familie & Freunde","",""
"39095","signer le formulaire","das Formular unterschreiben","phrase","","N'oubliez pas de signer le formulaire en bas de page.","Stadt","",""
"39225","le doudou du bébé","das Kuscheltuch des Babys","noun","m","Nous avons préparé le doudou du bébé avant de sortir.","Körper & Gesundheit","",""
"39251","le doudou de la crèche","das Kita-Kuscheltier","noun","m","On a parlé de le doudou de la crèche à la réunion de rentrée.","Familie & Freunde","",""
"39252","le goûter de la crèche","der Kita-Snack","noun","m","On a parlé de le goûter de la crèche à la réunion de rentrée.","Familie & Freunde","",""
"39257","la photo de classe","das Klassenfoto","noun","f","On a parlé de la photo de classe à la réunion de rentrée.","Familie & Freunde","",""
"39304","le pyjama de rechange","der Ersatzpyjama","noun","m","On a installé le pyjama de rechange dans la maison.","Haus & Wohnen","",""
"39310","le livre cartonné","das Pappbilderbuch","noun","m","On a installé le livre cartonné dans la maison.","Haus & Wohnen","",""
"39312","le toboggan du parc","die Rutsche im Park","noun","m","On a préparé le toboggan du parc pour samedi.","Freizeit & Hobbys","",""
"39324","la comptine du soir","das Abendlied","noun","f","On a préparé la comptine du soir pour samedi.","Freizeit & Hobbys","",""
"39347","préparer les chaussures de sport","die Sportschuhe vorbereiten","phrase","","Il faut préparer les chaussures de sport avant de partir.","Familie & Freunde","",""
"39352","préparer le pyjama de rechange","den Ersatzpyjama vorbereiten","phrase","","Il faut préparer le pyjama de rechange avant de partir.","Haus & Wohnen","",""
"39357","préparer le livre cartonné","das Pappbilderbuch vorbereiten","phrase","","Il faut préparer le livre cartonné avant de partir.","Haus & Wohnen","",""
"39366","emporter le doudou du bébé","das Kuscheltuch des Babys mitnehmen","phrase","","N'oublie pas d'emporter le doudou du bébé ce matin.","Körper & Gesundheit","",""
"39371","emporter les chaussures de sport","die Sportschuhe mitnehmen","phrase","","N'oublie pas d'emporter les chaussures de sport ce matin.","Familie & Freunde","",""
"39374","emporter le doudou de la crèche","das Kita-Kuscheltier mitnehmen","phrase","","N'oublie pas d'emporter le doudou de la crèche ce matin.","Familie & Freunde","",""
"39377","emporter le pyjama de rechange","den Ersatzpyjama mitnehmen","phrase","","N'oublie pas d'emporter le pyjama de rechange ce matin.","Haus & Wohnen","",""
"39383","emporter le livre cartonné","das Pappbilderbuch mitnehmen","phrase","","N'oublie pas d'emporter le livre cartonné ce matin.","Haus & Wohnen","",""
"39384","emporter l'album jeunesse","das Bilderbuch mitnehmen","phrase","","N'oublie pas d'emporter l'album jeunesse ce matin.","Haus & Wohnen","",""
"39483","ranger la pâte à modeler","die Knete wegräumen","phrase","","On doit ranger la pâte à modeler avant le dîner.","Haus & Wohnen","",""
"39485","ranger le livre cartonné","das Pappbilderbuch wegräumen","phrase","","On doit ranger le livre cartonné avant le dîner.","Haus & Wohnen","",""
"39486","ranger le doudou du bébé","das Kuscheltuch des Babys wegräumen","phrase","","On doit ranger le doudou du bébé avant le dîner.","Körper & Gesundheit","",""
"39487","ranger le doudou de la crèche","das Kita-Kuscheltier wegräumen","phrase","","On doit ranger le doudou de la crèche avant le dîner.","Familie & Freunde","",""
"39490","ranger les chaussures de sport","die Sportschuhe wegräumen","phrase","","On doit ranger les chaussures de sport avant le dîner.","Familie & Freunde","",""
"39495","ranger le pyjama de rechange","den Ersatzpyjama wegräumen","phrase","","On doit ranger le pyjama de rechange avant le dîner.","Haus & Wohnen","",""
"39497","préparer le biberon du soir","das Abendfläschchen vorbereiten","phrase","","Il faut préparer le biberon du soir aujourd'hui.","Körper & Gesundheit","",""
"39498","réchauffer le petit pot","das Babygläschen erwärmen","phrase","","Il faut réchauffer le petit pot aujourd'hui.","Körper & Gesundheit","",""
"39499","changer la couche","die Windel wechseln","phrase","","Il faut changer la couche aujourd'hui.","Körper & Gesundheit","",""
"39500","donner le bain au bébé","das Baby baden","phrase","","Il faut donner le bain au bébé aujourd'hui.","Körper & Gesundheit","",""
"39513","attacher le casque","den Helm festmachen","phrase","","Il faut attacher le casque aujourd'hui.","Freizeit & Hobbys","",""
"39514","laver le doudou","das Kuscheltuch waschen","phrase","","Il faut laver le doudou aujourd'hui.","Haus & Wohnen","",""
"39516","écouter une comptine du soir","ein Abendlied anhören","phrase","","Il faut écouter une comptine du soir aujourd'hui.","Freizeit & Hobbys","",""
"39517","accompagner l'enfant à la crèche","das Kind in die Kita bringen","phrase","","Il faut accompagner l'enfant à la crèche aujourd'hui.","Familie & Freunde","",""
"39518","accompagner l'enfant à l'école","das Kind zur Schule bringen","phrase","","Il faut accompagner l'enfant à l'école aujourd'hui.","Familie & Freunde","",""
"39519","aller chercher l'enfant à la crèche","das Kind aus der Kita abholen","phrase","","Il faut aller chercher l'enfant à la crèche aujourd'hui.","Familie & Freunde","",""
"39520","aller chercher l'enfant à l'école","das Kind von der Schule abholen","phrase","","Il faut aller chercher l'enfant à l'école aujourd'hui.","Familie & Freunde","",""
"39533","faire la queue devant l'école","vor der Schule anstehen","phrase","","Il faut faire la queue devant l'école aujourd'hui.","Familie & Freunde","",""
"39534","attendre devant la crèche","vor der Kita warten","phrase","","Il faut attendre devant la crèche aujourd'hui.","Familie & Freunde","",""
"39539","aller à la fête de l'école","zum Schulfest gehen","phrase","","Il faut aller à la fête de l'école aujourd'hui.","Freizeit & Hobbys","",""
"39543","brosser les dents des enfants","den Kindern die Zähne putzen","phrase","","Il faut brosser les dents des enfants aujourd'hui.","Körper & Gesundheit","",""
"39544","lire une histoire du soir","eine Gutenachtgeschichte vorlesen","phrase","","Il faut lire une histoire du soir aujourd'hui.","Familie & Freunde","",""
"39546","sortir au parc après l'école","nach der Schule in den Park gehen","phrase","","Il faut sortir au parc après l'école aujourd'hui.","Freizeit & Hobbys","",""
"39562","mettre la table avec les enfants","mit den Kindern den Tisch decken","phrase","","Il faut mettre la table avec les enfants aujourd'hui.","Familie & Freunde","",""
"39570","gonfler les ballons","die Luftballons aufblasen","phrase","","Il faut gonfler les ballons aujourd'hui.","Freizeit & Hobbys","",""
"39583","le compte gratuit","das Gratiskonto","noun","m","Tu peux trouver le compte gratuit dans les paramètres du compte.","Internet & Social Media","",""
"39776","le panier en ligne","der Online-Warenkorb","noun","m","La boutique en ligne affiche le panier en ligne avant la commande.","Wirtschaft & Finanzen","",""
"39784","le code de réduction","der Rabattcode","noun","m","La boutique en ligne affiche le code de réduction avant la commande.","Wirtschaft & Finanzen","",""
"39795","ouvrir la page de connexion","die Anmeldeseite öffnen","phrase","","Tu peux ouvrir la page de connexion directement en ligne.","Internet & Social Media","",""
"39838","brancher le câble HDMI","das HDMI-Kabel anschließen","phrase","","On peut brancher le câble HDMI dans les paramètres.","Technik","",""
"39888","couper son micro","sein Mikro stummschalten","phrase","","Tu peux couper son micro directement en ligne.","Internet & Social Media","",""
"39889","couper sa caméra","seine Kamera ausschalten","phrase","","Tu peux couper sa caméra directement en ligne.","Internet & Social Media","",""
"39900","ajouter au panier en ligne","in den Online-Warenkorb legen","phrase","","Tu peux ajouter au panier en ligne directement en ligne.","Wirtschaft & Finanzen","",""
"39979","ouvrir le mode plein écran","den Vollbildmodus öffnen","phrase","","On peut ouvrir le mode plein écran dans les réglages.","Internet & Social Media","",""
"40047","le panier à fruits","der Obstkorb","noun","m","J'ai posé le panier à fruits sur le plan de travail.","Haus & Wohnen","",""
"40068","la confiture de fraises","die Erdbeermarmelade","noun","f","J'ai acheté la confiture de fraises pour cuisiner ce soir.","Essen","",""
"40089","le panier du supermarché","der Einkaufskorb","noun","m","On voit souvent le panier du supermarché pendant les courses.","Essen","",""
"40090","le caddie de courses","der Einkaufswagen","noun","m","On voit souvent le caddie de courses pendant les courses.","Essen","",""
"40117","le rayon boissons","die Getränkeabteilung","noun","m","On voit souvent le rayon boissons pendant les courses.","Essen","",""
"40120","le paiement en caisse","die Zahlung an der Kasse","noun","m","On voit souvent le paiement en caisse pendant les courses.","Essen","",""
"40182","la bouteille d'huile","die Ölflasche","noun","f","Nous avons rangé la bouteille d'huile dans la cuisine.","Haus & Wohnen","",""
"40183","la bouteille de vinaigre","die Essigflasche","noun","f","Nous avons rangé la bouteille de vinaigre dans la cuisine.","Haus & Wohnen","",""
"40189","la cruche d'eau","die Wasserkaraffe","noun","f","Nous avons rangé la cruche d'eau dans la cuisine.","Haus & Wohnen","",""
"40226","préparer le fromage râpé","den geriebene Käse vorbereiten","phrase","","Il faut préparer le fromage râpé avant ce soir.","Essen","",""
"40237","préparer le paquet de biscuits","die Packung Kekse vorbereiten","phrase","","Il faut préparer le paquet de biscuits avant ce soir.","Essen","",""
"40242","acheter le yaourt nature","den Naturjoghurt kaufen","phrase","","Je vais acheter le yaourt nature au magasin.","Essen","",""
"40243","acheter le fromage râpé","den geriebene Käse kaufen","phrase","","Je vais acheter le fromage râpé au magasin.","Essen","",""
"40253","acheter la confiture de fraises","die Erdbeermarmelade kaufen","phrase","","Je vais acheter la confiture de fraises au magasin.","Essen","",""
"40264","acheter l'eau pétillante","das Sprudelwasser kaufen","phrase","","Je vais acheter l'eau pétillante au magasin.","Essen","",""
"40267","acheter le paquet de biscuits","die Packung Kekse kaufen","phrase","","Je vais acheter le paquet de biscuits au magasin.","Essen","",""
"40269","acheter le panier du supermarché","den Einkaufskorb kaufen","phrase","","Je vais acheter le panier du supermarché au magasin.","Essen","",""
"40270","acheter le caddie de courses","den Einkaufswagen kaufen","phrase","","Je vais acheter le caddie de courses au magasin.","Essen","",""
"40291","ranger le panier à fruits","den Obstkorb wegräumen","phrase","","On doit ranger le panier à fruits après le repas.","Haus & Wohnen","",""
"40320","ranger la corbeille à pain","den Brotkorb wegräumen","phrase","","On doit ranger la corbeille à pain après le repas.","Haus & Wohnen","",""
"40366","remplir le panier du supermarché","den Einkaufskorb füllen","phrase","","Tu peux remplir le panier du supermarché maintenant.","Essen","",""
"40367","remplir le caddie de courses","den Einkaufswagen füllen","phrase","","Tu peux remplir le caddie de courses maintenant.","Essen","",""
"40373","remplir la cruche d'eau","die Wasserkaraffe füllen","phrase","","Tu peux remplir la cruche d'eau maintenant.","Haus & Wohnen","",""
"40407","sortir le yaourt nature","den Naturjoghurt herausnehmen","phrase","","N'oublie pas de sortir le yaourt nature avant la préparation.","Essen","",""
"40408","sortir le fromage râpé","den geriebene Käse herausnehmen","phrase","","N'oublie pas de sortir le fromage râpé avant la préparation.","Essen","",""
"40414","sortir l'eau pétillante","das Sprudelwasser herausnehmen","phrase","","N'oublie pas de sortir l'eau pétillante avant la préparation.","Essen","",""
"40426","plier le linge propre","die saubere Wäsche zusammenlegen","phrase","","On doit plier le linge propre aujourd'hui.","Haus & Wohnen","",""
"40427","sortir les poubelles","den Müll rausbringen","phrase","","On doit sortir les poubelles aujourd'hui.","Haus & Wohnen","",""
"40431","essuyer les verres","die Gläser abtrocknen","phrase","","On doit essuyer les verres aujourd'hui.","Haus & Wohnen","",""
"40433","rincer la passoire","das Sieb abspülen","phrase","","On doit rincer la passoire aujourd'hui.","Haus & Wohnen","",""
"40435","râper le fromage","den Käse reiben","phrase","","On doit râper le fromage aujourd'hui.","Essen","",""
"40436","éplucher les légumes","das Gemüse schälen","phrase","","On doit éplucher les légumes aujourd'hui.","Essen","",""
"40440","préchauffer le four","den Ofen vorheizen","phrase","","On doit préchauffer le four aujourd'hui.","Haus & Wohnen","",""
"40441","faire bouillir de l'eau","Wasser zum Kochen bringen","phrase","","On doit faire bouillir de l'eau aujourd'hui.","Essen","",""
"40442","faire cuire le riz","Reis kochen","phrase","","On doit faire cuire le riz aujourd'hui.","Essen","",""
"40449","préparer le petit-déjeuner","das Frühstück vorbereiten","phrase","","On doit préparer le petit-déjeuner aujourd'hui.","Essen","",""
"40450","faire la liste de courses","die Einkaufsliste machen","phrase","","On doit faire la liste de courses aujourd'hui.","Essen","",""
"40451","partir faire les courses","einkaufen gehen","phrase","","On doit partir faire les courses aujourd'hui.","Essen","",""
"40458","payer en caisse","an der Kasse bezahlen","phrase","","On doit payer en caisse aujourd'hui.","Essen","",""
"40464","ouvrir un bocal","ein Glas öffnen","phrase","","On doit ouvrir un bocal aujourd'hui.","Essen","",""
"40465","fermer la boîte hermétique","die Frischhaltedose schließen","phrase","","On doit fermer la boîte hermétique aujourd'hui.","Haus & Wohnen","",""
"40467","remplir la carafe","die Karaffe füllen","phrase","","On doit remplir la carafe aujourd'hui.","Haus & Wohnen","",""
"40468","servir la soupe","die Suppe servieren","phrase","","On doit servir la soupe aujourd'hui.","Essen","",""
"40469","dresser la table","den Tisch decken","phrase","","On doit dresser la table aujourd'hui.","Haus & Wohnen","",""
"40470","débarrasser la table","den Tisch abräumen","phrase","","On doit débarrasser la table aujourd'hui.","Haus & Wohnen","",""
"40471","couper les fruits","das Obst schneiden","phrase","","On doit couper les fruits aujourd'hui.","Essen","",""
"40473","mettre les biscuits dans la boîte","die Kekse in die Dose legen","phrase","","On doit mettre les biscuits dans la boîte aujourd'hui.","Haus & Wohnen","",""
"40474","prendre un torchon propre","ein sauberes Geschirrtuch nehmen","phrase","","On doit prendre un torchon propre aujourd'hui.","Haus & Wohnen","",""
"40475","sortir une capsule de café","eine Kaffeekapsel herausnehmen","phrase","","On doit sortir une capsule de café aujourd'hui.","Essen","",""
"40476","faire chauffer le lait","die Milch erwärmen","phrase","","On doit faire chauffer le lait aujourd'hui.","Essen","",""
"40649","la sonnette de vélo","die Fahrradklingel","noun","f","Le cycliste utilise la sonnette de vélo tous les jours.","Verkehr","",""
"40728","la route du bureau","der Weg zum Büro","noun","f","On organise la route du bureau pour la semaine.","Verkehr","",""
"40735","passer à la station-service","an die Tankstelle fahren","phrase","","On peut passer à la station-service avant de repartir.","Verkehr","",""
"40755","faire une marche arrière","rückwärts fahren","phrase","","On peut faire une marche arrière avant de repartir.","Verkehr","",""
"40767","chercher une place de parking","einen Parkplatz suchen","phrase","","On peut chercher une place de parking avant de repartir.","Verkehr","",""
"40768","prendre un ticket de parking","ein Parkticket ziehen","phrase","","On peut prendre un ticket de parking avant de repartir.","Verkehr","",""
"40773","prendre l'autoroute","auf die Autobahn fahren","phrase","","On peut prendre l'autoroute avant de repartir.","Verkehr","",""
"40785","montrer le permis de conduire","den Führerschein zeigen","phrase","","On peut montrer le permis de conduire avant de repartir.","Verkehr","",""
"40787","garer le vélo","das Fahrrad abstellen","phrase","","On peut garer le vélo avant de repartir.","Verkehr","",""
"40795","mettre le casque de vélo","den Fahrradhelm aufsetzen","phrase","","On peut mettre le casque de vélo avant de repartir.","Verkehr","",""
"40800","mettre les gants de moto","die Motorradhandschuhe anziehen","phrase","","On peut mettre les gants de moto avant de repartir.","Verkehr","",""
"40801","fermer la visière du casque","das Visier schließen","phrase","","On peut fermer la visière du casque avant de repartir.","Verkehr","",""
"40802","démarrer le scooter","den Roller starten","phrase","","On peut démarrer le scooter avant de repartir.","Verkehr","",""
"40803","garer la moto","das Motorrad parken","phrase","","On peut garer la moto avant de repartir.","Verkehr","",""
"40812","prendre la route du bureau","den Weg zum Büro nehmen","phrase","","On peut prendre la route du bureau avant de repartir.","Verkehr","",""
"40871","ouvrir la trappe à carburant","die Tankklappe öffnen","phrase","","On peut ouvrir la trappe à carburant avant de repartir.","Verkehr","",""
"40872","fermer le bouchon du réservoir","den Tankdeckel schließen","phrase","","On peut fermer le bouchon du réservoir avant de repartir.","Verkehr","",""
"41026","le café du bureau","der Kaffee im Büro","noun","m","On voit souvent le café du bureau dans le quotidien du bureau.","Berufe & Büro","",""
"41027","la pause café","die Kaffeepause","noun","f","On voit souvent la pause café dans le quotidien du bureau.","Berufe & Büro","",""
"41028","la réunion du matin","das Meeting am Morgen","noun","f","On voit souvent la réunion du matin dans le quotidien du bureau.","Berufe & Büro","",""
"41029","la réunion de l'après-midi","das Meeting am Nachmittag","noun","f","On voit souvent la réunion de l'après-midi dans le quotidien du bureau.","Berufe & Büro","",""
"41049","la clé du bureau","der Büroschlüssel","noun","f","On voit souvent la clé du bureau dans le quotidien du bureau.","Berufe & Büro","",""
"41069","organiser la réunion du matin","das Meeting am Morgen organisieren","phrase","","Il faut organiser la réunion du matin avant demain matin.","Berufe & Büro","",""
"41070","organiser la réunion de l'après-midi","das Meeting am Nachmittag organisieren","phrase","","Il faut organiser la réunion de l'après-midi avant demain matin.","Berufe & Büro","",""
"41174","ouvrir la salle de conférence","den Konferenzraum öffnen","phrase","","On doit ouvrir la salle de conférence aujourd'hui.","Berufe & Büro","",""
"41181","annuler une réunion","ein Meeting absagen","phrase","","On doit annuler une réunion aujourd'hui.","Berufe & Büro","",""
"41210","poser un jour de congé","einen Urlaubstag beantragen","phrase","","On doit poser un jour de congé aujourd'hui.","Arbeit","",""
"41220","faire chauffer le café du bureau","den Bürokafee warm machen","phrase","","On doit faire chauffer le café du bureau aujourd'hui.","Berufe & Büro","",""
"41223","imprimer un document","ein Dokument drucken","phrase","","On doit imprimer un document aujourd'hui.","Berufe & Büro","",""
"41225","scanner un document","ein Dokument scannen","phrase","","On doit scanner un document aujourd'hui.","Berufe & Büro","",""
"41226","mettre du papier dans l'imprimante","Papier in den Drucker legen","phrase","","On doit mettre du papier dans l'imprimante aujourd'hui.","Berufe & Büro","",""
"41229","fermer le bureau","das Büro abschließen","phrase","","On doit fermer le bureau aujourd'hui.","Berufe & Büro","",""
"41720","la veste de pluie","die Regenjacke","noun","f","On retrouve souvent la veste de pluie dans le quotidien familial.","Familie & Freunde","",""
"41736","la colle en bâton","der Klebestift","noun","f","L'élève a besoin de la colle en bâton pour la classe.","Schule","",""
"41858","préparer la veste de pluie","die Regenjacke vorbereiten","phrase","","Il faut préparer la veste de pluie avant de partir.","Familie & Freunde","",""
"41868","emporter la veste de pluie","die Regenjacke mitnehmen","phrase","","N'oublie pas d'emporter la veste de pluie ce matin.","Familie & Freunde","",""
"42017","la boîte de feutres","die Stiftebox","noun","f","L'école utilise souvent la boîte de feutres pendant l'année.","Schule","",""
"42459","la table pour deux","der Tisch für zwei","noun","f","Nous avons choisi la table pour deux pour le dîner.","Trinken & Gastronomie","",""
"42460","la table pour quatre","der Tisch für vier","noun","f","Nous avons choisi la table pour quatre pour le dîner.","Trinken & Gastronomie","",""
"42471","l'entrée du restaurant","der Restauranteingang","noun","","Nous avons choisi l'entrée du restaurant pour le dîner.","Trinken & Gastronomie","",""
"42484","la serviette en papier","die Papierserviette","noun","f","Le serveur a déjà posé la serviette en papier sur la table.","Trinken & Gastronomie","",""
"42485","le set de table","das Tischset","noun","m","Le serveur a déjà posé le set de table sur la table.","Trinken & Gastronomie","",""
"42497","la petite cuillère","der kleine Löffel","noun","f","Le serveur a déjà posé la petite cuillère sur la table.","Trinken & Gastronomie","",""
"42498","le verre à eau","das Wasserglas","noun","m","Le serveur a déjà posé le verre à eau sur la table.","Trinken & Gastronomie","",""
"42536","le sandwich chaud","das warme Sandwich","noun","m","Le client a demandé le sandwich chaud aujourd'hui.","Essen","",""
"42549","la boule de glace vanille","die Kugel Vanilleeis","noun","f","Après le repas, beaucoup de gens prennent la boule de glace vanille.","Essen","",""
"42550","la boule de glace chocolat","die Kugel Schokoladeneis","noun","f","Après le repas, beaucoup de gens prennent la boule de glace chocolat.","Essen","",""
"42557","la crêpe au sucre","der Crepe mit Zucker","noun","f","Après le repas, beaucoup de gens prennent la crêpe au sucre.","Essen","",""
"42558","la crêpe au chocolat","der Crepe mit Schokolade","noun","f","Après le repas, beaucoup de gens prennent la crêpe au chocolat.","Essen","",""
"42573","le jus multifruits","der Multivitaminsaft","noun","m","On peut commander le jus multifruits toute la journée.","Trinken & Gastronomie","",""
"42577","le sirop à l'eau","der Sirup mit Wasser","noun","m","On peut commander le sirop à l'eau toute la journée.","Trinken & Gastronomie","",""
"42586","le thé noir","der schwarze Tee","noun","m","On peut commander le thé noir toute la journée.","Trinken & Gastronomie","",""
"42638","réserver la table pour deux","den Tisch für zwei reservieren","phrase","","Je vais réserver la table pour deux pour samedi soir.","Trinken & Gastronomie","",""
"42639","réserver la table pour quatre","den Tisch für vier reservieren","phrase","","Je vais réserver la table pour quatre pour samedi soir.","Trinken & Gastronomie","",""
"42655","commander le menu enfant","das Kindermenü bestellen","phrase","","Nous allons commander le menu enfant après avoir lu la carte.","Essen","",""
"42657","commander le plat du jour","das Tagesgericht bestellen","phrase","","Nous allons commander le plat du jour après avoir lu la carte.","Essen","",""
"42659","commander le dessert du jour","das Dessert des Tages bestellen","phrase","","Nous allons commander le dessert du jour après avoir lu la carte.","Essen","",""
"42690","commander la crêpe au chocolat","den Crepe mit Schokolade bestellen","phrase","","Nous allons commander la crêpe au chocolat après avoir lu la carte.","Essen","",""
"42693","commander l'eau plate","das stille Wasser bestellen","phrase","","Nous allons commander l'eau plate après avoir lu la carte.","Trinken & Gastronomie","",""
"42705","commander la boisson chaude","das Heißgetränk bestellen","phrase","","Nous allons commander la boisson chaude après avoir lu la carte.","Trinken & Gastronomie","",""
"42706","commander la boisson froide","das Kaltgetränk bestellen","phrase","","Nous allons commander la boisson froide après avoir lu la carte.","Trinken & Gastronomie","",""
"42707","servir le plat du jour","das Tagesgericht servieren","phrase","","Le serveur va servir le plat du jour dans une minute.","Essen","",""
"42709","servir le dessert du jour","das Dessert des Tages servieren","phrase","","Le serveur va servir le dessert du jour dans une minute.","Essen","",""
"42737","servir l'eau plate","das stille Wasser servieren","phrase","","Le serveur va servir l'eau plate dans une minute.","Trinken & Gastronomie","",""
"42761","apporter la petite cuillère","den kleine Löffel bringen","phrase","","Pouvez-vous apporter la petite cuillère, s'il vous plaît ?","Trinken & Gastronomie","",""
"42762","apporter la cuillère à café","den Kaffeelöffel bringen","phrase","","Pouvez-vous apporter la cuillère à café, s'il vous plaît ?","Trinken & Gastronomie","",""
"42763","apporter le verre à eau","das Wasserglas bringen","phrase","","Pouvez-vous apporter le verre à eau, s'il vous plaît ?","Trinken & Gastronomie","",""
"42769","apporter la carafe d'eau fraîche","die Karaffe mit kaltem Wasser bringen","phrase","","Pouvez-vous apporter la carafe d'eau fraîche, s'il vous plaît ?","Trinken & Gastronomie","",""
"42777","apporter la boisson chaude","das Heißgetränk bringen","phrase","","Pouvez-vous apporter la boisson chaude, s'il vous plaît ?","Trinken & Gastronomie","",""
"42778","apporter la boisson froide","das Kaltgetränk bringen","phrase","","Pouvez-vous apporter la boisson froide, s'il vous plaît ?","Trinken & Gastronomie","",""
"42783","choisir le menu enfant","das Kindermenü auswählen","phrase","","Elle aime prendre son temps pour choisir le menu enfant.","Essen","",""
"42785","choisir le plat du jour","das Tagesgericht auswählen","phrase","","Elle aime prendre son temps pour choisir le plat du jour.","Essen","",""
"42787","choisir le dessert du jour","das Dessert des Tages auswählen","phrase","","Elle aime prendre son temps pour choisir le dessert du jour.","Essen","",""
"42803","choisir la crêpe au chocolat","den Crepe mit Schokolade auswählen","phrase","","Elle aime prendre son temps pour choisir la crêpe au chocolat.","Essen","",""
"42813","choisir la table pour deux","den Tisch für zwei auswählen","phrase","","Elle aime prendre son temps pour choisir la table pour deux.","Trinken & Gastronomie","",""
"42835","emporter le sandwich chaud","das warme Sandwich mitnehmen","phrase","","Je préfère emporter le sandwich chaud plutôt que manger sur place.","Essen","",""
"42843","payer le menu enfant","das Kindermenü bezahlen","phrase","","Il faut payer le menu enfant avant de partir.","Essen","",""
"43310","la porte automatique","die automatische Tür","noun","f","Les voyageurs passent par la porte automatique avant le départ.","Reisen","",""
"43501","imprimer le plan de la ville","Stadtplan ausdrucken","phrase","","Je préfère imprimer le plan de la ville avant de partir.","Internet & Social Media","",""
"43562","récupérer le plan de la ville","Stadtplan abholen","phrase","","Vous pouvez récupérer le plan de la ville à l'arrivée.","Internet & Social Media","",""
"44905","la routine du matin avant l'école","die Morgenroutine vor der Schule","noun","f","À la maison, la routine du matin avant l'école revient presque chaque jour.","Familie & Freunde","",""
"44906","la routine du soir en semaine","die Abendroutine unter der Woche","noun","f","À la maison, la routine du soir en semaine revient presque chaque jour.","Familie & Freunde","",""
"44907","le tableau des tâches de la semaine","die Wochenaufgabentafel","noun","m","À la maison, le tableau des tâches de la semaine revient presque chaque jour.","Familie & Freunde","",""
"44908","la liste des affaires du lundi","die Liste der Sachen für Montag","noun","f","À la maison, la liste des affaires du lundi revient presque chaque jour.","Familie & Freunde","",""
"44909","la tenue du jour de sport","die Kleidung für den Sporttag","noun","f","À la maison, la tenue du jour de sport revient presque chaque jour.","Familie & Freunde","",""
"44910","la boîte du goûter","die Snackdose","noun","f","À la maison, la boîte du goûter revient presque chaque jour.","Familie & Freunde","",""
"44911","la gourde de l'école","die Trinkflasche für die Schule","noun","f","À la maison, la gourde de l'école revient presque chaque jour.","Familie & Freunde","",""
"44912","le parapluie du cartable","der Regenschirm für den Schulranzen","noun","m","À la maison, le parapluie du cartable revient presque chaque jour.","Familie & Freunde","",""
"44913","la paire de chaussons de classe","das Paar Hausschuhe für die Klasse","noun","f","À la maison, la paire de chaussons de classe revient presque chaque jour.","Familie & Freunde","",""
"44914","le change pour la cantine","das Kleingeld für die Mensa","noun","m","À la maison, le change pour la cantine revient presque chaque jour.","Familie & Freunde","",""
"44915","la liste de courses pour le goûter","die Einkaufsliste für den Nachmittagssnack","noun","f","À la maison, la liste de courses pour le goûter revient presque chaque jour.","Familie & Freunde","",""
"44916","le dîner du jeudi soir","das Abendessen am Donnerstag","noun","m","À la maison, le dîner du jeudi soir revient presque chaque jour.","Familie & Freunde","",""
"44917","la tournée des activités du samedi","die Runde der Samstagsaktivitäten","noun","f","À la maison, la tournée des activités du samedi revient presque chaque jour.","Familie & Freunde","",""
"44918","le réveil des enfants","das Wecken der Kinder","noun","m","À la maison, le réveil des enfants revient presque chaque jour.","Familie & Freunde","",""
"44919","le départ en trottinette","die Abfahrt mit dem Roller","noun","m","À la maison, le départ en trottinette revient presque chaque jour.","Familie & Freunde","",""
"44920","la sortie d'école du vendredi","die Schulabholung am Freitag","noun","f","À la maison, la sortie d'école du vendredi revient presque chaque jour.","Familie & Freunde","",""
"44921","le temps calme après l'école","die Ruhezeit nach der Schule","noun","m","À la maison, le temps calme après l'école revient presque chaque jour.","Familie & Freunde","",""
"44922","la lecture avant de dormir","das Lesen vor dem Einschlafen","noun","f","À la maison, la lecture avant de dormir revient presque chaque jour.","Familie & Freunde","",""
"44923","le panier à linge des enfants","der Wäschekorb der Kinder","noun","m","À la maison, le panier à linge des enfants revient presque chaque jour.","Familie & Freunde","",""
"44924","le planning des lessives","der Plan für die Wäsche","noun","m","À la maison, le planning des lessives revient presque chaque jour.","Familie & Freunde","",""
"44925","le coin cartables de l'entrée","die Ecke für Schulranzen im Flur","noun","m","À la maison, le coin cartables de l'entrée revient presque chaque jour.","Familie & Freunde","",""
"44926","la boîte aux mots doux","die Box für kleine Nachrichten","noun","f","À la maison, la boîte aux mots doux revient presque chaque jour.","Familie & Freunde","",""
"44927","la routine sans écran","die Routine ohne Bildschirm","noun","f","À la maison, la routine sans écran revient presque chaque jour.","Familie & Freunde","",""
"44928","la journée pyjama à la maison","der Pyjamatag zu Hause","noun","f","À la maison, la journée pyjama à la maison revient presque chaque jour.","Familie & Freunde","",""
"44929","la préparation du lundi matin","die Vorbereitung für Montagmorgen","noun","f","À la maison, la préparation du lundi matin revient presque chaque jour.","Familie & Freunde","",""
"45036","préparer la boîte du goûter","die Snackdose vorbereiten","phrase","","Il faut préparer la boîte du goûter avant demain matin.","Familie & Freunde","",""
"45037","préparer la gourde de l'école","die Trinkflasche für die Schule vorbereiten","phrase","","Il faut préparer la gourde de l'école avant demain matin.","Familie & Freunde","",""
"45038","préparer la tenue du jour de sport","die Kleidung für den Sporttag vorbereiten","phrase","","Il faut préparer la tenue du jour de sport avant demain matin.","Familie & Freunde","",""
"45045","préparer la liste des affaires du lundi","die Liste der Sachen für Montag vorbereiten","phrase","","Il faut préparer la liste des affaires du lundi avant demain matin.","Familie & Freunde","",""
"45046","préparer le panier à linge des enfants","den Wäschekorb der Kinder vorbereiten","phrase","","Il faut préparer le panier à linge des enfants avant demain matin.","Familie & Freunde","",""
"45047","préparer la préparation du lundi matin","die Vorbereitung für Montagmorgen vorbereiten","phrase","","Il faut préparer la préparation du lundi matin avant demain matin.","Familie & Freunde","",""
"45052","préparer la liste de courses pour le goûter","die Einkaufsliste für den Nachmittagssnack vorbereiten","phrase","","Il faut préparer la liste de courses pour le goûter avant demain matin.","Familie & Freunde","",""
"45095","vérifier la routine du matin avant l'école","die Morgenroutine vor der Schule prüfen","phrase","","Pense à vérifier la routine du matin avant l'école avant de partir.","Familie & Freunde","",""
"45096","vérifier la journée pyjama à la maison","den Pyjamatag zu Hause prüfen","phrase","","Pense à vérifier la journée pyjama à la maison avant de partir.","Familie & Freunde","",""
"45097","mettre dans la boîte du goûter","die Snackdose einpacken","phrase","","Il faut mettre dans la boîte du goûter le soir pour gagner du temps.","Familie & Freunde","",""
"45098","mettre dans la gourde de l'école","die Trinkflasche für die Schule einpacken","phrase","","Il faut mettre dans la gourde de l'école le soir pour gagner du temps.","Familie & Freunde","",""
"45099","mettre dans la paire de chaussons de classe","das Paar Hausschuhe für die Klasse einpacken","phrase","","Il faut mettre dans la paire de chaussons de classe le soir pour gagner du temps.","Familie & Freunde","",""
"45100","mettre dans le parapluie du cartable","den Regenschirm für den Schulranzen einpacken","phrase","","Il faut mettre dans le parapluie du cartable le soir pour gagner du temps.","Familie & Freunde","",""
"45101","mettre dans le sac du mercredi","die Tasche für Mittwoch einpacken","phrase","","Il faut mettre dans le sac du mercredi le soir pour gagner du temps.","Familie & Freunde","",""
"45114","organiser la tournée des activités du samedi","die Runde der Samstagsaktivitäten organisieren","phrase","","On essaie de organiser la tournée des activités du samedi à l'avance.","Familie & Freunde","",""
